date,Sigma-6,Delta-12,IPSA Total Return,Gamma-6,Conjunto AlphaData,Oro
2021-07-08,100.0,100.0,100.0,100.0,100.0,99.9
2021-07-09,100.0,100.0,101.4247306693154,100.0,100.21684280910223,100.7665038651725
2021-07-12,99.94753777414856,100.0,101.31441969743278,100.0,100.02614853980813,100.05689932869888
2021-07-13,99.75227051379308,100.0,100.2523781326406,100.0,99.84415275424307,99.52471616267601
2021-07-14,99.78171877654556,100.0,99.28847035452324,100.0,100.30868264594015,101.35155879540784
2021-07-15,99.93590532145912,100.0,99.1612068306846,100.0,100.19909091320986,100.75959787304899
2021-07-19,101.06765075308246,100.0,101.05463974633253,100.0,100.68269127203484,101.56145122072188
2021-07-20,101.63921880605838,100.0,102.47960918398532,100.0,100.8856369791499,101.80142578143062
2021-07-21,101.5297422272779,100.0,102.05579538508556,100.0,100.6953768129317,101.15051325942449
2021-07-22,101.42415524353711,100.0,102.38505692237166,100.0,100.53513631186152,100.61567361390509
2021-07-23,100.66355814294386,100.0,99.98400252139363,100.0,100.29620612262269,100.42074508119936
2021-07-26,100.361517500087,100.0,99.01030524144254,100.0,100.45409857687702,101.35342193061362
2021-07-27,100.49044804136334,100.0,99.01818459657702,100.0,100.46274188949337,101.25915899709362
2021-07-28,100.58987005901628,100.0,99.61844819682152,100.0,100.85943206727865,102.74501035188818
2021-07-29,101.66092288093648,100.0,101.56990181845968,100.0,101.2130358073706,103.08802912819738
2021-07-30,101.4113360402112,100.0,101.5252521393643,100.0,100.89619249879757,102.07126052102416
2021-08-02,100.57217762887583,99.83935000000001,100.56206066625916,99.9,100.4794158833004,101.49540631980257
2021-08-03,99.8554184355456,99.81873869869624,100.45055585268948,102.14047178321262,101.22297813594047,102.95987820602257
2021-08-04,99.88854303518706,100.30820705248249,100.55680776283616,102.85578315020426,101.79352303802376,104.00556277618438
2021-08-05,100.3008256883542,100.65343187013409,101.25066855134476,103.74816160205691,102.04090554416388,103.3284143709207
2021-08-06,100.96130133863896,100.97957765313757,102.2520629584352,104.82141686685594,102.05870580255934,101.30728471252613
2021-08-09,100.16343570589412,100.38723731907847,101.32635811430318,106.12261612102125,101.90782243269713,100.776238728225
2021-08-10,101.52209927537425,102.78878730654255,103.75487087408312,106.56865896916295,102.89693018220112,100.50466869252055
2021-08-11,102.35296576445316,103.067707018747,104.28804057151592,105.95894218290171,103.14631979813635,101.01522049897147
2021-08-12,102.65680123621812,103.7418149129448,104.45517840770172,104.72847759209367,102.84558259043132,100.0603293983432
2021-08-13,102.89471332500312,104.76522042272987,105.10438951711492,105.01483560856528,103.70089809852378,101.94508407847138
2021-08-16,102.45188941587512,103.32624298938136,103.37260276589242,104.4942432173197,103.25438243533667,102.58408355566502
2021-08-17,102.37056600671411,102.08809118758118,103.16177032396088,103.54263573675212,102.99644332971825,103.8572784965413
2021-08-18,102.68377518489164,102.16629607780565,103.66318383251834,101.9721642207073,102.83272659498653,104.40271277490588
2021-08-19,102.78726523934878,99.99246291588156,102.92133060819071,100.57276471001104,101.80011388427702,103.7672375582389
2021-08-20,102.7815461041816,100.95405978960032,103.80429591992666,102.47532030100224,102.4896058033796,103.63960520052487
2021-08-23,103.12437477604448,100.81073542130005,104.88496141503668,104.6244287850967,103.39435197916308,104.90834898347843
2021-08-24,102.94270328913898,100.43015839246227,104.3281536522005,104.84457667734169,103.2269653956864,104.57761064602201
2021-08-25,103.87683129413728,101.23021620948643,105.96371676344744,105.61706704061989,103.623505499694,103.63691747027825
2021-08-26,103.5769142568935,101.397449611975,106.10411254584352,104.83433853841375,103.46960532142964,103.94425960753448
2021-08-27,103.59733548572147,101.27790669080812,106.47205455378976,107.42841668915504,104.56541965937107,105.83222230074523
2021-08-30,103.79624928440217,101.26344309311136,107.60166755806846,106.36369840610274,104.09900010896732,104.8461421761987
2021-08-31,103.8498979026915,100.009568085182,107.24447012530564,105.6693114426399,103.65762183017209,104.99468517441109
2021-09-01,103.59829420520964,99.10526711899568,106.27459313875303,104.25077091368989,102.79991196475454,104.13283033380037
2021-09-02,103.09435504266598,99.46097697368454,105.95201711491444,103.01248062396849,102.23820608924801,103.22346367733908
2021-09-03,102.984695684422,99.668577791363,106.57544124388754,103.06492899395113,102.48498149134575,104.06410344553748
2021-09-06,103.29185652824702,99.51352936917675,106.39994651589242,103.06492899395113,102.5214534940114,104.06410344553748
2021-09-07,102.84592110322332,98.77750600416225,105.8455264364303,103.02473229983961,101.74417794704523,102.17840017023596
2021-09-08,102.0552481513016,97.18428167524297,104.53612087408315,104.02176374568116,101.64256315159803,103.24806180131264
2021-09-09,102.19493466376936,98.63266344644586,105.23093673594131,104.86631314442369,102.59092304473278,104.58947009059371
2021-09-10,102.53911701826436,99.52204171645754,106.5861858190709,105.04805281932722,103.03291156736351,104.91796233300482
2021-09-13,102.6992753889739,98.56540180784424,105.0893471118582,104.05039627181519,102.49458938162815,104.57058694283236
2021-09-14,102.16557554159738,98.53716263678048,105.28298823349633,103.7096281007294,102.33228435642344,104.82081512265854
2021-09-15,102.37638298422952,98.89208780615238,105.86606051344744,104.39187814903062,102.44349218690984,104.00774171920028
2021-09-16,102.4537926973374,98.61058201798106,106.62128476466994,103.54485097324755,101.42057036706632,100.92217069768766
2021-09-20,99.12088342470604,94.94686648361396,102.4640892420538,100.951774153418,99.35349030784805,102.33970859937696
2021-09-21,99.13542583588747,95.31140887296029,102.84778996026895,101.80659346952875,99.96474078720473,103.56947009723696
2021-09-22,100.72189943331216,97.31717985257616,104.67675542481662,102.79998374479055,100.92282559269452,102.75448039889733
2021-09-23,101.0898384534047,97.62139827533605,105.337188646088,104.00199338368827,101.15132578592926,101.79455748935622
2021-09-24,100.17946424587684,97.25812565175453,104.51343788202934,102.4404496872413,100.36146451778825,101.44772369641035
2021-09-27,100.7563862929181,97.72845391681547,103.90505615831296,102.1265792491974,100.84088359769868,102.62494823868529
2021-09-28,100.16930163127024,97.65791601596707,103.22767038508556,98.88492301179176,99.6438558812334,101.66364710350172
2021-09-29,100.28626775352336,98.26279895046679,103.51084963325184,99.77994893176918,100.23938228985408,102.4338776836848
2021-09-30,101.2392251602712,98.80533925542919,104.1648361094132,99.89573887381643,101.31211543818648,105.13206133798688
2021-10-01,100.0521952572316,97.34478109316201,103.30837408312958,101.33464184326743,101.09224832181184,105.49185984913939
2021-10-04,98.318170311931,95.66471024603214,101.30033236552566,98.36950214072155,99.35882508082224,105.00565078007489
2021-10-05,97.311788265563,96.71411624057694,100.90540953545232,100.5119949453286,99.88807307124053,104.87614317171199
2021-10-06,95.56173336383188,94.63498753543666,98.66624006723718,101.55249442648571,99.41694936004022,105.85516133242506
2021-10-07,95.37827301724468,95.76031680226848,98.6036827628362,102.73670140235537,99.87682543687848,105.51087123680206
2021-10-08,96.31596254770736,97.51953498053865,98.98427949266504,102.78528862279065,100.56175004995234,105.45712501687098
2021-10-12,93.81358306671616,96.29814292875423,97.9695140586797,102.24138635436537,99.94339189423101,107.36104583209405
2021-10-13,91.11936040233654,94.59137300372466,95.66229561430318,102.33470176275463,99.26954544759731,109.0797031162126
2021-10-14,89.87687813465203,94.11034967894183,95.42328850855746,103.11373861636324,98.84762949693733,108.31061641430351
2021-10-15,90.80535071698483,93.32570104446222,95.08184978606356,105.92056435937278,99.5160293703153,108.0017869927673
2021-10-18,91.42686570559631,93.58209293055027,95.71601849022004,106.45156119301569,99.73408426341338,107.42984019476128
2021-10-19,91.00102622465012,92.63683757284069,95.38580187958436,106.52301955612694,99.27936040667772,106.91515567551637
2021-10-20,91.82925165671324,92.43691918006961,96.40247746026894,105.20313311732362,99.11911791548866,106.99173756154512
2021-10-21,93.67197534223594,94.8006365646133,96.78235788508556,106.2111174541973,100.5317342420165,107.36578018450082
2021-10-22,94.38257743610885,94.27789138302288,97.52134588936433,106.22577760780702,100.86304983414293,108.54387424000684
2021-10-25,96.65469781406038,95.14169642062791,99.70846386002444,106.27204206827996,101.77402850152347,108.99788819145648
2021-10-26,97.21750791845292,96.10989677126264,101.378887148533,107.1998963278041,101.94564505831475,107.11909949721094
2021-10-27,94.51119884990598,92.82635124320392,98.26892955378972,107.53047259006543,100.45791739228986,106.90007679931905
2021-10-28,94.49581773346766,92.8432868529876,97.8052414425428,108.77181588455726,100.81384698201839,107.06901671520366
2021-10-29,94.24110969374146,93.19076581250624,97.70877903422983,110.04657900632245,100.9593772405407,106.22627620732712
2021-11-02,94.71814103395482,95.41337793428637,100.45461491442542,110.65600499958386,102.10003124145662,107.36743861424372
2021-11-03,96.24809290765324,96.38949436298385,102.90748204462103,110.83406046959803,102.64312114666039,106.64407293611362
2021-11-04,97.69972640299405,98.28118873457792,106.82017878973107,112.07821084618175,104.10875481926622,107.81893785336027
2021-11-05,96.653338296864,98.31947066203674,104.77608305317848,112.04144128657423,104.18337099359594,109.30429240628426
2021-11-08,94.98123157568855,98.27659428545464,104.18250496638142,112.91936187172543,103.94331995419566,109.38018431305323
2021-11-09,97.386499036396,98.39459608444221,106.74186277506116,111.27068905119292,104.11969314097016,108.86825357787377
2021-11-10,97.44997481292867,98.21978964950736,107.18406173594131,108.46869860496693,103.40740758016034,108.70290429080286
2021-11-11,98.52718297636753,99.01630940961307,107.90848487163817,109.77814081044465,104.40516872889017,109.51603164341445
2021-11-12,97.689738480988,97.81225937668647,107.110759856357,109.81664507328404,103.8652251172942,109.52283678060806
2021-11-15,96.36650962184687,96.71282034835556,104.63926879584352,110.81332559372335,103.62503662779525,110.29462093502713
2021-11-16,94.89909582501528,96.38099303454787,102.78499388753058,110.74890426878696,102.85792662241965,109.16056617382202
2021-11-17,94.70853944363652,96.97983221902028,102.50754507946212,110.92148666612201,103.70217839024565,112.07934126210696
2021-11-18,94.36924896086532,96.71346142787283,102.23248395476772,114.76590194596746,104.91148756023938,114.14404479650545
2021-11-19,95.22752498549023,96.83011019762904,104.06670232273838,114.23082269671086,104.94555876537429,113.70354984378638
2021-11-22,99.78143125816658,99.314488431691,114.15299319987776,114.57808390671455,106.16319743016872,110.52804352201052
2021-11-23,99.42963398952558,99.12517545608154,112.16524679095356,113.94192992482422,105.15270011232873,107.50159076687828
2021-11-24,99.16829059486712,99.3813775822639,110.53159382640588,114.70620678804956,105.34423057131134,107.57247553189127
2021-11-25,98.71476190819456,99.54072018591845,109.87903996026895,114.70620678804956,105.26592205132798,107.57247553189127
2021-11-26,98.1262007154326,99.26448789133377,109.33918474938876,111.17698494476883,104.33769429850966,108.05085471487443
2021-11-29,96.267920108277,98.87809902059227,107.5799396393643,114.64940669215193,104.92574636533489,109.7089440398955
2021-11-30,96.86106888476436,98.08949631798527,105.8390796913203,113.49125753910303,104.77743898498568,110.43303977697884
2021-12-01,95.3988177341854,98.32760544142997,103.44518834046454,110.09273140773013,103.267051221892,108.77139528345445
2021-12-02,95.7100738065081,98.00852473103589,104.3632525977995,114.19939505975007,104.42365454678936,109.65589233596987
2021-12-03,96.3102769543201,97.75927576952124,104.32743734718824,111.64765772325579,104.10712549467655,110.40072298552197
2021-12-06,95.86794195807734,97.60767593208887,104.31358878361858,110.2856580441391,103.04908850388512,107.94042460348557
2021-12-07,96.6219543965394,98.3566600749259,104.94226581601468,116.92611801537322,105.86136561317055,111.63230885782691
2021-12-09,97.31475488021655,98.0335148821241,105.50671416564792,114.5734917743491,105.05710715452655,110.1047943801902
2021-12-10,97.50472949455624,98.0505899368467,105.19464394865528,113.338925669573,104.49908958646542,108.7177243907915
2021-12-13,95.59514512594215,97.1312566369108,102.7002311277506,111.54447639112121,103.73799334853614,110.46727976274883
2021-12-14,93.24698644929548,95.57457392598323,99.79465922982888,112.12184982507816,102.74748521403282,110.15932520818943
2021-12-15,95.07579001503214,96.11217593316763,101.9875076405868,113.87950469803387,103.94171268696665,110.79348251892617
2021-12-16,97.01670393352548,97.4601304884414,104.87517191320296,114.31198433546678,105.4915148925054,113.17603067086193
2021-12-17,97.29705617681236,96.29160815303759,104.0499885391198,110.94786838223702,104.28057247658887,112.34020566668656
2021-12-20,94.56085774453412,93.15071385532568,97.61470430929096,109.2556156188599,102.09071784865334,111.41036173612427
2021-12-21,94.63265499095591,94.9285488064808,98.90954500305624,115.83300048781355,104.98830784974473,115.142777596635
2021-12-22,94.15472407259988,95.49250208226697,98.41815976466992,116.83114689481711,105.5061938479774,116.26486493097222
2021-12-23,95.11137046270416,97.10742356667157,101.27669430012224,115.84094421265542,105.6812908441856,115.05774566165483
2021-12-24,95.51647195545216,98.22536439672199,102.64865716687042,115.84094421265542,106.08938444580767,115.05774566165483
2021-12-27,94.91239821499876,98.37710862802946,102.23797562652813,118.718542972102,106.83692252607304,115.92711699290479
2021-12-28,94.95782743809409,98.40730929931492,101.93903766809292,116.92508998947542,106.07458376437529,114.37249558024074
2021-12-29,94.76134037235472,97.45541144986889,101.50615067237165,116.224798726908,105.54074148757238,114.09898849267947
2021-12-30,95.22224638958257,97.87028355433118,102.87047295232274,114.59887704931504,105.39503063179778,114.07422652853509
2022-01-03,95.75887931988292,99.43239200134173,102.70190250611246,117.87915422280035,106.56259592125855,113.40020578758761
2022-01-04,96.75269293473704,99.23104164900619,102.54240525672374,115.86067560333622,106.51187471534271,114.23397073483616
2022-01-05,97.6694929832164,99.37943306009183,103.0906173594132,113.0375792611608,105.93732560538639,113.28542458583605
2022-01-06,98.8294094179861,99.61149516430172,103.82697891198043,110.23558199918159,105.09274141169476,110.75801499437186
2022-01-07,98.25687145382444,99.78485582482968,102.58323464242054,110.00967857054249,105.01370353597001,111.1245229809627
2022-01-10,98.86528484639196,99.80240320367577,102.62836185819071,108.03008923118875,104.24475287413023,109.01663802315115
2022-01-11,99.0158154409419,100.98865006066615,104.93653537591688,111.71597011933882,106.2761849412167,112.57952621833232
2022-01-12,99.28011324439628,102.72044023474353,107.63246867359412,112.19367130930318,106.74854644366941,111.81391434313554
2022-01-13,99.62992247372316,103.0631105304362,107.74254087713938,108.56518327253522,105.8787395973043,110.84158297358655
2022-01-14,99.10491776216452,102.8687782404648,107.12508595660148,108.06618932507115,105.2705358338203,109.56058853431549
2022-01-17,99.0605734151804,102.91186487317776,106.80752406784842,108.06618932507115,105.26986523416605,109.56058853431549
2022-01-18,99.17063825726164,103.55585931117344,107.4648533007335,106.88900465910865,105.35990021373128,110.23970798290796
2022-01-19,99.05501877423076,103.25214113870017,106.74639937347187,105.17463897907578,105.11313757183784,111.37040476525496
2022-01-20,98.90828585484724,102.80026867862385,107.1286674816626,102.9500197606923,104.09397359576329,109.87494398440181
2022-01-21,99.60645198874352,103.46021891899993,110.90454996943764,99.74389720420821,103.44505402709048,108.65135473047182
2022-01-24,99.28827703167995,102.06383849075165,107.52144139669927,98.44050129391127,102.68440187301617,108.6643582101154
2022-01-25,99.27680006493162,102.18754416046593,108.1453430623472,98.09314344876638,102.98565070555672,110.18391362581976
2022-01-26,99.58454369596872,103.02997250201102,108.69522654339852,97.68179979051156,102.56046406392751,107.40199667321043
2022-01-27,99.45057615299328,102.18656875153812,108.9437843826406,97.36683758186592,102.01561807067202,106.5001950372237
2022-01-28,99.60918376406396,102.17459918651667,108.46911292787284,99.88178036704893,102.62401100532401,106.45468320805934
2022-01-31,99.30325092626632,102.97658065749977,108.60258442848412,100.66379694496372,102.76320700011404,105.7106206047379
2022-02-01,99.3866129752962,103.85117679925168,109.8028728606357,102.08972678581506,103.58384211526801,106.60333252198627
2022-02-02,99.2060090540129,103.74681278960792,108.76805088630807,103.59434787349039,104.04547297036295,107.22215323065214
2022-02-03,98.79808115882716,102.93526347320314,106.3705780103912,103.26422243961457,103.90033962020645,108.23899039525595
2022-02-04,98.58554382874838,103.05666981452038,105.66740525672374,104.76378160101032,104.53310528176237,109.3695289979114
2022-02-07,99.06806062127454,103.85833768861235,106.82734183985332,106.89939891145202,105.93484315444269,111.55800683125342
2022-02-08,99.98293702781072,104.73837907170086,109.41845583740832,106.13040771526832,106.12424975330995,111.26759427571434
2022-02-09,99.66385080104244,105.31211620548179,109.9547295232274,107.96051853057119,106.85644450151166,112.10921591401355
2022-02-10,100.2085342969884,106.01756483228134,110.82504011308068,103.9982790283602,105.58422157154978,109.73124811661202
2022-02-11,99.80980918012251,106.57040848089567,111.08004469743278,101.91497930549606,105.34016157390094,110.77168531804372
2022-02-14,99.56034250284068,106.21535700465007,109.9437461797066,99.78426385194517,104.39881664017724,109.76588947567127
2022-02-15,99.17795110963652,106.36412223480808,110.87661407396088,103.9584431217308,105.780487339831,111.32198239051706
2022-02-16,99.44108080653488,106.41320095462531,111.09986246943764,102.46645335557145,105.35368632175572,110.80211484664
2022-02-17,98.11396386362937,105.43754979911624,108.61762683374084,99.72223960841458,104.33821019089599,111.91980615662627
2022-02-18,98.24941462024012,105.06837511497939,108.61738806540342,98.21047712106291,103.76980577109175,111.40331867181546
2022-02-21,98.74454155546438,105.23822275845491,108.06177414425429,98.21047712106291,103.94027427545113,111.40331867181546
2022-02-22,98.88545612682957,104.5574749925315,106.79773456601468,97.30730647704593,103.75632511044363,112.1436845416944
2022-02-23,97.93088064419308,104.08415480771558,104.47762263141809,95.61502919307814,102.8803744865057,111.81856241532336
2022-02-24,97.67874064123136,105.13298940470341,105.04851772616138,95.94042212991982,102.93522592225168,110.8942820357476
2022-02-25,97.8723983371218,106.81815668490589,106.62223983801957,102.01379892354976,105.7347814072518,114.09975695095392
2022-02-28,98.34210459127438,108.14705349497288,108.26878629278728,99.38128932168637,104.93564189139168,111.7118156961393
2022-03-01,97.04376806116608,106.53702241247117,105.89781670232274,99.81999721655293,105.05019353372339,114.84441903237098
2022-03-02,98.19640425879876,107.43391046545153,107.14418742359412,102.60922998330528,106.28477145525622,114.73052933652211
2022-03-03,99.15272807020362,109.4285572667881,109.16010849633253,102.6950828468529,107.13943599321027,115.12670925956314
2022-03-04,99.8399172563268,111.63620647478041,110.82312996638142,101.39725956022792,107.64351300604652,115.67103614172439
2022-03-07,99.55941077855871,110.69506262626442,110.2648895935208,98.1721115527235,106.77333517004442,116.88166851195035
2022-03-08,99.63253311929566,110.68654476436768,109.32438111246944,101.12526204071621,109.01821573715812,123.0472183065979
2022-03-09,99.81075186533978,111.8511985283023,111.17125420232274,101.4994221799478,108.51007886284029,119.05734559718648
2022-03-10,99.67058385593678,111.38100947647854,110.04761040647924,101.7967702360173,108.3460039180853,118.66933614828314
2022-03-11,99.88208240870506,112.03030110383844,110.6297276130807,100.78026317229897,107.99276103093473,117.39680493832957
2022-03-14,99.91640992168097,111.07373186440299,109.558612851467,100.68121381206177,107.4608361582607,116.19215434314584
2022-03-15,100.8305181319985,111.40387367908538,110.38355745721272,100.42699036384629,107.48326477093822,115.19402158185142
2022-03-16,101.92858990384634,112.43332676941715,112.11152391503668,101.54588686548885,108.3485869110048,115.31035823204539
2022-03-17,102.19183439466433,112.7868930843568,114.367168398533,102.30724011381051,108.45739003324783,114.25360433134483
2022-03-18,102.18413847079395,113.4302828742768,115.90865678484109,102.70977102163329,108.5111418676605,113.37416645903002
2022-03-21,103.13182809771143,115.47332446281752,119.25690518031786,104.70728718333555,110.12369397269376,114.8086267890431
2022-03-22,102.67189366513598,114.99544634862866,116.71426115525674,104.45003725027543,109.31602337831977,112.67458518551041
2022-03-23,103.0950385807032,114.77879770358409,115.59873548288508,103.42900793727682,109.3995967695112,113.92129496044656
2022-03-24,103.55771443692174,116.40486944309772,118.29801153728609,104.57399972225033,110.43089763414982,114.82057967708515
2022-03-25,103.75241709442624,116.29074162553145,118.55110597493888,105.66662520073304,110.53084580049682,113.91471510659069
2022-03-28,103.72754855823337,115.39016500502724,117.92290647921762,102.64303731627653,108.6484390744181,110.25611006870191
2022-03-29,103.75052242873696,115.44198708744682,117.3481910910758,102.46597878754,108.65358777892284,110.39743404189154
2022-03-30,103.49402888765252,115.36520750520909,116.87662362469436,102.74396709085508,108.87929106859112,111.4167413563713
2022-03-31,103.62436410370354,115.94625783054457,117.8792118734719,102.16061117430705,109.25074163018259,112.90596579585058
2022-04-01,103.70293942086144,116.09305196187083,118.8705780103912,102.83335538446954,109.19008258904263,111.68314934576382
2022-04-04,103.57311733556872,115.89214878052415,119.20007831601468,102.7156108525255,109.08698263386002,111.72416619430875
2022-04-05,103.20695752033645,115.29822894907393,117.69130119193156,100.55984626471012,107.96140294956967,110.43102547828627
2022-04-06,103.31490399253543,115.34640208375477,118.71418474938876,100.93327056054807,108.4551792980065,111.89498577478265
2022-04-07,103.30553485568292,115.74164793940193,118.55612011002444,103.16255507759199,109.66199656337497,114.04532531133283
2022-04-08,103.9455787121724,116.86206449096733,118.64995606662592,104.42386673732751,110.848258748208,115.76674257019218
2022-04-11,103.880682466763,116.07108391293953,117.44513103606356,102.29969153945896,110.51827742766561,117.59120315037077
2022-04-12,103.86614341610354,116.67497550377605,117.21233190709046,102.75940851155637,111.07323349965245,118.80501078753065
2022-04-13,103.6236668477812,116.21818269662543,117.50888218215158,103.4556009190004,110.84524230941074,117.80212572456006
2022-04-14,103.8228325200275,116.36612688981091,117.40955455378976,102.88775113376079,110.6601020528072,117.30329464395757
2022-04-18,103.5749473644448,116.729422711027,116.22383099022008,105.7040588189686,111.84582849277447,119.00867354851432
2022-04-19,103.93965239047624,117.04683792647508,117.27751566320296,106.21847171054486,111.76712677611636,117.40835114101874
2022-04-20,104.77007513751238,117.09086887313839,118.78151742053792,106.31335439924514,112.29524996183383,118.53897959908925
2022-04-21,104.19685307150937,116.76970531407804,117.28061965158923,101.40279742289655,110.5030982448184,117.49489297536867
2022-04-22,103.53653692278944,116.87730079447998,116.22956143031786,99.09914136319013,109.7802495176379,117.66740327552836
2022-04-25,102.73708540232604,116.16362669541914,113.63343329767726,100.33041978665936,109.63945801190714,117.29062837199318
2022-04-26,102.67380085407616,117.21209302429571,112.25621752750612,98.77483669247756,109.7533157478263,118.52847665274348
2022-04-27,103.36450108910056,116.80016046851026,114.02047677261614,99.64874795493758,109.92498365478129,117.92085727729666
2022-04-28,103.59372414207876,117.7899273455194,114.43354599633253,102.78817942494766,111.21842387732946,118.58450960718352
2022-04-29,103.5280427314752,117.7574181494622,114.0937786522005,100.35679630428727,110.91824817300689,120.1339742747104
2022-05-02,103.41996362892476,117.80897269823697,113.65134092298288,100.42857732561934,110.23121806510068,117.1444173928133
2022-05-03,104.0210996741986,118.45446332019144,114.26569185513448,101.83201844597895,111.28694039447485,118.6820770416455
2022-05-04,105.08751884096635,120.05573296858144,116.6996962866748,103.9007011538604,112.60674994908943,119.0525302402424
2022-05-05,104.895410652881,120.09025567326815,115.89313684290954,101.88756964663831,111.82808916804841,118.27666422515746
2022-05-06,104.82410955363942,120.06719110975158,115.52901512836186,103.19782340970022,112.5004130003782,119.7272058485775
2022-05-09,103.9735247869756,118.11407539369209,113.27599709657704,98.60446271294208,110.02971545530255,117.50141661699801
2022-05-10,103.82306273988198,116.74628886898695,112.15330837408312,100.18611201484299,110.17929685000719,117.82609885901138
2022-05-11,103.42227070659628,117.42277533589639,111.67028002750612,100.76172933046774,110.55589558253668,118.54354033127768
2022-05-12,103.750784811278,117.6203672783228,112.54990258251836,99.82358389361734,109.86464463374934,116.08904102745134
2022-05-13,104.8874171085668,120.17260912796127,115.81314944987776,101.85547731785411,111.23170605424467,115.6566049477877
2022-05-16,105.419966250225,120.56014985339904,116.24627521393644,102.75351736944967,111.79833474454871,116.02308701520808
2022-05-17,106.82554288196928,123.0662690021323,119.9390663202934,104.16300775484982,112.91897209396616,115.00308694395923
2022-05-18,106.35442811580364,122.8360651081505,118.54274908312958,99.45432466116996,111.22758218769853,114.09355415179724
2022-05-19,106.25288338734111,123.3225289713013,118.9567733801956,100.43670608607853,112.10043859636099,116.32064046836658
2022-05-20,105.95943523216091,122.7667992618899,118.97706868887528,99.23162366875961,111.025526844559,114.01378309922593
2022-05-23,107.52743149808803,124.5920815027841,122.42894254278733,101.55868292506108,112.62782388189318,114.4882107069282
2022-05-24,107.7681639980299,124.9241956823949,122.79258672066015,101.2697602282599,112.68655861933884,114.4703671267388
2022-05-25,108.07414979526946,125.95694500679674,123.94583779034232,101.89560431086082,113.0170014557169,113.74412243224982
2022-05-26,106.66746681244244,127.32525342182973,125.80608190709046,102.52186815794694,113.14576068298636,113.78866280764662
2022-05-27,108.3822017660258,129.14343116611144,128.62593597188263,102.74458048409667,113.85537805198163,112.75171588249383
2022-05-30,108.8034677568686,128.86599612702022,128.59346347799513,102.74458048409667,113.90288191197,112.75171588249383
2022-05-31,110.37749167689338,128.85960678001658,127.752521393643,101.80365859720652,114.00572999277895,112.50365756515166
2022-06-01,110.1605358015208,127.18697282354586,126.52596844437652,101.33507735402897,113.41137457759227,112.35685470440069
2022-06-02,110.69144449035294,127.57818842206974,127.81579500305624,101.02698676589249,113.87655783817868,113.65084942372947
2022-06-03,110.00474128362126,127.48067093834304,127.79931998777504,100.00020063098644,112.73098314725355,111.04870076191233
2022-06-06,109.85732371459883,126.90266708141301,127.32536483801957,99.87186669488797,112.34416527623117,110.31853355049891
2022-06-07,110.53751403874874,127.38822150981909,127.95475817542788,103.07757987628474,114.08743705707917,112.53988369195677
2022-06-08,110.13531967562578,126.79630618384479,125.99805165036676,103.0801869036935,113.92363824001123,112.81716599234002
2022-06-09,109.46953817612844,126.06733096217997,123.78395285757948,100.6523876283951,112.70916409945197,112.02129932207154
2022-06-10,109.36872685365108,125.95216056623448,125.0632736094132,99.69956824705821,112.93735971411444,114.17832547582785
2022-06-13,108.1450386891198,125.59034442370425,122.51919697432764,98.50827099131784,112.06131549766565,113.59997632058032
2022-06-14,107.89189750847927,126.10648085209525,122.2828163202934,100.21323341152745,112.97455624216123,115.12804208283562
2022-06-15,108.26593179520718,126.33328722191858,122.71283809596578,100.88459537651158,113.90832016701032,117.49270453454211
2022-06-16,107.46860264697202,126.21134388969483,120.08805776283616,97.46201101410728,112.63429059832224,117.16519539738212
2022-06-17,108.0302334934183,126.32270684018575,120.98534917481663,96.32454723048558,112.57878846418788,117.53345081191593
2022-06-20,108.45678042122763,126.29087190300571,121.39865716687042,96.32454723048558,112.68188915447992,117.53345081191593
2022-06-22,108.16723112002065,126.23666408068158,120.73010582212711,101.07499818374237,114.18797572166189,118.57113432080467
2022-06-23,106.21620690110952,125.56168905636461,117.8276379125917,103.44864225111499,114.54830011836891,119.94822569255929
2022-06-24,106.03838116045128,125.12480465359612,118.99402124083127,106.53409579257539,115.72205236282446,121.73431060452099
2022-06-28,106.3037874249796,125.52704897511724,119.4911369193154,109.4404136857517,117.16785005808974,123.60781438395057
2022-06-29,106.76681555800502,125.70034516506792,119.6141026130807,107.78267731269315,116.53240124616194,122.30823260686726
2022-06-30,105.83288539217826,125.11655902324681,118.19963898227384,109.09340231378876,116.84161009280936,123.54189162201844
2022-07-01,106.10799396235528,125.70929425109242,119.22586529645476,109.04870888810115,116.71861334477067,122.16588656922825
2022-07-04,105.48888951998492,125.49427355618815,119.1231949113692,109.04870888810115,116.49753752239495,122.16588656922825
2022-07-05,105.89749235445036,125.9424653341371,119.47513944070909,108.47744046699468,116.32602194684972,121.16788475158674
2022-07-06,107.30645880073178,126.84692808315873,119.55011269865524,111.67138604232146,118.07482648512276,122.40947906648894
2022-07-07,108.56033941776433,129.31731506249338,121.80575718215158,114.63553821244842,120.31643164740292,124.63036225016167
2022-07-08,108.61771737050124,129.67499617199255,122.07699801344742,112.50309068380719,119.30849353670995,122.36212249692406
2022-07-11,107.02719304665143,127.95730151184799,120.77976963630807,114.96686684821294,119.6193765093141,124.43962548197493
2022-07-12,107.45694125147156,128.25097502508513,121.1572623777506,116.03509766056362,120.58718748028599,126.53152158315633
2022-07-13,107.85416636453353,128.5743476659121,122.19709848716384,118.3423531306831,122.32791864327619,130.4979078109905
2022-07-14,108.09180021965948,128.80987274328345,122.63261193459658,116.70716459453597,121.34439463618327,127.68000840011631
2022-07-15,108.18738033257168,126.97268310615317,121.57439066320292,118.40284192317759,121.24931018738275,127.06009880201493
2022-07-18,108.31296718638988,126.83806787620098,121.33586109413204,122.28434598760637,123.54429074376115,132.35718722305572
2022-07-19,108.63963613102352,128.7252595923761,123.20899870110024,124.63047918904344,124.79041355389714,132.72588488748607
2022-07-20,109.50301645393812,128.21497622181965,122.8940632640587,123.41469272726849,124.29445419590296,131.5011027816667
2022-07-21,109.86980499822698,128.60826724392615,124.26578736246944,108.75355151284938,117.29507244871884,117.68443743878422
2022-07-22,109.71935190696048,128.9597476779345,124.64495148227384,108.68803264095891,117.4356763992707,118.18187281060477
2022-07-25,109.02159640999596,129.6080517259471,125.02698082212711,113.3740439859273,119.27234207870326,120.81756244714458
2022-07-26,108.82736029521968,128.94778992932143,124.16263944070904,112.03613210378747,118.20678578238412,118.70471649171215
2022-07-27,109.15937058169897,129.8693590825327,125.3848945599022,111.1494726106467,118.20447735453233,118.4015070586255
2022-07-28,109.35034862883752,132.72913097347248,125.57758060819071,109.72610843507614,118.43452378911543,117.93962312554063
2022-07-29,110.37515299754465,133.75261141282294,125.56946248471884,111.9034866671467,119.58297874559807,118.12423804246238
2022-08-01,110.74654836819862,134.06366047323448,125.5537037744499,109.81424725172965,119.09609462587811,117.73366536543635
2022-08-02,110.57317564816051,134.52844890844187,125.31827819376528,107.70218132088337,118.09364231104642,115.77731099304724
2022-08-03,110.5879038197404,133.5368504867113,124.30399029645478,109.17476203758123,118.95364283439412,118.48088058663465
2022-08-04,110.03867621475064,132.15542961204812,123.55401894865528,107.63202222306228,118.61938450855239,120.59645374807143
2022-08-05,110.0580204855308,132.14372764063737,124.45560819070904,106.95124786010545,117.80297699687563,118.07891081324995
2022-08-08,110.13725521241724,132.86073911379754,125.6002636002445,109.10983581925747,119.34473194395446,121.17408769791507
2022-08-09,109.5777860663729,132.0973996442438,125.02721959046454,108.7538973875543,118.60749852847216,119.90974642439603
2022-08-10,109.0555516170068,133.26673281061298,125.90087293704156,108.81599165260127,118.61861649830274,119.41432655822638
2022-08-11,109.76985420343644,133.53559359857337,127.1656288202934,106.87098566760272,117.71552775082712,116.89726949049668
2022-08-12,109.46466189418042,135.08502813990683,128.81336911674816,108.3757719496816,118.561877857516,117.61116364028203
2022-08-16,110.1998619819298,134.5007762956763,128.61996676344745,107.20822440584959,117.75411766716833,115.3811574281644
2022-08-17,110.939416333752,134.33662282271726,129.06168818765283,107.43616430586803,117.8128709260605,114.7261893002355
2022-08-18,111.46168546744975,132.9566430771148,127.63433106662592,109.95801867480677,118.77080001425702,116.50891866535802
2022-08-19,111.02234863191175,131.79406877858037,126.37626069682152,114.14247381424964,120.32727627353154,119.7387203680001
2022-08-22,110.8878932069993,132.59579925782577,127.51399182457212,115.16539538275863,121.02169568642154,120.83857135016109
2022-08-23,110.90573691041256,132.56136794948287,128.39815097799513,114.7704726706997,120.93332756230318,120.91759902227376
2022-08-24,110.31164445705646,132.1009116697855,129.3687442695599,112.19890803853392,119.36995134292566,118.49735255065988
2022-08-25,110.6308176691218,133.02033815890348,130.3820770935208,113.57599529747539,120.28265073852826,119.49639855396303
2022-08-26,111.22046940508426,131.9933632621113,130.41049052567237,108.94819319884256,117.8700696424211,115.12478574898432
2022-08-29,111.68976402345147,132.6098482389685,131.73111819987776,108.2108026834989,117.77317378199109,114.47361871579244
2022-08-30,111.97682412498597,131.5041397372206,132.191463554401,105.13347468602183,116.1933555474627,112.14912741679132
2022-08-31,111.61636277714145,131.32374057759753,129.92006036063572,105.01078902873039,116.05925158790853,112.2938494095331
2022-09-01,111.45427573869132,129.80636271363423,129.1271107121027,106.53437652744773,116.04625328934006,112.07485481370924
2022-09-02,114.48321419044936,135.54025120899632,134.9805165036675,106.30593298329512,118.31878315736763,113.16401938566744
2022-09-05,116.47751947818816,137.95828337808052,137.9901913966993,106.30593298329512,119.37144801684558,113.16401938566744
2022-09-06,114.33406636243568,132.96270501913847,133.90319376528117,104.37587167302141,116.50059009866128,110.54521650140771
2022-09-07,113.52413015193768,131.49268773296683,132.29723792787286,106.16503670096805,117.129029445739,113.13601689126365
2022-09-08,112.2565442218724,131.14313325796215,131.72371638141811,105.7019214681808,116.11417422819513,111.27771482950011
2022-09-09,112.78566188249071,132.5508991620341,133.9984623319071,106.18855505655849,116.79869744242633,111.67049101684255
2022-09-12,113.5519274054708,132.11763071108038,133.62096959046457,110.00421761233926,118.8711244578893,115.21051803696395
2022-09-13,113.21444061434036,130.97568283460689,133.248729752445,106.37412520060491,116.89676054731996,112.76715004295858
2022-09-14,112.23384816590152,132.00532860508883,133.93303980745722,109.86195160623271,118.34429830745815,114.7458235971966
2022-09-15,113.13675067857903,132.09348660941393,131.869842603912,109.40193308988287,118.00280085926795,112.9323088408659
2022-09-20,109.991294133491,127.12651372841493,127.52545270476774,108.82138091385265,116.0302840994379,113.33080845920406
2022-09-21,109.5867753669016,126.51082788934065,128.2025997096577,108.43685975884455,116.13100337870274,115.06524646882039
2022-09-22,108.87454562546296,124.24694211593663,126.62028193765282,109.33315163553752,115.80059757305567,115.48043010339686
2022-09-23,108.32622266653058,122.37320201012898,124.33192619193154,107.46000488284342,114.46360579491213,114.46290172565818
2022-09-26,108.5044121965938,123.77080937858848,123.65215273533008,108.80883825949604,115.64455778297994,116.21671558908803
2022-09-27,108.59840303802709,123.50300746189582,123.69727995110024,110.7483957762454,116.93181793612402,119.25905945625297
2022-09-28,107.77399910778767,121.55942858157573,121.7775825183374,111.65902957141175,116.89817163593555,120.64639576514864
2022-09-29,106.04357965794637,119.17560986653544,120.22893108190708,107.71814300452063,113.9263996851238,117.13848478025548
2022-09-30,107.17514546099603,121.35384068489275,122.110664349022,107.41313057204778,114.85578579626771,118.06056326783448
2022-10-03,108.32135743914915,122.44585527781878,122.80404760085575,111.02287661558702,117.19924838672242,121.40339436867077
2022-10-04,111.23529540199168,124.29095999377579,125.32639631723715,110.5369386892559,117.86350371834267,119.66373113514996
2022-10-05,110.9354726029399,122.68612121744654,123.97448999083127,110.90383032699714,117.0849421763009,117.95089095842305
2022-10-06,110.45795105666087,123.02384417020303,123.76676153728609,111.47098596602176,117.4181481045501,118.89499235086694
2022-10-07,108.52572072579878,121.02878067588483,121.28667481662592,111.03617215677355,116.1116598711159,118.07053907568987
2022-10-11,104.86157427551336,119.21219979913421,119.11674816625916,110.67134773886355,113.91775514492859,115.2546296901413
2022-10-12,103.7533080365956,117.85593489286514,117.86966113997556,110.0009802514702,112.9682632269767,114.62779504031529
2022-10-13,104.01375103346396,118.18767325842211,118.45512110330074,112.46105784064464,114.07122976557558,115.84919758746155
2022-10-14,105.30833233734708,118.87305145722773,118.72492932457214,111.63932922099615,113.81202475859789,113.5937847506732
2022-10-17,107.38543948670976,120.70735672405586,121.84491518948656,114.07042840048207,116.25967715428163,116.91289556312483
2022-10-18,108.7386399158001,121.85497677072516,122.31743772921762,114.8006125764781,117.43505661490936,118.33591709066928
2022-10-19,107.54856935867323,120.99651261651942,121.47792825488996,115.10895968197552,116.65074332579623,116.91832335571786
2022-10-20,111.38503019047674,120.40817263646348,122.71140548594131,115.14584079470475,117.5401909069551,116.88110487759107
2022-10-21,109.99154514860209,121.14400434994002,122.9028976925428,116.79976901393337,118.41717992939235,119.48822041080383
2022-10-24,109.29000876894524,119.99603019398342,121.9669258099022,117.22092884391296,117.79821372719475,118.36997448411003
2022-10-25,109.61190571166466,120.70630513665375,123.30737125611248,117.94974015845632,118.7271658831605,120.34281788654536
2022-10-26,110.20758517993426,119.38216439953345,122.9976887224939,117.2713515234949,118.01280577090671,118.78330777459448
2022-10-27,111.1135194187572,120.09221671804836,123.85892611552566,116.604309247599,117.74018860986705,116.70684572175553
2022-10-28,111.20107685360615,121.43425352828838,124.011737851467,117.21007202871199,117.69972599847539,114.47260239035789
2022-11-02,110.78228347895842,121.60620524497101,124.03203316014672,115.25307725346065,116.978861189433,113.84851158972677
2022-11-03,110.24520440728205,121.11972433200721,123.68916182762835,116.03882663889462,116.86088196790982,113.63360738383048
2022-11-04,111.20841342313012,122.13866029320226,124.638027200489,118.14170364124047,118.78557572628617,117.11546311101121
2022-11-07,112.5040050422588,123.38319487083103,126.2977059138142,116.60597919507161,118.34412423237725,114.39103471480387
2022-11-08,114.04859318552931,125.4427681520005,129.08102842298288,116.57668394052945,119.58920005547353,115.73186704014992
2022-11-09,113.2429621546698,125.90391691026744,127.74965617359412,113.11663523979536,118.16349699882171,113.95927537887711
2022-11-10,113.52265162199448,127.35355513948005,127.49130883251834,114.75175713222808,119.89598349957284,117.4478305232691
2022-11-11,113.99748298646584,128.11391480982397,127.7599232121027,112.70812686377965,119.48031624876356,116.62107962270917
2022-11-14,113.83054784565918,127.20668085959178,126.6054783007335,112.55808859903034,119.1327912376366,116.44269769986987
2022-11-15,114.0331276903316,126.52075006637149,125.09383595660148,112.10623799598741,119.00382068949304,116.82032527245225
2022-11-16,114.47946425437598,127.24573812230733,124.88658503973105,111.63222847670016,118.9661399005326,115.99378031959945
2022-11-17,114.80935506102684,126.1935307993071,123.49838592603912,115.52893931947484,120.39820237648611,118.4115588942675
2022-11-18,114.9339673494799,126.65198677360296,124.085994804401,117.55848860166655,121.16474243100944,118.85104989433442
2022-11-21,114.75277778225627,127.9221837185679,126.85021584657702,119.67482221676211,122.45316455892733,120.78566878696851
2022-11-22,114.5895747973196,128.0626750352558,126.42258175427872,121.3131016095554,122.8840151918673,120.89736886174204
2022-11-23,113.76011810441118,126.73329617720297,125.6138733954768,119.37661443844344,121.53571404029712,119.65032338628211
2022-11-24,112.77610410312036,126.78221466093652,125.91973563569682,119.37661443844344,121.28718748399842,119.65032338628211
2022-11-25,112.44720337284323,125.98719088368063,125.34311010085575,117.71646314674499,120.09070287360926,117.70500835029209
2022-11-28,111.82721777783068,124.18738928053894,124.3419544621027,117.72379269796686,119.63875854808492,118.27448589790478
2022-11-29,111.81670825690576,124.43266795644762,125.23065021393644,116.83181963822913,119.34609063859898,117.78665437909869
2022-11-30,112.37093556482994,124.57642993929147,126.1320006876528,117.4009354971434,119.61136876179228,117.55679603639985
2022-12-01,112.81665581651212,126.1423050077214,125.94265739608804,115.6963573497322,119.89219976825066,118.4237346446313
2022-12-02,113.27304605428829,127.53938961477589,126.3265968826406,114.61216572114213,119.60864077142048,116.59879841904177
2022-12-05,113.31243026878433,127.01145153445954,125.930957747555,112.99530502083664,118.67921587364914,115.02095328622623
2022-12-06,114.94100731365867,126.68259569715696,125.0945522616137,112.71130182506096,119.47722435515423,117.04912809502461
2022-12-07,114.09521496747216,125.68823784249044,124.22758442848412,110.70644035106328,118.19365365150628,115.83371331554233
2022-12-09,113.8496244823852,125.19342336867174,123.98475702933986,107.68797395935502,116.84890359442764,114.29343925008024
2022-12-12,114.76092000223008,124.79360716586054,125.52218635391196,106.39390164053809,115.73462093011965,110.63259537159959
2022-12-13,114.76324853305856,123.46828582647446,124.7984795232274,110.3266072765904,117.72511545511101,115.7680894886525
2022-12-14,115.4737006937434,124.54242203100175,124.31377979828852,109.0184008641321,117.43296537497015,114.17265554613932
2022-12-15,114.91417955191736,123.20491534923087,122.55429591992666,108.98599513790457,116.94212883529977,114.12296626233899
2022-12-16,115.3146770498178,122.49447423469829,123.23430814486554,109.02280994485687,117.37737935075245,116.04862825136263
2022-12-19,116.31751533034593,124.30726177672754,124.3254794468215,107.18799094232423,117.1231782414553,114.12678510811526
2022-12-20,118.30535235677613,125.66143180577345,126.25902544315404,110.95491002846083,120.21415579572921,119.14895965111222
2022-12-21,119.22366895555874,126.64886998918884,125.82375076405869,111.87025190117903,120.77757820002508,118.55488597209468
2022-12-22,119.00829382653916,126.35896024311634,124.69031746638142,108.58968148394308,118.9235497133578,115.0499732905274
2022-12-23,119.57075319431402,126.46865772316444,125.51836606051346,110.08018102255504,119.58622479932174,115.4707312364261
2022-12-26,118.51569384972838,125.64613073963746,124.695331601467,110.08018102255504,119.10802853620156,115.4707312364261
2022-12-27,118.00648334712147,124.56995482492594,124.09387415953546,112.0740938631844,119.69728734923301,117.33896543546426
2022-12-28,118.04712456462644,125.97036798744537,124.52771622860637,109.09004908945474,118.79338764057407,115.40945890235717
2022-12-29,119.27877228392762,125.9845835605221,125.33833473410758,109.1147933502129,119.12036954455205,115.36824086700666
2022-12-30,119.92247713524937,126.474897152963,125.63775022921762,108.41328437155292,119.1618299310144,115.09757714345072
2023-01-03,117.6671444972623,125.14554858192898,122.64407281479215,106.68506864177448,117.77380148964085,114.9439562546311
2023-01-04,116.86430934205858,123.9476845129268,121.56818268643032,109.06599294153594,118.7451450815647,118.029732324914
2023-01-05,117.92571368779724,124.12460854403359,122.34967145476772,108.92609514333317,118.38721643116688,115.61566371172276
2023-01-06,118.35238466993022,123.89832065612357,122.64789310819071,111.24380499761094,119.50571972527833,117.2728990805573
2023-01-09,118.313115483796,123.97127884268059,123.20231318765282,108.98099401149719,118.57201085723193,116.0390679171695
2023-01-10,118.21935477687784,123.12189103874368,122.8312671913203,109.65625762378833,118.42965684871683,115.63514321272095
2023-01-11,119.3870235652184,123.18243708607369,123.6922658160147,109.31369048353635,118.32046162682977,114.40115906186769
2023-01-12,119.75183229466748,124.2123486586475,124.20323005806846,109.78171477921099,119.00759440174141,115.271670488511
2023-01-13,119.1190133662514,123.10868528590271,123.1244747096577,109.36575627117212,118.63940075004024,115.90247189908297
2023-01-16,118.12272333179654,122.86443213269925,123.11158121943764,109.36575627117212,118.3343755949917,115.90247189908297
2023-01-17,117.82756542759982,123.44279212914644,123.58887912591688,109.06095337259369,118.2682887057263,115.72768645338653
2023-01-18,120.14943350114542,123.85654479377216,124.86509588936433,106.08309316571847,117.767962981094,114.3511202731754
2023-01-19,120.37532437658092,124.50066044895057,124.34649106051346,107.21876509975127,119.08994767057331,117.45003540425826
2023-01-20,121.2645816973652,124.08759910942214,125.01838516198043,108.64388120022343,119.47997024437127,116.9663572490724
2023-01-23,122.98013306483053,124.73860158546417,126.82992053789732,107.6722770788234,119.53913941430876,115.98750171211744
2023-01-24,122.48419416270788,123.21614656836022,125.51168054706604,107.23649634301702,118.96947440968081,116.11069390772819
2023-01-25,122.71981518424644,123.71717945839293,125.55847914119803,106.20993681409637,118.57963223287219,115.01226075874634
2023-01-26,124.6190735279406,125.35008235885853,127.35162935513446,107.64708819333966,119.62254495970318,114.20701308662197
2023-01-27,124.95838856299252,125.4134101378851,127.77305547066015,105.7650106858213,119.12924312144936,113.91592996284243
2023-01-30,124.52815419751822,124.31824242691938,127.45334466687042,102.85446269150549,117.45021576356969,111.92846073722103
2023-01-31,124.2027828961971,124.84481678511717,127.08182113386307,106.24017900532625,119.1626179377841,114.78306016531978
2023-02-01,124.02544479125524,124.35995763659581,126.74229255806846,104.40909309465701,118.45762387464843,114.65472216181247
2023-02-02,123.98516643354182,123.79015458453298,126.87003361858191,102.06155784705999,116.65195506969859,110.7949071753655
2023-02-03,124.16659810528952,123.22504907784702,126.88841878056236,99.61865981096467,114.93607999839347,107.17488328900863
2023-02-06,123.73000419617026,122.51373261673568,126.20386995721272,99.34351020823908,114.59044296604499,107.1978928401462
2023-02-07,123.77798501021636,123.52226618312201,125.8612373930318,104.83753619947316,117.33712657587775,110.8734344121169
2023-02-08,124.54832955949531,124.35394716335522,127.23558794315404,103.01369248882122,116.96768915054173,109.94392409470001
2023-02-09,124.41029028026044,125.79811787233379,127.906288202934,103.80928683132686,117.4630323956533,109.79269832690863
2023-02-10,125.0280463216945,126.84440129867748,128.7546321057457,103.87977575044387,117.90946668728057,109.9037840220314
2023-02-13,125.29986979795277,125.22325136210436,128.1273876833741,103.98822660137364,117.22436652742006,108.38621605864606
2023-02-14,124.77069841748931,124.5854025443599,127.32154454462103,104.97056100553533,117.22469233965472,108.40162669575655
2023-02-15,125.33145302992446,126.38510930778044,129.03757258557457,103.94637211779147,117.02390319809155,106.56164617302464
2023-02-16,126.1949525879799,126.26597134728084,130.16336529645477,103.28465101146163,117.18575509853649,107.2117161877922
2023-02-17,125.46303630436776,124.18956784959754,127.23869193154032,102.14557780416517,116.24922823522385,107.41942013321507
2023-02-20,125.0830055630016,124.375511554998,127.28167023227384,102.14557780416517,116.20244613549788,107.41942013321507
2023-02-21,124.11651433049072,122.47213494348925,125.62485673899756,101.7656631250586,115.51648834062372,107.83006316997667
2023-02-22,124.11006992667711,122.86462918024334,125.55537515281176,101.75347417355393,115.63322577909629,107.93811443544234
2023-02-23,125.11266998321626,123.0819641614018,126.85260352995112,103.60069115676102,116.35820589323633,107.60932071352141
2023-02-24,125.3476849535065,123.28025820115141,127.30101046760392,102.74108130965708,116.13184749105808,107.26639246503605
2023-02-27,124.93304298861732,122.40129509901476,127.91058603300736,102.38177110349808,115.62654103141956,106.89897376656319
2023-02-28,127.01806004001604,124.39213362460143,128.81313034841077,106.38872325974232,119.08059706525577,112.12098301011065
2023-03-01,127.7243462423412,125.90208408465617,128.34681578545232,106.15886293650765,119.51013490955785,111.99651684186408
2023-03-02,129.6851784084986,128.22281808957814,129.10777047677263,105.00760539472986,119.60522718609833,109.74528742599674
2023-03-03,131.49578552660884,128.9213790479588,129.8770820599022,106.76120434492448,121.05439492287034,111.12718890226506
2023-03-06,132.3962919575294,129.2836686910199,129.59199266503668,105.64657735847801,120.54638387759893,109.2671477577612
2023-03-07,132.42079894828368,130.61615299156296,129.01703850855745,103.24056641209415,119.53910057286124,106.78647421788683
2023-03-08,132.49453110989143,132.73043760380472,129.32624350550122,103.79732846926206,120.37479340678419,107.37632082091909
2023-03-09,133.9423402448033,133.81066908405228,129.1877578698044,101.6901545710074,120.61494675258714,108.24982736271446
2023-03-10,132.2663062350324,134.08531711535113,128.78495568459658,99.56396185180573,120.08194615127469,109.71509078567627
2023-03-13,131.10953088862175,133.05743909568267,127.43161674816623,96.803124422621,118.86732264416834,109.99772566452629
2023-03-14,131.4175727525465,133.17142485090946,126.51808908924204,101.45952208586016,120.97135439985168,112.64003493358476
2023-03-15,130.01477683490413,130.28250747162596,124.07859298594131,99.4268343685773,119.56125265490067,113.31368909349432
2023-03-16,129.13350377514553,129.66760284111038,124.12013867665036,103.2488226308134,121.026468343552,116.13625753207607
2023-03-17,125.6084247000947,127.15147747576411,122.0590903881418,102.96962049657341,120.60023925435618,120.20478893826755
2023-03-20,126.6097336887489,127.78144363215493,123.44537935513448,101.80005238894093,119.77768867747511,116.88777291313893
2023-03-21,129.76662394503208,131.28650264121498,126.527401054401,106.8793395855455,123.09953983008957,118.09971107558529
2023-03-22,129.6016264556553,131.55486967693992,125.85908847799512,104.72437243434891,122.92177621416175,119.60504453020762
2023-03-23,129.77727171315072,132.09254602761177,125.9591324113692,103.51115936902076,122.69008733750381,119.37135405195976
2023-03-24,129.24891850349658,132.2063058496164,125.32615754889976,102.97312947569219,121.94156670782715,117.48312726358643
2023-03-27,130.03420543558454,131.8745428758865,125.54630195599022,103.83295530737529,122.20253786193176,117.16569785928756
2023-03-28,129.88832134800649,130.3172913730381,125.22802376222496,103.1390777478701,121.6194580663798,117.23335863236935
2023-03-29,130.46957229169703,131.18915984327637,126.8757640586797,103.89189057502132,121.71911435027825,115.51637207395474
2023-03-30,132.2475529276565,131.903419147712,126.7668856968215,103.9600276143983,122.35100997245884,115.611170937893
2023-03-31,133.98286906972334,134.11675237764655,127.13506647310513,105.09307991573914,123.33308021039319,114.5889805762743
2023-04-03,133.67184341360283,132.83786031836107,126.76211033007336,107.49601911044526,124.12286293530495,116.26275975056723
2023-04-04,131.4901294764971,131.1196710612665,124.82808679706604,108.42235904620102,124.71457701404164,120.78569793181161
2023-04-05,132.2428847095884,131.38336755818483,125.02435437041568,108.5484843133191,124.83976705585683,120.24433729717221
2023-04-06,133.22176144412452,132.5912839585159,125.93119651589242,108.67176225482372,125.31569885867957,120.00945090054505
2023-04-10,133.43766150977416,132.85827708969768,126.10501986552566,110.12082196660495,125.88410714867071,120.12912804150506
2023-04-11,133.97776888106625,132.03070123674576,126.7114914425428,110.75999222425929,126.22057104322286,120.92779216575272
2023-04-12,134.9861587310087,132.08867357010212,127.8148399297066,108.83629987101378,125.67660650648173,120.09175226247177
2023-04-13,136.13020124976148,133.7567925453844,128.1020782396088,109.63584634011063,126.68954132539102,120.58075947504818
2023-04-14,136.68115703925744,134.31194617477624,129.34510620415648,109.03889425118092,125.8786375887219,117.27247487308352
2023-04-17,136.39681166184357,135.36507274063032,130.60484795232273,109.1086466811526,126.06807444079591,117.24384251402797
2023-04-18,137.17321766757854,134.42250772285882,130.71659153422982,110.75078008423073,126.762419209186,118.17510146904418
2023-04-19,137.09785366267008,135.05572360912902,129.49576902506112,109.4238864318577,126.11102487377056,116.72448009665372
2023-04-20,137.0145722789202,135.56213942783987,128.8773590311736,108.27797198946644,126.01211163167282,117.2448803393626
2023-04-21,134.98783565230582,134.19858779501126,124.80253858496332,107.78121818008242,124.68743060533832,115.76184874190292
2023-04-24,137.1206134093859,135.6081386352143,126.47033542176038,109.29023902505556,126.43771863417828,117.59288330691926
2023-04-25,137.97528951189815,135.84440071689227,126.53719055623472,108.81670211424873,127.16055040606223,119.86272042739061
2023-04-26,139.1642806254074,136.6457635815503,127.15822700183377,108.50904398986728,127.28041524354958,118.94207612863887
2023-04-27,140.92414448074973,137.35349193335227,129.1789234413203,108.79174461881207,127.64585128481463,117.88213413490793
2023-04-28,141.61804465354749,137.3433515611862,129.31908045537898,109.97616156329123,128.09890327065204,117.68962744028951
2023-05-02,141.1481379339421,136.3191125795562,128.20283847799513,110.07349417852348,128.37264661819162,119.85964473252463
2023-05-03,142.03455890292997,135.84188742826854,128.2801994193154,108.16961667811776,128.28635051548412,121.25220811604565
2023-05-04,142.13947120336093,137.26779947147367,128.3718864608802,107.25722071632981,128.42888085323813,121.44333981269912
2023-05-05,143.70856420051962,138.9612932698167,130.85507716992666,108.89333785254355,128.89236195351154,118.64061619462579
2023-05-08,146.80558080423864,142.60844786809594,133.91298326711492,108.51459807937206,130.17982542667696,118.07831775701163
2023-05-09,144.72652462330316,139.15840394127514,132.53767764364304,108.01682707209062,129.08772886741846,119.28170362107166
2023-05-10,144.67918916134948,140.80438450092248,132.98465197127138,108.03117389060749,129.19506095078015,118.28968719876632
2023-05-11,144.6520094116308,140.5518668110769,133.71026894865523,107.1527103729698,128.5231414389916,116.99945581123397
2023-05-12,145.65701655722262,139.04197764910035,133.62646126222495,107.80964980016648,128.78013904193978,117.69952503467306
2023-05-15,142.94004692042142,138.75205371361744,133.66752941625916,106.87120801928862,127.51843124709633,116.57339395647556
2023-05-16,143.51173799689826,139.19293390035577,134.1653613997555,106.6277594769579,127.24295401489466,114.96866305420592
2023-05-17,143.31128571520486,137.54154065346947,133.83824877750612,109.26147418496521,128.04980360495975,116.69703003575754
2023-05-18,144.1578787929079,137.65035099247677,134.68110100855745,110.01325723714862,127.8308990405699,114.29126431628929
2023-05-19,146.0055787618883,139.26305519621525,134.99006723716383,110.24343395277829,129.10972059204192,115.82713139317153
2023-05-22,146.50455988534353,138.97891471679736,135.89499923594133,109.60603014723188,129.0210479759856,116.01218191048035
2023-05-23,147.14996350221955,139.6227219293299,135.74696286674816,107.75979530189407,128.77276321111373,115.98743811676006
2023-05-24,145.69139010181934,138.22446186675816,134.74413584963324,107.93512724582017,128.0458913600655,115.53887938646575
2023-05-25,145.5997999629593,137.71735107160185,134.19281975855745,113.58001787813095,129.4835467462474,115.29205576353137
2023-05-26,146.20836834816103,138.21067122504638,133.93590502750612,114.75811093689931,130.2653959617518,115.97613127438103
2023-05-29,145.91709840192314,137.37582071504778,133.6823330531785,114.75811093689931,130.0048653956871,115.97613127438103
2023-05-30,145.77353926532004,140.22719600064875,133.53954958740832,113.82498391437116,130.2609193389799,115.59165091862904
2023-05-31,144.9520317154364,136.32353773914235,130.6430508863081,113.30917284298995,129.21112276066353,116.31342781225362
2023-06-01,145.25170593592637,137.26763322266618,131.81779110635696,115.76505533724857,130.66727456202293,117.9896485804376
2023-06-02,146.58262589220666,140.25533975906194,134.99508137224942,115.08016360045316,130.65168453841645,115.01943874612638
2023-06-05,146.4659373423424,142.26953894336305,135.01036254584352,115.10336025765785,131.1971155491352,115.33466110915528
2023-06-06,147.57932258022782,143.33149961700184,136.4398685819071,115.08050014721114,131.67102092709055,115.26503796052951
2023-06-07,147.16074678715984,144.32394173894812,135.6034630959658,111.28148413756522,130.29725756413495,113.7073452699239
2023-06-08,147.39842199064122,145.7518798362357,135.44635352995112,111.90309135887527,131.10134859294658,114.55551082124272
2023-06-09,147.5891873294852,146.85309568909932,135.88162820904645,111.68850151410484,131.13941329902624,113.82020050812169
2023-06-12,147.65664779671104,147.44408947408874,135.9348735482885,113.4386786398747,131.7446671540879,113.64459473604575
2023-06-13,148.2356347631784,146.65484918133285,136.39020476772615,114.37847622820605,131.73237176952972,112.84440493962697
2023-06-14,148.67872307826923,147.68822536472385,136.48690594437653,117.66723653558832,133.63637800725857,115.0870107171503
2023-06-15,149.62707157026588,148.06309207970324,137.09385505806847,118.52067653655226,134.2912644811657,115.4881860951
2023-06-16,150.12031512326084,148.29207075267863,137.05063798899755,116.22077678210516,133.45489222886002,114.246358241863
2023-06-19,150.0947474993925,147.62986764786132,137.39303178484107,116.22077678210516,133.29228095799817,114.246358241863
2023-06-20,150.3946608804797,150.1727417650162,138.08235597493888,116.59164162549193,133.78324484526252,113.22320671332074
2023-06-22,151.3073892200889,152.8319219241563,137.60935589853304,118.40686433973731,135.08579293374797,113.04871992425544
2023-06-23,150.47706396264329,150.37610074970144,135.60990984107582,117.65134507881896,134.2657427111866,113.63311700078881
2023-06-27,150.04596776215627,149.60074219031586,135.1156593826406,116.4526640830921,133.59614543866434,113.46001556719949
2023-06-28,150.28202480216578,149.65894767833043,135.07100970354523,115.75773608670708,133.08289361961138,112.0862097090044
2023-06-29,151.37651899646073,150.5048062486816,136.77390548594133,115.49650772215584,133.5444364635565,112.41630123733533
2023-06-30,152.41799633368288,152.053976725533,138.17046149144255,117.99752528468808,135.1766415806938,113.56860724569866
2023-07-03,153.16179647359695,153.46116263680915,139.77020935207824,117.45637516326309,135.44966808974016,113.40174084418952
2023-07-04,154.49912958587265,153.53304220136818,140.73817619193153,117.45637516326309,135.76215726886545,113.40174084418952
2023-07-05,153.66746338166837,153.56726158513024,139.3244288661369,117.61525673865079,135.41891100962818,112.68943666905817
2023-07-06,152.59899096005086,152.7442176153775,138.29868008863082,116.62275183364711,134.53200484105406,112.0750146182008
2023-07-07,155.36143394741654,155.69321035798382,141.88092145476773,117.45808016111931,136.58866130651688,113.92171169452418
2023-07-10,156.54237873139294,156.6944583330552,142.11372058374084,115.86003079844166,136.78248176201464,114.48336673509364
2023-07-11,157.55000574227878,157.86606336063122,143.1528403881418,117.18115241928892,137.99014505073643,115.64443989521115
2023-07-12,158.89639324895,159.8913535648124,145.13700527200487,119.69627483334024,140.06078136403806,117.66640438904693
2023-07-13,159.6333604846972,159.30410858883104,144.73969475855748,122.7210959779723,140.78980560522558,117.09456223456333
2023-07-14,162.2065514316044,161.75386648436836,146.38122707823962,122.76749654102879,141.7369926948421,116.48598523123061
2023-07-17,164.70085653799634,162.8647348474712,147.9692752903423,123.88805210613275,143.07108664063279,117.20260015133987
2023-07-18,166.393493292065,165.05290274146967,150.10171531173594,125.32896046722125,144.9132825272596,119.11111502041298
2023-07-19,167.87943143422007,168.1422749627455,150.9130501222494,124.52239569072081,145.603267259099,118.7915345165779
2023-07-20,170.12160141565113,168.02969051268389,150.97130959657704,119.92687495311122,144.18537048776784,116.86300444274771
2023-07-21,168.91891177674069,166.93683918928636,150.44578048594133,120.89245323648585,144.28330160492246,117.97516184249544
2023-07-24,170.70881258615347,168.2298827840843,151.64392000305625,121.91717437447446,145.23239969591322,117.87899223992953
2023-07-25,171.76858066665042,168.3961165063771,153.084648150978,124.49909239449508,146.81730441553447,119.80640622470474
2023-07-26,170.11267736323364,166.80888778591154,152.32035070293398,125.94340719209939,146.71169456532158,120.48072066776659
2023-07-27,169.355534159047,166.34585608266198,150.86887797982885,125.03418588165462,145.4531015273811,118.03618326589586
2023-07-28,169.46087516873467,166.49975903541826,151.3562041564792,128.33162880545515,146.85724746735391,119.38783683787629
2023-07-31,171.1226732580395,167.81525308100746,152.67802567237163,128.57346707189808,147.68110977525993,119.70298101004107
2023-08-01,172.91041445774204,168.73622600005638,153.59394101466995,129.6216275735123,148.76259629397063,120.32604718913004
2023-08-02,170.4756772172287,166.88934756456734,151.19049893031786,126.19077937174701,146.71410230299455,119.89908442583452
2023-08-03,168.94580277704486,164.1321391035999,149.76242550427875,126.73657037204626,146.05723541420983,120.2981473341077
2023-08-04,169.14651716082227,164.1363616313378,150.24831907090464,128.50167343937895,147.01459942351926,121.61537380730549
2023-08-07,170.58739458424344,165.85476004343764,150.86219246638143,129.83064978803375,147.90236272546176,121.02273965824783
2023-08-08,168.8105246334279,164.4389483224313,149.02295996332518,130.46309437371625,147.59444758762913,121.6884552937067
2023-08-09,171.36778519060664,165.43091002672364,151.41159841075796,128.2979276627664,147.61655080143834,121.27949472256516
2023-08-10,171.04587321633483,165.8734228089564,150.19340235330074,128.5699565490226,147.74259076005876,121.34441761912241
2023-08-11,169.1076306827536,162.9724152692044,149.40785452322737,125.33888281421362,145.08835927821758,119.17214686841537
2023-08-14,168.0421191021499,162.54975516220523,148.42484527811737,130.1435682655722,146.6308597750449,120.7468680943077
2023-08-16,167.49242276257425,162.87920467257854,148.3510658618582,128.1841396477794,145.83365605522974,120.135941628455
2023-08-17,165.9060751744601,162.62286861840818,146.4008060819071,128.90104221733606,145.89102618419275,120.94702477624513
2023-08-18,165.60199542444664,162.43164648904215,146.44282930929094,127.21069289331342,145.07930883462635,120.23811067045733
2023-08-21,165.5773550819989,161.801579911684,146.19594284841077,130.9576269457661,146.36350143406705,121.37995889601416
2023-08-22,166.3135659148793,162.86985675173443,147.05121103300735,130.52323441500164,146.6419167290033,121.41006536725776
2023-08-23,166.70867621599098,162.9952827308545,147.79569070904645,133.35049929335824,147.9529996543859,122.66280060551463
2023-08-24,165.07131865889087,160.52453560314896,144.87841916259168,130.7416160484506,146.27700025475824,122.56551143201753
2023-08-25,163.9241120048192,159.91447000731094,144.37414043398533,128.1409715388744,144.28560635832324,119.76788305126712
2023-08-28,163.62268247939767,159.2847437622782,143.98088898227385,128.38433319967586,144.0577175316422,119.4624895294473
2023-08-29,163.84812175593905,159.79288698367375,144.68525557762837,132.2151934398738,145.84920475354176,121.18413108708069
2023-08-30,163.95061399512377,160.03193917715615,143.9340903881418,134.37525810557906,146.94307738387673,122.47743686604565
2023-08-31,164.5815774546787,160.8154060474911,143.48257946210268,134.32384486641763,146.99282214668668,121.68636817962826
2023-09-01,163.80781067422038,159.7046594216818,143.17409077017115,133.98127797028894,146.47992443805396,121.71090120169993
2023-09-04,163.66922274990694,159.52804645904473,143.02796454767724,133.98127797028894,146.40862203103592,121.71090120169993
2023-09-05,160.7310847847058,157.5948717706399,141.54019903728607,134.42666910105152,145.39082150099247,121.57228108524592
2023-09-06,159.1440378838821,156.84956004007594,141.01037209657702,135.47455636688045,145.65644048974457,123.23991713685048
2023-09-07,159.71404043098676,156.28713827354636,140.52758251833745,135.90658496190616,145.76110013242854,123.19923357801522
2023-09-08,160.38746040810966,155.93701619729936,140.12955569987778,137.2827781830431,146.67264541910615,124.73799232832472
2023-09-11,161.70601542387675,156.17996303120253,140.3754870874083,140.9217935573541,148.6299745854232,126.76402444579966
2023-09-12,163.1775200645913,157.14519170598493,140.54907166870416,138.56430292741265,147.94509740366652,124.81348931176963
2023-09-13,162.72838444930687,157.22248094097404,141.24388753056238,140.60078284074683,148.58549055888446,125.36276819246434
2023-09-14,164.14538871426595,158.3375475358773,143.3104274908313,139.93662519801347,148.53735846390924,123.91361771029642
2023-09-15,165.52417533210223,157.65693664526816,143.3247535910758,138.6496170743171,148.9138981183008,125.82197415394346
2023-09-20,163.85374540978904,156.78187610476004,141.65719552261612,132.0644374849325,146.52746286724297,125.78247714057561
2023-09-21,160.6402704445732,154.42381586110545,139.86380654034232,128.2762038974228,143.87992596862156,124.60761620737485
2023-09-22,160.50684573308567,154.8205355130358,139.24850053484107,129.2001100520723,144.62255315601615,126.02819441886633
2023-09-25,158.74815103308947,153.24577464256913,138.14753973105135,131.0168459528475,144.38670455983834,126.09332079050492
2023-09-26,156.6103577693468,150.24715556135928,137.59216457823962,129.67024013208643,142.91283613657228,126.28235469611201
2023-09-27,155.46369844173677,149.14043999761546,137.5950297982885,131.21227826700564,142.38861547096934,124.83475066954502
2023-09-28,155.2695757931713,149.4979575775394,139.07491595354523,133.67322694365876,143.10742310694977,124.85856131124072
2023-09-29,155.42957095542695,149.42605311086206,139.28216687041564,133.28949126901549,142.48453269328627,123.07969638949335
2023-10-02,153.29632598937576,147.90883539230583,137.42645935207824,132.86073394169787,140.60771917129793,119.92971810144034
2023-10-03,151.22626116614276,146.4795918767938,135.75985635696824,134.45630146599777,140.78588723539636,121.88844452771917
2023-10-04,151.32625030538173,145.56152050405788,136.08195484413204,135.8276090679973,141.29650813992131,123.06351847086006
2023-10-05,148.6152588519388,143.57203765003487,134.08823922677263,135.33400764786936,139.9294124503602,122.58111232299656
2023-10-06,149.17372621861412,144.44875892198465,135.12592642114916,136.19317809396154,140.63473074871385,123.06042698756302
2023-10-10,151.52330180205146,147.4538784175566,138.04152658924204,138.82932080415043,143.45391320771188,126.031352323187
2023-10-11,151.22223957779127,148.41129666363327,138.0310207823961,140.1013546903217,144.54768000852602,128.08577778936964
2023-10-12,150.1382638858904,148.71041666068157,138.4908886002445,139.11457568450803,143.84627800036913,127.1854415429733
2023-10-13,149.6258998209782,148.23302849149434,137.95437614608804,140.0973237944526,145.51112322841738,132.82935780733357
2023-10-16,150.64522390934417,149.12767635391035,139.75612202017115,142.050338073272,146.4246700709752,132.63839246938633
2023-10-17,152.02838616350894,150.00605114023304,140.65221959046454,142.58129994975536,147.45813842151426,133.90020234981765
2023-10-18,150.95040436863025,149.6037677629902,138.40063416870416,139.82589131746462,146.53409580639428,134.43673117886263
2023-10-19,149.7434508029459,147.81350295605796,136.41885696821515,140.1912163077422,146.5278646474422,136.50821791452924
2023-10-20,147.22021359824114,148.36594622459288,134.4583301497555,138.06773444232076,145.68274932841342,137.09199711464188
2023-10-23,144.40779763447566,145.1890838167603,131.40209543092908,137.83384254140128,144.21400396894322,137.07688960918787
2023-10-24,145.9702113253976,145.81338439359027,132.69836873471883,136.95270627752407,143.98539970187227,135.3491974786192
2023-10-25,144.98236781129145,145.77964950522377,131.6955417176039,129.46594160839444,141.65461752325896,135.0190941037957
2023-10-26,146.46623609731242,145.6632299496047,132.95456716075796,126.76198886467006,141.22186362667028,134.94152260435288
2023-10-30,143.99946937350907,143.53384677244588,129.73143337408314,127.75272704794452,140.407106527947,134.91877948075773
2023-10-31,142.99862965566922,144.1608989144485,129.11397845354523,126.23763925216268,139.22907013462824,132.52345148372544
2023-11-02,144.88365238376988,144.73116739425257,130.3830321668704,127.72173026939521,139.7926016525966,130.83985297838373
2023-11-03,147.6736033189149,145.9945152006935,134.20141541870416,127.91862380486069,140.6216345605597,130.0426336478018
2023-11-06,146.8591982664058,145.56466334238425,133.12480898533005,126.43726300129272,138.98813970461367,126.52836862748396
2023-11-07,148.00922836837717,146.18852298239736,134.92249579767727,129.71588229079669,140.6253462780523,127.68062950444615
2023-11-08,148.6011784470483,145.97006888414913,134.8551631265281,130.3591519876529,140.73142117341553,127.06142517815334
2023-11-09,148.87875246486536,146.1895749517324,134.4416163661369,131.76600167826507,141.8411153270749,129.3504905720895
2023-11-10,148.98234103300942,146.4526922392469,134.15628820293398,136.3778439363391,143.29770524216877,129.71687892091467
2023-11-13,149.69475346226838,148.20449882267246,136.74119422371638,134.4332432876148,143.2195488812382,129.19012252520957
2023-11-14,150.03465406951926,148.66751113486984,136.38686201100245,139.672462948564,145.9387355500001,133.30228223900477
2023-11-15,151.46159760807473,150.52912736499178,137.89778805012224,134.92279586038234,144.13999159399287,128.4062527877586
2023-11-16,150.95859810624754,151.25578750423696,136.8073330531785,136.91229332328757,144.97999797889557,129.3140423797244
2023-11-17,151.57092954351364,152.05530824879006,137.7955952017115,135.65967822318854,144.73703231401262,128.40151921694104
2023-11-20,152.1590179742938,151.9418526221446,139.48273227383865,134.13877334066677,143.57801934060504,125.14467525983011
2023-11-21,150.94214173479986,150.76578998790302,138.252597799511,135.82983866503682,144.50083769888982,129.09175846604194
2023-11-22,150.73885335205836,150.39056374152062,138.4992454920538,135.11130198056208,143.6942413778731,127.30841177303427
2023-11-23,151.6054249816737,150.50178749288753,138.6573101314181,135.11130198056208,143.93202808346174,127.30841177303427
2023-11-24,151.47053116484247,149.9213960860705,137.9302605440098,135.20147469484573,144.09793728369849,128.50397486493262
2023-11-27,150.8915074690178,150.08619527853585,137.4689601161369,132.78489057666795,142.88187445871645,126.79602464522891
2023-11-28,151.80214003616575,151.89486344087766,137.92596271393646,135.16185866684535,145.24053390565618,130.77435311639937
2023-11-29,152.09288789797355,151.89524756633293,138.3132449572127,134.20767907642178,144.97298826421695,130.4876021036814
2023-11-30,152.97832508894535,150.79752403242207,138.9275958893643,134.0709592309696,144.81317377782688,130.21119372500124
2023-12-01,152.55798823409427,152.4126005016426,140.555995950489,133.35220444134882,145.58122998597105,132.6348865444454
2023-12-04,152.90925928670717,152.58861223789023,139.04339853300735,129.09672974952343,143.16975416480344,127.64359869270201
2023-12-05,155.39363025883762,154.34671097422483,141.00010505806847,131.7505694469301,145.24152215971796,128.884898266917
2023-12-06,156.1793146662778,154.93056853902578,141.3510945140587,131.9244637058173,146.1998275034873,130.98980983077695
2023-12-07,156.02808447573503,155.68466168440978,142.5640376680929,132.27182916156926,146.1628189088794,129.99691321545512
2023-12-11,154.08194388762675,154.44245251122837,140.5099136613692,131.67884423470096,143.95385968859583,125.35706762753372
2023-12-12,155.14143610293385,155.25300228586556,141.19565632640587,136.11927417651245,146.47284447185834,128.50271392365855
2023-12-13,157.0429524135506,157.86952256150846,143.74832862163814,136.35896328196478,148.205073318222,130.62233175521288
2023-12-14,159.77214407169575,160.9458907610076,146.76110750305625,134.8103707710735,149.3010095454078,131.08864868702472
2023-12-15,159.56572630586874,159.10482090089755,146.55839318459658,134.53777500529432,147.98811392216803,128.3967793851305
2023-12-18,156.49159274905924,157.61405358461607,144.4911369193154,134.22689905620484,146.67115243467308,127.86590965783954
2023-12-19,157.59334059640398,158.99480997091422,144.70411827628362,137.06928298421238,148.95013254577862,131.17204798040638
2023-12-20,159.12686196184194,158.76741880460054,145.0245453850856,133.1674784959486,147.5341199631321,128.7596525018117
2023-12-21,159.3567272894087,160.47993461391005,145.83444758557457,136.22897182289242,149.40115881489245,130.8270288132412
2023-12-22,160.3329563575307,160.91186028090075,146.9299167176039,137.867629906895,150.70800229576633,132.73192526510618
2023-12-26,161.2149956692415,160.45329461212296,148.46734604217605,141.48185165601373,152.62212517328805,135.75141089668196
2023-12-27,162.28571063828215,160.12696827495517,148.07600473716383,141.7208526557442,153.05330175278985,136.44050166183405
2023-12-28,163.11147777145248,160.8131131186894,149.217556158313,140.54616602351282,152.5022380343273,134.30403106663059
2023-12-29,163.46108104693974,160.88456594322463,147.983123853912,140.53461813563788,152.5747643559727,134.21682792567208
2024-01-02,163.14972016731656,160.06805153178104,148.28922486246944,136.63685763107011,150.6470237258398,132.09301849170208
2024-01-03,162.52075278806427,159.29222912671585,146.5906269101467,136.52936931633602,150.47457038311708,132.752525685554
2024-01-04,160.93114911557032,158.62464050951638,145.0799396393643,136.00659885431614,149.74347387250583,132.54141793915713
2024-01-05,160.64192599997455,157.16938824190768,144.398494804401,137.94846174109398,150.07250230311647,133.29612326053368
2024-01-08,161.63917934555107,156.9617931593108,144.60574572127138,139.6668543900923,150.02578615219568,130.84494729187585
2024-01-09,164.13882321654225,158.6984072177559,145.83301497555013,144.4636535586867,153.4454379803207,134.7953753547712
2024-01-10,164.2211875519045,157.9739387352112,144.59953774449878,147.85590133638422,154.73246807440586,136.62107518490606
2024-01-11,163.97279058280964,157.2887009468877,143.9539081601467,147.59109232744422,154.44924380137138,136.65300571110234
2024-01-12,163.36106503122022,157.2214341738719,142.5115086338631,146.5408236627932,154.27366330880574,137.59664188201953
2024-01-15,163.33563348942857,157.3332236809861,143.16454003667482,146.5408236627932,154.29423272609495,137.59664188201953
2024-01-16,162.93607359296044,156.5760895662675,142.5554420079462,146.1254434399167,153.40422929412043,135.82138881350812
2024-01-17,161.31084240431736,154.2520709403297,140.9143872249389,146.47000315257378,152.63448648228638,136.0570754107122
2024-01-18,161.89965216390206,153.60922521627649,140.1025748777506,147.38934512440724,153.14896231254446,137.04217903165605
2024-01-19,161.6930476471979,153.05968171004977,139.549587408313,149.9987429684129,153.7325400092659,137.23162653694163
2024-01-22,164.87513007273947,153.58192287850167,141.3756876528117,146.82233958338358,152.62605869956613,133.32337641310656
2024-01-23,165.10366438798783,155.340852907613,142.41528499388752,149.8966640191464,154.60555558128897,135.69752427391296
2024-01-24,168.32162596555912,157.96409578676884,144.64108343520783,151.2922529705551,156.15853012067186,134.9984820622864
2024-01-25,166.56620278060393,157.3271860614876,142.96182571821515,152.49468302811826,156.0052764626463,135.28355561698163
2024-01-26,168.53128750906882,159.19985615066716,144.65970736552566,149.32375566693452,155.95639228879668,134.96414289523227
2024-01-29,169.40101088695428,159.9006092695198,144.80272959963324,148.26027670971501,155.7012073435764,133.78316669910413
2024-01-30,167.43800979025067,158.75153325158155,142.55973983801957,153.92341784212965,158.04282127565727,139.18450554592755
2024-01-31,168.3265341647218,159.33681228828857,142.9539463630807,151.75444639068644,157.88088317521112,139.46832925092627
2024-02-01,170.05831494417797,161.77186303033875,144.48874923594133,153.863106040858,159.768788604702,140.635022574323
2024-02-02,167.72895589326663,159.97682753577246,143.1320675427873,155.94447935719916,158.98503146555478,139.45395971813176
2024-02-05,168.46915694754165,159.64351846169583,143.38707212713936,155.6287787431308,158.61836190503712,138.12691882644117
2024-02-06,168.76754968406863,159.52641526611075,143.38492321210268,159.3868246008799,160.9620521283533,142.80983901266794
2024-02-07,168.92368200714455,159.69401440018015,143.50669506418092,160.32425591829872,160.9925357572584,141.77995165130577
2024-02-08,168.69977436789804,160.0420019357525,143.2896546454768,161.0603205123682,161.4086256245502,142.45466120677534
2024-02-09,171.12112418322806,161.81733417115132,144.03962599327627,165.01433013945882,163.82764142355188,143.80819452601224
2024-02-12,171.80062929925663,162.32619610913054,145.6708912744499,164.57625908702238,163.53301596013364,142.16131878142508
2024-02-13,172.49299038908288,161.20526586750682,143.83691167481663,164.31904455901443,163.35715190722203,142.18378664132462
2024-02-14,175.30157551962765,162.55448705778844,145.25161407396087,166.45194315860758,164.84823065674576,141.9842503904602
2024-02-15,177.51170600624408,164.71614606287338,147.75939792176038,166.52429140577124,165.6851776913092,141.15178534552854
2024-02-16,180.41863562337,167.80907168564585,151.3029588172372,167.6562695118794,167.98778778211357,143.1319292366368
2024-02-19,181.2101256278584,168.04348552025195,152.39413011919316,167.6562695118794,168.2314491049012,143.1319292366368
2024-02-20,180.9897706002958,167.45428790198991,151.5940174205379,166.34560295375394,167.83492533274904,143.6336684219794
2024-02-21,178.76231165174096,165.7837408125203,149.26411598410758,164.50458839177364,166.30822638028187,143.23884880170053
2024-02-22,178.45493674178675,165.60198923920638,148.93485444682153,171.28857651251917,168.2539049421081,144.29293208117255
2024-02-23,178.1537192626427,165.2870207711226,147.78709504889977,173.55504479275737,169.3229830401552,146.51282364756906
2024-02-26,178.13111333411052,165.6419947043493,148.23430814486554,171.40930790641468,168.2244795333887,144.31128980306326
2024-02-27,180.11265662454392,165.99580306801974,150.95411827628362,175.85735554842486,170.76888124004532,147.26250718502018
2024-02-28,179.5480339866726,166.84627270302957,151.48513905867972,173.97687618217458,170.20909301858498,146.7361282712687
2024-02-29,181.007365997044,167.1592939109719,154.00271240831296,176.27822770294893,171.31136100869043,147.03283720952427
2024-03-01,181.1832270635288,168.46130018389178,154.75172868276283,175.41625746214334,171.75680629040855,147.9929732544916
2024-03-04,177.834508742039,164.82882779715845,151.39751107885087,172.207448584981,169.0333524282309,147.23478579007872
2024-03-05,177.76105016141798,164.54008624186562,149.44175962713936,176.03412895184866,171.41300828225937,152.52624531987917
2024-03-06,179.6015225781095,165.73043908337425,151.5706181234719,178.04403397169506,173.13764567652828,154.22861664996412
2024-03-07,180.37289069128988,165.17347168532174,151.79840311735944,182.64659764535307,174.91629480807984,156.3592666525663
2024-03-08,180.2829179085437,165.01272704938864,151.32206028422982,179.55357259479382,174.2778106418435,156.96163130821162
2024-03-11,181.10911723747785,165.19649453452092,153.2047486246944,172.7794210795138,171.69473433253881,152.91115930797602
2024-03-12,183.31145728674343,166.4327683217122,155.25147081295844,179.01204242612354,174.13844602252877,153.225708458322
2024-03-13,182.6596006251252,165.847326098406,154.98715426344742,176.07388311968054,172.73389182756196,151.89887773681872
2024-03-14,184.5604344682837,165.44432502530765,154.26129851772615,174.45877164757442,172.2444811903302,150.37625776022406
2024-03-15,183.1082821630176,165.1941113864064,154.33412286063572,172.42501660202927,171.02712297138564,149.29294924641505
2024-03-18,182.4548320273308,164.47301533119284,154.11087446515893,170.18123730477924,169.45177652403638,146.92120535535784
2024-03-19,181.7892574468682,164.45119557645324,153.21501566320293,174.8007766345164,171.3584672160458,150.17379586397456
2024-03-20,184.8874382981604,163.45421592144515,155.2297428942543,180.7557198664852,174.70725501707153,155.06385316877075
2024-03-21,184.3560000557341,163.59586089370683,154.86323349633253,181.1641154212214,174.51630756898754,154.37476649805504
2024-03-22,186.1800018397092,164.40279148038834,155.59028308374084,182.60198164928076,175.42794750122823,154.1137963727518
2024-03-25,186.1136344296181,163.2678605333421,155.0630825947433,181.85193338221015,174.8587318300093,153.8374185437747
2024-03-26,187.03183680490105,164.50150135535847,155.68626795537898,183.14937405568872,176.51541883803756,156.61185842345853
2024-03-27,187.8278124641892,165.46583347315985,157.53791641198043,185.78747934085035,178.08433850440608,158.3029093372397
2024-03-28,188.9491335953616,166.35727523149347,158.63195293398533,185.68761145945336,179.02989753910023,159.9374579584988
2024-04-01,189.6305354439897,166.4965139224693,158.49227345660145,185.56690397975518,179.67356022729552,161.63086316432845
2024-04-02,190.49823518540137,167.3065822462881,158.40369040342298,185.9162888044625,181.12002700192542,164.98549050950075
2024-04-03,189.95488546665388,167.07749232950277,157.9872784229829,183.20667651843647,180.2281447818223,164.8124463879143
2024-04-04,190.74645531425344,168.12317340457116,157.3184883099022,175.7027301607322,177.637772102446,160.34392661253574
2024-04-05,188.55139609924944,166.4489769728845,155.4945369804401,175.61377109295978,176.73018943691162,160.64498429937862
2024-04-08,190.8384179066667,166.70752147651183,157.66613500916873,172.80387211817282,176.34450793075501,159.50258346167695
2024-04-09,191.7471595490388,168.40253710667272,159.22385964242054,173.1571893688599,177.6144398969127,161.33745294319363
2024-04-10,192.27951783876563,168.1509175768118,159.68874159535454,174.41143435718996,177.9112896988912,161.10920083391824
2024-04-11,193.2632872012436,169.3288769109541,160.60799969437653,177.17418707310676,180.3098676362434,165.33548857243878
2024-04-12,190.01861016073727,166.78062110946397,156.72992435819074,175.47660564867135,178.1935604021546,164.43159360216583
2024-04-15,187.3461126963109,164.72480164405994,154.71400328545232,175.8669446141341,178.41872250464257,169.13862498157775
2024-04-16,186.05934909014863,164.1592176707734,153.54260582212714,177.43691599560125,178.79414782113392,170.760871587945
2024-04-17,186.06705213057032,163.50482394224403,154.1390491289731,177.62989242856804,178.70177296533052,170.88718152707062
2024-04-18,186.6156956708129,163.03483371469719,154.03661751222495,178.269449856764,178.93378613030623,171.15284547931412
2024-04-19,185.95676639625543,160.1111835523396,151.97819567542788,175.24241282126061,176.7849062247976,169.44982988420372
2024-04-22,186.3368285037505,161.71633754010287,152.199295155868,175.89887600730114,175.97172915807883,164.11365782239344
2024-04-23,188.36308582360965,163.0489823960583,154.43082403728607,177.1588178453705,176.6674055876657,162.5180265622636
2024-04-24,187.88843207690311,161.96966651132857,151.93975397310513,175.58917039624203,175.88551110511793,162.5154016929285
2024-04-25,187.31509753558564,161.1459995489721,150.7000687652812,174.97768072376317,175.59099112446327,163.2668330275856
2024-04-26,190.34293945434567,162.67244618730538,152.6481796301956,176.8515576480008,177.12468179824467,163.10286264520911
2024-04-29,193.46960804456484,165.49708562594773,156.4025729676039,177.73252314112077,178.90117890680358,163.33001514438703
2024-04-30,192.98209712153712,165.38411174372584,155.48426994193156,172.87569543880147,176.22677820070294,158.47782665859992
2024-05-02,192.59463594103568,164.28310902629005,155.14736781784842,174.4549198859349,177.3649792493438,162.49759952488236
2024-05-03,194.0164110492464,165.26171456146815,156.60934634779952,174.09288195920058,177.2281817583906,160.23209796724075
2024-05-06,192.67445594187583,162.57022070597927,155.1211033007335,175.14882863846682,176.70508203012622,161.0635551572339
2024-05-07,194.6437698596021,165.34037723359913,157.60692046149146,173.24763532208303,176.58274048106014,158.0946421224609
2024-05-08,195.7590485902754,167.17503410491324,158.6479504125917,174.09607428698993,177.78844123956182,158.9800163969759
2024-05-09,195.05779481823907,166.78117522134238,158.30102001833745,175.75064194672407,178.570364622009,161.2292163397505
2024-05-10,196.9070379210665,167.8647831121556,158.54981662591686,175.0729648581582,178.90325147010896,160.49092718715457
2024-05-13,198.02353342521783,168.7823718892086,159.86160987163817,172.86882409934415,177.8420890258908,156.89821120243892
2024-05-14,197.3353820973615,169.42526803099207,160.6531269101467,176.48074427163968,179.63483490217206,159.98491868561527
2024-05-15,197.5572481712761,169.75370309814127,160.25414501833745,175.9572803953543,179.74337118029067,160.35828822950623
2024-05-16,196.6058238871207,168.2102049885244,158.81580455378975,173.32780967790933,177.83536886263204,158.16578233179175
2024-05-17,197.3604575860828,169.54048116173797,158.9953583435208,172.09924815206523,178.4191396938434,159.49749159900026
2024-05-20,197.47300446486847,169.4866776661688,159.84728377139365,171.3873488570635,178.24331469724385,159.4767673344829
2024-05-22,198.8180499280835,169.12369153464616,160.49530103911982,166.64171166860154,176.08307781058718,155.2997755899282
2024-05-23,200.0613227977162,169.97184766688247,161.54970201711492,170.26640289992105,177.11902986523106,153.86970361318637
2024-05-24,199.7566539474991,168.08355989775393,161.40667978300735,174.88060736478172,178.29154340601258,155.91710924064114
2024-05-27,200.4736231175428,168.18785485775152,162.24117512224942,174.88060736478172,178.48300646075182,155.91710924064114
2024-05-28,200.21100133827065,168.28644132618274,161.38447432762837,175.79101775852996,178.77471156084022,156.25302090086484
2024-05-29,197.6836248900416,167.10378064367836,159.53736246943765,173.55594672922723,176.62763803757576,153.78740188398328
2024-05-30,195.78500266912727,165.45065887417923,158.52140319376528,176.50660774542604,177.27167118313756,156.54240532501575
2024-05-31,195.28492665079168,164.47514156660375,158.37026283618582,180.36648624807094,177.94723780254984,156.77954393765694
2024-06-03,194.0754914387582,164.84914480225123,157.92997402200487,180.10344303788509,178.1977139887468,158.5053719360531
2024-06-04,194.6518518849524,164.96860994757898,157.53218597188263,176.24108651247008,176.28646580537406,154.55046383788255
2024-06-05,197.36913853955835,166.87582179132215,158.92110139058678,178.83817465995864,178.6558290808368,156.64358639663126
2024-06-06,197.54384764504084,167.7745421262256,159.69112927872862,179.34043795497556,179.5670719831592,158.4214586106147
2024-06-07,196.77238388101657,167.38957307014235,158.48630424816625,177.44921613784828,177.17713225150774,152.62908901125382
2024-06-10,196.1530574418848,166.82143337558713,158.1133481051345,176.75023267983227,176.7605731700084,152.8074030300676
2024-06-11,192.7638509441586,164.2225362206911,156.18911407396087,178.96033910281466,176.88495799410543,156.52290808856543
2024-06-12,192.99616138855603,164.5262630880929,156.04131647310516,180.93553412184434,177.75483058523994,157.3955814766856
2024-06-13,192.12749279397207,164.34696698308215,154.8737393031785,178.84219788762007,176.33340628472897,155.07410714130248
2024-06-14,192.17911538262751,163.92711376361976,155.63182877444987,180.65759180115072,177.29612080411786,157.24766106845135
2024-06-17,191.5551115417129,163.9644741344831,155.35485750305625,182.3845521113159,177.70448305522976,157.65103492308128
2024-06-18,193.1904588442659,164.67161556057027,156.21537859107582,183.82466656131987,178.88045267435086,158.55662453960414
2024-06-19,194.901844140572,165.3040398293292,157.33209810513446,183.82466656131987,179.44137063468338,158.55662453960414
2024-06-21,191.91338889255223,162.5678267854714,154.93080493581908,185.15869249323293,178.47709995285152,159.00618265002018
2024-06-24,191.2377417034685,162.31551501456568,154.99646622860638,181.50069395696445,176.87035526043235,157.30629062522587
2024-06-25,188.7855183881652,160.11065638132493,153.0984967145477,189.19637899698245,178.6805842069975,161.06696267497043
2024-06-26,189.95696690258825,161.38617305935693,155.48904530867972,188.00745650356566,178.38802667014053,158.9130770263731
2024-06-27,189.88580346435583,161.86849944022882,155.3075813722494,188.25360742360806,179.36057488286625,161.72392408445052
2024-06-28,189.11785796688184,160.4445235410918,153.14314639364304,190.2427161553496,179.63433322918848,162.93358479862948
2024-07-01,188.1348869782136,159.92088882484833,152.97744116748166,189.07471831801197,178.54124790007614,161.3467086990434
2024-07-02,187.3345493753484,159.26526147887554,152.46289540036676,191.52618967458562,178.95175081540563,162.09182132971787
2024-07-03,190.1778273045939,162.14961465144307,156.00382984413204,193.17951903352954,181.34001081807705,163.96199960764227
2024-07-04,190.0361085249476,161.89467182641482,155.97565518031786,193.17951903352954,181.2349990316937,163.96199960764227
2024-07-05,189.51720219216847,160.89996698057942,154.8095106204157,194.06752103321597,181.17320578604884,164.43447369780208
2024-07-08,189.846437640794,161.73926589069524,155.69916144559903,193.724645365893,180.76868610410455,162.12451467080336
2024-07-09,189.1884969408364,161.11080034526464,154.4862182915648,195.65011975015494,181.15980797833262,163.09953676432772
2024-07-10,188.6223834494476,160.2631178867558,154.41554286369194,197.26128012862864,181.1234181077842,162.93619534973598
2024-07-11,188.7957459505064,161.54612834332312,156.26480363691934,187.1302666706077,178.83848299607985,161.8706274983717
2024-07-12,188.1549815310549,162.2734110199429,156.3934997707824,187.7279788725793,179.07104875749047,162.01597408068275
2024-07-15,189.3718922748688,163.34755117693066,156.78436353911982,185.3599058741982,178.52004518059096,159.90578000813622
2024-07-17,190.29964579041072,163.7668984849336,156.8414291717604,182.3081183059031,179.33255169048942,164.2422008894046
2024-07-18,192.02019584063703,164.49456322755225,157.03077246332518,183.39491883890256,180.61683576652413,165.74965693199275
2024-07-19,191.60413369189527,164.6858211771594,156.6005119193154,184.25363454495567,180.38237272402205,164.32778093136363
2024-07-22,193.29306967250764,165.41449445733446,157.6023838630807,188.57789589381318,182.45430422544598,165.94639968509938
2024-07-23,191.56904315787688,164.93804161019307,156.4257334963325,189.70223738479731,182.42808418311716,166.8574978957183
2024-07-24,189.61729665783471,163.39315024380184,155.53011346271396,182.99360342490874,179.89280539196773,166.6552032813424
2024-07-25,186.59088426203687,160.21389075088504,153.7909248930318,180.22201761448912,176.9739987161358,164.2751316714083
2024-07-26,186.6057191613453,159.6881269425575,153.57961491442543,180.6100485151,177.3660485801257,165.8863441940205
2024-07-29,187.13806061207308,160.28374016670105,154.86968024144255,179.45268780525168,176.88554237458234,164.0707449098401
2024-07-30,187.4769035694162,159.99890016126614,154.39071095660148,180.80771535324317,178.59371789715507,169.1050207013861
2024-07-31,186.58342212992827,160.06889827712814,153.78018031784845,186.05222288580185,180.43089128895667,171.9775266581838
2024-08-01,185.9649063232216,159.79992253794978,153.24510047371638,180.73055699898623,178.16013162497168,169.098208178179
2024-08-02,183.41195355443875,157.8497929609611,150.7931884168704,176.19791661164902,176.05585826833283,169.71353255162256
2024-08-05,178.0283553071883,153.9044035590997,145.62170499694375,166.46170308023588,169.93894413554796,164.59296693594248
2024-08-06,179.84029559861332,155.1531164518964,147.52421110941322,171.3218693603748,172.5655581337332,167.1029729564474
2024-08-07,180.4040820393769,156.0025396866169,147.86182953850854,167.7686554294577,171.6467090922835,165.45191847852655
2024-08-08,182.73315660814143,157.15571088514506,150.27171836797066,171.3696232438496,174.06870169020323,167.97172399559236
2024-08-09,183.0485621571948,157.4447637299159,150.924511002445,170.21772588290702,173.64575588316006,166.8226869214978
2024-08-12,182.6635408148754,158.39289093458825,151.04604408618582,171.18693488921932,174.63915677988848,169.05045077565327
2024-08-13,182.6408452713241,158.6913280375823,152.08922295232276,175.17161979415008,175.69763444637533,169.1030307884615
2024-08-14,183.8549422122503,160.06831662601567,152.93398533007337,176.3651802886939,176.2136442751882,167.36861045282956
2024-08-16,184.78890763598795,161.00781334485862,154.1903843215159,182.05031181903124,179.23509512932503,171.76287981176856
2024-08-19,184.4744927224185,160.65579621633395,154.21521622860638,185.3970456865215,180.0945966050068,172.61426390775736
2024-08-20,184.81946980213584,161.53000707683677,154.9854828850856,182.15819257505262,179.0703294090429,170.4457619499935
2024-08-21,184.8743130201124,161.7177559810748,155.09030218520783,183.13820853959697,179.34979380751633,170.3531013591972
2024-08-22,185.41196433987903,161.94621027852162,154.6356872707824,179.38837297060348,177.71615110847483,166.8498311064532
2024-08-23,185.78364965972327,162.29932681339523,154.32170690709046,182.459317380668,179.3293549389357,169.43971886146272
2024-08-26,184.141667436378,162.02096445748555,153.81909955684597,179.74191954360626,177.8209732431668,168.01321591273742
2024-08-27,182.7422700900348,160.45104221013673,152.32130577628362,179.34258560246377,176.96460153439955,168.0939121781512
2024-08-28,182.24686133206265,159.90022706990806,152.46599938875306,178.2351450590817,176.16012590374712,167.09885698671206
2024-08-29,184.0300766508636,160.45872412125414,153.96450947432763,178.21702992933587,177.2143311257728,168.89118907437725
2024-08-30,183.6137344759993,161.80071253993887,154.24339089242054,181.00810317105987,177.9583089110505,168.08966738592576
2024-09-02,184.27188065791293,161.492649004721,154.15480783924207,181.00810317105987,178.03307084680208,168.08966738592576
2024-09-03,182.776539541936,159.78183069806823,152.50563493276286,174.92008488243496,175.55038046589954,167.50936358936062
2024-09-04,182.10973135374928,159.13353902109418,152.5502846118582,176.5155682411994,176.26133971259702,169.99780257112494
2024-09-05,181.59426581663445,158.2680067049118,151.89462675733498,178.66815130891086,177.51981532604313,174.12465498087903
2024-09-06,179.62513714512542,155.56658750536087,149.1208549816626,176.13067112168073,175.29449957472042,172.68245479734261
2024-09-09,179.64396635327896,155.75786580976606,148.80305432457212,178.63008956034864,176.21100675839918,173.60819790477584
2024-09-10,179.50373570475767,154.57862107344843,148.39117894254278,179.050164255728,176.15941039831512,174.3766180488976
2024-09-11,180.33209571721343,154.2969620491993,150.46177796454768,183.38590360848696,177.5686198193895,175.20884810679388
2024-09-12,181.19016977686232,155.48777468931215,151.45457671149146,182.93062889266835,178.43217628879967,176.8716787558572
2024-09-13,181.3727329712371,156.15284006364692,151.64917290647924,182.74547359867262,178.6811563192621,177.12626777597018
2024-09-16,182.34039461820447,156.8407321899081,151.54172715464549,180.71746026836118,178.33111502220424,176.08654590958636
2024-09-17,182.91829867995813,156.86679959312292,151.21580837408314,178.2928056602583,177.32995048471201,173.99944940185998
2024-09-23,183.72816743160487,158.4595406663141,152.199295155868,181.53207136665299,180.05893397839947,178.90591616221116
2024-09-24,184.12033030628984,159.252077696407,154.00318994498775,181.6807536943052,180.79689630222603,180.37365200699003
2024-09-25,184.1792281794881,159.51572870217052,153.7875821363081,180.79074470971673,180.13852955648306,178.38489605092198
2024-09-26,186.1742380343556,161.41826353291435,155.91524679095355,180.2819653388763,181.15825666935973,178.9072570996203
2024-09-27,185.2634256484827,162.01856131672903,155.93315441625916,179.30141188116227,180.1695040307046,176.29231788948982
2024-09-30,183.3972801450492,161.0170092863574,154.97426077322737,179.4213325686423,178.81920967919743,173.82814824577972
2024-10-01,183.53639930482527,159.8989081335884,153.9783580378973,176.70958948302894,178.2083114492517,175.15516893089205
2024-10-02,182.78163602840664,158.65318566637657,152.62287018643033,178.26384841959322,178.39200245759764,176.4238364355819
2024-10-03,181.83590988833336,158.27184410479876,152.56866977383862,180.29510978260834,178.91701984826454,177.80541409676508
2024-10-04,182.75773250678108,160.25281570650034,154.7440880959658,184.40601233299668,181.06829597872883,179.1752781947404
2024-10-07,182.73086369568904,159.18345271120262,154.60607999694375,184.5139133371323,180.81718117123438,179.27422983233734
2024-10-08,183.2032040396804,159.99096821271402,155.0263122707824,185.99431450562116,181.27445862832494,178.29857546205392
2024-10-09,184.3848625169976,160.8838869903577,156.18529378056238,188.2554126143064,182.48442646831364,178.7287824104348
2024-10-10,184.45315707127008,161.9956391770446,157.08019750916873,187.53743595886812,182.96600246941605,180.0319771101852
2024-10-11,184.0566204864037,161.9848582394938,156.94123433679707,188.44116386225738,183.40614840473407,181.25535042543765
2024-10-14,183.99091227289,162.23451964353396,156.9185513447433,189.73988818277286,183.73579191000502,181.07163717397904
2024-10-15,183.99091227289,162.23451964353396,156.60767496943762,185.77229331189912,182.7411141419742,181.04788796043792
2024-10-16,183.99091227289,162.23451964353396,156.21752750611248,190.68367619469356,184.86214544646225,184.53693286528141
2024-10-17,185.56640175426955,163.71018788462675,156.90876184290954,189.72322737925936,185.58779684473654,185.20266830453525
2024-10-18,186.78488956805745,164.8238109417345,158.62622249388752,191.43946030875293,187.56905359089393,188.88662822038043
2024-10-21,187.41997887767715,164.73321693838562,159.28402926344742,188.38705329696236,186.16939149390296,185.89734762716668
2024-10-22,187.64293250403813,164.4229761580579,159.36974709657704,192.89882843429965,188.85376809597113,192.08763388519094
2024-10-23,187.9769888704455,165.1908293500118,159.66390968826406,191.85996821782584,188.12603057716913,189.11883444824485
2024-10-24,187.9964121956676,165.45292427180203,160.59080837408314,190.6476056015478,188.0790948606396,189.80954270307
2024-10-25,188.4999300257361,165.79049736524422,161.28061010085574,190.73941863658507,188.51618848898696,190.57848958669302
2024-10-28,187.96528099383377,164.605849192111,160.82145858801957,189.1363580485642,187.0825786761287,188.3428491401733
2024-10-29,187.38796938160328,163.72860186465059,159.3207995874083,190.45069662746695,188.12955382486638,192.63472796731634
2024-10-30,186.1645436461678,161.73790085053352,156.40090158924204,192.15447854991032,188.46757111727655,195.60706999745042
2024-11-04,187.10470792062583,162.79859247438853,158.30245262836186,186.8735114496803,186.4659727674016,190.40257468606697
2024-11-05,185.7550939687088,161.1969231625593,155.80541335574574,190.8219127088562,187.03618666772059,192.1056275265638
2024-11-06,186.7766409622428,162.35880595896683,157.10120912286064,202.24305818745168,189.12696333701723,186.6806345247546
2024-11-07,187.1908506133529,161.44435423970637,156.67572394559903,201.64939342561686,189.890837986985,191.12693869523457
2024-11-08,186.72178075129384,160.8436381897833,155.67027047677263,201.7228800578058,189.01710767410611,188.6441887478953
2024-11-11,185.73221850092145,160.6146346748943,156.13897272310516,202.3215519158006,187.25141133077096,182.02113623957035
2024-11-12,185.2362046857684,160.2686359954051,155.40571515892424,206.9182108231429,188.8231741797608,184.806727828368
2024-11-13,185.7872162667261,161.2064045185923,156.59621408924207,210.67961684349768,190.47576918664228,186.12542688061296
2024-11-14,184.8357407250861,159.27611603876758,154.69728950183375,208.90169039534763,188.84448004814888,184.49719878266131
2024-11-15,184.78239427893064,160.29682788581908,155.8445713630807,207.67654526124736,188.54927611556357,183.3404053010619
2024-11-18,185.38737461216027,160.14629725683332,156.21155829767727,204.72274391054492,188.17024517407802,184.32010973386951
2024-11-19,185.4340445524108,160.20802131363902,156.3782185971883,208.24131136045744,189.95049024552006,188.00537088391212
2024-11-20,185.8715583244886,161.15980566907294,157.02193803484107,208.03237419204623,190.47820992072246,188.79810441271522
2024-11-21,186.0962004368528,161.479507097739,157.4182934749389,211.85636701527062,192.03111053094753,190.72962661539486
2024-11-22,186.08583662571093,160.51501063087133,156.73135696821515,213.92975273493835,192.85510890847516,193.21719752838212
2024-11-25,185.7126190145177,160.3551575220699,156.3732044621027,210.59332814959143,190.13900245775093,185.9230553392249
2024-11-26,186.4929140528715,161.3956850754558,156.5914387224939,213.2071999728999,191.89246111495933,188.46345484534726
2024-11-27,187.7722722057597,162.56786128616983,157.08521164425426,213.35249120430677,192.73477444444498,189.05055191554294
2024-11-28,188.0024521157839,162.24076517141754,157.28506074266505,213.35249120430677,192.6977428646155,189.05055191554294
2024-11-29,188.0527646236068,162.0547042980753,157.02838477995112,214.47260430769512,193.38299109369646,190.9272986658038
2024-12-02,188.56481522482176,163.35472026079265,158.5388332823961,209.7996506919823,191.59859625865624,185.98879041605892
2024-12-03,188.1742524488699,162.73734667477876,158.29672218826408,213.4472251267495,193.0806488201055,189.7184867949545
2024-12-04,188.96594654361493,163.45891047539888,158.335880195599,212.74725170146542,193.17776257075673,189.0712201645153
2024-12-05,189.5993012554217,164.64591659070274,159.02305547066015,214.26975342205137,193.81737676140517,188.20030424950411
2024-12-06,189.90451781114484,164.80743859518526,158.748710650978,213.3087209186241,193.4900468217796,187.2629573937559
2024-12-09,189.8093430358152,165.0626274761381,160.3119269559902,206.4706475566093,191.88311217622007,186.80019049464877
2024-12-10,189.93327602083824,165.25008921898544,160.4573368734719,207.9980178993035,193.5049951689591,191.4989594777118
2024-12-11,189.9119642456029,165.71359183778623,160.7309653881418,210.65877617835076,194.95305613755647,194.32455063763143
2024-12-12,191.8196751757769,167.62186703274048,161.90976466992666,209.3489136519452,195.02878126891775,191.60453127443128
2024-12-13,193.05062918513224,168.3202049138586,161.5805031326406,208.6486106940505,194.91280784679432,189.6974225754399
2024-12-16,193.33419553765577,169.48027793774423,162.33835383557457,207.1243895304157,194.51681039398179,187.83577663360376
2024-12-17,192.1046958436084,167.6460288684317,160.6963439792176,209.32084883701467,194.90548494758585,190.824748464292
2024-12-18,192.4324349723756,166.92894688206118,160.72666755806847,202.33038032819707,192.1809524204103,186.80014032291754
2024-12-19,192.166962758534,165.83280649476396,159.97096577017115,205.60406089617757,193.16091405960123,189.31688729981988
2024-12-20,191.38329728754545,165.43124644552861,159.99436506723717,208.50286123620361,193.847287025617,190.71570073458273
2024-12-23,190.3236956055218,164.94170650042324,159.1479313111247,205.73517537956982,191.77240957806475,186.63798358538108
2024-12-24,190.7729512094591,165.41922806973503,159.501308450489,212.22303701088876,194.3611822450126,190.06724780596477
2024-12-26,190.52118710806164,166.2235958906488,159.76204347493888,212.4874348290272,194.85935471798277,191.1071956429591
2024-12-27,191.29554209314728,165.78425903853082,160.05286330990222,210.1037328898453,194.0421001713306,189.73312295871946
2024-12-30,190.9845869729977,166.39763073182144,160.21403193765283,206.3930308227371,192.698270277851,187.32244968970355
2025-01-02,190.7219769072076,165.97214375191163,159.54309290953546,209.43203793908503,194.88491154053636,193.803368946848
2025-01-03,190.48967596007657,165.33457424845747,159.99818536063572,215.21541938772208,196.1309970502342,194.3452506373587
2025-01-06,190.54697514456043,165.84803605717548,161.88564906784842,219.01213774846678,197.44089515897156,195.35853583707265
2025-01-07,191.2960184679119,166.1045039753339,162.516952551956,215.94432598395005,197.27074113837938,196.4578556432222
2025-01-08,191.2894524669005,165.2026707694301,161.47281861246944,214.8343943464913,196.7180849179111,196.33795713163275
2025-01-09,191.72597808130928,166.87820171251204,162.42407166870416,214.8343943464913,197.31328645849007,196.33795713163275
2025-01-10,191.62555093348303,166.24559638861575,162.69961033007337,211.06041827911997,196.80371439027422,198.5924534706878
2025-01-13,190.31733445410288,164.81644951201946,161.32382716992666,211.1133520363694,195.683439858261,197.0803207366734
2025-01-14,191.2481380045145,165.64132390258078,162.91187538202936,211.16257619977435,196.4039704164245,197.99580350318104
2025-01-15,192.86011596244256,166.6996052412151,164.75134665342298,217.6080593334237,198.90714016506033,199.1067975631589
2025-01-16,193.2888181095369,167.939666870248,166.1271298135697,217.5365254896714,199.66831592376383,200.31500132667912
2025-01-17,193.2289676781569,167.97488965065338,166.1538718673594,221.97893886678537,200.8248598987163,200.799231389738
2025-01-20,195.2030296582431,168.73441401223232,167.38185742665038,221.97893886678537,201.542697154579,200.799231389738
2025-01-21,196.3773596331856,169.7095813372533,168.05064753973105,223.43362895991578,202.9324830846276,202.63340200165885
2025-01-22,196.25077339760944,169.75222836719217,167.7817943918093,224.3189194817668,203.20019950638468,202.94705180656288
2025-01-23,197.16662621903336,171.24083875204516,168.35459963325184,223.37251150745166,202.93534256257223,200.20204274528425
2025-01-24,198.1128260184012,171.77407979152255,168.77745835880197,221.5528053369212,203.03389927007848,200.7084846049214
2025-01-27,197.72452947771555,171.2807827038767,167.81737087408314,211.6478734833252,198.88122254887415,194.48708039000914
2025-01-28,198.445007550176,172.79004277765944,167.9737641350856,219.41135040363608,202.77327262322757,200.169113149959
2025-01-29,200.69101804761007,174.69730190983628,169.2578602536675,219.9905025249092,204.2228449721252,200.9299615492592
2025-01-30,205.102785634754,178.780983213501,172.44040342298288,221.13925639829776,207.39734305792385,203.30671676012543
2025-01-31,206.63408758553783,179.08848241459006,171.9034134321516,217.4793303341375,206.72938004521689,202.18304729131975
2025-02-03,207.2983793472258,179.53203854706047,172.02518528422982,217.35623259379827,207.50574769665,204.1839251240693
2025-02-04,208.8912287817901,181.39929832090863,173.56524106051344,218.2658251665555,209.0229007255954,205.60686836571367
2025-02-05,210.34997605321087,182.3590054273742,173.67984986246944,216.82303048540723,208.92291944840076,204.04626273303333
2025-02-06,210.1732891283316,183.27767082948068,174.33526894865523,217.96726420178436,209.21098388673934,203.24517366067732
2025-02-07,210.37357219053868,182.3010613606792,173.94536025366747,213.32005240591786,207.5149282142424,201.83708093247273
2025-02-10,210.82375263908693,181.92581986000187,174.1729064792176,209.63463100311043,206.73577848771615,202.19837874163295
2025-02-11,211.74146340055952,182.25142298276182,173.77655103911982,212.72040620678808,208.35157787074897,204.38516621932897
2025-02-12,212.6321146616526,183.3324216045411,173.8792214242054,211.81833323275328,208.70966789153172,204.53278636121595
2025-02-13,213.37247080992407,184.01541433280076,174.97779454462105,211.71196503631893,209.2964856819712,205.43184664217068
2025-02-14,213.66966593344813,183.94296369836982,175.73134741748166,211.59834357740024,208.35130789243837,201.63091000449725
2025-02-17,212.5095998852527,183.78137081878228,174.38732044621028,211.59834357740024,208.01452426769555,201.63091000449725
2025-02-18,212.4325485836974,183.53629589004623,174.25098372555013,211.31488369154278,208.4278909085058,203.86360732430262
2025-02-19,212.15860177370308,183.6787849067307,173.85510582212714,211.11870170045324,208.50060333978905,204.43762636324027
2025-02-20,213.134299342892,184.54979551532637,174.83763753056235,205.1265329034711,207.6894774385707,204.89717483640254
2025-02-21,212.6167470851493,184.14141072913404,174.58143910452324,199.20621327701392,205.52183755271207,202.88866544835855
2025-02-24,212.8799546810168,184.77316512354153,174.5714108343521,195.37996813205143,204.49131020665766,201.44357576018788
2025-02-25,213.01115339001032,185.2062601290874,174.6831544162592,198.81096983756552,205.49741443003032,201.57248678046287
2025-02-26,215.1450874907337,187.13032387595908,175.5200374388753,198.9692240825455,206.60703897415078,201.50609993150334
2025-02-27,216.1773094529285,187.46728636607855,176.51785032090464,198.2161881776256,206.00384917301798,198.45606991543488
2025-02-28,215.61677076605807,187.53411450067543,175.06781020782395,204.74081188832818,207.67593597354647,199.4046291111594
2025-03-03,215.79154766012616,187.44055220635173,175.37438875305625,198.44817667621135,206.1289188172061,199.52949723302956
2025-03-04,213.7234787314094,186.1666028979688,174.63253552872862,194.30455637341268,205.20339474405225,203.27763175180928
2025-03-05,214.2301860019124,186.3326732010145,175.09120950489,195.73106939121317,205.68670933055827,203.09936838140234
2025-03-06,214.7414229005697,187.45835909424136,175.97990525672373,189.2422994615607,203.74639772799017,200.29715226371096
2025-03-07,214.66395487406663,186.96136847752217,176.14155142114916,185.79971580151067,202.16830841143906,198.18915477651888
2025-03-10,215.02208788619487,186.9813608341962,175.9643853147922,176.9642456090081,198.81149873946273,193.5494228644523
2025-03-11,214.38112964796625,186.32620861499197,175.87245950488995,180.89634051660434,201.58989380857693,201.68014655267532
2025-03-12,214.94839821191428,187.52742471822373,176.48084122860638,180.327248849854,201.86091155609407,201.47343417052858
2025-03-13,217.65549041033108,189.15521955207188,177.87930738080684,178.28730522232217,203.4431511731787,205.30272174100253
2025-03-14,218.2849725603008,190.22493137429564,179.2911445599022,180.61462539955073,204.4493412637787,205.18094721876545
2025-03-17,219.3852027903148,190.64426887775153,181.5073922677261,178.11147251312434,203.31083784706718,201.78283848480737
2025-03-18,219.5445285499644,190.4059800097529,181.1203487927873,177.51098498743622,203.91984098048482,204.81269251842755
2025-03-19,219.8332010194836,190.4310965339677,181.34335841992663,179.37181767540392,204.49899116443186,204.9310205531423
2025-03-20,219.10885953648489,189.9326823609033,180.8796703086797,178.8967839248462,203.97792576775026,204.59226499363425
2025-03-21,218.8092093029013,188.79415282729803,181.1251241595355,180.70926485349594,204.20590920988928,205.190351979072
2025-03-24,221.252807293643,191.66417244455653,182.24375382029345,182.86904057597977,205.26214936803655,201.83200522545994
2025-03-25,222.11573219098395,191.1086346736979,181.617225702934,184.61582820174428,206.7347437053463,205.57918024881857
2025-03-26,223.5476015136541,192.17004470091044,181.307304400978,181.52790236230663,206.02337823588815,203.40168949779826
2025-03-27,225.91468896218805,194.81523823803434,182.7547180623472,182.82177110995408,208.58508241352214,206.97851422323188
2025-03-28,227.3509002682609,196.43343963246,183.720058450489,180.8635343717629,209.86817518902055,210.76481922924745
2025-03-31,225.9323723644662,195.45704154229944,182.62411178178485,180.10110433540493,208.86814569402569,210.01664785869855
2025-04-01,227.0333494586323,195.73564660249951,183.50779339853304,184.46278501435495,211.75798203159243,215.23060298749104
2025-04-02,227.0304197573576,197.73804572543835,183.8205799205379,186.2991632449205,213.21132045516103,216.78567960622655
2025-04-03,229.0154443488503,199.08579031674873,184.31053254889977,178.23370991298586,211.8989869707034,217.61931149177906
2025-04-04,222.82469417134595,193.40138692884918,179.17677452628362,165.19610520111894,203.5847556009713,211.24520142539913
2025-04-07,215.34847257630125,188.00115408389044,173.16816931540345,165.6987318318103,199.82011450791407,208.26977795980935
2025-04-08,214.93621503535613,188.31463468628402,171.03190900061125,169.76506686834875,203.11178402239955,216.81346975532267
2025-04-09,220.8625266989972,193.692651461848,178.44184558374084,184.29938321559254,212.69613630954643,227.12569745527202
2025-04-10,219.94100437093493,191.8874690509392,176.022167252445,174.557200585545,209.4150028718245,228.0856522127789
2025-04-11,221.0884777586629,192.4772822013042,177.4213497096577,178.16938537050405,212.4385386349673,234.33372513897353
2025-04-14,225.41225107290188,197.66955203212888,180.8001604523228,176.2326094298341,212.87739726402873,228.75906577181834
2025-04-15,229.83713947490548,202.3097407854513,183.73366824572128,174.71234552453456,214.7135599397689,228.81787312261304
2025-04-16,231.54138680252348,202.70551880722576,184.1035204003668,173.70530704724743,216.96268778186192,237.02871353422972
2025-04-17,235.57673433507665,206.9273542417785,186.6034248930318,175.6085995618774,219.29106119949972,235.88658280414873
2025-04-21,233.14370278529952,204.99151139756282,185.0784115220049,172.77631778626562,219.22582333522314,243.26861343826582
2025-04-22,234.89573309008057,206.2537187251214,186.58217451100245,175.69377537639738,219.46609565883693,237.84808963670795
2025-04-23,237.3522663614588,207.24737952486745,189.16445408007337,174.8962453115806,218.08933989446615,229.88962594996173
2025-04-24,239.54604312801047,208.05844127049255,190.9812423594132,174.8252713807947,219.00593533863506,230.74821630178212
2025-04-25,240.35837644135083,209.85822481282744,190.8145820599022,173.50786237203994,218.36085143595182,227.0009700368596
2025-04-28,241.2447992446212,209.48595963179804,190.6999732579462,173.81720452894297,219.27066654620884,229.87553264979675
2025-04-29,245.09599684087297,213.1434658041552,192.4329538508557,177.033340671498,222.03587292911376,229.73697314488288
2025-04-30,244.70632275127352,214.0078074420125,191.9969628667482,175.7287571245239,221.4720480201068,228.42404975469378
2025-05-02,245.394058954386,215.57545299684048,191.9513581143032,178.61846292372013,221.99392844218428,224.5056421548244
2025-05-05,245.71983913510115,216.00213478658088,191.4867149297066,180.08201320426582,224.30322422078856,231.37083134112092
2025-05-06,244.8451709044196,215.62611709923112,192.6812729217604,178.36223076493508,224.53096816769565,235.76370841087993
2025-05-07,248.45469025380345,218.79285153526064,195.16470239914423,178.83860919757197,225.4218712167717,232.07054882131138
2025-05-08,247.8555152309132,216.84671463741753,194.9034898380196,179.36931394417905,224.26687350528871,229.25223282146663
2025-05-09,249.32957914679383,217.04158366384732,196.580837408313,177.51497302890786,224.1529471055298,229.60864094431093
2025-05-12,251.1493794265189,217.13252816116923,198.8030543245721,175.5390330319243,222.01234180885257,221.55012001226703
2025-05-13,252.76809178737065,217.39000295715286,199.8194911369193,176.3129545163637,223.60302979586612,225.32077784743888
2025-05-14,253.5471733775337,219.4719400457231,202.2281861246944,175.38343808670382,222.52472083502317,219.1309715770355
2025-05-15,251.4461715268337,220.04418295837144,200.82828736246947,179.25757306785079,224.31022114549293,222.81171336265373
2025-05-16,251.3059760236281,219.9364920418554,200.23494804400977,181.1316578822405,224.0913879681723,219.71865506801117
2025-05-19,250.74981877511945,218.24142843484174,200.3767764364304,182.52919673488626,224.81743912149116,223.22580775219734
2025-05-20,253.9544654619073,219.147744848343,201.00306578545232,181.84658678981035,226.50759003392466,227.12714424982218
2025-05-22,253.23530439946936,217.85233251242894,199.7922715464548,179.26975504985413,225.27119057238238,227.42982822797288
2025-05-23,255.69269636970367,218.49194432254785,200.5556139211492,179.03385440038863,227.07333989041265,232.19476262824932
2025-05-26,256.04387567679765,218.98415488695233,200.3314104523228,179.03385440038863,227.28014332525447,232.19476262824932
2025-05-27,254.6704601181971,217.68058684812817,199.41430126833745,180.18406661428295,225.9375134364889,227.83395117700127
2025-05-28,250.76741339842164,216.92154795824231,196.85303331295844,179.01228324104721,224.237619476138,226.79761550393877
2025-05-29,247.5151924901181,215.40678574007964,195.6033198349633,179.6555710107025,223.66682706905422,228.25921453428398
2025-05-30,246.2795373744031,214.04120818300768,192.14905829767727,181.19968264466107,223.15557686852503,226.7538853793506
2025-06-02,245.70742584084465,213.9986524246114,192.18296340158923,178.84212257270636,222.71730547318091,228.49462680823225
2025-06-03,247.9938585141836,215.76736002427486,193.69054668398533,182.49166606712552,225.36585149135252,230.71367153557128
2025-06-04,249.3548860071749,217.41297107000625,195.0732541259169,183.1927160042945,226.72684152225833,232.37164579472793
2025-06-05,247.2058073816514,215.33494460692876,194.490898150978,182.3359891397191,225.01943152017748,230.68413326431383
2025-06-06,247.05637613038016,214.01438070624374,195.07468673594133,181.5721940223729,223.2293569302916,225.9007741669416
2025-06-09,245.63398727095475,214.5960359624736,195.1346175886308,181.80235900250065,223.41963960662085,227.07956511912377
2025-06-10,246.72621636172343,216.69705562857612,196.43900901589245,182.46849747421913,224.7244359736156,228.317859053494
2025-06-11,249.9249375753783,219.26189314576405,198.65788317542788,182.36984544176346,226.5193153994768,230.07430643124965
2025-06-12,247.92437917823992,218.06862313249835,197.44804400978,181.5601127506318,225.94703918491834,231.86768449168537
2025-06-13,246.21306985953376,218.3068407531325,196.0268948655257,178.4538041538471,225.17637518614998,233.94583286745294
2025-06-16,245.28227611683363,217.0481899969876,194.9612717756724,175.25112860472427,221.85777273883863,226.6556211830434
2025-06-17,243.32033875295537,216.03527171755005,193.2010715922983,178.66297365146764,223.55329597844212,232.1569481168319
2025-06-18,243.1542258352013,214.97933148806928,193.08526894865528,178.96014736760037,223.58740299492052,233.19529125446056
2025-06-19,241.8912786249316,215.14913200001936,192.86464700489,178.96014736760037,223.34556946640424,233.19529125446056
2025-06-23,241.4571197513554,213.3802386508517,191.7240506570905,179.3905346048151,222.75426677844183,232.52704622576672
2025-06-24,244.8684577355994,214.80843640715494,194.5520228453545,181.40057999775215,224.1315559311445,230.955756429289
2025-06-25,244.75036723760863,215.59638333540045,194.37748319070903,177.5994253962892,222.5456101846728,228.5404416476281
2025-06-26,245.13201305028247,215.2386095294651,195.23943688875303,177.4884120315914,222.54939063620492,228.7223650736421
2025-06-27,246.1960720018383,214.94972322275373,196.1023456601467,177.83489664790457,221.4269495425778,223.05295934225384
2025-06-30,247.72503455836863,216.65433361608984,196.925857655868,176.90548563462528,221.8689048707327,222.79875825863158
2025-07-01,246.71617127108087,216.79533439480585,196.07249961797064,180.57593544690226,224.06091914268748,227.74326612025763
2025-07-02,246.28683877384933,216.52450623016543,197.42440594437656,180.6448721899791,224.0840856616538,228.4141418007764
2025-07-03,246.8756725102808,217.20505428773453,197.94515968826408,182.03537758888473,224.28673411548783,226.24746537003563
2025-07-04,246.4952829959329,216.74318494935056,197.8264918245721,182.03537758888473,224.0833159860032,226.24746537003563
2025-07-07,246.8212368349471,216.2353899727596,197.14027162286064,182.42637768348092,224.4518623967289,227.46443516532534
2025-07-08,248.9424382216598,218.1276342907116,198.57741824572128,183.0184204446718,225.6620438514937,227.72614263720422
2025-07-09,248.23119248426687,217.95833000513178,198.8818478759169,184.53940955674392,226.31165070988624,229.2336776041176
2025-07-10,247.7520712031855,215.93650693666174,199.2206601466993,186.0855499556834,226.65475894937865,231.1746930652991
2025-07-11,245.72374564591263,213.74048711033214,196.55218520782395,185.6742341135367,226.12595691502216,233.65117451001078
2025-07-14,244.82944396632536,211.98350973412897,196.59540227689487,184.2413913384796,224.0796621590922,229.84736838732843
2025-07-15,243.80890300728265,209.64583609381899,194.65517076711487,190.54479647595647,226.81730265798348,236.22699824055266
2025-07-17,242.8567977000626,208.5376538068563,196.0397883557457,191.6588757217453,226.80482444828272,236.76969434385
2025-07-18,241.52786370457267,208.55824731209424,195.4199457518337,191.18199004057627,226.34011818606848,236.67771766038055
2025-07-21,240.834961242893,208.5289377824072,194.00309443765283,191.11908365948204,226.9880137652319,240.0127098887444
2025-07-22,238.968564792618,207.06069728505892,193.85386422677263,189.1938584942625,225.547564307695,239.83991512079353
2025-07-23,241.06589696897217,207.87821285076427,194.37414043398533,190.24845449739541,225.6183931196319,236.06923797932802
2025-07-24,240.11979090933,206.36544983342728,194.40088248777505,190.9903511068408,224.76901706654513,234.12970738952453
2025-07-25,242.06492739312696,207.8213314158631,196.31293933374084,191.34471884100185,225.22243231001582,232.2580841874243
2025-07-28,239.26606934372057,204.26276519949707,192.7889574419316,187.99407290938092,221.4983502062034,227.6959280622638
2025-07-29,240.057762800504,205.81890945518558,193.9137950794621,192.25514645536882,224.87809906607725,233.59277958349782
2025-07-30,240.67339160277967,208.79307094002755,193.9145113844744,192.90529895670957,225.08882486201674,230.00820469465387
2025-07-31,243.21022478501,210.28587373563076,195.4579099174817,203.88997211616982,231.11721329973665,236.57175875349893
2025-08-01,244.8433513808667,212.53061739766488,194.8667195140587,199.22443956144838,231.43789547314395,239.1842492785956
2025-08-04,245.77212478720267,213.4016288342997,196.0249847188264,197.5283057727466,230.212441416731,234.25144478747157
2025-08-05,246.3289485514927,213.3485971770489,195.6747115678484,199.83775437355294,232.20061987427727,239.230251226009
2025-08-06,247.92438336626185,213.7985136148773,196.91964967909536,199.5143032482128,232.49656934637466,238.75924173101473
2025-08-07,249.48861799925464,215.91705210831205,199.6318192237164,200.33156672119858,234.64566561455254,242.70534857137457
2025-08-08,251.2073921650345,218.48886725315583,203.4432781937653,200.8193267501279,235.60545989636697,241.50403573909423
2025-08-11,253.0487434188276,219.84203353381017,205.1378170843521,201.12251956675465,235.55820983300728,237.64537866650937
2025-08-12,253.35355194258824,219.28457677789385,204.9969437652812,204.57560612794128,236.44620249803174,237.60524285708073
2025-08-13,257.35878303029034,223.19482925579194,208.63243047066013,202.71519999541698,237.37817060098124,235.2847645402152
2025-08-14,259.1456271556335,224.83363276053709,208.66967833129584,202.0946523608455,237.50025276625686,232.92290713429975
2025-08-18,261.89621714356895,226.88144586162363,210.7648704920538,202.6528381674304,239.47536386222822,235.38284664672133
2025-08-19,260.8660339452871,224.72832203215532,208.6080761002445,201.09656669483482,237.88314257091125,234.09370910542475
2025-08-20,259.1055695998148,222.31589124896382,207.3383060819071,200.90653255913236,237.29480045859617,236.33169280969088
2025-08-21,259.28894330828155,221.67554392388774,208.34256570904645,200.85566383355413,237.10074312907244,236.1381891261853
2025-08-22,263.31514242039265,223.75558048626723,211.4116939180929,204.97078770780496,240.69971748071558,239.84275256579642
2025-08-25,266.13761037871745,224.73274519051753,212.10650977995112,202.64015454746297,240.1921755050252,236.62414529219635
2025-08-26,264.3738628528252,222.44670888833036,210.76081143031783,202.91075515361132,239.78084368894594,238.91340970726574
2025-08-27,265.73014248370384,223.26500327681123,212.13301306540345,204.30842768393364,241.0809446259525,240.37499824055004
2025-08-28,268.5370456453405,223.61754693980333,213.00499503361857,204.20402293470562,242.38509884740853,242.70897113338347
2025-08-29,268.08512068328474,223.7821673017464,212.50167137836183,202.4683986445777,242.3701905631836,244.91615191983908
2025-09-01,270.7091892534292,225.25702909492378,213.02911063569684,202.4683986445777,243.3626241068978,244.91615191983908
2025-09-02,273.96219026752254,227.4163879753158,214.6885505806846,200.63048903044702,245.52007687018758,250.5246913131922
2025-09-03,276.63247208144696,230.65193417660544,216.3938340464548,208.03349784101576,250.1260336477559,254.20637468682435
2025-09-04,280.1814263910565,233.93271346655678,219.07759015892407,209.34455935739004,251.6009099841864,251.74906800315185
2025-09-05,280.68741609658474,234.24512373217829,219.921875,208.40963279813457,252.5608726589626,255.95601486353345
2025-09-08,277.5578018030849,231.03361881585806,217.0234661522005,207.89067633674628,251.22602463760197,257.56223195817176
2025-09-09,276.6812242919935,230.77649853315415,214.53717145476773,211.40835178404626,252.10923505308563,257.95924656765504
2025-09-10,277.4626954767242,230.17441816745196,214.2633041717604,212.03386928143271,252.30214138321864,257.92732680070844
2025-09-11,284.09629809301407,234.68691014915106,218.5062175275061,212.23490551612966,254.63321547623949,256.1074335934731
2025-09-12,281.006145699632,231.38826184876825,214.64676612163817,210.4881095468536,252.0597914583617,254.25188390346355
2025-09-15,284.1820852581814,234.53545311170407,217.00531975855748,211.0023968963142,253.5875975617726,253.45932057499175
2025-09-16,284.1265910269185,234.45914258580052,216.4680909993888,211.62826458420844,254.64049320079826,257.09227727712147
2025-09-17,281.2234233941026,232.5920937314021,215.0619842603912,210.2783185075094,252.32805300646822,254.07395437976072
2025-09-22,282.9009151918203,235.8725697943132,217.68342183679707,216.88438837261896,257.579008838952,262.1845697306295
2025-09-23,283.55027288890903,238.27971820438881,218.3966228606357,215.68668999537695,258.36180493348996,263.56972563992827
2025-09-24,284.0015330069621,238.61348164904598,217.6323254125917,212.70583074068196,256.5441097899163,259.0508252636953
2025-09-25,280.68652731360874,237.99817369193718,215.8575603606357,213.28289610110764,256.3314436481433,261.1951046287534
2025-09-26,280.2216629401029,236.23564765757396,215.44186468520783,214.9932185244385,257.12245895420847,264.67717679685836
2025-09-29,279.71349427720224,235.05201125621073,214.80960612775056,215.5106218318141,257.94754646253244,269.1459873139935
2025-09-30,279.34166397919074,235.20337647596747,214.19143490220048,217.0643235301325,259.3123579665254,272.95717752245446
2025-10-01,278.6289816416872,234.14365175188294,213.44385123777508,215.2071977521732,258.15061571546437,272.3272345265787
2025-10-02,277.72551219903454,233.32515139548846,212.49594093826408,216.71237684274334,257.84606901558425,270.9848959576201
2025-10-03,277.22174214366004,233.52286265322243,212.27197623777508,218.47660002578544,258.94529528485526,273.65747118144714
2025-10-06,275.16621371753445,229.30891330451047,210.8916564792176,216.07099117342332,256.85735323942345,274.7901811474726
2025-10-07,275.71552857373825,229.70672052543307,210.8319643948655,218.46406790073706,259.1263142041167,280.3358868999135
2025-10-08,276.6727230002976,234.32445683913835,212.7280237622249,218.12665756126563,261.4312172385134,284.1706475315069
2025-10-09,275.60218749088057,231.8476076677351,210.56215617359416,215.62542982013355,257.92536104588794,276.47509064572944
2025-10-10,273.1463791201655,230.94857144634975,207.15063416870416,209.42510826393277,255.9132882617097,279.24319957349894
2025-10-13,275.8669626537683,232.8698478721517,209.98553063875303,213.69030855489456,259.7262252972989,285.0459430430978
2025-10-14,281.41002117774417,238.94775144820593,215.2100206295844,213.87062879549296,263.9521192557547,290.142349572644
2025-10-15,285.0309435665765,242.3094262598569,217.57955761002447,219.54678266427462,268.86835111274223,296.264858292205
2025-10-16,285.114561654797,242.14048557938924,217.5692905715159,218.8701015611503,270.1328558655189,302.55430047463017
2025-10-17,286.29139310436653,244.75241979184992,217.99501451711487,218.9377428483358,269.4950411884472,295.6026132310141
2025-10-20,285.95185723942257,245.80120766044462,218.7058278575795,224.35853395567733,274.2872732646226,308.0782223577954
2025-10-21,284.56058886880066,244.67028250663068,217.63113157090464,219.1382001474003,266.8311016574437,285.920650741153
2025-10-22,281.9014512585855,242.9821240212326,216.0722130959658,218.15047920090532,265.3944767512492,285.67132419504463
2025-10-23,284.2240820361278,244.4827362961308,218.46443306845967,220.17695584866715,267.10346445407845,286.3076646195717
2025-10-24,283.1645954362087,244.96753950519965,219.2946305776284,224.11906889852094,267.7575442822909,284.5771173360521
2025-10-27,286.4643189033015,245.7198275089778,219.84928942542783,226.01437213101136,266.299226974976,271.95622399817427
2025-10-28,287.65929824342925,245.71266684949694,220.4349881570905,231.95315556716002,268.48299608614576,272.52358899135606
2025-10-29,290.17343897148135,248.1007087893923,222.6872898838631,235.18647311825433,270.59828812020544,272.136059899363
2025-10-30,291.1747027889953,250.81043949511923,225.1320388905868,228.90823500880728,270.8784977627434,277.08766149263425
2025-11-03,293.69139239141,252.97901064399082,227.1111896393643,226.17382434413653,270.1759244910562,272.7321825020494
2025-11-04,290.0177988240915,249.98095933454044,222.6013332823961,223.23762835914079,267.15654160377795,270.7400171953747
2025-11-05,292.42305347913225,252.14089927530216,225.2093998319071,227.91722131467859,270.9929253147126,276.0976541337395
2025-11-06,291.6966294104568,252.85498503639707,225.8650576864304,224.3758431535267,269.6856437044252,274.9377928374972
2025-11-07,295.4175736479094,256.37994211046396,229.33842069070903,223.0079137273496,271.408634094131,276.2083892889888
2025-11-10,297.3966459062207,256.6375583046858,230.65427299816625,226.2864607368804,273.8505424160164,280.06338956629975
2025-11-11,296.5979917739321,260.36047955871356,231.8638733954768,227.8735129634701,275.9813028859864,283.50775883032446
2025-11-12,303.0802260900228,264.37239450213514,236.23405027506115,226.94405903947657,279.26559191182577,287.47026575072994
2025-11-13,298.5511451585372,257.88987650841244,231.85312882029345,218.97491162577634,273.08923492923265,283.3166350112016
2025-11-14,294.6510690049568,254.40576144530795,229.28971194987776,218.17151085834925,269.7307425265214,278.1077576041484
2025-11-17,297.0984134581346,260.9044967180456,236.48738348105127,214.6841840850739,269.4505127082543,271.6739208600054
2025-11-18,295.03547499846985,255.45672922205262,234.21669659229832,214.3842621507046,268.2895678477553,275.2684026266219
2025-11-19,296.55307037283507,255.2582647890018,235.7500668551345,221.01428509365036,271.2515027558727,278.1373272554144
2025-11-20,295.7312508167623,254.23888618425187,234.04263447432768,216.36862464703822,269.41441954501596,278.15224674330744
2025-11-21,296.2563426881458,254.4354866534733,234.627616900978,219.6000603328333,270.2640839504813,277.00035179313267
2025-11-24,297.4334982530917,255.8291199305402,234.0641236246944,230.06856941047008,275.72070067718806,283.9954170768219
2025-11-25,302.1826461187265,260.5028926097995,237.59383595660148,231.59316522798338,278.6823413776699,284.58522140720964
2025-11-26,302.6856207898182,261.14596351978787,238.72774679095352,231.62067055865973,279.1029325597546,285.08376961944003
2025-11-27,304.9860812149864,263.07635333310196,240.6338344284841,231.62067055865973,280.159170971,285.08376961944003
2025-11-28,305.18886307611444,264.0071992053738,241.83842069070903,233.40518970245586,281.2376149886994,286.1149707385448
2025-12-01,305.2150575185259,264.14430141207725,242.2070790036675,232.7235097305987,281.48157552029437,287.77021943945795
2025-12-02,305.0685714756617,262.4200944190291,242.2660547830073,237.5145001141305,282.1021340585625,286.4284859479178
2025-12-03,309.6427901726291,263.71438380529224,242.9725702933985,236.62970805874062,282.73885132374926,284.41311979461585
2025-12-04,310.60096233825965,264.5434948475409,243.0523189180929,231.71367810492774,281.3642144497456,283.04860060860375
2025-12-05,310.9976981474623,266.1619815533795,244.0835593673594,232.59127839943733,281.93594635593587,282.173442903827
2025-12-09,308.23851801501763,263.33970338063335,243.0654511766504,232.09883581350837,280.9893713328906,284.5704784582958
2025-12-10,308.32991615575787,262.77123696280796,242.8362335727384,235.15069069070756,282.29676913750876,286.68009343764624
2025-12-11,311.55284276483854,266.5483114027594,247.43228529951105,231.44283123676973,283.51673704999297,289.07493573103056
2025-12-12,313.74978199275967,267.6298938045847,248.3193096729829,225.70116126551932,282.2370683587475,287.6740121917861
2025-12-15,309.9444621634093,266.30886634883166,245.9846328698044,224.31067528575585,280.35848259206654,286.73299239857744
2025-12-16,306.26746858275857,263.00167996008173,243.2674491900978,224.24157163038637,278.92580556444597,288.0189231589053
2025-12-17,300.7099896760308,259.71206598756737,241.9802490831296,218.89188152307352,275.7210246854608,290.3105202075006
2025-12-18,302.85947009112795,260.9588038610608,243.40665113080684,221.86888969126468,277.6419308817484,291.11181397842734
2025-12-19,306.17791157676544,263.2867648208043,246.03310284229832,223.23476876632716,278.9787685955794,289.2436201443561
2025-12-22,310.6155981710107,267.34023653972145,248.06573769865523,223.66168660834515,282.8046852694026,295.7361181044898
2025-12-23,313.0841474133808,270.2086984612962,248.4081314944988,225.5505197434962,285.5900371141974,299.3324245444431
2025-12-24,313.0404430404036,269.4709129603557,248.00843329767724,225.26404394812656,284.83829804601015,297.4650307319847
2025-12-26,313.98482909741153,271.790996210133,250.3044296301956,224.58844509683956,286.05406238465326,299.84086599858443
2025-12-29,315.6152780789928,274.07925556849614,251.22440403422985,224.9910316351312,284.06072540035814,287.2273133706158
2025-12-30,315.684289814314,273.0591469308519,250.2626451711492,227.53511641236676,285.3485699084324,290.3902480268977
2026-01-02,316.03664629121783,272.62888436208914,249.00266465464543,226.22330297405506,283.6356505208614,285.22515255723897
2026-01-05,326.67075169949754,279.73407563611886,255.32859298594133,230.46172482536304,291.58405324629746,294.8330376496239
2026-01-06,334.7389931432629,284.1486652920687,260.9210249847189,231.43026558166943,295.4463772608948,297.20264343878733
2026-01-07,332.96604721332614,281.8154873936493,259.7035452322738,232.6554652869727,293.3138966343988,291.07051130536917
2026-01-08,335.48384458298904,282.99381860946494,260.64142726161367,231.24193847705,294.26200300340884,293.1647676237107
2026-01-09,338.00404791058554,285.4245295087429,260.9534974786063,238.3131894975972,298.3385351698243,295.8310999389297
2026-01-12,342.7028910771054,286.9360652154983,264.22486246943765,239.96672406261402,301.52979817450006,300.78155429712785
2026-01-13,351.0225818957977,293.0814303622292,268.721347799511,241.20896435737865,304.389890425455,296.6501638801198
2026-01-14,350.028894630147,293.49606086390435,267.89759703545235,244.0836265961063,306.06568751087684,300.2761394247468
2026-01-15,351.073293121528,289.96533279235007,264.757793398533,244.2106313442191,304.63077118868955,297.06708118157053
2026-01-16,357.1405137588441,296.16040124271996,266.38738730134475,241.22763890545272,306.41112704158206,295.9519965695522
2026-01-19,356.51297820808685,294.2092299157551,266.0691091075795,241.22763890545272,305.7595722743296,295.9519965695522
2026-01-20,353.21175089153013,293.43850280042,266.4499446057457,241.28948251331894,308.0045694659127,308.8680840993241
2026-01-21,355.9970429815285,298.3277379013461,268.73065976466995,247.39937486981245,312.71277083888987,312.47424796813345
2026-01-22,358.94130577685223,307.55223367718156,274.76743963936434,244.0217729903462,315.2498149675683,314.594039365687
2026-01-23,359.3556685602775,305.09606766093884,274.585975702934,236.1239798970574,312.9749929869888,317.64438610527066
2026-01-26,361.9392361422233,308.9039420462823,275.6886078850856,236.17029214946467,315.61463701049325,321.90428932471093
2026-01-27,363.4783762549062,312.8180189728201,277.5968444376528,238.1090502386473,318.99644813077606,327.61789085291707
2026-01-28,361.9762527100725,314.10911238557725,277.62979446821515,242.4405309423119,322.99697039494663,338.3834152727174
2026-01-29,361.4165844027823,311.55775303981676,275.1434997707824,244.54876882084687,323.3885640182882,340.51495966734814
2026-01-30,359.1120863439326,306.2381125836989,272.67511269865525,238.997192620544,310.9113401921483,304.5865435644876
2026-02-02,365.8210370857293,309.78850401524176,274.1707575641809,245.7690702599779,312.9613138020503,294.7677615956087
2026-02-03,367.0283759624055,311.1809017758899,277.19571363080684,248.87479261971137,319.20054141450623,312.8500243239393
2026-02-04,362.3971546183095,305.5724118774187,272.8138371026895,244.5085477675065,314.79287609492,310.6488033545485
2026-02-05,356.4413212728883,301.2364011223503,268.65306005501225,242.55163601105312,309.563416081688,302.01460779342926
2026-02-06,355.14407501157564,299.7026244778987,267.67793016503674,246.8726833659338,313.3457180685293,313.9549335888464
2026-02-09,357.25524712013754,301.3269639361332,268.62775061124694,245.5964459147897,315.30143829186846,319.8389549978548
2026-02-10,348.3891023728825,295.8974031213722,262.8667481662592,238.91320286655264,308.29203876840836,313.80932075011907
2026-02-11,351.9235081051635,297.0685044504479,267.84602307457214,241.35427584860395,311.3010338529347,318.32691842871407
2026-02-12,346.1609214541589,288.96754484321275,262.0444300122249,237.54712642609098,303.8833994399486,307.05682713837746
2026-02-13,342.57293295493025,288.0537521435344,260.20352613080684,238.70344906155023,305.4064512886568,315.50351659674305
2026-02-16,343.17420646199366,288.6876109104173,260.53398150978,238.70344906155023,305.6974765112235,315.50351659674305
2026-02-17,343.01007740958323,290.1930004760032,260.0726810819071,237.78673026423283,303.7762316525195,307.78510778056756
2026-02-18,341.38583886295726,290.1637936070904,259.40938264058684,239.67545728306388,306.0845416843914,315.83012994092184
2026-02-19,339.49717988414625,286.75541285401874,258.0882774297066,238.07449817005198,304.13626070245056,315.22775385006577
2026-02-20,342.41125420047183,289.99559460790334,259.184940403423,242.19525992172564,308.82012595188564,322.6361130839561
2026-02-23,346.2397446205281,290.43972871861087,260.81262415953546,243.11635063036834,312.44421229157757,331.97475884054086
2026-02-24,348.3388222536392,291.0072868291406,262.4484260391198,247.01656265408303,313.1335829758744,327.3607146809027
2026-02-25,350.4277006361062,294.60163382655173,265.8274755501223,246.49149986199367,313.5774178067065,324.4224201320623
2026-02-26,348.53734136838057,294.9587319565035,263.8316110177262,240.98114913684452,311.76624960532786,325.595877009719
2026-02-27,343.2937863834907,293.6674076666716,259.72598945599026,246.87474382336953,314.15697853224486,333.18501275560277
2026-03-02,331.3763519247948,284.8540192585311,251.8834046454768,246.98094149300005,310.8806327470686,340.7084080817187
2026-03-03,321.2346694428506,277.00280427792507,244.7127139364304,244.08576644690982,302.80531954817394,329.1088434855308
2026-03-04,327.6437766223554,286.73893497544526,250.58665380501225,250.60656588090643,311.0698178662242,338.10190188986985
2026-03-05,319.61172912907034,280.8529066563874,245.88196248471883,245.98729016869788,304.7718074387196,332.0918617763969
2026-03-06,319.77798459705093,281.76588026175057,246.26637950794623,244.19179213655073,306.68259450202765,341.42398089218426
2026-03-09,322.9346941281122,284.47529618316315,249.0029034229829,250.77136811406953,310.51952830608553,342.68366781458593
2026-03-10,328.2410255004993,290.9324652833562,253.2023609413203,254.05245139352692,315.74971829924596,347.96721753682465
2026-03-11,324.5561520508056,287.8844254259705,250.8311525825184,248.5427202295052,309.7515429104351,336.99187874451326
2026-03-12,322.19873883949384,283.75615206364216,248.3104752444988,245.85890338941863,306.4301896830153,333.4956916698583
2026-03-13,325.1219067202326,286.1464634371538,249.9073578850856,249.68182509122582,309.53303590223913,335.95030009282874
2026-03-16,327.06971147551343,288.60201670591397,252.72745071821515,252.5387691278801,311.58961995649497,336.14269309275977
2026-03-17,328.5793609653463,289.76714961906185,253.59322470965768,250.0588561263906,310.61087935937303,332.5504106594522
2026-03-18,331.2145166190923,290.22939923294956,253.5645725091688,247.08117971025075,307.7222401354937,321.23270514213766
2026-03-19,328.2385786720059,286.5381043732685,250.0728243429096,249.06389150507323,304.22674382858014,310.8042848008187
2026-03-20,323.64636490993826,282.19095071353286,245.39439753973107,243.33489790634619,297.74711461794743,300.4369585383912
2026-03-23,320.1042297702208,282.14511924591966,245.9552643643032,250.3007091238796,298.67752014621794,298.472685203224
2026-03-24,318.9914533216299,279.03221943296194,243.6907854523228,245.07643798492705,294.6320828295153,292.97336658014035
2026-03-25,321.38866130792445,284.81038506377337,248.5566454003668,250.64455881227067,301.1136970153313,304.0730227994439
2026-03-26,322.724021609942,284.69526445882985,248.24815670843523,244.5379345194411,296.72222529027636,292.5193395533235
2026-03-27,322.14777683246905,283.4249485336395,248.7295136766504,246.56424635352772,300.18110733433645,306.4586652665002
2026-03-30,321.7852736828802,282.7073472887645,248.7502865220049,242.40155742761306,298.15094324379476,304.6301602532192
2026-03-31,325.83471331259284,288.11914702877175,254.05142114914423,254.39402207109046,307.6767667936951,318.78590547349893
2026-04-01,333.504418165299,296.32987772138154,259.2138313722494,259.01346089966466,314.05658267842017,322.8494277023214
2026-04-02,331.3261447704977,291.09180393284663,256.4168990678484,257.5366703716736,309.0601058146357,311.9192457132401
2026-04-06,331.8211367638842,291.3610308368342,255.3761078850856,259.91970328315927,310.25476066777213,313.10201475987066
2026-04-07,328.5950364779981,288.4590612053402,251.1460880195599,260.2689075250632,309.27489575018996,314.97060126187415
2026-04-08,336.6119214073715,297.32322208969595,259.2642114914425,266.5089669766123,315.9598751988333,317.20537198082417
2026-04-09,339.7490785914747,301.18241736119376,261.6502234871638,262.7884141462212,315.57205835015833,312.921137813868
2026-04-10,345.8937008841408,304.7208488538389,264.475330455379,260.4098313131199,316.6421655917971,310.410015378864
2026-04-13,346.1045128565732,306.5506168190181,265.8169697432764,263.57171910912285,318.0797220024789,310.1748651279685
2026-04-14,354.1472273679121,316.50920007690013,270.6682648227384,261.1914961930613,323.6084945879711,317.18387790284083
2026-04-15,355.6126580526736,317.403186279927,270.139392955379,258.24449589649583,321.7800563790996,310.8761230384126
2026-04-16,355.7817994148588,320.0256418970628,274.0370472952323,259.94136462983016,322.85843709698315,310.15194804330577
2026-04-17,360.06471039761834,322.05965773258157,272.89286942237163,260.26052942254313,325.58869010525757,314.6265581221989
2026-04-20,357.6551463758224,319.4257741069268,270.84805738080684,258.51719044715526,323.50640144351394,313.45294336565314
2026-04-21,352.13893827313217,314.29699536887415,265.7123892114914,252.9932355335163,316.3005532263584,301.5825591760016
2026-04-22,346.9406262676892,310.1616857759143,262.6960288050122,257.71521388236886,317.2444477892818,309.2385803042051
2026-04-23,348.7439477402042,310.92528938558564,262.4563053942543,254.7687351575405,316.08888393616456,305.53252894425367
2026-04-24,353.53134386350365,315.23550641448537,266.7880405715159,263.30245063448905,321.68673410802563,308.58582995665796
2026-04-27,349.3975060889165,314.5956773628935,265.74987584046454,263.3563302369987,320.1213202040582,306.7829113477155
2026-04-28,346.4411124012777,307.8360284902481,260.3876165189487,262.59806661772313,315.82789258715246,300.3108807946219
2026-04-29,343.9828856339998,305.25177953434536,259.25442198960883,268.57667088008134,315.4085293691851,296.34531854409585
2026-04-30,345.84345855850773,306.55253632351844,260.45566549511,273.08167939873135,319.7312203173117,305.3555518746279
2026-05-04,341.68882243409524,300.07356054734817,255.8961453239609,270.3008907833624,314.086056478226,297.02152530418965
2026-05-05,341.3488639806754,297.27667078319257,255.27367626833745,281.9405915452579,318.4313692432509,303.69208700778677
2026-05-06,347.6726309580857,301.3766035189779,261.14546722188265,281.19680489542606,322.5456951424644,310.57376486022275
2026-05-07,348.7537937771812,298.8502528939433,259.5717451100245,274.25158898568515,319.46811894782604,308.14487667994604
2026-05-08,345.390181993647,295.50066309729743,256.88846653422985,278.3145059847173,318.8694811910495,307.6212446164193
2026-05-11,342.88007771508046,293.6083045492741,255.53297868276283,277.8314739017945,317.9816460426811,308.8709129613563
2026-05-12,339.5226271345648,293.61158028790396,254.065269712714,277.63617017525746,317.2865481413674,309.39504882966554
2026-05-13,335.7838985806839,286.8408308776188,248.2355019865525,286.73156959232466,318.25701344592187,312.97739255314974
2026-05-14,337.1779077136015,290.0571257091256,250.28341801650367,277.522129499006,313.772030734076,301.7073714305645
2026-05-15,336.7793006945325,288.7755743820859,248.82884130501225,278.5213713988654,312.4750290119194,297.2637794240316
2026-05-18,337.0050640535124,289.810606755997,249.93744269559903,282.0220290255988,314.3485798425749,299.2763270690644
2026-05-19,336.2257872612473,285.9276948582979,247.14576329462105,284.72998200150477,312.87087932004334,295.15909255863164
2026-05-20,342.6348858535893,290.1925660549938,253.0870358343521,284.71706287402964,316.9634486643266,300.9007764337574
2026-05-22,340.27270037578074,290.01035000216933,252.2320064180929,282.4424194362822,314.4637643501864,296.1622183783805
2026-05-25,343.57915760878325,296.2395124728085,258.4793799663815,282.4424194362822,316.85220524433487,296.1622183783805
2026-05-26,342.86209220835536,296.835130897404,256.6048097493888,281.51122290548733,316.4285441478835,295.62484294410194
2026-05-27,344.34289947987315,301.1989363289673,258.77807915647924,279.8374025227333,316.18787992716165,290.9228925227664
2026-05-28,345.42212058480203,302.9855809467988,260.1899163355746,279.85620666717864,317.70808505549013,293.97673731847357
2026-05-29,345.7879528648737,305.1309486246788,257.58781899449883,272.92420533989707,316.8755554235998,296.08760430582106
2026-06-01,342.5646813929168,300.2734642577032,253.7250248319071,270.28314039534,312.8588268004093,291.41344965324055
2026-06-02,340.2625092271477,296.21224075741003,249.97087026283623,265.92728897951014,310.35693269721224,292.70007476677256
2026-06-03,340.2258397465018,293.697035459931,247.3625649449878,267.01313158974045,309.05470305135583,289.1269365636683
2026-06-04,339.9592396478322,290.9396576867907,246.0278499388753,273.6549273610446,311.29644239010327,293.20408005899577
2026-06-05,339.1728642720067,290.9502413877857,245.28886193459653,267.78531620627797,306.6236874128551,282.7700960378104
2026-06-08,336.8865555593681,286.5614916541272,242.67816893337408,278.2427642892546,309.721709328095,289.22061667723955
2026-06-09,342.724356997253,297.8293020347779,250.73110864914423,281.9804851312633,314.54495244558876,287.26037906854435
2026-06-10,341.2177241520823,295.2334797883847,249.59528766809296,276.3647853032223,308.2291342200325,273.5557324626143
2026-06-11,346.7936328609597,302.9367614493392,256.45390816014674,283.69444660181233,315.76144267493845,281.5072089017041
2026-06-12,349.48739147417444,307.7627742882721,260.8061774144254,285.19032696134684,317.3684010671232,278.9009562998139
2026-06-15,348.58521362174355,305.9646704967453,259.7555967298288,286.79890681682963,318.52835599360066,284.00860804206906
2026-06-16,348.37719202394896,308.50363792946507,260.3432056081907,280.6492417149216,316.8045591273026,281.9517631398702
2026-06-17,346.6638670134631,305.0161643278283,258.144626757335,274.9811364873409,311.7496460490823,274.0589232774632
2026-06-18,348.0856596881892,306.18431181558327,258.7530084810513,282.78300193521943,314.44773086985475,273.32827116793374
2026-06-19,348.3486120987588,308.0315882333225,259.9812328086797,282.78300193521943,314.98756710516267,273.32827116793374
2026-06-22,350.2397935966661,308.80788284598043,260.2699037286064,284.03663763419576,316.715538293544,276.05403534114095
2026-06-23,349.02102423686915,305.9059367852275,257.14179974022005,285.4899411196864,315.108141913952,272.3291362881389
2026-06-24,348.84885192498984,305.5040171630273,254.8871103300733,289.71385985384876,314.5720750060198,266.2805646656646
2026-06-25,348.60618952165714,305.1085588103736,255.63135123777508,291.00760328406767,315.8473898244038,270.23514393149026
2026-06-26,350.6083585756591,306.2340417897192,256.9858840158924,289.5679848943457,317.1203554801928,273.74824391449226
2026-06-30,352.4272793620049,310.3636270149546,258.82010238386306,296.8245703953342,319.86257165345876,270.56037865576195
2026-07-01,352.6870994874355,309.92031201612934,258.155132564181,294.3864097752981,319.61042296221905,272.11666265401965
2026-07-02,352.57552746690897,310.53364811241255,257.73275137530567,294.42301887550354,321.7049102017772,278.7208790327396
2026-07-03,354.0526357805979,311.4535255675221,258.3745606662592,294.42301887550354,322.2770734037679,278.7208790327396
2026-07-06,354.3861645658341,312.51605135153727,259.7558354981663,296.43705142387796,323.6290892493519,280.27723269012665
2026-07-07,355.8851325139726,317.00076660513093,263.2471061277506,295.3561825223124,324.4487326738627,278.9753617010746
2026-07-08,352.4224403683439,314.5662543074761,261.38017649755506,292.64877231207385,321.5389107998059,276.37857123391655
2026-07-09,355.7919708497147,316.28822311417997,263.2490162744499,298.01229271984465,325.7392461222059,281.6133548084374
2026-07-10,355.92032521096223,316.23378017621377,264.00304668398536,293.14642257592357,323.4915250743548,278.39252695654864
2026-07-13,353.8132699543968,314.49410144986285,260.91911483801954,288.2636740967587,319.1013750499576,271.12351142251316
2026-07-14,356.2058450016272,317.30285635421035,263.2206028422983,293.365122817092,323.1465349443235,275.87475327362426
2026-07-15,355.4021945752444,315.8942416236759,261.3887721577017,292.3103927513525,321.8501724186108,274.2948996270732
