date,cdv,subyacente,cdv_clp,volumen
2024-09-23,AAPLCL.SN,AAPL,201659.0,7
2024-09-24,AAPLCL.SN,AAPL,201659.0,12
2024-09-25,AAPLCL.SN,AAPL,201659.0,8
2024-09-26,AAPLCL.SN,AAPL,201659.0,3
2024-09-27,AAPLCL.SN,AAPL,205000.0,229
2024-09-30,AAPLCL.SN,AAPL,208325.0,41
2024-10-01,AAPLCL.SN,AAPL,208325.0,9
2024-10-02,AAPLCL.SN,AAPL,204233.0,45
2024-10-03,AAPLCL.SN,AAPL,204233.0,19
2024-10-04,AAPLCL.SN,AAPL,204233.0,7
2024-10-07,AAPLCL.SN,AAPL,204233.0,19
2024-10-08,AAPLCL.SN,AAPL,204233.0,9
2024-10-09,AAPLCL.SN,AAPL,204233.0,5
2024-10-10,AAPLCL.SN,AAPL,204233.0,17
2024-10-11,AAPLCL.SN,AAPL,204233.0,0
2024-10-14,AAPLCL.SN,AAPL,204233.0,1
2024-10-15,AAPLCL.SN,AAPL,204233.0,7
2024-10-16,AAPLCL.SN,AAPL,217654.0,35
2024-10-17,AAPLCL.SN,AAPL,217654.0,5
2024-10-18,AAPLCL.SN,AAPL,217654.0,0
2024-10-21,AAPLCL.SN,AAPL,217654.0,26
2024-10-22,AAPLCL.SN,AAPL,217654.0,25
2024-10-23,AAPLCL.SN,AAPL,216200.0,47
2024-10-24,AAPLCL.SN,AAPL,216200.0,24
2024-10-25,AAPLCL.SN,AAPL,216200.0,31
2024-10-28,AAPLCL.SN,AAPL,216200.0,11
2024-10-29,AAPLCL.SN,AAPL,216200.0,9
2024-10-30,AAPLCL.SN,AAPL,216200.0,11
2024-11-04,AAPLCL.SN,AAPL,211600.0,914
2024-11-05,AAPLCL.SN,AAPL,211600.0,0
2024-11-06,AAPLCL.SN,AAPL,215000.0,46
2024-11-07,AAPLCL.SN,AAPL,215000.0,4
2024-11-08,AAPLCL.SN,AAPL,215000.0,1
2024-11-11,AAPLCL.SN,AAPL,215000.0,3
2024-11-12,AAPLCL.SN,AAPL,215000.0,5
2024-11-13,AAPLCL.SN,AAPL,215000.0,18
2024-11-14,AAPLCL.SN,AAPL,215000.0,0
2024-11-15,AAPLCL.SN,AAPL,215000.0,1
2024-11-18,AAPLCL.SN,AAPL,215000.0,0
2024-11-19,AAPLCL.SN,AAPL,215000.0,0
2024-11-20,AAPLCL.SN,AAPL,220000.0,75
2024-11-21,AAPLCL.SN,AAPL,220000.0,4
2024-11-22,AAPLCL.SN,AAPL,220000.0,3
2024-11-25,AAPLCL.SN,AAPL,220000.0,0
2024-11-26,AAPLCL.SN,AAPL,220000.0,7
2024-11-27,AAPLCL.SN,AAPL,220000.0,1
2024-11-28,AAPLCL.SN,AAPL,220000.0,0
2024-11-29,AAPLCL.SN,AAPL,220000.0,1
2024-12-02,AAPLCL.SN,AAPL,220000.0,4
2024-12-03,AAPLCL.SN,AAPL,220000.0,0
2024-12-04,AAPLCL.SN,AAPL,220000.0,0
2024-12-05,AAPLCL.SN,AAPL,220000.0,1
2024-12-06,AAPLCL.SN,AAPL,220000.0,5
2024-12-09,AAPLCL.SN,AAPL,220000.0,0
2024-12-10,AAPLCL.SN,AAPL,220000.0,9
2024-12-11,AAPLCL.SN,AAPL,220000.0,0
2024-12-12,AAPLCL.SN,AAPL,220000.0,0
2024-12-13,AAPLCL.SN,AAPL,220000.0,2
2024-12-16,AAPLCL.SN,AAPL,220000.0,0
2024-12-17,AAPLCL.SN,AAPL,248200.0,299
2024-12-18,AAPLCL.SN,AAPL,248200.0,1
2024-12-19,AAPLCL.SN,AAPL,248200.0,0
2024-12-20,AAPLCL.SN,AAPL,248200.0,1
2024-12-23,AAPLCL.SN,AAPL,248200.0,0
2024-12-24,AAPLCL.SN,AAPL,248200.0,0
2024-12-26,AAPLCL.SN,AAPL,248200.0,0
2024-12-27,AAPLCL.SN,AAPL,248200.0,10
2024-12-30,AAPLCL.SN,AAPL,248200.0,21
2025-01-02,AAPLCL.SN,AAPL,246602.0,44
2025-01-03,AAPLCL.SN,AAPL,246602.0,0
2025-01-06,AAPLCL.SN,AAPL,246602.0,0
2025-01-07,AAPLCL.SN,AAPL,246602.0,0
2025-01-08,AAPLCL.SN,AAPL,242700.0,226
2025-01-09,AAPLCL.SN,AAPL,242700.0,0
2025-01-10,AAPLCL.SN,AAPL,242700.0,12
2025-01-13,AAPLCL.SN,AAPL,242700.0,14
2025-01-14,AAPLCL.SN,AAPL,242700.0,22
2025-01-15,AAPLCL.SN,AAPL,242700.0,4
2025-01-16,AAPLCL.SN,AAPL,242700.0,4
2025-01-17,AAPLCL.SN,AAPL,242700.0,4
2025-01-20,AAPLCL.SN,AAPL,242700.0,0
2025-01-21,AAPLCL.SN,AAPL,222398.0,46
2025-01-22,AAPLCL.SN,AAPL,222398.0,9
2025-01-23,AAPLCL.SN,AAPL,222447.0,97
2025-01-24,AAPLCL.SN,AAPL,222447.0,17
2025-01-27,AAPLCL.SN,AAPL,222447.0,5
2025-01-28,AAPLCL.SN,AAPL,222447.0,27
2025-01-29,AAPLCL.SN,AAPL,234500.0,215
2025-01-30,AAPLCL.SN,AAPL,234500.0,4
2025-01-31,AAPLCL.SN,AAPL,234500.0,3
2025-02-03,AAPLCL.SN,AAPL,234500.0,2
2025-02-04,AAPLCL.SN,AAPL,234500.0,0
2025-02-05,AAPLCL.SN,AAPL,234500.0,23
2025-02-06,AAPLCL.SN,AAPL,234500.0,1
2025-02-07,AAPLCL.SN,AAPL,234500.0,10
2025-02-10,AAPLCL.SN,AAPL,234500.0,0
2025-02-11,AAPLCL.SN,AAPL,234500.0,0
2025-02-12,AAPLCL.SN,AAPL,221600.0,216
2025-02-13,AAPLCL.SN,AAPL,221600.0,8
2025-02-14,AAPLCL.SN,AAPL,221600.0,28
2025-02-17,AAPLCL.SN,AAPL,221600.0,0
2025-02-18,AAPLCL.SN,AAPL,221600.0,24
2025-02-19,AAPLCL.SN,AAPL,221600.0,7
2025-02-20,AAPLCL.SN,AAPL,221600.0,0
2025-02-21,AAPLCL.SN,AAPL,221600.0,0
2025-02-24,AAPLCL.SN,AAPL,221600.0,6
2025-02-25,AAPLCL.SN,AAPL,221600.0,0
2025-02-26,AAPLCL.SN,AAPL,221600.0,6
2025-02-27,AAPLCL.SN,AAPL,221600.0,3
2025-02-28,AAPLCL.SN,AAPL,221600.0,5
2025-03-03,AAPLCL.SN,AAPL,221600.0,0
2025-03-04,AAPLCL.SN,AAPL,221600.0,0
2025-03-05,AAPLCL.SN,AAPL,221600.0,13
2025-03-06,AAPLCL.SN,AAPL,221600.0,0
2025-03-07,AAPLCL.SN,AAPL,221600.0,11
2025-03-10,AAPLCL.SN,AAPL,221600.0,4
2025-03-11,AAPLCL.SN,AAPL,221600.0,0
2025-03-12,AAPLCL.SN,AAPL,221600.0,1
2025-03-13,AAPLCL.SN,AAPL,221600.0,23
2025-03-14,AAPLCL.SN,AAPL,221600.0,15
2025-03-17,AAPLCL.SN,AAPL,221600.0,0
2025-03-18,AAPLCL.SN,AAPL,221600.0,0
2025-03-19,AAPLCL.SN,AAPL,221600.0,0
2025-03-20,AAPLCL.SN,AAPL,221600.0,25
2025-03-21,AAPLCL.SN,AAPL,221600.0,0
2025-03-24,AAPLCL.SN,AAPL,221600.0,0
2025-03-25,AAPLCL.SN,AAPL,221600.0,7
2025-03-26,AAPLCL.SN,AAPL,221600.0,6
2025-03-27,AAPLCL.SN,AAPL,221600.0,12
2025-03-28,AAPLCL.SN,AAPL,221600.0,2
2025-03-31,AAPLCL.SN,AAPL,221600.0,0
2025-04-01,AAPLCL.SN,AAPL,221600.0,31
2025-04-02,AAPLCL.SN,AAPL,221600.0,23
2025-04-03,AAPLCL.SN,AAPL,221600.0,31
2025-04-04,AAPLCL.SN,AAPL,221600.0,27
2025-04-07,AAPLCL.SN,AAPL,221600.0,7
2025-04-08,AAPLCL.SN,AAPL,183341.0,78
2025-04-09,AAPLCL.SN,AAPL,183341.0,18
2025-04-10,AAPLCL.SN,AAPL,183341.0,32
2025-04-11,AAPLCL.SN,AAPL,183341.0,0
2025-04-14,AAPLCL.SN,AAPL,183341.0,16
2025-04-15,AAPLCL.SN,AAPL,183341.0,9
2025-04-16,AAPLCL.SN,AAPL,183341.0,10
2025-04-17,AAPLCL.SN,AAPL,183341.0,0
2025-04-21,AAPLCL.SN,AAPL,183341.0,11
2025-04-22,AAPLCL.SN,AAPL,183341.0,0
2025-04-23,AAPLCL.SN,AAPL,194274.0,106
2025-04-24,AAPLCL.SN,AAPL,194274.0,26
2025-04-25,AAPLCL.SN,AAPL,196766.0,66
2025-04-28,AAPLCL.SN,AAPL,196766.0,5
2025-04-29,AAPLCL.SN,AAPL,196766.0,10
2025-04-30,AAPLCL.SN,AAPL,196766.0,13
2025-05-02,AAPLCL.SN,AAPL,196766.0,4
2025-05-05,AAPLCL.SN,AAPL,196766.0,35
2025-05-06,AAPLCL.SN,AAPL,196766.0,0
2025-05-07,AAPLCL.SN,AAPL,185623.0,74
2025-05-08,AAPLCL.SN,AAPL,183761.0,102
2025-05-09,AAPLCL.SN,AAPL,185080.0,54
2025-05-12,AAPLCL.SN,AAPL,185080.0,13
2025-05-13,AAPLCL.SN,AAPL,185080.0,0
2025-05-14,AAPLCL.SN,AAPL,185080.0,14
2025-05-15,AAPLCL.SN,AAPL,185080.0,4
2025-05-16,AAPLCL.SN,AAPL,185080.0,6
2025-05-19,AAPLCL.SN,AAPL,185080.0,0
2025-05-20,AAPLCL.SN,AAPL,185080.0,23
2025-05-22,AAPLCL.SN,AAPL,185080.0,0
2025-05-23,AAPLCL.SN,AAPL,186124.0,43
2025-05-26,AAPLCL.SN,AAPL,186124.0,0
2025-05-27,AAPLCL.SN,AAPL,186124.0,37
2025-05-28,AAPLCL.SN,AAPL,186124.0,21
2025-05-29,AAPLCL.SN,AAPL,186124.0,33
2025-05-30,AAPLCL.SN,AAPL,186124.0,20
2025-06-02,AAPLCL.SN,AAPL,186124.0,38
2025-06-03,AAPLCL.SN,AAPL,186124.0,31
2025-06-04,AAPLCL.SN,AAPL,186124.0,40
2025-06-05,AAPLCL.SN,AAPL,186124.0,40
2025-06-06,AAPLCL.SN,AAPL,190693.0,47
2025-06-09,AAPLCL.SN,AAPL,191000.0,81
2025-06-10,AAPLCL.SN,AAPL,191000.0,31
2025-06-11,AAPLCL.SN,AAPL,191000.0,7
2025-06-12,AAPLCL.SN,AAPL,191000.0,13
2025-06-13,AAPLCL.SN,AAPL,191000.0,6
2025-06-16,AAPLCL.SN,AAPL,191000.0,13
2025-06-17,AAPLCL.SN,AAPL,191000.0,1
2025-06-18,AAPLCL.SN,AAPL,191000.0,40
2025-06-19,AAPLCL.SN,AAPL,191000.0,0
2025-06-23,AAPLCL.SN,AAPL,191000.0,13
2025-06-24,AAPLCL.SN,AAPL,191000.0,0
2025-06-25,AAPLCL.SN,AAPL,191000.0,26
2025-06-26,AAPLCL.SN,AAPL,191000.0,0
2025-06-27,AAPLCL.SN,AAPL,191000.0,1
2025-06-30,AAPLCL.SN,AAPL,191000.0,2
2025-07-01,AAPLCL.SN,AAPL,191000.0,13
2025-07-02,AAPLCL.SN,AAPL,191000.0,14
2025-07-03,AAPLCL.SN,AAPL,191000.0,28
2025-07-04,AAPLCL.SN,AAPL,191000.0,0
2025-07-07,AAPLCL.SN,AAPL,191000.0,27
2025-07-08,AAPLCL.SN,AAPL,191000.0,3
2025-07-09,AAPLCL.SN,AAPL,191000.0,4
2025-07-10,AAPLCL.SN,AAPL,200047.0,66
2025-07-11,AAPLCL.SN,AAPL,201045.0,41
2025-07-14,AAPLCL.SN,AAPL,201045.0,3
2025-07-15,AAPLCL.SN,AAPL,203214.0,44
2025-07-17,AAPLCL.SN,AAPL,203214.0,13
2025-07-18,AAPLCL.SN,AAPL,203214.0,0
2025-07-21,AAPLCL.SN,AAPL,204565.0,41
2025-07-22,AAPLCL.SN,AAPL,204565.0,0
2025-07-23,AAPLCL.SN,AAPL,204565.0,7
2025-07-24,AAPLCL.SN,AAPL,204565.0,0
2025-07-25,AAPLCL.SN,AAPL,204565.0,5
2025-07-28,AAPLCL.SN,AAPL,204565.0,2
2025-07-29,AAPLCL.SN,AAPL,204565.0,6
2025-07-30,AAPLCL.SN,AAPL,204565.0,4
2025-07-31,AAPLCL.SN,AAPL,204565.0,6
2025-08-01,AAPLCL.SN,AAPL,204565.0,4
2025-08-04,AAPLCL.SN,AAPL,204565.0,22
2025-08-05,AAPLCL.SN,AAPL,204565.0,1
2025-08-06,AAPLCL.SN,AAPL,210180.0,56
2025-08-07,AAPLCL.SN,AAPL,213373.0,37
2025-08-08,AAPLCL.SN,AAPL,213373.0,32
2025-08-11,AAPLCL.SN,AAPL,213373.0,26
2025-08-12,AAPLCL.SN,AAPL,213373.0,0
2025-08-13,AAPLCL.SN,AAPL,213373.0,2
2025-08-14,AAPLCL.SN,AAPL,213373.0,3
2025-08-18,AAPLCL.SN,AAPL,213373.0,0
2025-08-19,AAPLCL.SN,AAPL,213373.0,16
2025-08-20,AAPLCL.SN,AAPL,213373.0,1
2025-08-21,AAPLCL.SN,AAPL,213373.0,0
2025-08-22,AAPLCL.SN,AAPL,213373.0,0
2025-08-25,AAPLCL.SN,AAPL,213373.0,0
2025-08-26,AAPLCL.SN,AAPL,213373.0,0
2025-08-27,AAPLCL.SN,AAPL,213373.0,0
2025-08-28,AAPLCL.SN,AAPL,213373.0,14
2025-08-29,AAPLCL.SN,AAPL,213373.0,0
2025-09-01,AAPLCL.SN,AAPL,213373.0,0
2025-09-02,AAPLCL.SN,AAPL,213373.0,0
2025-09-03,AAPLCL.SN,AAPL,213373.0,21
2025-09-04,AAPLCL.SN,AAPL,213373.0,6
2025-09-05,AAPLCL.SN,AAPL,213373.0,10
2025-09-08,AAPLCL.SN,AAPL,232233.0,53
2025-09-09,AAPLCL.SN,AAPL,232233.0,1
2025-09-10,AAPLCL.SN,AAPL,220955.0,130
2025-09-11,AAPLCL.SN,AAPL,220955.0,0
2025-09-12,AAPLCL.SN,AAPL,220955.0,0
2025-09-15,AAPLCL.SN,AAPL,220955.0,0
2025-09-16,AAPLCL.SN,AAPL,220955.0,1
2025-09-17,AAPLCL.SN,AAPL,220955.0,0
2025-09-22,AAPLCL.SN,AAPL,243480.0,43
2025-09-23,AAPLCL.SN,AAPL,243480.0,0
2025-09-24,AAPLCL.SN,AAPL,243480.0,8
2025-09-25,AAPLCL.SN,AAPL,243480.0,11
2025-09-26,AAPLCL.SN,AAPL,243480.0,3
2025-09-29,AAPLCL.SN,AAPL,243480.0,2
2025-09-30,AAPLCL.SN,AAPL,243480.0,0
2025-10-01,AAPLCL.SN,AAPL,243480.0,6
2025-10-02,AAPLCL.SN,AAPL,247764.0,172
2025-10-03,AAPLCL.SN,AAPL,247764.0,0
2025-10-06,AAPLCL.SN,AAPL,247764.0,5
2025-10-07,AAPLCL.SN,AAPL,247764.0,0
2025-10-08,AAPLCL.SN,AAPL,247764.0,0
2025-10-09,AAPLCL.SN,AAPL,247764.0,0
2025-10-10,AAPLCL.SN,AAPL,247764.0,0
2025-10-13,AAPLCL.SN,AAPL,247764.0,3
2025-10-14,AAPLCL.SN,AAPL,247764.0,5
2025-10-15,AAPLCL.SN,AAPL,247764.0,0
2025-10-16,AAPLCL.SN,AAPL,247764.0,0
2025-10-17,AAPLCL.SN,AAPL,247764.0,0
2025-10-20,AAPLCL.SN,AAPL,247764.0,0
2025-10-21,AAPLCL.SN,AAPL,247764.0,10
2025-10-22,AAPLCL.SN,AAPL,247764.0,15
2025-10-23,AAPLCL.SN,AAPL,247764.0,0
2025-10-24,AAPLCL.SN,AAPL,247764.0,0
2025-10-27,AAPLCL.SN,AAPL,247764.0,0
2025-10-28,AAPLCL.SN,AAPL,247764.0,4
2025-10-29,AAPLCL.SN,AAPL,247764.0,0
2025-10-30,AAPLCL.SN,AAPL,255400.0,38
2025-11-03,AAPLCL.SN,AAPL,255400.0,2
2025-11-04,AAPLCL.SN,AAPL,255881.0,32
2025-11-05,AAPLCL.SN,AAPL,255881.0,0
2025-11-06,AAPLCL.SN,AAPL,255881.0,18
2025-11-07,AAPLCL.SN,AAPL,255881.0,6
2025-11-10,AAPLCL.SN,AAPL,255881.0,2
2025-11-11,AAPLCL.SN,AAPL,255881.0,0
2025-11-12,AAPLCL.SN,AAPL,255881.0,25
2025-11-13,AAPLCL.SN,AAPL,255881.0,4
2025-11-14,AAPLCL.SN,AAPL,255881.0,11
2025-11-17,AAPLCL.SN,AAPL,255881.0,0
2025-11-18,AAPLCL.SN,AAPL,248944.0,45
2025-11-19,AAPLCL.SN,AAPL,248944.0,0
2025-11-20,AAPLCL.SN,AAPL,248944.0,1
2025-11-21,AAPLCL.SN,AAPL,248944.0,0
2025-11-24,AAPLCL.SN,AAPL,248944.0,9
2025-11-25,AAPLCL.SN,AAPL,262576.0,34
2025-11-26,AAPLCL.SN,AAPL,262576.0,0
2025-11-27,AAPLCL.SN,AAPL,262576.0,0
2025-11-28,AAPLCL.SN,AAPL,262576.0,0
2025-12-01,AAPLCL.SN,AAPL,259250.0,38
2025-12-02,AAPLCL.SN,AAPL,259250.0,19
2025-12-03,AAPLCL.SN,AAPL,259250.0,0
2025-12-04,AAPLCL.SN,AAPL,259250.0,0
2025-12-05,AAPLCL.SN,AAPL,259250.0,5
2025-12-09,AAPLCL.SN,AAPL,259250.0,0
2025-12-10,AAPLCL.SN,AAPL,259250.0,0
2025-12-11,AAPLCL.SN,AAPL,259250.0,0
2025-12-12,AAPLCL.SN,AAPL,259250.0,1
2025-12-15,AAPLCL.SN,AAPL,259250.0,0
2025-12-16,AAPLCL.SN,AAPL,259250.0,0
2025-12-17,AAPLCL.SN,AAPL,259250.0,19
2025-12-18,AAPLCL.SN,AAPL,259250.0,0
2025-12-19,AAPLCL.SN,AAPL,259250.0,0
2025-12-22,AAPLCL.SN,AAPL,259250.0,0
2025-12-23,AAPLCL.SN,AAPL,259250.0,0
2025-12-24,AAPLCL.SN,AAPL,259250.0,0
2025-12-26,AAPLCL.SN,AAPL,259250.0,0
2025-12-29,AAPLCL.SN,AAPL,259250.0,0
2025-12-30,AAPLCL.SN,AAPL,259250.0,0
2026-01-02,AAPLCL.SN,AAPL,259250.0,0
2026-01-05,AAPLCL.SN,AAPL,259250.0,0
2026-01-06,AAPLCL.SN,AAPL,259250.0,13
2026-01-07,AAPLCL.SN,AAPL,259250.0,13
2026-01-08,AAPLCL.SN,AAPL,259250.0,0
2026-01-09,AAPLCL.SN,AAPL,259250.0,0
2026-01-12,AAPLCL.SN,AAPL,231711.0,38
2026-01-13,AAPLCL.SN,AAPL,230000.0,73
2026-01-14,AAPLCL.SN,AAPL,230000.0,5
2026-01-15,AAPLCL.SN,AAPL,230000.0,0
2026-01-16,AAPLCL.SN,AAPL,230000.0,0
2026-01-19,AAPLCL.SN,AAPL,230000.0,0
2026-01-20,AAPLCL.SN,AAPL,230000.0,0
2026-01-21,AAPLCL.SN,AAPL,221000.0,44
2026-01-22,AAPLCL.SN,AAPL,221000.0,10
2026-01-23,AAPLCL.SN,AAPL,221000.0,0
2026-01-26,AAPLCL.SN,AAPL,221000.0,0
2026-01-27,AAPLCL.SN,AAPL,221000.0,8
2026-01-28,AAPLCL.SN,AAPL,221000.0,3
2026-01-29,AAPLCL.SN,AAPL,221000.0,0
2026-01-30,AAPLCL.SN,AAPL,221000.0,0
2026-02-02,AAPLCL.SN,AAPL,221000.0,6
2026-02-03,AAPLCL.SN,AAPL,221000.0,0
2026-02-04,AAPLCL.SN,AAPL,221000.0,30
2026-02-05,AAPLCL.SN,AAPL,221000.0,3
2026-02-06,AAPLCL.SN,AAPL,221000.0,0
2026-02-09,AAPLCL.SN,AAPL,221000.0,0
2026-02-10,AAPLCL.SN,AAPL,221000.0,0
2026-02-11,AAPLCL.SN,AAPL,221000.0,0
2026-02-12,AAPLCL.SN,AAPL,221000.0,0
2026-02-13,AAPLCL.SN,AAPL,221000.0,0
2026-02-16,AAPLCL.SN,AAPL,221000.0,0
2026-02-17,AAPLCL.SN,AAPL,221000.0,0
2026-02-18,AAPLCL.SN,AAPL,221000.0,3
2026-02-19,AAPLCL.SN,AAPL,221000.0,0
2026-02-20,AAPLCL.SN,AAPL,221000.0,2
2026-02-23,AAPLCL.SN,AAPL,221000.0,26
2026-02-24,AAPLCL.SN,AAPL,221000.0,0
2026-02-25,AAPLCL.SN,AAPL,221000.0,1
2026-02-26,AAPLCL.SN,AAPL,221000.0,0
2026-02-27,AAPLCL.SN,AAPL,245000.0,42
2026-03-02,AAPLCL.SN,AAPL,245000.0,0
2026-03-03,AAPLCL.SN,AAPL,245000.0,0
2026-03-04,AAPLCL.SN,AAPL,236800.0,45
2026-03-05,AAPLCL.SN,AAPL,236800.0,9
2026-03-06,AAPLCL.SN,AAPL,236800.0,3
2026-03-09,AAPLCL.SN,AAPL,236800.0,0
2026-03-10,AAPLCL.SN,AAPL,236800.0,0
2026-03-11,AAPLCL.SN,AAPL,236800.0,0
2026-03-12,AAPLCL.SN,AAPL,236800.0,0
2026-03-13,AAPLCL.SN,AAPL,236800.0,3
2026-03-16,AAPLCL.SN,AAPL,236800.0,0
2026-03-17,AAPLCL.SN,AAPL,236800.0,0
2026-03-18,AAPLCL.SN,AAPL,236800.0,0
2026-03-19,AAPLCL.SN,AAPL,236800.0,0
2026-03-20,AAPLCL.SN,AAPL,236800.0,0
2026-03-23,AAPLCL.SN,AAPL,236800.0,1
2026-03-24,AAPLCL.SN,AAPL,236800.0,0
2026-03-25,AAPLCL.SN,AAPL,236800.0,1
2026-03-26,AAPLCL.SN,AAPL,236800.0,0
2026-03-27,AAPLCL.SN,AAPL,236800.0,8
2026-03-30,AAPLCL.SN,AAPL,236800.0,0
2026-03-31,AAPLCL.SN,AAPL,236800.0,5
2026-04-01,AAPLCL.SN,AAPL,236800.0,3
2026-04-02,AAPLCL.SN,AAPL,236800.0,2
2026-04-06,AAPLCL.SN,AAPL,236800.0,2
2026-04-07,AAPLCL.SN,AAPL,236800.0,0
2026-04-08,AAPLCL.SN,AAPL,236800.0,0
2026-04-09,AAPLCL.SN,AAPL,236800.0,0
2026-04-10,AAPLCL.SN,AAPL,236800.0,9
2026-04-13,AAPLCL.SN,AAPL,236800.0,7
2026-04-14,AAPLCL.SN,AAPL,236800.0,0
2026-04-15,AAPLCL.SN,AAPL,236800.0,3
2026-04-16,AAPLCL.SN,AAPL,236800.0,0
2026-04-17,AAPLCL.SN,AAPL,236800.0,0
2026-04-20,AAPLCL.SN,AAPL,236800.0,5
2026-04-21,AAPLCL.SN,AAPL,236800.0,0
2026-04-22,AAPLCL.SN,AAPL,236800.0,4
2026-04-23,AAPLCL.SN,AAPL,236800.0,3
2026-04-24,AAPLCL.SN,AAPL,236800.0,3
2026-04-27,AAPLCL.SN,AAPL,236800.0,0
2026-04-28,AAPLCL.SN,AAPL,236800.0,2
2026-04-29,AAPLCL.SN,AAPL,236800.0,1
2026-04-30,AAPLCL.SN,AAPL,236800.0,0
2026-05-04,AAPLCL.SN,AAPL,252300.0,82
2026-05-05,AAPLCL.SN,AAPL,252300.0,6
2026-05-06,AAPLCL.SN,AAPL,252300.0,29
2026-05-07,AAPLCL.SN,AAPL,252300.0,6
2026-05-08,AAPLCL.SN,AAPL,252300.0,24
2026-05-11,AAPLCL.SN,AAPL,252300.0,0
2026-05-12,AAPLCL.SN,AAPL,252300.0,0
2026-05-13,AAPLCL.SN,AAPL,252300.0,0
2026-05-14,AAPLCL.SN,AAPL,252300.0,6
2026-05-15,AAPLCL.SN,AAPL,252300.0,17
2026-05-18,AAPLCL.SN,AAPL,252300.0,3
2026-05-19,AAPLCL.SN,AAPL,252300.0,0
2026-05-20,AAPLCL.SN,AAPL,252300.0,0
2026-05-22,AAPLCL.SN,AAPL,252300.0,0
2026-05-25,AAPLCL.SN,AAPL,252300.0,0
2026-05-26,AAPLCL.SN,AAPL,252300.0,18
2026-05-27,AAPLCL.SN,AAPL,252300.0,5
2026-05-28,AAPLCL.SN,AAPL,252300.0,0
2026-05-29,AAPLCL.SN,AAPL,252300.0,1
2026-06-01,AAPLCL.SN,AAPL,252300.0,0
2026-06-02,AAPLCL.SN,AAPL,252300.0,0
2026-06-03,AAPLCL.SN,AAPL,252300.0,0
2026-06-04,AAPLCL.SN,AAPL,252300.0,0
2026-06-05,AAPLCL.SN,AAPL,252300.0,0
2026-06-08,AAPLCL.SN,AAPL,252300.0,0
2026-06-09,AAPLCL.SN,AAPL,252300.0,10
2026-06-10,AAPLCL.SN,AAPL,252300.0,0
2026-06-11,AAPLCL.SN,AAPL,252300.0,0
2026-06-12,AAPLCL.SN,AAPL,252300.0,9
2026-06-15,AAPLCL.SN,AAPL,252300.0,0
2026-06-16,AAPLCL.SN,AAPL,252300.0,0
2026-06-17,AAPLCL.SN,AAPL,252300.0,0
2026-06-18,AAPLCL.SN,AAPL,252300.0,0
2026-06-19,AAPLCL.SN,AAPL,252300.0,0
2026-06-22,AAPLCL.SN,AAPL,252300.0,0
2026-06-23,AAPLCL.SN,AAPL,252300.0,0
2026-06-24,AAPLCL.SN,AAPL,252300.0,1
2026-06-25,AAPLCL.SN,AAPL,252300.0,11
2026-06-26,AAPLCL.SN,AAPL,252300.0,2
2026-06-30,AAPLCL.SN,AAPL,252300.0,8
2026-07-01,AAPLCL.SN,AAPL,252300.0,9
2026-07-02,AAPLCL.SN,AAPL,252300.0,1
2026-07-03,AAPLCL.SN,AAPL,252300.0,0
2026-07-06,AAPLCL.SN,AAPL,252300.0,27
2026-07-07,AAPLCL.SN,AAPL,252300.0,0
2026-07-08,AAPLCL.SN,AAPL,252300.0,8
2026-07-09,AAPLCL.SN,AAPL,252300.0,0
2026-07-10,AAPLCL.SN,AAPL,252300.0,1
2026-07-13,AAPLCL.SN,AAPL,252300.0,0
2026-07-14,AAPLCL.SN,AAPL,252300.0,0
2026-07-15,AAPLCL.SN,AAPL,252300.0,0
2026-07-17,AAPLCL.SN,AAPL,252300.0,4
2026-07-20,AAPLCL.SN,AAPL,252300.0,0
2026-07-21,AAPLCL.SN,AAPL,305810.0,10
2026-07-22,AAPLCL.SN,AAPL,305810.0,0
2026-07-23,AAPLCL.SN,AAPL,305810.0,0
2026-07-24,AAPLCL.SN,AAPL,305810.0,1
2026-07-27,AAPLCL.SN,AAPL,305810.0,0
2026-07-28,AAPLCL.SN,AAPL,317840.0,0
2026-07-29,AAPLCL.SN,AAPL,317840.0,0
2026-07-30,AAPLCL.SN,AAPL,317840.0,0
2026-07-31,AAPLCL.SN,AAPL,317840.0,7
2026-08-03,AAPLCL.SN,AAPL,317840.0,0
2026-08-04,AAPLCL.SN,AAPL,282530.0,10
2026-08-05,AAPLCL.SN,AAPL,282530.0,2
2026-08-06,AAPLCL.SN,AAPL,282530.0,1
2026-08-07,AAPLCL.SN,AAPL,282530.0,0
2026-08-10,AAPLCL.SN,AAPL,282530.0,1
2026-08-11,AAPLCL.SN,AAPL,282460.0,1
2026-08-12,AAPLCL.SN,AAPL,282460.0,0
2026-08-13,AAPLCL.SN,AAPL,282460.0,0
2026-08-14,AAPLCL.SN,AAPL,282460.0,0
2026-08-17,AAPLCL.SN,AAPL,282460.0,0
2026-08-18,AAPLCL.SN,AAPL,279370.0,0
2026-08-19,AAPLCL.SN,AAPL,279370.0,0
2026-08-20,AAPLCL.SN,AAPL,279370.0,1
2026-08-21,AAPLCL.SN,AAPL,279370.0,0
2026-08-24,AAPLCL.SN,AAPL,279370.0,0
2026-08-25,AAPLCL.SN,AAPL,283850.0,0
2026-08-26,AAPLCL.SN,AAPL,283850.0,0
2026-08-27,AAPLCL.SN,AAPL,283850.0,0
2026-08-28,AAPLCL.SN,AAPL,283850.0,0
2026-08-31,AAPLCL.SN,AAPL,283850.0,0
2026-09-01,AAPLCL.SN,AAPL,295000.0,9
2026-09-02,AAPLCL.SN,AAPL,295000.0,0
2026-09-03,AAPLCL.SN,AAPL,295000.0,0
2026-09-04,AAPLCL.SN,AAPL,295000.0,4
2026-09-07,AAPLCL.SN,AAPL,295000.0,0
2026-09-08,AAPLCL.SN,AAPL,295000.0,0
2026-09-09,AAPLCL.SN,AAPL,290000.0,21
2026-09-10,AAPLCL.SN,AAPL,290000.0,0
2026-09-11,AAPLCL.SN,AAPL,290000.0,5
2026-09-14,AAPLCL.SN,AAPL,290000.0,0
2026-09-15,AAPLCL.SN,AAPL,318930.0,0
2026-09-16,AAPLCL.SN,AAPL,318930.0,0
2026-09-17,AAPLCL.SN,AAPL,318930.0,0
2026-09-21,AAPLCL.SN,AAPL,318930.0,0
2024-09-23,ABTCL.SN,ABT,108200.0,0
2024-09-24,ABTCL.SN,ABT,108200.0,0
2024-09-25,ABTCL.SN,ABT,108200.0,0
2024-09-26,ABTCL.SN,ABT,108200.0,0
2024-09-27,ABTCL.SN,ABT,108200.0,0
2024-09-30,ABTCL.SN,ABT,108200.0,0
2024-10-01,ABTCL.SN,ABT,108200.0,0
2024-10-02,ABTCL.SN,ABT,108200.0,0
2024-10-03,ABTCL.SN,ABT,108200.0,0
2024-10-04,ABTCL.SN,ABT,108200.0,0
2024-10-07,ABTCL.SN,ABT,108200.0,0
2024-10-08,ABTCL.SN,ABT,108200.0,0
2024-10-09,ABTCL.SN,ABT,108200.0,0
2024-10-10,ABTCL.SN,ABT,108200.0,0
2024-10-11,ABTCL.SN,ABT,108200.0,0
2024-10-14,ABTCL.SN,ABT,108200.0,0
2024-10-15,ABTCL.SN,ABT,108200.0,0
2024-10-16,ABTCL.SN,ABT,108200.0,0
2024-10-17,ABTCL.SN,ABT,108200.0,0
2024-10-18,ABTCL.SN,ABT,108200.0,0
2024-10-21,ABTCL.SN,ABT,108200.0,0
2024-10-22,ABTCL.SN,ABT,108200.0,0
2024-10-23,ABTCL.SN,ABT,108200.0,0
2024-10-24,ABTCL.SN,ABT,108200.0,0
2024-10-25,ABTCL.SN,ABT,108200.0,0
2024-10-28,ABTCL.SN,ABT,108200.0,0
2024-10-29,ABTCL.SN,ABT,108200.0,0
2024-10-30,ABTCL.SN,ABT,108200.0,0
2024-11-04,ABTCL.SN,ABT,108200.0,0
2024-11-05,ABTCL.SN,ABT,108200.0,0
2024-11-06,ABTCL.SN,ABT,108200.0,0
2024-11-07,ABTCL.SN,ABT,108200.0,0
2024-11-08,ABTCL.SN,ABT,108200.0,0
2024-11-11,ABTCL.SN,ABT,108200.0,0
2024-11-12,ABTCL.SN,ABT,108200.0,0
2024-11-13,ABTCL.SN,ABT,108200.0,0
2024-11-14,ABTCL.SN,ABT,108200.0,0
2024-11-15,ABTCL.SN,ABT,108200.0,0
2024-11-18,ABTCL.SN,ABT,108200.0,0
2024-11-19,ABTCL.SN,ABT,108200.0,0
2024-11-20,ABTCL.SN,ABT,108200.0,0
2024-11-21,ABTCL.SN,ABT,108200.0,0
2024-11-22,ABTCL.SN,ABT,108200.0,0
2024-11-25,ABTCL.SN,ABT,108200.0,0
2024-11-26,ABTCL.SN,ABT,108200.0,0
2024-11-27,ABTCL.SN,ABT,108200.0,0
2024-11-28,ABTCL.SN,ABT,108200.0,0
2024-11-29,ABTCL.SN,ABT,108200.0,0
2024-12-02,ABTCL.SN,ABT,108200.0,0
2024-12-03,ABTCL.SN,ABT,108200.0,9
2024-12-04,ABTCL.SN,ABT,108200.0,0
2024-12-05,ABTCL.SN,ABT,108200.0,0
2024-12-06,ABTCL.SN,ABT,108200.0,0
2024-12-09,ABTCL.SN,ABT,108200.0,0
2024-12-10,ABTCL.SN,ABT,108200.0,0
2024-12-11,ABTCL.SN,ABT,108200.0,0
2024-12-12,ABTCL.SN,ABT,108200.0,0
2024-12-13,ABTCL.SN,ABT,108200.0,0
2024-12-16,ABTCL.SN,ABT,108200.0,0
2024-12-17,ABTCL.SN,ABT,108200.0,0
2024-12-18,ABTCL.SN,ABT,108200.0,12
2024-12-19,ABTCL.SN,ABT,108200.0,0
2024-12-20,ABTCL.SN,ABT,108200.0,0
2024-12-23,ABTCL.SN,ABT,108200.0,0
2024-12-24,ABTCL.SN,ABT,108200.0,0
2024-12-26,ABTCL.SN,ABT,108200.0,0
2024-12-27,ABTCL.SN,ABT,108200.0,0
2024-12-30,ABTCL.SN,ABT,108200.0,0
2025-01-02,ABTCL.SN,ABT,108200.0,0
2025-01-03,ABTCL.SN,ABT,108200.0,0
2025-01-06,ABTCL.SN,ABT,108200.0,0
2025-01-07,ABTCL.SN,ABT,108200.0,0
2025-01-08,ABTCL.SN,ABT,108200.0,0
2025-01-09,ABTCL.SN,ABT,108200.0,0
2025-01-10,ABTCL.SN,ABT,108200.0,0
2025-01-13,ABTCL.SN,ABT,108200.0,0
2025-01-14,ABTCL.SN,ABT,108200.0,0
2025-01-15,ABTCL.SN,ABT,108200.0,0
2025-01-16,ABTCL.SN,ABT,108200.0,0
2025-01-17,ABTCL.SN,ABT,108200.0,0
2025-01-20,ABTCL.SN,ABT,108200.0,0
2025-01-21,ABTCL.SN,ABT,108200.0,4
2025-01-22,ABTCL.SN,ABT,108200.0,0
2025-01-23,ABTCL.SN,ABT,108200.0,0
2025-01-24,ABTCL.SN,ABT,108200.0,0
2025-01-27,ABTCL.SN,ABT,108200.0,0
2025-01-28,ABTCL.SN,ABT,108200.0,0
2025-01-29,ABTCL.SN,ABT,108200.0,0
2025-01-30,ABTCL.SN,ABT,108200.0,0
2025-01-31,ABTCL.SN,ABT,108200.0,0
2025-02-03,ABTCL.SN,ABT,108200.0,0
2025-02-04,ABTCL.SN,ABT,108200.0,0
2025-02-05,ABTCL.SN,ABT,108200.0,0
2025-02-06,ABTCL.SN,ABT,108200.0,0
2025-02-07,ABTCL.SN,ABT,108200.0,0
2025-02-10,ABTCL.SN,ABT,108200.0,0
2025-02-11,ABTCL.SN,ABT,108200.0,0
2025-02-12,ABTCL.SN,ABT,108200.0,0
2025-02-13,ABTCL.SN,ABT,108200.0,0
2025-02-14,ABTCL.SN,ABT,108200.0,0
2025-02-17,ABTCL.SN,ABT,108200.0,0
2025-02-18,ABTCL.SN,ABT,108200.0,0
2025-02-19,ABTCL.SN,ABT,108200.0,0
2025-02-20,ABTCL.SN,ABT,108200.0,0
2025-02-21,ABTCL.SN,ABT,108200.0,0
2025-02-24,ABTCL.SN,ABT,108200.0,0
2025-02-25,ABTCL.SN,ABT,108200.0,0
2025-02-26,ABTCL.SN,ABT,108200.0,0
2025-02-27,ABTCL.SN,ABT,108200.0,0
2025-02-28,ABTCL.SN,ABT,108200.0,0
2025-03-03,ABTCL.SN,ABT,108200.0,0
2025-03-04,ABTCL.SN,ABT,108200.0,0
2025-03-05,ABTCL.SN,ABT,108200.0,0
2025-03-06,ABTCL.SN,ABT,108200.0,0
2025-03-07,ABTCL.SN,ABT,108200.0,0
2025-03-10,ABTCL.SN,ABT,108200.0,0
2025-03-11,ABTCL.SN,ABT,108200.0,0
2025-03-12,ABTCL.SN,ABT,108200.0,1
2025-03-13,ABTCL.SN,ABT,108200.0,0
2025-03-14,ABTCL.SN,ABT,108200.0,0
2025-03-17,ABTCL.SN,ABT,108200.0,0
2025-03-18,ABTCL.SN,ABT,108200.0,0
2025-03-19,ABTCL.SN,ABT,108200.0,0
2025-03-20,ABTCL.SN,ABT,108200.0,0
2025-03-21,ABTCL.SN,ABT,108200.0,0
2025-03-24,ABTCL.SN,ABT,108200.0,0
2025-03-25,ABTCL.SN,ABT,108200.0,0
2025-03-26,ABTCL.SN,ABT,108200.0,0
2025-03-27,ABTCL.SN,ABT,108200.0,0
2025-03-28,ABTCL.SN,ABT,108200.0,0
2025-03-31,ABTCL.SN,ABT,108200.0,0
2025-04-01,ABTCL.SN,ABT,108200.0,0
2025-04-02,ABTCL.SN,ABT,108200.0,0
2025-04-03,ABTCL.SN,ABT,108200.0,0
2025-04-04,ABTCL.SN,ABT,108200.0,0
2025-04-07,ABTCL.SN,ABT,108200.0,0
2025-04-08,ABTCL.SN,ABT,108200.0,0
2025-04-09,ABTCL.SN,ABT,108200.0,0
2025-04-10,ABTCL.SN,ABT,108200.0,0
2025-04-11,ABTCL.SN,ABT,108200.0,0
2025-04-14,ABTCL.SN,ABT,108200.0,0
2025-04-15,ABTCL.SN,ABT,108200.0,0
2025-04-16,ABTCL.SN,ABT,108200.0,0
2025-04-17,ABTCL.SN,ABT,108200.0,0
2025-04-21,ABTCL.SN,ABT,108200.0,0
2025-04-22,ABTCL.SN,ABT,108200.0,0
2025-04-23,ABTCL.SN,ABT,108200.0,0
2025-04-24,ABTCL.SN,ABT,108200.0,0
2025-04-25,ABTCL.SN,ABT,108200.0,0
2025-04-28,ABTCL.SN,ABT,108200.0,0
2025-04-29,ABTCL.SN,ABT,108200.0,0
2025-04-30,ABTCL.SN,ABT,108200.0,0
2025-05-02,ABTCL.SN,ABT,108200.0,0
2025-05-05,ABTCL.SN,ABT,108200.0,0
2025-05-06,ABTCL.SN,ABT,108200.0,0
2025-05-07,ABTCL.SN,ABT,108200.0,0
2025-05-08,ABTCL.SN,ABT,108200.0,0
2025-05-09,ABTCL.SN,ABT,108200.0,0
2025-05-12,ABTCL.SN,ABT,108200.0,0
2025-05-13,ABTCL.SN,ABT,108200.0,0
2025-05-14,ABTCL.SN,ABT,108200.0,0
2025-05-15,ABTCL.SN,ABT,108200.0,0
2025-05-16,ABTCL.SN,ABT,108200.0,0
2025-05-19,ABTCL.SN,ABT,108200.0,0
2025-05-20,ABTCL.SN,ABT,108200.0,0
2025-05-22,ABTCL.SN,ABT,108200.0,0
2025-05-23,ABTCL.SN,ABT,108200.0,0
2025-05-26,ABTCL.SN,ABT,108200.0,0
2025-05-27,ABTCL.SN,ABT,108200.0,0
2025-05-28,ABTCL.SN,ABT,108200.0,0
2025-05-29,ABTCL.SN,ABT,108200.0,0
2025-05-30,ABTCL.SN,ABT,108200.0,0
2025-06-02,ABTCL.SN,ABT,108200.0,0
2025-06-03,ABTCL.SN,ABT,108200.0,0
2025-06-04,ABTCL.SN,ABT,108200.0,0
2025-06-05,ABTCL.SN,ABT,108200.0,0
2025-06-06,ABTCL.SN,ABT,108200.0,0
2025-06-09,ABTCL.SN,ABT,108200.0,0
2025-06-10,ABTCL.SN,ABT,108200.0,0
2025-06-11,ABTCL.SN,ABT,108200.0,0
2025-06-12,ABTCL.SN,ABT,108200.0,0
2025-06-13,ABTCL.SN,ABT,108200.0,0
2025-06-16,ABTCL.SN,ABT,108200.0,0
2025-06-17,ABTCL.SN,ABT,108200.0,0
2025-06-18,ABTCL.SN,ABT,108200.0,0
2025-06-19,ABTCL.SN,ABT,108200.0,0
2025-06-23,ABTCL.SN,ABT,108200.0,0
2025-06-24,ABTCL.SN,ABT,108200.0,0
2025-06-25,ABTCL.SN,ABT,108200.0,0
2025-06-26,ABTCL.SN,ABT,108200.0,0
2025-06-27,ABTCL.SN,ABT,108200.0,0
2025-06-30,ABTCL.SN,ABT,108200.0,0
2025-07-01,ABTCL.SN,ABT,108200.0,0
2025-07-02,ABTCL.SN,ABT,108200.0,0
2025-07-03,ABTCL.SN,ABT,108200.0,0
2025-07-04,ABTCL.SN,ABT,108200.0,0
2025-07-07,ABTCL.SN,ABT,108200.0,0
2025-07-08,ABTCL.SN,ABT,108200.0,0
2025-07-09,ABTCL.SN,ABT,108200.0,0
2025-07-10,ABTCL.SN,ABT,108200.0,0
2025-07-11,ABTCL.SN,ABT,108200.0,0
2025-07-14,ABTCL.SN,ABT,108200.0,0
2025-07-15,ABTCL.SN,ABT,108200.0,0
2025-07-17,ABTCL.SN,ABT,108200.0,1
2025-07-18,ABTCL.SN,ABT,108200.0,0
2025-07-21,ABTCL.SN,ABT,108200.0,0
2025-07-22,ABTCL.SN,ABT,108200.0,0
2025-07-23,ABTCL.SN,ABT,108200.0,0
2025-07-24,ABTCL.SN,ABT,108200.0,0
2025-07-25,ABTCL.SN,ABT,108200.0,0
2025-07-28,ABTCL.SN,ABT,108200.0,0
2025-07-29,ABTCL.SN,ABT,108200.0,0
2025-07-30,ABTCL.SN,ABT,108200.0,0
2025-07-31,ABTCL.SN,ABT,108200.0,0
2025-08-01,ABTCL.SN,ABT,108200.0,0
2025-08-04,ABTCL.SN,ABT,108200.0,0
2025-08-05,ABTCL.SN,ABT,108200.0,0
2025-08-06,ABTCL.SN,ABT,108200.0,0
2025-08-07,ABTCL.SN,ABT,108200.0,0
2025-08-08,ABTCL.SN,ABT,108200.0,0
2025-08-11,ABTCL.SN,ABT,108200.0,0
2025-08-12,ABTCL.SN,ABT,108200.0,0
2025-08-13,ABTCL.SN,ABT,108200.0,0
2025-08-14,ABTCL.SN,ABT,108200.0,0
2025-08-18,ABTCL.SN,ABT,108200.0,0
2025-08-19,ABTCL.SN,ABT,108200.0,0
2025-08-20,ABTCL.SN,ABT,108200.0,0
2025-08-21,ABTCL.SN,ABT,108200.0,0
2025-08-22,ABTCL.SN,ABT,108200.0,0
2025-08-25,ABTCL.SN,ABT,108200.0,0
2025-08-26,ABTCL.SN,ABT,108200.0,0
2025-08-27,ABTCL.SN,ABT,108200.0,0
2025-08-28,ABTCL.SN,ABT,108200.0,0
2025-08-29,ABTCL.SN,ABT,108200.0,0
2025-09-01,ABTCL.SN,ABT,108200.0,0
2025-09-02,ABTCL.SN,ABT,108200.0,0
2025-09-03,ABTCL.SN,ABT,108200.0,0
2025-09-04,ABTCL.SN,ABT,108200.0,0
2025-09-05,ABTCL.SN,ABT,108200.0,0
2025-09-08,ABTCL.SN,ABT,108200.0,0
2025-09-09,ABTCL.SN,ABT,108200.0,0
2025-09-10,ABTCL.SN,ABT,108200.0,0
2025-09-11,ABTCL.SN,ABT,108200.0,0
2025-09-12,ABTCL.SN,ABT,108200.0,0
2025-09-15,ABTCL.SN,ABT,108200.0,0
2025-09-16,ABTCL.SN,ABT,108200.0,0
2025-09-17,ABTCL.SN,ABT,108200.0,0
2025-09-22,ABTCL.SN,ABT,108200.0,0
2025-09-23,ABTCL.SN,ABT,108200.0,0
2025-09-24,ABTCL.SN,ABT,108200.0,0
2025-09-25,ABTCL.SN,ABT,108200.0,0
2025-09-26,ABTCL.SN,ABT,108200.0,0
2025-09-29,ABTCL.SN,ABT,108200.0,0
2025-09-30,ABTCL.SN,ABT,108200.0,0
2025-10-01,ABTCL.SN,ABT,108200.0,0
2025-10-02,ABTCL.SN,ABT,108200.0,0
2025-10-03,ABTCL.SN,ABT,108200.0,0
2025-10-06,ABTCL.SN,ABT,108200.0,0
2025-10-07,ABTCL.SN,ABT,108200.0,0
2025-10-08,ABTCL.SN,ABT,108200.0,0
2025-10-09,ABTCL.SN,ABT,108200.0,0
2025-10-10,ABTCL.SN,ABT,108200.0,0
2025-10-13,ABTCL.SN,ABT,108200.0,0
2025-10-14,ABTCL.SN,ABT,108200.0,0
2025-10-15,ABTCL.SN,ABT,108200.0,0
2025-10-16,ABTCL.SN,ABT,108200.0,0
2025-10-17,ABTCL.SN,ABT,108200.0,0
2025-10-20,ABTCL.SN,ABT,108200.0,0
2025-10-21,ABTCL.SN,ABT,108200.0,0
2025-10-22,ABTCL.SN,ABT,108200.0,0
2025-10-23,ABTCL.SN,ABT,108200.0,0
2025-10-24,ABTCL.SN,ABT,108200.0,0
2025-10-27,ABTCL.SN,ABT,108200.0,0
2025-10-28,ABTCL.SN,ABT,108200.0,0
2025-10-29,ABTCL.SN,ABT,108200.0,29
2025-10-30,ABTCL.SN,ABT,108200.0,0
2025-11-03,ABTCL.SN,ABT,108200.0,0
2025-11-04,ABTCL.SN,ABT,108200.0,0
2025-11-05,ABTCL.SN,ABT,108200.0,0
2025-11-06,ABTCL.SN,ABT,108200.0,0
2025-11-07,ABTCL.SN,ABT,108200.0,0
2025-11-10,ABTCL.SN,ABT,108200.0,0
2025-11-11,ABTCL.SN,ABT,108200.0,0
2025-11-12,ABTCL.SN,ABT,108200.0,0
2025-11-13,ABTCL.SN,ABT,108200.0,0
2025-11-14,ABTCL.SN,ABT,108200.0,0
2025-11-17,ABTCL.SN,ABT,108200.0,0
2025-11-18,ABTCL.SN,ABT,108200.0,0
2025-11-19,ABTCL.SN,ABT,108200.0,0
2025-11-20,ABTCL.SN,ABT,108200.0,0
2025-11-21,ABTCL.SN,ABT,108200.0,0
2025-11-24,ABTCL.SN,ABT,108200.0,0
2025-11-25,ABTCL.SN,ABT,108200.0,0
2025-11-26,ABTCL.SN,ABT,108200.0,0
2025-11-27,ABTCL.SN,ABT,108200.0,0
2025-11-28,ABTCL.SN,ABT,108200.0,0
2025-12-01,ABTCL.SN,ABT,108200.0,0
2025-12-02,ABTCL.SN,ABT,108200.0,0
2025-12-03,ABTCL.SN,ABT,108200.0,0
2025-12-04,ABTCL.SN,ABT,108200.0,0
2025-12-05,ABTCL.SN,ABT,108200.0,0
2025-12-09,ABTCL.SN,ABT,108200.0,0
2025-12-10,ABTCL.SN,ABT,108200.0,0
2025-12-11,ABTCL.SN,ABT,108200.0,0
2025-12-12,ABTCL.SN,ABT,108200.0,0
2025-12-15,ABTCL.SN,ABT,108200.0,0
2025-12-16,ABTCL.SN,ABT,108200.0,0
2025-12-17,ABTCL.SN,ABT,108200.0,0
2025-12-18,ABTCL.SN,ABT,108200.0,0
2025-12-19,ABTCL.SN,ABT,108200.0,0
2025-12-22,ABTCL.SN,ABT,108200.0,0
2025-12-23,ABTCL.SN,ABT,108200.0,0
2025-12-24,ABTCL.SN,ABT,108200.0,0
2025-12-26,ABTCL.SN,ABT,108200.0,0
2025-12-29,ABTCL.SN,ABT,108200.0,0
2025-12-30,ABTCL.SN,ABT,108200.0,0
2026-01-02,ABTCL.SN,ABT,108200.0,0
2026-01-05,ABTCL.SN,ABT,108200.0,0
2026-01-06,ABTCL.SN,ABT,108200.0,0
2026-01-07,ABTCL.SN,ABT,108200.0,0
2026-01-08,ABTCL.SN,ABT,108200.0,0
2026-01-09,ABTCL.SN,ABT,108200.0,0
2026-01-12,ABTCL.SN,ABT,108200.0,0
2026-01-13,ABTCL.SN,ABT,108200.0,0
2026-01-14,ABTCL.SN,ABT,108200.0,0
2026-01-15,ABTCL.SN,ABT,108200.0,0
2026-01-16,ABTCL.SN,ABT,108200.0,0
2026-01-19,ABTCL.SN,ABT,108200.0,0
2026-01-20,ABTCL.SN,ABT,108200.0,0
2026-01-21,ABTCL.SN,ABT,108200.0,0
2026-01-22,ABTCL.SN,ABT,108200.0,0
2026-01-23,ABTCL.SN,ABT,108200.0,2
2026-01-26,ABTCL.SN,ABT,108200.0,0
2026-01-27,ABTCL.SN,ABT,108200.0,0
2026-01-28,ABTCL.SN,ABT,108200.0,0
2026-01-29,ABTCL.SN,ABT,108200.0,0
2026-01-30,ABTCL.SN,ABT,108200.0,11
2026-02-02,ABTCL.SN,ABT,108200.0,0
2026-02-03,ABTCL.SN,ABT,108200.0,0
2026-02-04,ABTCL.SN,ABT,108200.0,0
2026-02-05,ABTCL.SN,ABT,108200.0,0
2026-02-06,ABTCL.SN,ABT,108200.0,1
2026-02-09,ABTCL.SN,ABT,108200.0,0
2026-02-10,ABTCL.SN,ABT,108200.0,0
2026-02-11,ABTCL.SN,ABT,108200.0,0
2026-02-12,ABTCL.SN,ABT,108200.0,0
2026-02-13,ABTCL.SN,ABT,108200.0,0
2026-02-16,ABTCL.SN,ABT,108200.0,0
2026-02-17,ABTCL.SN,ABT,108200.0,0
2026-02-18,ABTCL.SN,ABT,108200.0,0
2026-02-19,ABTCL.SN,ABT,108200.0,0
2026-02-20,ABTCL.SN,ABT,108200.0,0
2026-02-23,ABTCL.SN,ABT,108200.0,0
2026-02-24,ABTCL.SN,ABT,108200.0,0
2026-02-25,ABTCL.SN,ABT,108200.0,0
2026-02-26,ABTCL.SN,ABT,108200.0,0
2026-02-27,ABTCL.SN,ABT,108200.0,0
2026-03-02,ABTCL.SN,ABT,108200.0,0
2026-03-03,ABTCL.SN,ABT,108200.0,0
2026-03-04,ABTCL.SN,ABT,108200.0,0
2026-03-05,ABTCL.SN,ABT,108200.0,0
2026-03-06,ABTCL.SN,ABT,108200.0,0
2026-03-09,ABTCL.SN,ABT,108200.0,0
2026-03-10,ABTCL.SN,ABT,108200.0,0
2026-03-11,ABTCL.SN,ABT,108200.0,0
2026-03-12,ABTCL.SN,ABT,108200.0,0
2026-03-13,ABTCL.SN,ABT,108200.0,0
2026-03-16,ABTCL.SN,ABT,108200.0,0
2026-03-17,ABTCL.SN,ABT,108200.0,0
2026-03-18,ABTCL.SN,ABT,108200.0,0
2026-03-19,ABTCL.SN,ABT,108200.0,0
2026-03-20,ABTCL.SN,ABT,108200.0,0
2026-03-23,ABTCL.SN,ABT,108200.0,0
2026-03-24,ABTCL.SN,ABT,108200.0,0
2026-03-25,ABTCL.SN,ABT,108200.0,0
2026-03-26,ABTCL.SN,ABT,108200.0,0
2026-03-27,ABTCL.SN,ABT,108200.0,0
2026-03-30,ABTCL.SN,ABT,108200.0,0
2026-03-31,ABTCL.SN,ABT,108200.0,0
2026-04-01,ABTCL.SN,ABT,108200.0,0
2026-04-02,ABTCL.SN,ABT,108200.0,0
2026-04-06,ABTCL.SN,ABT,108200.0,0
2026-04-07,ABTCL.SN,ABT,108200.0,0
2026-04-08,ABTCL.SN,ABT,108200.0,0
2026-04-09,ABTCL.SN,ABT,108200.0,0
2026-04-10,ABTCL.SN,ABT,108200.0,2
2026-04-13,ABTCL.SN,ABT,108200.0,0
2026-04-14,ABTCL.SN,ABT,108200.0,0
2026-04-15,ABTCL.SN,ABT,108200.0,0
2026-04-16,ABTCL.SN,ABT,108200.0,0
2026-04-17,ABTCL.SN,ABT,108200.0,0
2026-04-20,ABTCL.SN,ABT,108200.0,0
2026-04-21,ABTCL.SN,ABT,108200.0,0
2026-04-22,ABTCL.SN,ABT,108200.0,0
2026-04-23,ABTCL.SN,ABT,108200.0,0
2026-04-24,ABTCL.SN,ABT,108200.0,0
2026-04-27,ABTCL.SN,ABT,108200.0,0
2026-04-28,ABTCL.SN,ABT,108200.0,0
2026-04-29,ABTCL.SN,ABT,108200.0,0
2026-04-30,ABTCL.SN,ABT,108200.0,0
2026-05-04,ABTCL.SN,ABT,108200.0,0
2026-05-05,ABTCL.SN,ABT,108200.0,0
2026-05-06,ABTCL.SN,ABT,108200.0,0
2026-05-07,ABTCL.SN,ABT,108200.0,0
2026-05-08,ABTCL.SN,ABT,108200.0,0
2026-05-11,ABTCL.SN,ABT,108200.0,0
2026-05-12,ABTCL.SN,ABT,108200.0,0
2026-05-13,ABTCL.SN,ABT,108200.0,0
2026-05-14,ABTCL.SN,ABT,108200.0,0
2026-05-15,ABTCL.SN,ABT,108200.0,0
2026-05-18,ABTCL.SN,ABT,108200.0,0
2026-05-19,ABTCL.SN,ABT,108200.0,0
2026-05-20,ABTCL.SN,ABT,108200.0,0
2026-05-22,ABTCL.SN,ABT,108200.0,0
2026-05-25,ABTCL.SN,ABT,108200.0,0
2026-05-26,ABTCL.SN,ABT,108200.0,0
2026-05-27,ABTCL.SN,ABT,108200.0,0
2026-05-28,ABTCL.SN,ABT,108200.0,0
2026-05-29,ABTCL.SN,ABT,108200.0,75
2026-06-01,ABTCL.SN,ABT,108200.0,0
2026-06-02,ABTCL.SN,ABT,108200.0,0
2026-06-03,ABTCL.SN,ABT,108200.0,0
2026-06-04,ABTCL.SN,ABT,108200.0,0
2026-06-05,ABTCL.SN,ABT,108200.0,0
2026-06-08,ABTCL.SN,ABT,108200.0,0
2026-06-09,ABTCL.SN,ABT,108200.0,0
2026-06-10,ABTCL.SN,ABT,108200.0,0
2026-06-11,ABTCL.SN,ABT,108200.0,0
2026-06-12,ABTCL.SN,ABT,108200.0,0
2026-06-15,ABTCL.SN,ABT,108200.0,0
2026-06-16,ABTCL.SN,ABT,108200.0,0
2026-06-17,ABTCL.SN,ABT,108200.0,0
2026-06-18,ABTCL.SN,ABT,108200.0,0
2026-06-19,ABTCL.SN,ABT,108200.0,0
2026-06-22,ABTCL.SN,ABT,108200.0,0
2026-06-23,ABTCL.SN,ABT,108200.0,0
2026-06-24,ABTCL.SN,ABT,108200.0,0
2026-06-25,ABTCL.SN,ABT,108200.0,0
2026-06-26,ABTCL.SN,ABT,108200.0,0
2026-06-30,ABTCL.SN,ABT,108200.0,20
2026-07-01,ABTCL.SN,ABT,108200.0,3
2026-07-02,ABTCL.SN,ABT,108200.0,0
2026-07-03,ABTCL.SN,ABT,108200.0,0
2026-07-06,ABTCL.SN,ABT,108200.0,0
2026-07-07,ABTCL.SN,ABT,108200.0,0
2026-07-08,ABTCL.SN,ABT,108200.0,0
2026-07-09,ABTCL.SN,ABT,108200.0,0
2026-07-10,ABTCL.SN,ABT,108200.0,0
2026-07-13,ABTCL.SN,ABT,108200.0,0
2026-07-14,ABTCL.SN,ABT,108200.0,0
2026-07-15,ABTCL.SN,ABT,108200.0,0
2026-07-17,ABTCL.SN,ABT,108200.0,0
2026-07-20,ABTCL.SN,ABT,108200.0,0
2026-07-21,ABTCL.SN,ABT,94849.0,0
2026-07-22,ABTCL.SN,ABT,94849.0,0
2026-07-23,ABTCL.SN,ABT,94849.0,0
2026-07-24,ABTCL.SN,ABT,94849.0,0
2026-07-27,ABTCL.SN,ABT,94849.0,0
2026-07-28,ABTCL.SN,ABT,98576.0,0
2026-07-29,ABTCL.SN,ABT,98576.0,0
2026-07-30,ABTCL.SN,ABT,98576.0,0
2026-07-31,ABTCL.SN,ABT,98576.0,0
2026-08-03,ABTCL.SN,ABT,98576.0,0
2026-08-04,ABTCL.SN,ABT,99074.0,0
2026-08-05,ABTCL.SN,ABT,99074.0,0
2026-08-06,ABTCL.SN,ABT,99074.0,0
2026-08-07,ABTCL.SN,ABT,99074.0,0
2026-08-10,ABTCL.SN,ABT,99074.0,0
2026-08-11,ABTCL.SN,ABT,99529.0,0
2026-08-12,ABTCL.SN,ABT,99529.0,0
2026-08-13,ABTCL.SN,ABT,99529.0,0
2026-08-14,ABTCL.SN,ABT,99529.0,0
2026-08-17,ABTCL.SN,ABT,99529.0,0
2026-08-18,ABTCL.SN,ABT,100900.0,0
2026-08-19,ABTCL.SN,ABT,100900.0,0
2026-08-20,ABTCL.SN,ABT,100900.0,0
2026-08-21,ABTCL.SN,ABT,100900.0,0
2026-08-24,ABTCL.SN,ABT,100900.0,0
2026-08-25,ABTCL.SN,ABT,106710.0,0
2026-08-26,ABTCL.SN,ABT,106710.0,0
2026-08-27,ABTCL.SN,ABT,106710.0,0
2026-08-28,ABTCL.SN,ABT,106710.0,0
2026-08-31,ABTCL.SN,ABT,106710.0,0
2026-09-01,ABTCL.SN,ABT,106710.0,0
2026-09-02,ABTCL.SN,ABT,106710.0,0
2026-09-03,ABTCL.SN,ABT,106710.0,0
2026-09-04,ABTCL.SN,ABT,106710.0,0
2026-09-07,ABTCL.SN,ABT,106710.0,0
2026-09-08,ABTCL.SN,ABT,106710.0,0
2026-09-09,ABTCL.SN,ABT,98005.0,0
2026-09-10,ABTCL.SN,ABT,98005.0,0
2026-09-11,ABTCL.SN,ABT,98005.0,0
2026-09-14,ABTCL.SN,ABT,98005.0,0
2026-09-15,ABTCL.SN,ABT,98712.0,0
2026-09-16,ABTCL.SN,ABT,98712.0,0
2026-09-17,ABTCL.SN,ABT,98712.0,0
2026-09-21,ABTCL.SN,ABT,98712.0,0
2024-09-23,AMZNCL.SN,AMZN,159100.0,38
2024-09-24,AMZNCL.SN,AMZN,159100.0,10
2024-09-25,AMZNCL.SN,AMZN,159100.0,0
2024-09-26,AMZNCL.SN,AMZN,159100.0,0
2024-09-27,AMZNCL.SN,AMZN,159100.0,0
2024-09-30,AMZNCL.SN,AMZN,159100.0,17
2024-10-01,AMZNCL.SN,AMZN,159100.0,3
2024-10-02,AMZNCL.SN,AMZN,159100.0,0
2024-10-03,AMZNCL.SN,AMZN,159100.0,0
2024-10-04,AMZNCL.SN,AMZN,159100.0,22
2024-10-07,AMZNCL.SN,AMZN,159100.0,0
2024-10-08,AMZNCL.SN,AMZN,159100.0,0
2024-10-09,AMZNCL.SN,AMZN,159100.0,0
2024-10-10,AMZNCL.SN,AMZN,159100.0,6
2024-10-11,AMZNCL.SN,AMZN,159100.0,0
2024-10-14,AMZNCL.SN,AMZN,159100.0,5
2024-10-15,AMZNCL.SN,AMZN,159100.0,0
2024-10-16,AMZNCL.SN,AMZN,159100.0,11
2024-10-17,AMZNCL.SN,AMZN,159100.0,0
2024-10-18,AMZNCL.SN,AMZN,159100.0,8
2024-10-21,AMZNCL.SN,AMZN,159100.0,4
2024-10-22,AMZNCL.SN,AMZN,159100.0,1
2024-10-23,AMZNCL.SN,AMZN,159100.0,0
2024-10-24,AMZNCL.SN,AMZN,159100.0,0
2024-10-25,AMZNCL.SN,AMZN,159100.0,0
2024-10-28,AMZNCL.SN,AMZN,179410.0,112
2024-10-29,AMZNCL.SN,AMZN,180792.0,77
2024-10-30,AMZNCL.SN,AMZN,180792.0,0
2024-11-04,AMZNCL.SN,AMZN,188401.0,1152
2024-11-05,AMZNCL.SN,AMZN,187881.0,43
2024-11-06,AMZNCL.SN,AMZN,197900.0,117
2024-11-07,AMZNCL.SN,AMZN,199831.0,42
2024-11-08,AMZNCL.SN,AMZN,203332.0,60
2024-11-11,AMZNCL.SN,AMZN,203342.0,58
2024-11-12,AMZNCL.SN,AMZN,203170.0,103
2024-11-13,AMZNCL.SN,AMZN,203170.0,34
2024-11-14,AMZNCL.SN,AMZN,207600.0,106
2024-11-15,AMZNCL.SN,AMZN,199674.0,73
2024-11-18,AMZNCL.SN,AMZN,199674.0,18
2024-11-19,AMZNCL.SN,AMZN,197150.0,49
2024-11-20,AMZNCL.SN,AMZN,197150.0,2
2024-11-21,AMZNCL.SN,AMZN,194186.0,62
2024-11-22,AMZNCL.SN,AMZN,194186.0,27
2024-11-25,AMZNCL.SN,AMZN,194186.0,11
2024-11-26,AMZNCL.SN,AMZN,202400.0,86
2024-11-27,AMZNCL.SN,AMZN,202950.0,102
2024-11-28,AMZNCL.SN,AMZN,202950.0,0
2024-11-29,AMZNCL.SN,AMZN,201820.0,96
2024-12-02,AMZNCL.SN,AMZN,208192.0,877
2024-12-03,AMZNCL.SN,AMZN,208035.0,47
2024-12-04,AMZNCL.SN,AMZN,212793.0,67
2024-12-05,AMZNCL.SN,AMZN,214488.0,76
2024-12-06,AMZNCL.SN,AMZN,219256.0,57
2024-12-09,AMZNCL.SN,AMZN,219500.0,90
2024-12-10,AMZNCL.SN,AMZN,221850.0,41
2024-12-11,AMZNCL.SN,AMZN,225386.0,58
2024-12-12,AMZNCL.SN,AMZN,226177.0,98
2024-12-13,AMZNCL.SN,AMZN,224000.0,257
2024-12-16,AMZNCL.SN,AMZN,230000.0,35
2024-12-17,AMZNCL.SN,AMZN,230000.0,16
2024-12-18,AMZNCL.SN,AMZN,227777.0,35
2024-12-19,AMZNCL.SN,AMZN,223297.0,86
2024-12-20,AMZNCL.SN,AMZN,221637.0,45
2024-12-23,AMZNCL.SN,AMZN,221637.0,22
2024-12-24,AMZNCL.SN,AMZN,226200.0,40
2024-12-26,AMZNCL.SN,AMZN,225889.0,52
2024-12-27,AMZNCL.SN,AMZN,221628.0,592
2024-12-30,AMZNCL.SN,AMZN,221628.0,14
2025-01-02,AMZNCL.SN,AMZN,222755.0,74
2025-01-03,AMZNCL.SN,AMZN,227775.0,41
2025-01-06,AMZNCL.SN,AMZN,229000.0,3924
2025-01-07,AMZNCL.SN,AMZN,229000.0,0
2025-01-08,AMZNCL.SN,AMZN,229000.0,7
2025-01-09,AMZNCL.SN,AMZN,229000.0,0
2025-01-10,AMZNCL.SN,AMZN,229000.0,2
2025-01-13,AMZNCL.SN,AMZN,229000.0,10
2025-01-14,AMZNCL.SN,AMZN,229000.0,0
2025-01-15,AMZNCL.SN,AMZN,229000.0,0
2025-01-16,AMZNCL.SN,AMZN,229000.0,14
2025-01-17,AMZNCL.SN,AMZN,229000.0,0
2025-01-20,AMZNCL.SN,AMZN,229000.0,0
2025-01-21,AMZNCL.SN,AMZN,229000.0,0
2025-01-22,AMZNCL.SN,AMZN,229000.0,1
2025-01-23,AMZNCL.SN,AMZN,231200.0,161
2025-01-24,AMZNCL.SN,AMZN,231200.0,27
2025-01-27,AMZNCL.SN,AMZN,231200.0,2
2025-01-28,AMZNCL.SN,AMZN,231200.0,0
2025-01-29,AMZNCL.SN,AMZN,231200.0,2
2025-01-30,AMZNCL.SN,AMZN,231200.0,0
2025-01-31,AMZNCL.SN,AMZN,231372.0,43
2025-02-03,AMZNCL.SN,AMZN,232405.0,2882
2025-02-04,AMZNCL.SN,AMZN,232405.0,24
2025-02-05,AMZNCL.SN,AMZN,230160.0,274
2025-02-06,AMZNCL.SN,AMZN,230160.0,19
2025-02-07,AMZNCL.SN,AMZN,230160.0,17
2025-02-10,AMZNCL.SN,AMZN,230160.0,6
2025-02-11,AMZNCL.SN,AMZN,230160.0,0
2025-02-12,AMZNCL.SN,AMZN,218500.0,70
2025-02-13,AMZNCL.SN,AMZN,218500.0,26
2025-02-14,AMZNCL.SN,AMZN,215000.0,120
2025-02-17,AMZNCL.SN,AMZN,215000.0,0
2025-02-18,AMZNCL.SN,AMZN,216472.0,43
2025-02-19,AMZNCL.SN,AMZN,216472.0,6
2025-02-20,AMZNCL.SN,AMZN,216472.0,34
2025-02-21,AMZNCL.SN,AMZN,216472.0,5
2025-02-24,AMZNCL.SN,AMZN,202630.0,442
2025-02-25,AMZNCL.SN,AMZN,202630.0,16
2025-02-26,AMZNCL.SN,AMZN,202630.0,16
2025-02-27,AMZNCL.SN,AMZN,202630.0,27
2025-02-28,AMZNCL.SN,AMZN,202630.0,8
2025-03-03,AMZNCL.SN,AMZN,204147.0,81
2025-03-04,AMZNCL.SN,AMZN,191164.0,281
2025-03-05,AMZNCL.SN,AMZN,192777.0,88
2025-03-06,AMZNCL.SN,AMZN,192777.0,18
2025-03-07,AMZNCL.SN,AMZN,182739.0,56
2025-03-10,AMZNCL.SN,AMZN,182739.0,36
2025-03-11,AMZNCL.SN,AMZN,183144.0,102
2025-03-12,AMZNCL.SN,AMZN,183330.0,457
2025-03-13,AMZNCL.SN,AMZN,183330.0,13
2025-03-14,AMZNCL.SN,AMZN,183978.0,59
2025-03-17,AMZNCL.SN,AMZN,183978.0,6
2025-03-18,AMZNCL.SN,AMZN,183978.0,8
2025-03-19,AMZNCL.SN,AMZN,183978.0,6
2025-03-20,AMZNCL.SN,AMZN,183978.0,0
2025-03-21,AMZNCL.SN,AMZN,183978.0,25
2025-03-24,AMZNCL.SN,AMZN,183978.0,15
2025-03-25,AMZNCL.SN,AMZN,183978.0,28
2025-03-26,AMZNCL.SN,AMZN,187638.0,184
2025-03-27,AMZNCL.SN,AMZN,187638.0,7
2025-03-28,AMZNCL.SN,AMZN,183869.0,71
2025-03-31,AMZNCL.SN,AMZN,180202.0,49
2025-04-01,AMZNCL.SN,AMZN,180202.0,12
2025-04-02,AMZNCL.SN,AMZN,180202.0,8
2025-04-03,AMZNCL.SN,AMZN,170234.0,130
2025-04-04,AMZNCL.SN,AMZN,170234.0,38
2025-04-07,AMZNCL.SN,AMZN,174575.0,143
2025-04-08,AMZNCL.SN,AMZN,172820.0,111
2025-04-09,AMZNCL.SN,AMZN,176839.0,118
2025-04-10,AMZNCL.SN,AMZN,182353.0,73
2025-04-11,AMZNCL.SN,AMZN,182353.0,8
2025-04-14,AMZNCL.SN,AMZN,182353.0,8
2025-04-15,AMZNCL.SN,AMZN,174591.0,66
2025-04-16,AMZNCL.SN,AMZN,171908.0,236
2025-04-17,AMZNCL.SN,AMZN,171908.0,22
2025-04-21,AMZNCL.SN,AMZN,171908.0,41
2025-04-22,AMZNCL.SN,AMZN,171908.0,25
2025-04-23,AMZNCL.SN,AMZN,171908.0,6
2025-04-24,AMZNCL.SN,AMZN,174123.0,75
2025-04-25,AMZNCL.SN,AMZN,175840.0,61
2025-04-28,AMZNCL.SN,AMZN,175840.0,9
2025-04-29,AMZNCL.SN,AMZN,175840.0,11
2025-04-30,AMZNCL.SN,AMZN,175840.0,35
2025-05-02,AMZNCL.SN,AMZN,175840.0,17
2025-05-05,AMZNCL.SN,AMZN,175840.0,19
2025-05-06,AMZNCL.SN,AMZN,175840.0,23
2025-05-07,AMZNCL.SN,AMZN,175800.0,85
2025-05-08,AMZNCL.SN,AMZN,178440.0,78
2025-05-09,AMZNCL.SN,AMZN,179505.0,67
2025-05-12,AMZNCL.SN,AMZN,197501.0,1124
2025-05-13,AMZNCL.SN,AMZN,197501.0,7
2025-05-14,AMZNCL.SN,AMZN,197501.0,27
2025-05-15,AMZNCL.SN,AMZN,192188.0,43
2025-05-16,AMZNCL.SN,AMZN,192188.0,16
2025-05-19,AMZNCL.SN,AMZN,192188.0,0
2025-05-20,AMZNCL.SN,AMZN,192800.0,63
2025-05-22,AMZNCL.SN,AMZN,192855.0,52
2025-05-23,AMZNCL.SN,AMZN,192855.0,0
2025-05-26,AMZNCL.SN,AMZN,192855.0,0
2025-05-27,AMZNCL.SN,AMZN,189940.0,129
2025-05-28,AMZNCL.SN,AMZN,189940.0,24
2025-05-29,AMZNCL.SN,AMZN,189940.0,33
2025-05-30,AMZNCL.SN,AMZN,189940.0,20
2025-06-02,AMZNCL.SN,AMZN,194550.0,173
2025-06-03,AMZNCL.SN,AMZN,194550.0,21
2025-06-04,AMZNCL.SN,AMZN,192551.0,51
2025-06-05,AMZNCL.SN,AMZN,192551.0,14
2025-06-06,AMZNCL.SN,AMZN,199157.0,213
2025-06-09,AMZNCL.SN,AMZN,203720.0,102
2025-06-10,AMZNCL.SN,AMZN,203720.0,14
2025-06-11,AMZNCL.SN,AMZN,203720.0,34
2025-06-12,AMZNCL.SN,AMZN,203720.0,38
2025-06-13,AMZNCL.SN,AMZN,203720.0,20
2025-06-16,AMZNCL.SN,AMZN,201000.0,51
2025-06-17,AMZNCL.SN,AMZN,204100.0,154
2025-06-18,AMZNCL.SN,AMZN,204100.0,9
2025-06-19,AMZNCL.SN,AMZN,204100.0,0
2025-06-23,AMZNCL.SN,AMZN,198404.0,48
2025-06-24,AMZNCL.SN,AMZN,198404.0,4
2025-06-25,AMZNCL.SN,AMZN,198404.0,4
2025-06-26,AMZNCL.SN,AMZN,199610.0,449
2025-06-27,AMZNCL.SN,AMZN,199610.0,35
2025-06-30,AMZNCL.SN,AMZN,205215.0,45
2025-07-01,AMZNCL.SN,AMZN,205215.0,9
2025-07-02,AMZNCL.SN,AMZN,203900.0,84
2025-07-03,AMZNCL.SN,AMZN,203900.0,10
2025-07-04,AMZNCL.SN,AMZN,203900.0,0
2025-07-07,AMZNCL.SN,AMZN,210411.0,41
2025-07-08,AMZNCL.SN,AMZN,209973.0,41
2025-07-09,AMZNCL.SN,AMZN,209973.0,27
2025-07-10,AMZNCL.SN,AMZN,209984.0,167
2025-07-11,AMZNCL.SN,AMZN,209984.0,7
2025-07-14,AMZNCL.SN,AMZN,209984.0,22
2025-07-15,AMZNCL.SN,AMZN,209984.0,23
2025-07-17,AMZNCL.SN,AMZN,209984.0,19
2025-07-18,AMZNCL.SN,AMZN,209984.0,31
2025-07-21,AMZNCL.SN,AMZN,218073.0,59
2025-07-22,AMZNCL.SN,AMZN,218073.0,14
2025-07-23,AMZNCL.SN,AMZN,218073.0,6
2025-07-24,AMZNCL.SN,AMZN,220569.0,52
2025-07-25,AMZNCL.SN,AMZN,222530.0,74
2025-07-28,AMZNCL.SN,AMZN,226948.0,107
2025-07-29,AMZNCL.SN,AMZN,225044.0,55
2025-07-30,AMZNCL.SN,AMZN,226031.0,39
2025-07-31,AMZNCL.SN,AMZN,228116.0,59
2025-08-01,AMZNCL.SN,AMZN,208671.0,640
2025-08-04,AMZNCL.SN,AMZN,205930.0,105
2025-08-05,AMZNCL.SN,AMZN,207692.0,168
2025-08-06,AMZNCL.SN,AMZN,216492.0,89
2025-08-07,AMZNCL.SN,AMZN,216460.0,45
2025-08-08,AMZNCL.SN,AMZN,215621.0,54
2025-08-11,AMZNCL.SN,AMZN,215621.0,34
2025-08-12,AMZNCL.SN,AMZN,212709.0,61
2025-08-13,AMZNCL.SN,AMZN,214608.0,95
2025-08-14,AMZNCL.SN,AMZN,222263.0,73
2025-08-18,AMZNCL.SN,AMZN,222263.0,31
2025-08-19,AMZNCL.SN,AMZN,222263.0,30
2025-08-20,AMZNCL.SN,AMZN,222263.0,20
2025-08-21,AMZNCL.SN,AMZN,222263.0,6
2025-08-22,AMZNCL.SN,AMZN,218164.0,39
2025-08-25,AMZNCL.SN,AMZN,220473.0,44
2025-08-26,AMZNCL.SN,AMZN,220473.0,23
2025-08-27,AMZNCL.SN,AMZN,220473.0,14
2025-08-28,AMZNCL.SN,AMZN,224284.0,38
2025-08-29,AMZNCL.SN,AMZN,220700.0,55
2025-09-01,AMZNCL.SN,AMZN,220700.0,0
2025-09-02,AMZNCL.SN,AMZN,217605.0,2684
2025-09-03,AMZNCL.SN,AMZN,218072.0,127
2025-09-04,AMZNCL.SN,AMZN,227838.0,43
2025-09-05,AMZNCL.SN,AMZN,225460.0,152
2025-09-08,AMZNCL.SN,AMZN,225460.0,26
2025-09-09,AMZNCL.SN,AMZN,225460.0,4
2025-09-10,AMZNCL.SN,AMZN,225460.0,21
2025-09-11,AMZNCL.SN,AMZN,221575.0,43
2025-09-12,AMZNCL.SN,AMZN,218239.0,63
2025-09-15,AMZNCL.SN,AMZN,221827.0,38
2025-09-16,AMZNCL.SN,AMZN,223726.0,82
2025-09-17,AMZNCL.SN,AMZN,219599.0,82
2025-09-22,AMZNCL.SN,AMZN,220269.0,88
2025-09-23,AMZNCL.SN,AMZN,211796.0,64
2025-09-24,AMZNCL.SN,AMZN,211796.0,23
2025-09-25,AMZNCL.SN,AMZN,212282.0,226
2025-09-26,AMZNCL.SN,AMZN,211281.0,432
2025-09-29,AMZNCL.SN,AMZN,211281.0,13
2025-09-30,AMZNCL.SN,AMZN,211233.0,50
2025-10-01,AMZNCL.SN,AMZN,211167.0,225
2025-10-02,AMZNCL.SN,AMZN,212715.0,50
2025-10-03,AMZNCL.SN,AMZN,215249.0,70
2025-10-06,AMZNCL.SN,AMZN,211139.0,434
2025-10-07,AMZNCL.SN,AMZN,212899.0,154
2025-10-08,AMZNCL.SN,AMZN,212899.0,26
2025-10-09,AMZNCL.SN,AMZN,212899.0,10
2025-10-10,AMZNCL.SN,AMZN,212899.0,10
2025-10-13,AMZNCL.SN,AMZN,212899.0,14
2025-10-14,AMZNCL.SN,AMZN,206772.0,139
2025-10-15,AMZNCL.SN,AMZN,206210.0,98
2025-10-16,AMZNCL.SN,AMZN,207286.0,43
2025-10-17,AMZNCL.SN,AMZN,204610.0,150
2025-10-20,AMZNCL.SN,AMZN,205461.0,160
2025-10-21,AMZNCL.SN,AMZN,205461.0,32
2025-10-22,AMZNCL.SN,AMZN,206404.0,86
2025-10-23,AMZNCL.SN,AMZN,206404.0,12
2025-10-24,AMZNCL.SN,AMZN,206404.0,37
2025-10-27,AMZNCL.SN,AMZN,213100.0,95
2025-10-28,AMZNCL.SN,AMZN,213100.0,24
2025-10-29,AMZNCL.SN,AMZN,218239.0,64
2025-10-30,AMZNCL.SN,AMZN,218239.0,15
2025-11-03,AMZNCL.SN,AMZN,240534.0,320
2025-11-04,AMZNCL.SN,AMZN,239449.0,104
2025-11-05,AMZNCL.SN,AMZN,234027.0,1192
2025-11-06,AMZNCL.SN,AMZN,234027.0,13
2025-11-07,AMZNCL.SN,AMZN,228577.0,83
2025-11-10,AMZNCL.SN,AMZN,234029.0,59
2025-11-11,AMZNCL.SN,AMZN,234029.0,20
2025-11-12,AMZNCL.SN,AMZN,229770.0,151
2025-11-13,AMZNCL.SN,AMZN,229770.0,27
2025-11-14,AMZNCL.SN,AMZN,219600.0,48
2025-11-17,AMZNCL.SN,AMZN,219600.0,0
2025-11-18,AMZNCL.SN,AMZN,219600.0,15
2025-11-19,AMZNCL.SN,AMZN,204944.0,45
2025-11-20,AMZNCL.SN,AMZN,208172.0,82
2025-11-21,AMZNCL.SN,AMZN,203676.0,200
2025-11-24,AMZNCL.SN,AMZN,203676.0,14
2025-11-25,AMZNCL.SN,AMZN,215775.0,106
2025-11-26,AMZNCL.SN,AMZN,213889.0,52
2025-11-27,AMZNCL.SN,AMZN,213889.0,0
2025-11-28,AMZNCL.SN,AMZN,216521.0,77
2025-12-01,AMZNCL.SN,AMZN,218519.0,182
2025-12-02,AMZNCL.SN,AMZN,220207.0,646
2025-12-03,AMZNCL.SN,AMZN,214230.0,57
2025-12-04,AMZNCL.SN,AMZN,214230.0,10
2025-12-05,AMZNCL.SN,AMZN,214230.0,37
2025-12-09,AMZNCL.SN,AMZN,212121.0,125
2025-12-10,AMZNCL.SN,AMZN,213311.0,58
2025-12-11,AMZNCL.SN,AMZN,213311.0,7
2025-12-12,AMZNCL.SN,AMZN,213311.0,9
2025-12-15,AMZNCL.SN,AMZN,213311.0,36
2025-12-16,AMZNCL.SN,AMZN,213311.0,31
2025-12-17,AMZNCL.SN,AMZN,205570.0,142
2025-12-18,AMZNCL.SN,AMZN,205570.0,35
2025-12-19,AMZNCL.SN,AMZN,205570.0,37
2025-12-22,AMZNCL.SN,AMZN,205570.0,0
2025-12-23,AMZNCL.SN,AMZN,205570.0,34
2025-12-24,AMZNCL.SN,AMZN,205570.0,19
2025-12-26,AMZNCL.SN,AMZN,205570.0,15
2025-12-29,AMZNCL.SN,AMZN,212300.0,101
2025-12-30,AMZNCL.SN,AMZN,212300.0,0
2026-01-02,AMZNCL.SN,AMZN,212300.0,0
2026-01-05,AMZNCL.SN,AMZN,209802.0,70
2026-01-06,AMZNCL.SN,AMZN,211242.0,84
2026-01-07,AMZNCL.SN,AMZN,218233.0,44
2026-01-08,AMZNCL.SN,AMZN,221000.0,114
2026-01-09,AMZNCL.SN,AMZN,220195.0,40
2026-01-12,AMZNCL.SN,AMZN,220195.0,21
2026-01-13,AMZNCL.SN,AMZN,214293.0,43
2026-01-14,AMZNCL.SN,AMZN,206519.0,195
2026-01-15,AMZNCL.SN,AMZN,212000.0,115
2026-01-16,AMZNCL.SN,AMZN,210108.0,39
2026-01-19,AMZNCL.SN,AMZN,210108.0,0
2026-01-20,AMZNCL.SN,AMZN,204200.0,169
2026-01-21,AMZNCL.SN,AMZN,202600.0,255
2026-01-22,AMZNCL.SN,AMZN,202600.0,28
2026-01-23,AMZNCL.SN,AMZN,202600.0,6
2026-01-26,AMZNCL.SN,AMZN,205000.0,22
2026-01-27,AMZNCL.SN,AMZN,205000.0,25
2026-01-28,AMZNCL.SN,AMZN,205000.0,1
2026-01-29,AMZNCL.SN,AMZN,208620.0,68
2026-01-30,AMZNCL.SN,AMZN,208620.0,32
2026-02-02,AMZNCL.SN,AMZN,211002.0,97
2026-02-03,AMZNCL.SN,AMZN,211002.0,20
2026-02-04,AMZNCL.SN,AMZN,211002.0,11
2026-02-05,AMZNCL.SN,AMZN,211002.0,37
2026-02-06,AMZNCL.SN,AMZN,175830.0,1349
2026-02-09,AMZNCL.SN,AMZN,175830.0,24
2026-02-10,AMZNCL.SN,AMZN,178032.0,405
2026-02-11,AMZNCL.SN,AMZN,174987.0,70
2026-02-12,AMZNCL.SN,AMZN,172013.0,102
2026-02-13,AMZNCL.SN,AMZN,172013.0,0
2026-02-16,AMZNCL.SN,AMZN,172013.0,0
2026-02-17,AMZNCL.SN,AMZN,172000.0,321
2026-02-18,AMZNCL.SN,AMZN,176430.0,123
2026-02-19,AMZNCL.SN,AMZN,176430.0,0
2026-02-20,AMZNCL.SN,AMZN,176430.0,4
2026-02-23,AMZNCL.SN,AMZN,176430.0,25
2026-02-24,AMZNCL.SN,AMZN,180016.0,45
2026-02-25,AMZNCL.SN,AMZN,180016.0,4
2026-02-26,AMZNCL.SN,AMZN,180016.0,26
2026-02-27,AMZNCL.SN,AMZN,180016.0,5
2026-03-02,AMZNCL.SN,AMZN,183200.0,793
2026-03-03,AMZNCL.SN,AMZN,183200.0,25
2026-03-04,AMZNCL.SN,AMZN,183200.0,33
2026-03-05,AMZNCL.SN,AMZN,183200.0,11
2026-03-06,AMZNCL.SN,AMZN,183200.0,0
2026-03-09,AMZNCL.SN,AMZN,191230.0,55
2026-03-10,AMZNCL.SN,AMZN,190400.0,65
2026-03-11,AMZNCL.SN,AMZN,190400.0,37
2026-03-12,AMZNCL.SN,AMZN,191500.0,75
2026-03-13,AMZNCL.SN,AMZN,191500.0,31
2026-03-16,AMZNCL.SN,AMZN,190373.0,47
2026-03-17,AMZNCL.SN,AMZN,190373.0,20
2026-03-18,AMZNCL.SN,AMZN,190373.0,23
2026-03-19,AMZNCL.SN,AMZN,190373.0,24
2026-03-20,AMZNCL.SN,AMZN,191129.0,42
2026-03-23,AMZNCL.SN,AMZN,193000.0,205
2026-03-24,AMZNCL.SN,AMZN,190435.0,61
2026-03-25,AMZNCL.SN,AMZN,193398.0,54
2026-03-26,AMZNCL.SN,AMZN,194800.0,55
2026-03-27,AMZNCL.SN,AMZN,194800.0,14
2026-03-30,AMZNCL.SN,AMZN,194800.0,29
2026-03-31,AMZNCL.SN,AMZN,192000.0,113
2026-04-01,AMZNCL.SN,AMZN,192700.0,185
2026-04-02,AMZNCL.SN,AMZN,191769.0,47
2026-04-06,AMZNCL.SN,AMZN,191769.0,4
2026-04-07,AMZNCL.SN,AMZN,196000.0,131
2026-04-08,AMZNCL.SN,AMZN,196000.0,19
2026-04-09,AMZNCL.SN,AMZN,205036.0,44
2026-04-10,AMZNCL.SN,AMZN,211351.0,1066
2026-04-13,AMZNCL.SN,AMZN,213698.0,103
2026-04-14,AMZNCL.SN,AMZN,213698.0,2
2026-04-15,AMZNCL.SN,AMZN,219176.0,89
2026-04-16,AMZNCL.SN,AMZN,219176.0,2
2026-04-17,AMZNCL.SN,AMZN,219176.0,27
2026-04-20,AMZNCL.SN,AMZN,219176.0,6
2026-04-21,AMZNCL.SN,AMZN,224262.0,79
2026-04-22,AMZNCL.SN,AMZN,224262.0,3
2026-04-23,AMZNCL.SN,AMZN,228746.0,55
2026-04-24,AMZNCL.SN,AMZN,228746.0,4
2026-04-27,AMZNCL.SN,AMZN,234776.0,39
2026-04-28,AMZNCL.SN,AMZN,230932.0,46
2026-04-29,AMZNCL.SN,AMZN,230932.0,29
2026-04-30,AMZNCL.SN,AMZN,236516.0,55
2026-05-04,AMZNCL.SN,AMZN,236516.0,24
2026-05-05,AMZNCL.SN,AMZN,248720.0,36
2026-05-06,AMZNCL.SN,AMZN,248720.0,28
2026-05-07,AMZNCL.SN,AMZN,244261.0,113
2026-05-08,AMZNCL.SN,AMZN,243628.0,39
2026-05-11,AMZNCL.SN,AMZN,243628.0,21
2026-05-12,AMZNCL.SN,AMZN,243628.0,0
2026-05-13,AMZNCL.SN,AMZN,243628.0,0
2026-05-14,AMZNCL.SN,AMZN,243628.0,26
2026-05-15,AMZNCL.SN,AMZN,243628.0,13
2026-05-18,AMZNCL.SN,AMZN,243628.0,4
2026-05-19,AMZNCL.SN,AMZN,243628.0,17
2026-05-20,AMZNCL.SN,AMZN,243628.0,28
2026-05-22,AMZNCL.SN,AMZN,243628.0,4
2026-05-25,AMZNCL.SN,AMZN,243628.0,0
2026-05-26,AMZNCL.SN,AMZN,237300.0,243
2026-05-27,AMZNCL.SN,AMZN,237300.0,18
2026-05-28,AMZNCL.SN,AMZN,241465.0,608
2026-05-29,AMZNCL.SN,AMZN,241465.0,32
2026-06-01,AMZNCL.SN,AMZN,232720.0,74
2026-06-02,AMZNCL.SN,AMZN,230662.0,43
2026-06-03,AMZNCL.SN,AMZN,225509.0,264
2026-06-04,AMZNCL.SN,AMZN,225509.0,19
2026-06-05,AMZNCL.SN,AMZN,225219.0,61
2026-06-08,AMZNCL.SN,AMZN,226552.0,90
2026-06-09,AMZNCL.SN,AMZN,226552.0,18
2026-06-10,AMZNCL.SN,AMZN,219653.0,38
2026-06-11,AMZNCL.SN,AMZN,217700.0,84
2026-06-12,AMZNCL.SN,AMZN,213530.0,120
2026-06-15,AMZNCL.SN,AMZN,213530.0,16
2026-06-16,AMZNCL.SN,AMZN,213530.0,2
2026-06-17,AMZNCL.SN,AMZN,213530.0,38
2026-06-18,AMZNCL.SN,AMZN,213530.0,1
2026-06-19,AMZNCL.SN,AMZN,213530.0,1
2026-06-22,AMZNCL.SN,AMZN,213348.0,310
2026-06-23,AMZNCL.SN,AMZN,213348.0,9
2026-06-24,AMZNCL.SN,AMZN,213348.0,18
2026-06-25,AMZNCL.SN,AMZN,209850.0,57
2026-06-26,AMZNCL.SN,AMZN,209850.0,33
2026-06-30,AMZNCL.SN,AMZN,221395.0,71
2026-07-01,AMZNCL.SN,AMZN,224935.0,76
2026-07-02,AMZNCL.SN,AMZN,224935.0,0
2026-07-03,AMZNCL.SN,AMZN,224935.0,5
2026-07-06,AMZNCL.SN,AMZN,224873.0,179
2026-07-07,AMZNCL.SN,AMZN,224873.0,0
2026-07-08,AMZNCL.SN,AMZN,224873.0,4
2026-07-09,AMZNCL.SN,AMZN,226800.0,48
2026-07-10,AMZNCL.SN,AMZN,226800.0,3
2026-07-13,AMZNCL.SN,AMZN,230453.0,67
2026-07-14,AMZNCL.SN,AMZN,230453.0,27
2026-07-15,AMZNCL.SN,AMZN,230453.0,0
2026-07-17,AMZNCL.SN,AMZN,232200.0,60
2026-07-20,AMZNCL.SN,AMZN,235700.0,22
2026-07-21,AMZNCL.SN,AMZN,232820.0,7
2026-07-22,AMZNCL.SN,AMZN,232820.0,5
2026-07-23,AMZNCL.SN,AMZN,221700.0,7
2026-07-24,AMZNCL.SN,AMZN,221700.0,1
2026-07-27,AMZNCL.SN,AMZN,221700.0,0
2026-07-28,AMZNCL.SN,AMZN,218290.0,2
2026-07-29,AMZNCL.SN,AMZN,216000.0,14
2026-07-30,AMZNCL.SN,AMZN,220800.0,14
2026-07-31,AMZNCL.SN,AMZN,243000.0,12
2026-08-03,AMZNCL.SN,AMZN,243000.0,19
2026-08-04,AMZNCL.SN,AMZN,252570.0,13
2026-08-05,AMZNCL.SN,AMZN,250000.0,11
2026-08-06,AMZNCL.SN,AMZN,249330.0,7
2026-08-07,AMZNCL.SN,AMZN,249330.0,11
2026-08-10,AMZNCL.SN,AMZN,249330.0,4
2026-08-11,AMZNCL.SN,AMZN,249350.0,70
2026-08-12,AMZNCL.SN,AMZN,249350.0,21
2026-08-13,AMZNCL.SN,AMZN,249350.0,0
2026-08-14,AMZNCL.SN,AMZN,249350.0,1
2026-08-17,AMZNCL.SN,AMZN,239000.0,18
2026-08-18,AMZNCL.SN,AMZN,238890.0,3
2026-08-19,AMZNCL.SN,AMZN,240750.0,4
2026-08-20,AMZNCL.SN,AMZN,240750.0,0
2026-08-21,AMZNCL.SN,AMZN,239000.0,18
2026-08-24,AMZNCL.SN,AMZN,239000.0,0
2026-08-25,AMZNCL.SN,AMZN,239700.0,0
2026-08-26,AMZNCL.SN,AMZN,239700.0,0
2026-08-27,AMZNCL.SN,AMZN,239700.0,0
2026-08-28,AMZNCL.SN,AMZN,239700.0,0
2026-08-31,AMZNCL.SN,AMZN,239700.0,0
2026-09-01,AMZNCL.SN,AMZN,249900.0,23
2026-09-02,AMZNCL.SN,AMZN,249900.0,0
2026-09-03,AMZNCL.SN,AMZN,249900.0,0
2026-09-04,AMZNCL.SN,AMZN,249900.0,1
2026-09-07,AMZNCL.SN,AMZN,249900.0,0
2026-09-08,AMZNCL.SN,AMZN,236820.0,35
2026-09-09,AMZNCL.SN,AMZN,237860.0,3
2026-09-10,AMZNCL.SN,AMZN,237860.0,5
2026-09-11,AMZNCL.SN,AMZN,237860.0,0
2026-09-14,AMZNCL.SN,AMZN,237860.0,0
2026-09-15,AMZNCL.SN,AMZN,242770.0,0
2026-09-16,AMZNCL.SN,AMZN,237000.0,15
2026-09-17,AMZNCL.SN,AMZN,237000.0,0
2026-09-21,AMZNCL.SN,AMZN,244000.0,4
2024-09-23,AXPCL.SN,AXP,230610.0,0
2024-09-24,AXPCL.SN,AXP,230610.0,0
2024-09-25,AXPCL.SN,AXP,230610.0,0
2024-09-26,AXPCL.SN,AXP,230610.0,5
2024-09-27,AXPCL.SN,AXP,230610.0,0
2024-09-30,AXPCL.SN,AXP,230610.0,0
2024-10-01,AXPCL.SN,AXP,230610.0,0
2024-10-02,AXPCL.SN,AXP,230610.0,0
2024-10-03,AXPCL.SN,AXP,230610.0,0
2024-10-04,AXPCL.SN,AXP,230610.0,0
2024-10-07,AXPCL.SN,AXP,230610.0,10
2024-10-08,AXPCL.SN,AXP,230610.0,0
2024-10-09,AXPCL.SN,AXP,230610.0,0
2024-10-10,AXPCL.SN,AXP,230610.0,0
2024-10-11,AXPCL.SN,AXP,230610.0,0
2024-10-14,AXPCL.SN,AXP,230610.0,12
2024-10-15,AXPCL.SN,AXP,230610.0,0
2024-10-16,AXPCL.SN,AXP,230610.0,0
2024-10-17,AXPCL.SN,AXP,230610.0,0
2024-10-18,AXPCL.SN,AXP,230610.0,0
2024-10-21,AXPCL.SN,AXP,230610.0,0
2024-10-22,AXPCL.SN,AXP,230610.0,15
2024-10-23,AXPCL.SN,AXP,230610.0,0
2024-10-24,AXPCL.SN,AXP,230610.0,0
2024-10-25,AXPCL.SN,AXP,230610.0,0
2024-10-28,AXPCL.SN,AXP,230610.0,0
2024-10-29,AXPCL.SN,AXP,230610.0,0
2024-10-30,AXPCL.SN,AXP,230610.0,0
2024-11-04,AXPCL.SN,AXP,230610.0,1
2024-11-05,AXPCL.SN,AXP,230610.0,0
2024-11-06,AXPCL.SN,AXP,230610.0,0
2024-11-07,AXPCL.SN,AXP,230610.0,0
2024-11-08,AXPCL.SN,AXP,230610.0,0
2024-11-11,AXPCL.SN,AXP,230610.0,17
2024-11-12,AXPCL.SN,AXP,230610.0,0
2024-11-13,AXPCL.SN,AXP,230610.0,0
2024-11-14,AXPCL.SN,AXP,230610.0,0
2024-11-15,AXPCL.SN,AXP,230610.0,0
2024-11-18,AXPCL.SN,AXP,230610.0,0
2024-11-19,AXPCL.SN,AXP,230610.0,4
2024-11-20,AXPCL.SN,AXP,230610.0,0
2024-11-21,AXPCL.SN,AXP,230610.0,16
2024-11-22,AXPCL.SN,AXP,230610.0,0
2024-11-25,AXPCL.SN,AXP,230610.0,0
2024-11-26,AXPCL.SN,AXP,230610.0,0
2024-11-27,AXPCL.SN,AXP,230610.0,0
2024-11-28,AXPCL.SN,AXP,230610.0,0
2024-11-29,AXPCL.SN,AXP,230610.0,7
2024-12-02,AXPCL.SN,AXP,230610.0,0
2024-12-03,AXPCL.SN,AXP,230610.0,0
2024-12-04,AXPCL.SN,AXP,230610.0,0
2024-12-05,AXPCL.SN,AXP,230610.0,16
2024-12-06,AXPCL.SN,AXP,230610.0,2
2024-12-09,AXPCL.SN,AXP,230610.0,0
2024-12-10,AXPCL.SN,AXP,230610.0,3
2024-12-11,AXPCL.SN,AXP,230610.0,10
2024-12-12,AXPCL.SN,AXP,230610.0,0
2024-12-13,AXPCL.SN,AXP,230610.0,0
2024-12-16,AXPCL.SN,AXP,230610.0,0
2024-12-17,AXPCL.SN,AXP,230610.0,0
2024-12-18,AXPCL.SN,AXP,230610.0,4
2024-12-19,AXPCL.SN,AXP,230610.0,0
2024-12-20,AXPCL.SN,AXP,230610.0,0
2024-12-23,AXPCL.SN,AXP,230610.0,0
2024-12-24,AXPCL.SN,AXP,230610.0,0
2024-12-26,AXPCL.SN,AXP,230610.0,0
2024-12-27,AXPCL.SN,AXP,230610.0,7
2024-12-30,AXPCL.SN,AXP,230610.0,0
2025-01-02,AXPCL.SN,AXP,230610.0,0
2025-01-03,AXPCL.SN,AXP,230610.0,0
2025-01-06,AXPCL.SN,AXP,230610.0,0
2025-01-07,AXPCL.SN,AXP,230610.0,0
2025-01-08,AXPCL.SN,AXP,230610.0,3
2025-01-09,AXPCL.SN,AXP,230610.0,0
2025-01-10,AXPCL.SN,AXP,230610.0,1
2025-01-13,AXPCL.SN,AXP,230610.0,0
2025-01-14,AXPCL.SN,AXP,230610.0,0
2025-01-15,AXPCL.SN,AXP,230610.0,3
2025-01-16,AXPCL.SN,AXP,230610.0,5
2025-01-17,AXPCL.SN,AXP,230610.0,3
2025-01-20,AXPCL.SN,AXP,230610.0,0
2025-01-21,AXPCL.SN,AXP,230610.0,0
2025-01-22,AXPCL.SN,AXP,230610.0,0
2025-01-23,AXPCL.SN,AXP,230610.0,2
2025-01-24,AXPCL.SN,AXP,230610.0,0
2025-01-27,AXPCL.SN,AXP,230610.0,6
2025-01-28,AXPCL.SN,AXP,230610.0,0
2025-01-29,AXPCL.SN,AXP,230610.0,0
2025-01-30,AXPCL.SN,AXP,230610.0,0
2025-01-31,AXPCL.SN,AXP,230610.0,10
2025-02-03,AXPCL.SN,AXP,230610.0,0
2025-02-04,AXPCL.SN,AXP,230610.0,0
2025-02-05,AXPCL.SN,AXP,308670.0,54
2025-02-06,AXPCL.SN,AXP,308670.0,0
2025-02-07,AXPCL.SN,AXP,308670.0,0
2025-02-10,AXPCL.SN,AXP,308670.0,0
2025-02-11,AXPCL.SN,AXP,308670.0,0
2025-02-12,AXPCL.SN,AXP,308670.0,0
2025-02-13,AXPCL.SN,AXP,308670.0,0
2025-02-14,AXPCL.SN,AXP,308670.0,0
2025-02-17,AXPCL.SN,AXP,308670.0,0
2025-02-18,AXPCL.SN,AXP,308670.0,0
2025-02-19,AXPCL.SN,AXP,308670.0,0
2025-02-20,AXPCL.SN,AXP,308670.0,0
2025-02-21,AXPCL.SN,AXP,308670.0,0
2025-02-24,AXPCL.SN,AXP,308670.0,0
2025-02-25,AXPCL.SN,AXP,308670.0,0
2025-02-26,AXPCL.SN,AXP,308670.0,3
2025-02-27,AXPCL.SN,AXP,308670.0,0
2025-02-28,AXPCL.SN,AXP,308670.0,0
2025-03-03,AXPCL.SN,AXP,308670.0,0
2025-03-04,AXPCL.SN,AXP,308670.0,0
2025-03-05,AXPCL.SN,AXP,308670.0,0
2025-03-06,AXPCL.SN,AXP,308670.0,0
2025-03-07,AXPCL.SN,AXP,308670.0,0
2025-03-10,AXPCL.SN,AXP,308670.0,0
2025-03-11,AXPCL.SN,AXP,308670.0,0
2025-03-12,AXPCL.SN,AXP,308670.0,0
2025-03-13,AXPCL.SN,AXP,308670.0,0
2025-03-14,AXPCL.SN,AXP,308670.0,0
2025-03-17,AXPCL.SN,AXP,308670.0,0
2025-03-18,AXPCL.SN,AXP,308670.0,0
2025-03-19,AXPCL.SN,AXP,308670.0,0
2025-03-20,AXPCL.SN,AXP,308670.0,0
2025-03-21,AXPCL.SN,AXP,308670.0,0
2025-03-24,AXPCL.SN,AXP,308670.0,0
2025-03-25,AXPCL.SN,AXP,308670.0,0
2025-03-26,AXPCL.SN,AXP,308670.0,0
2025-03-27,AXPCL.SN,AXP,308670.0,0
2025-03-28,AXPCL.SN,AXP,308670.0,2
2025-03-31,AXPCL.SN,AXP,308670.0,0
2025-04-01,AXPCL.SN,AXP,308670.0,0
2025-04-02,AXPCL.SN,AXP,308670.0,0
2025-04-03,AXPCL.SN,AXP,308670.0,0
2025-04-04,AXPCL.SN,AXP,308670.0,0
2025-04-07,AXPCL.SN,AXP,308670.0,0
2025-04-08,AXPCL.SN,AXP,308670.0,0
2025-04-09,AXPCL.SN,AXP,308670.0,0
2025-04-10,AXPCL.SN,AXP,308670.0,0
2025-04-11,AXPCL.SN,AXP,308670.0,0
2025-04-14,AXPCL.SN,AXP,308670.0,0
2025-04-15,AXPCL.SN,AXP,308670.0,0
2025-04-16,AXPCL.SN,AXP,308670.0,0
2025-04-17,AXPCL.SN,AXP,308670.0,0
2025-04-21,AXPCL.SN,AXP,308670.0,0
2025-04-22,AXPCL.SN,AXP,308670.0,0
2025-04-23,AXPCL.SN,AXP,308670.0,0
2025-04-24,AXPCL.SN,AXP,308670.0,0
2025-04-25,AXPCL.SN,AXP,308670.0,0
2025-04-28,AXPCL.SN,AXP,308670.0,0
2025-04-29,AXPCL.SN,AXP,308670.0,0
2025-04-30,AXPCL.SN,AXP,308670.0,0
2025-05-02,AXPCL.SN,AXP,308670.0,0
2025-05-05,AXPCL.SN,AXP,308670.0,0
2025-05-06,AXPCL.SN,AXP,308670.0,0
2025-05-07,AXPCL.SN,AXP,308670.0,0
2025-05-08,AXPCL.SN,AXP,308670.0,0
2025-05-09,AXPCL.SN,AXP,308670.0,0
2025-05-12,AXPCL.SN,AXP,308670.0,0
2025-05-13,AXPCL.SN,AXP,308670.0,0
2025-05-14,AXPCL.SN,AXP,308670.0,0
2025-05-15,AXPCL.SN,AXP,308670.0,0
2025-05-16,AXPCL.SN,AXP,308670.0,0
2025-05-19,AXPCL.SN,AXP,308670.0,0
2025-05-20,AXPCL.SN,AXP,308670.0,0
2025-05-22,AXPCL.SN,AXP,308670.0,0
2025-05-23,AXPCL.SN,AXP,308670.0,0
2025-05-26,AXPCL.SN,AXP,308670.0,0
2025-05-27,AXPCL.SN,AXP,308670.0,0
2025-05-28,AXPCL.SN,AXP,308670.0,0
2025-05-29,AXPCL.SN,AXP,308670.0,0
2025-05-30,AXPCL.SN,AXP,308670.0,0
2025-06-02,AXPCL.SN,AXP,308670.0,0
2025-06-03,AXPCL.SN,AXP,308670.0,0
2025-06-04,AXPCL.SN,AXP,308670.0,0
2025-06-05,AXPCL.SN,AXP,308670.0,0
2025-06-06,AXPCL.SN,AXP,308670.0,0
2025-06-09,AXPCL.SN,AXP,308670.0,0
2025-06-10,AXPCL.SN,AXP,308670.0,0
2025-06-11,AXPCL.SN,AXP,308670.0,0
2025-06-12,AXPCL.SN,AXP,308670.0,0
2025-06-13,AXPCL.SN,AXP,308670.0,2
2025-06-16,AXPCL.SN,AXP,308670.0,0
2025-06-17,AXPCL.SN,AXP,308670.0,0
2025-06-18,AXPCL.SN,AXP,308670.0,0
2025-06-19,AXPCL.SN,AXP,308670.0,0
2025-06-23,AXPCL.SN,AXP,308670.0,0
2025-06-24,AXPCL.SN,AXP,308670.0,0
2025-06-25,AXPCL.SN,AXP,308670.0,0
2025-06-26,AXPCL.SN,AXP,308670.0,0
2025-06-27,AXPCL.SN,AXP,308670.0,0
2025-06-30,AXPCL.SN,AXP,308670.0,0
2025-07-01,AXPCL.SN,AXP,308670.0,0
2025-07-02,AXPCL.SN,AXP,308670.0,0
2025-07-03,AXPCL.SN,AXP,308670.0,0
2025-07-04,AXPCL.SN,AXP,308670.0,0
2025-07-07,AXPCL.SN,AXP,308670.0,6
2025-07-08,AXPCL.SN,AXP,308670.0,0
2025-07-09,AXPCL.SN,AXP,308670.0,0
2025-07-10,AXPCL.SN,AXP,308670.0,0
2025-07-11,AXPCL.SN,AXP,308670.0,0
2025-07-14,AXPCL.SN,AXP,308670.0,0
2025-07-15,AXPCL.SN,AXP,308670.0,0
2025-07-17,AXPCL.SN,AXP,308670.0,0
2025-07-18,AXPCL.SN,AXP,308670.0,0
2025-07-21,AXPCL.SN,AXP,308670.0,1
2025-07-22,AXPCL.SN,AXP,308670.0,1
2025-07-23,AXPCL.SN,AXP,308670.0,4
2025-07-24,AXPCL.SN,AXP,308670.0,0
2025-07-25,AXPCL.SN,AXP,299810.0,27
2025-07-28,AXPCL.SN,AXP,299810.0,0
2025-07-29,AXPCL.SN,AXP,299810.0,0
2025-07-30,AXPCL.SN,AXP,299810.0,0
2025-07-31,AXPCL.SN,AXP,299810.0,0
2025-08-01,AXPCL.SN,AXP,299810.0,0
2025-08-04,AXPCL.SN,AXP,299810.0,0
2025-08-05,AXPCL.SN,AXP,299810.0,0
2025-08-06,AXPCL.SN,AXP,299810.0,0
2025-08-07,AXPCL.SN,AXP,299810.0,0
2025-08-08,AXPCL.SN,AXP,299810.0,5
2025-08-11,AXPCL.SN,AXP,299810.0,0
2025-08-12,AXPCL.SN,AXP,299810.0,0
2025-08-13,AXPCL.SN,AXP,299810.0,0
2025-08-14,AXPCL.SN,AXP,299810.0,0
2025-08-18,AXPCL.SN,AXP,299810.0,0
2025-08-19,AXPCL.SN,AXP,299810.0,0
2025-08-20,AXPCL.SN,AXP,299810.0,0
2025-08-21,AXPCL.SN,AXP,299810.0,0
2025-08-22,AXPCL.SN,AXP,299810.0,7
2025-08-25,AXPCL.SN,AXP,299810.0,0
2025-08-26,AXPCL.SN,AXP,299810.0,0
2025-08-27,AXPCL.SN,AXP,299810.0,0
2025-08-28,AXPCL.SN,AXP,299810.0,0
2025-08-29,AXPCL.SN,AXP,299810.0,0
2025-09-01,AXPCL.SN,AXP,299810.0,0
2025-09-02,AXPCL.SN,AXP,299810.0,0
2025-09-03,AXPCL.SN,AXP,299810.0,0
2025-09-04,AXPCL.SN,AXP,299810.0,0
2025-09-05,AXPCL.SN,AXP,299810.0,0
2025-09-08,AXPCL.SN,AXP,299810.0,0
2025-09-09,AXPCL.SN,AXP,299810.0,0
2025-09-10,AXPCL.SN,AXP,299810.0,0
2025-09-11,AXPCL.SN,AXP,299810.0,3
2025-09-12,AXPCL.SN,AXP,299810.0,0
2025-09-15,AXPCL.SN,AXP,299810.0,0
2025-09-16,AXPCL.SN,AXP,299810.0,0
2025-09-17,AXPCL.SN,AXP,299810.0,0
2025-09-22,AXPCL.SN,AXP,299810.0,3
2025-09-23,AXPCL.SN,AXP,299810.0,0
2025-09-24,AXPCL.SN,AXP,299810.0,0
2025-09-25,AXPCL.SN,AXP,299810.0,0
2025-09-26,AXPCL.SN,AXP,299810.0,0
2025-09-29,AXPCL.SN,AXP,299810.0,22
2025-09-30,AXPCL.SN,AXP,299810.0,0
2025-10-01,AXPCL.SN,AXP,299810.0,0
2025-10-02,AXPCL.SN,AXP,299810.0,0
2025-10-03,AXPCL.SN,AXP,299810.0,0
2025-10-06,AXPCL.SN,AXP,299810.0,0
2025-10-07,AXPCL.SN,AXP,299810.0,0
2025-10-08,AXPCL.SN,AXP,299810.0,0
2025-10-09,AXPCL.SN,AXP,299810.0,0
2025-10-10,AXPCL.SN,AXP,299810.0,0
2025-10-13,AXPCL.SN,AXP,299810.0,0
2025-10-14,AXPCL.SN,AXP,299810.0,3
2025-10-15,AXPCL.SN,AXP,299810.0,0
2025-10-16,AXPCL.SN,AXP,299810.0,0
2025-10-17,AXPCL.SN,AXP,299810.0,0
2025-10-20,AXPCL.SN,AXP,299810.0,0
2025-10-21,AXPCL.SN,AXP,299810.0,0
2025-10-22,AXPCL.SN,AXP,299810.0,0
2025-10-23,AXPCL.SN,AXP,299810.0,1
2025-10-24,AXPCL.SN,AXP,299810.0,0
2025-10-27,AXPCL.SN,AXP,299810.0,10
2025-10-28,AXPCL.SN,AXP,299810.0,0
2025-10-29,AXPCL.SN,AXP,299810.0,0
2025-10-30,AXPCL.SN,AXP,299810.0,0
2025-11-03,AXPCL.SN,AXP,299810.0,0
2025-11-04,AXPCL.SN,AXP,299810.0,0
2025-11-05,AXPCL.SN,AXP,299810.0,0
2025-11-06,AXPCL.SN,AXP,299810.0,0
2025-11-07,AXPCL.SN,AXP,299810.0,0
2025-11-10,AXPCL.SN,AXP,299810.0,13
2025-11-11,AXPCL.SN,AXP,299810.0,0
2025-11-12,AXPCL.SN,AXP,299810.0,0
2025-11-13,AXPCL.SN,AXP,299810.0,0
2025-11-14,AXPCL.SN,AXP,299810.0,0
2025-11-17,AXPCL.SN,AXP,299810.0,0
2025-11-18,AXPCL.SN,AXP,299810.0,0
2025-11-19,AXPCL.SN,AXP,299810.0,0
2025-11-20,AXPCL.SN,AXP,299810.0,0
2025-11-21,AXPCL.SN,AXP,299810.0,0
2025-11-24,AXPCL.SN,AXP,299810.0,0
2025-11-25,AXPCL.SN,AXP,299810.0,0
2025-11-26,AXPCL.SN,AXP,299810.0,0
2025-11-27,AXPCL.SN,AXP,299810.0,0
2025-11-28,AXPCL.SN,AXP,299810.0,0
2025-12-01,AXPCL.SN,AXP,299810.0,0
2025-12-02,AXPCL.SN,AXP,299810.0,0
2025-12-03,AXPCL.SN,AXP,299810.0,0
2025-12-04,AXPCL.SN,AXP,299810.0,0
2025-12-05,AXPCL.SN,AXP,299810.0,0
2025-12-09,AXPCL.SN,AXP,299810.0,0
2025-12-10,AXPCL.SN,AXP,299810.0,0
2025-12-11,AXPCL.SN,AXP,299810.0,0
2025-12-12,AXPCL.SN,AXP,299810.0,0
2025-12-15,AXPCL.SN,AXP,299810.0,0
2025-12-16,AXPCL.SN,AXP,299810.0,10
2025-12-17,AXPCL.SN,AXP,299810.0,0
2025-12-18,AXPCL.SN,AXP,299810.0,0
2025-12-19,AXPCL.SN,AXP,299810.0,0
2025-12-22,AXPCL.SN,AXP,299810.0,0
2025-12-23,AXPCL.SN,AXP,299810.0,0
2025-12-24,AXPCL.SN,AXP,299810.0,0
2025-12-26,AXPCL.SN,AXP,299810.0,2
2025-12-29,AXPCL.SN,AXP,299810.0,0
2025-12-30,AXPCL.SN,AXP,299810.0,0
2026-01-02,AXPCL.SN,AXP,299810.0,6
2026-01-05,AXPCL.SN,AXP,299810.0,2
2026-01-06,AXPCL.SN,AXP,299810.0,23
2026-01-07,AXPCL.SN,AXP,299810.0,0
2026-01-08,AXPCL.SN,AXP,299810.0,1
2026-01-09,AXPCL.SN,AXP,299810.0,0
2026-01-12,AXPCL.SN,AXP,299810.0,1
2026-01-13,AXPCL.SN,AXP,299810.0,0
2026-01-14,AXPCL.SN,AXP,299810.0,0
2026-01-15,AXPCL.SN,AXP,299810.0,0
2026-01-16,AXPCL.SN,AXP,299810.0,0
2026-01-19,AXPCL.SN,AXP,299810.0,0
2026-01-20,AXPCL.SN,AXP,299810.0,0
2026-01-21,AXPCL.SN,AXP,299810.0,2
2026-01-22,AXPCL.SN,AXP,299810.0,10
2026-01-23,AXPCL.SN,AXP,299810.0,0
2026-01-26,AXPCL.SN,AXP,299810.0,0
2026-01-27,AXPCL.SN,AXP,299810.0,0
2026-01-28,AXPCL.SN,AXP,299810.0,0
2026-01-29,AXPCL.SN,AXP,299810.0,0
2026-01-30,AXPCL.SN,AXP,299810.0,0
2026-02-02,AXPCL.SN,AXP,299810.0,0
2026-02-03,AXPCL.SN,AXP,299810.0,0
2026-02-04,AXPCL.SN,AXP,299810.0,0
2026-02-05,AXPCL.SN,AXP,299810.0,0
2026-02-06,AXPCL.SN,AXP,299810.0,0
2026-02-09,AXPCL.SN,AXP,299810.0,0
2026-02-10,AXPCL.SN,AXP,299810.0,0
2026-02-11,AXPCL.SN,AXP,299810.0,0
2026-02-12,AXPCL.SN,AXP,299810.0,0
2026-02-13,AXPCL.SN,AXP,299810.0,0
2026-02-16,AXPCL.SN,AXP,299810.0,0
2026-02-17,AXPCL.SN,AXP,299810.0,0
2026-02-18,AXPCL.SN,AXP,299810.0,0
2026-02-19,AXPCL.SN,AXP,299810.0,0
2026-02-20,AXPCL.SN,AXP,299810.0,0
2026-02-23,AXPCL.SN,AXP,299810.0,0
2026-02-24,AXPCL.SN,AXP,299810.0,0
2026-02-25,AXPCL.SN,AXP,299810.0,0
2026-02-26,AXPCL.SN,AXP,299810.0,0
2026-02-27,AXPCL.SN,AXP,299810.0,0
2026-03-02,AXPCL.SN,AXP,299810.0,0
2026-03-03,AXPCL.SN,AXP,299810.0,5
2026-03-04,AXPCL.SN,AXP,299810.0,0
2026-03-05,AXPCL.SN,AXP,299810.0,0
2026-03-06,AXPCL.SN,AXP,299810.0,0
2026-03-09,AXPCL.SN,AXP,299810.0,0
2026-03-10,AXPCL.SN,AXP,299810.0,0
2026-03-11,AXPCL.SN,AXP,299810.0,0
2026-03-12,AXPCL.SN,AXP,299810.0,0
2026-03-13,AXPCL.SN,AXP,299810.0,3
2026-03-16,AXPCL.SN,AXP,299810.0,0
2026-03-17,AXPCL.SN,AXP,299810.0,0
2026-03-18,AXPCL.SN,AXP,299810.0,0
2026-03-19,AXPCL.SN,AXP,299810.0,0
2026-03-20,AXPCL.SN,AXP,299810.0,2
2026-03-23,AXPCL.SN,AXP,299810.0,0
2026-03-24,AXPCL.SN,AXP,299810.0,0
2026-03-25,AXPCL.SN,AXP,299810.0,0
2026-03-26,AXPCL.SN,AXP,299810.0,2
2026-03-27,AXPCL.SN,AXP,299810.0,0
2026-03-30,AXPCL.SN,AXP,299810.0,0
2026-03-31,AXPCL.SN,AXP,299810.0,0
2026-04-01,AXPCL.SN,AXP,299810.0,0
2026-04-02,AXPCL.SN,AXP,299810.0,0
2026-04-06,AXPCL.SN,AXP,299810.0,0
2026-04-07,AXPCL.SN,AXP,299810.0,0
2026-04-08,AXPCL.SN,AXP,299810.0,0
2026-04-09,AXPCL.SN,AXP,299810.0,0
2026-04-10,AXPCL.SN,AXP,299810.0,0
2026-04-13,AXPCL.SN,AXP,299810.0,7
2026-04-14,AXPCL.SN,AXP,299810.0,0
2026-04-15,AXPCL.SN,AXP,299810.0,0
2026-04-16,AXPCL.SN,AXP,299810.0,0
2026-04-17,AXPCL.SN,AXP,299810.0,23
2026-04-20,AXPCL.SN,AXP,299810.0,0
2026-04-21,AXPCL.SN,AXP,299810.0,0
2026-04-22,AXPCL.SN,AXP,299810.0,0
2026-04-23,AXPCL.SN,AXP,299810.0,0
2026-04-24,AXPCL.SN,AXP,299810.0,0
2026-04-27,AXPCL.SN,AXP,299810.0,0
2026-04-28,AXPCL.SN,AXP,299810.0,0
2026-04-29,AXPCL.SN,AXP,299810.0,0
2026-04-30,AXPCL.SN,AXP,299810.0,0
2026-05-04,AXPCL.SN,AXP,299810.0,0
2026-05-05,AXPCL.SN,AXP,299810.0,1
2026-05-06,AXPCL.SN,AXP,299810.0,0
2026-05-07,AXPCL.SN,AXP,299810.0,0
2026-05-08,AXPCL.SN,AXP,299810.0,0
2026-05-11,AXPCL.SN,AXP,299810.0,0
2026-05-12,AXPCL.SN,AXP,299810.0,0
2026-05-13,AXPCL.SN,AXP,299810.0,0
2026-05-14,AXPCL.SN,AXP,299810.0,0
2026-05-15,AXPCL.SN,AXP,299810.0,0
2026-05-18,AXPCL.SN,AXP,299810.0,0
2026-05-19,AXPCL.SN,AXP,299810.0,0
2026-05-20,AXPCL.SN,AXP,299810.0,0
2026-05-22,AXPCL.SN,AXP,299810.0,0
2026-05-25,AXPCL.SN,AXP,299810.0,0
2026-05-26,AXPCL.SN,AXP,299810.0,0
2026-05-27,AXPCL.SN,AXP,299810.0,0
2026-05-28,AXPCL.SN,AXP,299810.0,9
2026-05-29,AXPCL.SN,AXP,299810.0,4
2026-06-01,AXPCL.SN,AXP,299810.0,0
2026-06-02,AXPCL.SN,AXP,299810.0,0
2026-06-03,AXPCL.SN,AXP,299810.0,2
2026-06-04,AXPCL.SN,AXP,299810.0,0
2026-06-05,AXPCL.SN,AXP,299810.0,0
2026-06-08,AXPCL.SN,AXP,299810.0,0
2026-06-09,AXPCL.SN,AXP,299810.0,0
2026-06-10,AXPCL.SN,AXP,299810.0,0
2026-06-11,AXPCL.SN,AXP,299810.0,0
2026-06-12,AXPCL.SN,AXP,299810.0,3
2026-06-15,AXPCL.SN,AXP,299810.0,8
2026-06-16,AXPCL.SN,AXP,299810.0,0
2026-06-17,AXPCL.SN,AXP,299810.0,0
2026-06-18,AXPCL.SN,AXP,299810.0,0
2026-06-19,AXPCL.SN,AXP,299810.0,0
2026-06-22,AXPCL.SN,AXP,299810.0,0
2026-06-23,AXPCL.SN,AXP,299810.0,0
2026-06-24,AXPCL.SN,AXP,299810.0,0
2026-06-25,AXPCL.SN,AXP,299810.0,0
2026-06-26,AXPCL.SN,AXP,299810.0,3
2026-06-30,AXPCL.SN,AXP,299810.0,0
2026-07-01,AXPCL.SN,AXP,299810.0,0
2026-07-02,AXPCL.SN,AXP,299810.0,0
2026-07-03,AXPCL.SN,AXP,299810.0,0
2026-07-06,AXPCL.SN,AXP,299810.0,0
2026-07-07,AXPCL.SN,AXP,299810.0,0
2026-07-08,AXPCL.SN,AXP,299810.0,0
2026-07-09,AXPCL.SN,AXP,299810.0,0
2026-07-10,AXPCL.SN,AXP,299810.0,0
2026-07-13,AXPCL.SN,AXP,299810.0,0
2026-07-14,AXPCL.SN,AXP,299810.0,0
2026-07-15,AXPCL.SN,AXP,299810.0,0
2026-07-17,AXPCL.SN,AXP,299810.0,0
2026-07-20,AXPCL.SN,AXP,299810.0,0
2026-07-21,AXPCL.SN,AXP,328350.0,2
2026-07-22,AXPCL.SN,AXP,328350.0,0
2026-07-23,AXPCL.SN,AXP,328350.0,0
2026-07-24,AXPCL.SN,AXP,305170.0,18
2026-07-27,AXPCL.SN,AXP,305170.0,0
2026-07-28,AXPCL.SN,AXP,316410.0,1
2026-07-29,AXPCL.SN,AXP,316410.0,0
2026-07-30,AXPCL.SN,AXP,316410.0,0
2026-07-31,AXPCL.SN,AXP,314100.0,3
2026-08-03,AXPCL.SN,AXP,314100.0,0
2026-08-04,AXPCL.SN,AXP,318830.0,0
2026-08-05,AXPCL.SN,AXP,318830.0,0
2026-08-06,AXPCL.SN,AXP,318830.0,0
2026-08-07,AXPCL.SN,AXP,318830.0,0
2026-08-10,AXPCL.SN,AXP,318830.0,0
2026-08-11,AXPCL.SN,AXP,310500.0,0
2026-08-12,AXPCL.SN,AXP,310500.0,0
2026-08-13,AXPCL.SN,AXP,310500.0,0
2026-08-14,AXPCL.SN,AXP,310500.0,0
2026-08-17,AXPCL.SN,AXP,310500.0,0
2026-08-18,AXPCL.SN,AXP,307360.0,0
2026-08-19,AXPCL.SN,AXP,307360.0,0
2026-08-20,AXPCL.SN,AXP,307360.0,0
2026-08-21,AXPCL.SN,AXP,307360.0,0
2026-08-24,AXPCL.SN,AXP,307360.0,0
2026-08-25,AXPCL.SN,AXP,308540.0,0
2026-08-26,AXPCL.SN,AXP,308540.0,0
2026-08-27,AXPCL.SN,AXP,308540.0,0
2026-08-28,AXPCL.SN,AXP,308540.0,0
2026-08-31,AXPCL.SN,AXP,308540.0,0
2026-09-01,AXPCL.SN,AXP,308540.0,0
2026-09-02,AXPCL.SN,AXP,308540.0,0
2026-09-03,AXPCL.SN,AXP,308540.0,0
2026-09-04,AXPCL.SN,AXP,308540.0,0
2026-09-07,AXPCL.SN,AXP,308540.0,0
2026-09-08,AXPCL.SN,AXP,308540.0,0
2026-09-09,AXPCL.SN,AXP,302560.0,0
2026-09-10,AXPCL.SN,AXP,302560.0,0
2026-09-11,AXPCL.SN,AXP,302560.0,0
2026-09-14,AXPCL.SN,AXP,302560.0,0
2026-09-15,AXPCL.SN,AXP,313860.0,0
2026-09-16,AXPCL.SN,AXP,313860.0,0
2026-09-17,AXPCL.SN,AXP,313860.0,0
2026-09-21,AXPCL.SN,AXP,313860.0,0
2024-09-23,BACCL.SN,BAC,37804.0,0
2024-09-24,BACCL.SN,BAC,37804.0,13
2024-09-25,BACCL.SN,BAC,37804.0,53
2024-09-26,BACCL.SN,BAC,37804.0,13
2024-09-27,BACCL.SN,BAC,37804.0,162
2024-09-30,BACCL.SN,BAC,35600.0,1596
2024-10-01,BACCL.SN,BAC,35600.0,84
2024-10-02,BACCL.SN,BAC,35900.0,400
2024-10-03,BACCL.SN,BAC,35900.0,170
2024-10-04,BACCL.SN,BAC,35900.0,58
2024-10-07,BACCL.SN,BAC,35900.0,134
2024-10-08,BACCL.SN,BAC,35900.0,79
2024-10-09,BACCL.SN,BAC,35900.0,0
2024-10-10,BACCL.SN,BAC,35900.0,104
2024-10-11,BACCL.SN,BAC,35900.0,0
2024-10-14,BACCL.SN,BAC,35900.0,2
2024-10-15,BACCL.SN,BAC,35900.0,187
2024-10-16,BACCL.SN,BAC,40395.0,285
2024-10-17,BACCL.SN,BAC,40395.0,41
2024-10-18,BACCL.SN,BAC,40395.0,0
2024-10-21,BACCL.SN,BAC,40395.0,184
2024-10-22,BACCL.SN,BAC,40395.0,58
2024-10-23,BACCL.SN,BAC,40000.0,378
2024-10-24,BACCL.SN,BAC,40200.0,192
2024-10-25,BACCL.SN,BAC,40237.0,258
2024-10-28,BACCL.SN,BAC,40237.0,76
2024-10-29,BACCL.SN,BAC,40237.0,92
2024-10-30,BACCL.SN,BAC,40237.0,74
2024-11-04,BACCL.SN,BAC,39500.0,7694
2024-11-05,BACCL.SN,BAC,39500.0,0
2024-11-06,BACCL.SN,BAC,43500.0,374
2024-11-07,BACCL.SN,BAC,43500.0,0
2024-11-08,BACCL.SN,BAC,43500.0,0
2024-11-11,BACCL.SN,BAC,43500.0,0
2024-11-12,BACCL.SN,BAC,43500.0,0
2024-11-13,BACCL.SN,BAC,43500.0,0
2024-11-14,BACCL.SN,BAC,43500.0,0
2024-11-15,BACCL.SN,BAC,43500.0,0
2024-11-18,BACCL.SN,BAC,43500.0,0
2024-11-19,BACCL.SN,BAC,43500.0,0
2024-11-20,BACCL.SN,BAC,44700.0,425
2024-11-21,BACCL.SN,BAC,44700.0,0
2024-11-22,BACCL.SN,BAC,44700.0,0
2024-11-25,BACCL.SN,BAC,44700.0,0
2024-11-26,BACCL.SN,BAC,44700.0,0
2024-11-27,BACCL.SN,BAC,44700.0,0
2024-11-28,BACCL.SN,BAC,44700.0,0
2024-11-29,BACCL.SN,BAC,44700.0,63
2024-12-02,BACCL.SN,BAC,44700.0,0
2024-12-03,BACCL.SN,BAC,44700.0,0
2024-12-04,BACCL.SN,BAC,44700.0,0
2024-12-05,BACCL.SN,BAC,44700.0,0
2024-12-06,BACCL.SN,BAC,44700.0,0
2024-12-09,BACCL.SN,BAC,44700.0,0
2024-12-10,BACCL.SN,BAC,44700.0,0
2024-12-11,BACCL.SN,BAC,44700.0,0
2024-12-12,BACCL.SN,BAC,44700.0,0
2024-12-13,BACCL.SN,BAC,44700.0,0
2024-12-16,BACCL.SN,BAC,44700.0,0
2024-12-17,BACCL.SN,BAC,44700.0,0
2024-12-18,BACCL.SN,BAC,44700.0,0
2024-12-19,BACCL.SN,BAC,44700.0,0
2024-12-20,BACCL.SN,BAC,44700.0,0
2024-12-23,BACCL.SN,BAC,44700.0,0
2024-12-24,BACCL.SN,BAC,44700.0,0
2024-12-26,BACCL.SN,BAC,44700.0,0
2024-12-27,BACCL.SN,BAC,44700.0,0
2024-12-30,BACCL.SN,BAC,44700.0,0
2025-01-02,BACCL.SN,BAC,44700.0,0
2025-01-03,BACCL.SN,BAC,44700.0,0
2025-01-06,BACCL.SN,BAC,44700.0,0
2025-01-07,BACCL.SN,BAC,44700.0,0
2025-01-08,BACCL.SN,BAC,44700.0,0
2025-01-09,BACCL.SN,BAC,44700.0,0
2025-01-10,BACCL.SN,BAC,44700.0,0
2025-01-13,BACCL.SN,BAC,44700.0,0
2025-01-14,BACCL.SN,BAC,44700.0,0
2025-01-15,BACCL.SN,BAC,44700.0,0
2025-01-16,BACCL.SN,BAC,44700.0,0
2025-01-17,BACCL.SN,BAC,44700.0,0
2025-01-20,BACCL.SN,BAC,44700.0,0
2025-01-21,BACCL.SN,BAC,44700.0,0
2025-01-22,BACCL.SN,BAC,44700.0,0
2025-01-23,BACCL.SN,BAC,44700.0,0
2025-01-24,BACCL.SN,BAC,44700.0,0
2025-01-27,BACCL.SN,BAC,44700.0,0
2025-01-28,BACCL.SN,BAC,44700.0,0
2025-01-29,BACCL.SN,BAC,44700.0,0
2025-01-30,BACCL.SN,BAC,44700.0,0
2025-01-31,BACCL.SN,BAC,44700.0,0
2025-02-03,BACCL.SN,BAC,45100.0,9105
2025-02-04,BACCL.SN,BAC,45100.0,46
2025-02-05,BACCL.SN,BAC,45511.0,292
2025-02-06,BACCL.SN,BAC,45511.0,33
2025-02-07,BACCL.SN,BAC,45511.0,50
2025-02-10,BACCL.SN,BAC,45511.0,0
2025-02-11,BACCL.SN,BAC,45511.0,0
2025-02-12,BACCL.SN,BAC,43802.0,259
2025-02-13,BACCL.SN,BAC,43802.0,82
2025-02-14,BACCL.SN,BAC,43802.0,164
2025-02-17,BACCL.SN,BAC,43802.0,0
2025-02-18,BACCL.SN,BAC,43802.0,81
2025-02-19,BACCL.SN,BAC,43802.0,21
2025-02-20,BACCL.SN,BAC,43802.0,98
2025-02-21,BACCL.SN,BAC,43802.0,14
2025-02-24,BACCL.SN,BAC,43802.0,15
2025-02-25,BACCL.SN,BAC,43802.0,86
2025-02-26,BACCL.SN,BAC,43802.0,49
2025-02-27,BACCL.SN,BAC,43802.0,75
2025-02-28,BACCL.SN,BAC,43802.0,30
2025-03-03,BACCL.SN,BAC,43802.0,7
2025-03-04,BACCL.SN,BAC,41097.0,14105
2025-03-05,BACCL.SN,BAC,41097.0,89
2025-03-06,BACCL.SN,BAC,41097.0,133
2025-03-07,BACCL.SN,BAC,38188.0,415
2025-03-10,BACCL.SN,BAC,38188.0,111
2025-03-11,BACCL.SN,BAC,38188.0,145
2025-03-12,BACCL.SN,BAC,38188.0,32
2025-03-13,BACCL.SN,BAC,38188.0,88
2025-03-14,BACCL.SN,BAC,38100.0,408
2025-03-17,BACCL.SN,BAC,38100.0,48
2025-03-18,BACCL.SN,BAC,38100.0,57
2025-03-19,BACCL.SN,BAC,38100.0,37
2025-03-20,BACCL.SN,BAC,38100.0,0
2025-03-21,BACCL.SN,BAC,38100.0,82
2025-03-24,BACCL.SN,BAC,38100.0,78
2025-03-25,BACCL.SN,BAC,38100.0,191
2025-03-26,BACCL.SN,BAC,39900.0,1123
2025-03-27,BACCL.SN,BAC,39900.0,51
2025-03-28,BACCL.SN,BAC,39395.0,509
2025-03-31,BACCL.SN,BAC,39395.0,112
2025-04-01,BACCL.SN,BAC,39395.0,69
2025-04-02,BACCL.SN,BAC,39395.0,2
2025-04-03,BACCL.SN,BAC,39395.0,109
2025-04-04,BACCL.SN,BAC,39395.0,0
2025-04-07,BACCL.SN,BAC,35500.0,345
2025-04-08,BACCL.SN,BAC,34800.0,535
2025-04-09,BACCL.SN,BAC,34269.0,326
2025-04-10,BACCL.SN,BAC,34269.0,142
2025-04-11,BACCL.SN,BAC,34269.0,69
2025-04-14,BACCL.SN,BAC,34269.0,54
2025-04-15,BACCL.SN,BAC,34269.0,27
2025-04-16,BACCL.SN,BAC,34269.0,63
2025-04-17,BACCL.SN,BAC,34269.0,65
2025-04-21,BACCL.SN,BAC,35500.0,226
2025-04-22,BACCL.SN,BAC,35500.0,113
2025-04-23,BACCL.SN,BAC,35500.0,40
2025-04-24,BACCL.SN,BAC,35500.0,88
2025-04-25,BACCL.SN,BAC,35500.0,0
2025-04-28,BACCL.SN,BAC,35500.0,65
2025-04-29,BACCL.SN,BAC,35500.0,81
2025-04-30,BACCL.SN,BAC,35500.0,81
2025-05-02,BACCL.SN,BAC,35500.0,0
2025-05-05,BACCL.SN,BAC,35500.0,75
2025-05-06,BACCL.SN,BAC,35500.0,144
2025-05-07,BACCL.SN,BAC,38400.0,539
2025-05-08,BACCL.SN,BAC,38400.0,0
2025-05-09,BACCL.SN,BAC,38400.0,33
2025-05-12,BACCL.SN,BAC,38400.0,21
2025-05-13,BACCL.SN,BAC,38400.0,16
2025-05-14,BACCL.SN,BAC,38400.0,123
2025-05-15,BACCL.SN,BAC,38400.0,103
2025-05-16,BACCL.SN,BAC,38400.0,115
2025-05-19,BACCL.SN,BAC,38400.0,0
2025-05-20,BACCL.SN,BAC,42400.0,362
2025-05-22,BACCL.SN,BAC,41130.0,342
2025-05-23,BACCL.SN,BAC,41130.0,0
2025-05-26,BACCL.SN,BAC,41130.0,0
2025-05-27,BACCL.SN,BAC,41130.0,172
2025-05-28,BACCL.SN,BAC,41130.0,123
2025-05-29,BACCL.SN,BAC,41530.0,208
2025-05-30,BACCL.SN,BAC,41530.0,107
2025-06-02,BACCL.SN,BAC,41500.0,553
2025-06-03,BACCL.SN,BAC,41500.0,53
2025-06-04,BACCL.SN,BAC,41700.0,315
2025-06-05,BACCL.SN,BAC,41700.0,17
2025-06-06,BACCL.SN,BAC,42172.0,1454
2025-06-09,BACCL.SN,BAC,42500.0,242
2025-06-10,BACCL.SN,BAC,42500.0,103
2025-06-11,BACCL.SN,BAC,42402.0,213
2025-06-12,BACCL.SN,BAC,42402.0,158
2025-06-13,BACCL.SN,BAC,42402.0,148
2025-06-16,BACCL.SN,BAC,42001.0,354
2025-06-17,BACCL.SN,BAC,42000.0,1182
2025-06-18,BACCL.SN,BAC,42000.0,64
2025-06-19,BACCL.SN,BAC,42000.0,0
2025-06-23,BACCL.SN,BAC,43109.0,336
2025-06-24,BACCL.SN,BAC,43109.0,16
2025-06-25,BACCL.SN,BAC,43109.0,0
2025-06-26,BACCL.SN,BAC,44301.0,679
2025-06-27,BACCL.SN,BAC,44301.0,171
2025-06-30,BACCL.SN,BAC,44301.0,175
2025-07-01,BACCL.SN,BAC,44301.0,13
2025-07-02,BACCL.SN,BAC,44760.0,33432
2025-07-03,BACCL.SN,BAC,44760.0,5
2025-07-04,BACCL.SN,BAC,44760.0,0
2025-07-07,BACCL.SN,BAC,44760.0,2
2025-07-08,BACCL.SN,BAC,44760.0,0
2025-07-09,BACCL.SN,BAC,44760.0,0
2025-07-10,BACCL.SN,BAC,44760.0,1
2025-07-11,BACCL.SN,BAC,44760.0,0
2025-07-14,BACCL.SN,BAC,44760.0,0
2025-07-15,BACCL.SN,BAC,44760.0,0
2025-07-17,BACCL.SN,BAC,44760.0,0
2025-07-18,BACCL.SN,BAC,44760.0,0
2025-07-21,BACCL.SN,BAC,44760.0,7
2025-07-22,BACCL.SN,BAC,44760.0,0
2025-07-23,BACCL.SN,BAC,44760.0,0
2025-07-24,BACCL.SN,BAC,44760.0,0
2025-07-25,BACCL.SN,BAC,44760.0,0
2025-07-28,BACCL.SN,BAC,44760.0,0
2025-07-29,BACCL.SN,BAC,44760.0,0
2025-07-30,BACCL.SN,BAC,44760.0,0
2025-07-31,BACCL.SN,BAC,44760.0,0
2025-08-01,BACCL.SN,BAC,44760.0,0
2025-08-04,BACCL.SN,BAC,44760.0,0
2025-08-05,BACCL.SN,BAC,44760.0,0
2025-08-06,BACCL.SN,BAC,44760.0,5
2025-08-07,BACCL.SN,BAC,44760.0,0
2025-08-08,BACCL.SN,BAC,44760.0,0
2025-08-11,BACCL.SN,BAC,44760.0,0
2025-08-12,BACCL.SN,BAC,44760.0,0
2025-08-13,BACCL.SN,BAC,44760.0,0
2025-08-14,BACCL.SN,BAC,44760.0,0
2025-08-18,BACCL.SN,BAC,44760.0,0
2025-08-19,BACCL.SN,BAC,44760.0,0
2025-08-20,BACCL.SN,BAC,44760.0,0
2025-08-21,BACCL.SN,BAC,44760.0,0
2025-08-22,BACCL.SN,BAC,44760.0,0
2025-08-25,BACCL.SN,BAC,44760.0,0
2025-08-26,BACCL.SN,BAC,44760.0,3
2025-08-27,BACCL.SN,BAC,44760.0,0
2025-08-28,BACCL.SN,BAC,44760.0,0
2025-08-29,BACCL.SN,BAC,44760.0,0
2025-09-01,BACCL.SN,BAC,44760.0,0
2025-09-02,BACCL.SN,BAC,44760.0,0
2025-09-03,BACCL.SN,BAC,44760.0,0
2025-09-04,BACCL.SN,BAC,44760.0,2
2025-09-05,BACCL.SN,BAC,44760.0,0
2025-09-08,BACCL.SN,BAC,44760.0,0
2025-09-09,BACCL.SN,BAC,44760.0,0
2025-09-10,BACCL.SN,BAC,44760.0,0
2025-09-11,BACCL.SN,BAC,44760.0,0
2025-09-12,BACCL.SN,BAC,44760.0,0
2025-09-15,BACCL.SN,BAC,44760.0,0
2025-09-16,BACCL.SN,BAC,44760.0,0
2025-09-17,BACCL.SN,BAC,44760.0,0
2025-09-22,BACCL.SN,BAC,44760.0,0
2025-09-23,BACCL.SN,BAC,44760.0,0
2025-09-24,BACCL.SN,BAC,44760.0,0
2025-09-25,BACCL.SN,BAC,44760.0,0
2025-09-26,BACCL.SN,BAC,44760.0,0
2025-09-29,BACCL.SN,BAC,44760.0,0
2025-09-30,BACCL.SN,BAC,44760.0,0
2025-10-01,BACCL.SN,BAC,44760.0,0
2025-10-02,BACCL.SN,BAC,44760.0,0
2025-10-03,BACCL.SN,BAC,44760.0,0
2025-10-06,BACCL.SN,BAC,44760.0,0
2025-10-07,BACCL.SN,BAC,44760.0,0
2025-10-08,BACCL.SN,BAC,44760.0,0
2025-10-09,BACCL.SN,BAC,44760.0,0
2025-10-10,BACCL.SN,BAC,44760.0,0
2025-10-13,BACCL.SN,BAC,44760.0,2
2025-10-14,BACCL.SN,BAC,44760.0,5
2025-10-15,BACCL.SN,BAC,44760.0,0
2025-10-16,BACCL.SN,BAC,44760.0,140
2025-10-17,BACCL.SN,BAC,44760.0,0
2025-10-20,BACCL.SN,BAC,44760.0,0
2025-10-21,BACCL.SN,BAC,44760.0,0
2025-10-22,BACCL.SN,BAC,44760.0,0
2025-10-23,BACCL.SN,BAC,44760.0,2
2025-10-24,BACCL.SN,BAC,44760.0,0
2025-10-27,BACCL.SN,BAC,44760.0,0
2025-10-28,BACCL.SN,BAC,44760.0,0
2025-10-29,BACCL.SN,BAC,44760.0,0
2025-10-30,BACCL.SN,BAC,44760.0,0
2025-11-03,BACCL.SN,BAC,44760.0,0
2025-11-04,BACCL.SN,BAC,44760.0,0
2025-11-05,BACCL.SN,BAC,44760.0,0
2025-11-06,BACCL.SN,BAC,44760.0,0
2025-11-07,BACCL.SN,BAC,44760.0,0
2025-11-10,BACCL.SN,BAC,44760.0,0
2025-11-11,BACCL.SN,BAC,44760.0,0
2025-11-12,BACCL.SN,BAC,44760.0,0
2025-11-13,BACCL.SN,BAC,44760.0,0
2025-11-14,BACCL.SN,BAC,44760.0,0
2025-11-17,BACCL.SN,BAC,44760.0,0
2025-11-18,BACCL.SN,BAC,44760.0,0
2025-11-19,BACCL.SN,BAC,44760.0,0
2025-11-20,BACCL.SN,BAC,44760.0,0
2025-11-21,BACCL.SN,BAC,44760.0,1
2025-11-24,BACCL.SN,BAC,44760.0,0
2025-11-25,BACCL.SN,BAC,44760.0,0
2025-11-26,BACCL.SN,BAC,44760.0,0
2025-11-27,BACCL.SN,BAC,44760.0,0
2025-11-28,BACCL.SN,BAC,44760.0,0
2025-12-01,BACCL.SN,BAC,44760.0,0
2025-12-02,BACCL.SN,BAC,44760.0,0
2025-12-03,BACCL.SN,BAC,44760.0,0
2025-12-04,BACCL.SN,BAC,44760.0,0
2025-12-05,BACCL.SN,BAC,44760.0,0
2025-12-09,BACCL.SN,BAC,44760.0,0
2025-12-10,BACCL.SN,BAC,44760.0,0
2025-12-11,BACCL.SN,BAC,44760.0,0
2025-12-12,BACCL.SN,BAC,44760.0,0
2025-12-15,BACCL.SN,BAC,44760.0,0
2025-12-16,BACCL.SN,BAC,44760.0,0
2025-12-17,BACCL.SN,BAC,44760.0,0
2025-12-18,BACCL.SN,BAC,44760.0,0
2025-12-19,BACCL.SN,BAC,44760.0,0
2025-12-22,BACCL.SN,BAC,44760.0,0
2025-12-23,BACCL.SN,BAC,44760.0,0
2025-12-24,BACCL.SN,BAC,44760.0,0
2025-12-26,BACCL.SN,BAC,44760.0,0
2025-12-29,BACCL.SN,BAC,44760.0,0
2025-12-30,BACCL.SN,BAC,44760.0,20
2026-01-02,BACCL.SN,BAC,44760.0,0
2026-01-05,BACCL.SN,BAC,51500.0,234
2026-01-06,BACCL.SN,BAC,51500.0,0
2026-01-07,BACCL.SN,BAC,51500.0,0
2026-01-08,BACCL.SN,BAC,51500.0,0
2026-01-09,BACCL.SN,BAC,51500.0,0
2026-01-12,BACCL.SN,BAC,51500.0,0
2026-01-13,BACCL.SN,BAC,51500.0,0
2026-01-14,BACCL.SN,BAC,51500.0,0
2026-01-15,BACCL.SN,BAC,51500.0,0
2026-01-16,BACCL.SN,BAC,51500.0,0
2026-01-19,BACCL.SN,BAC,51500.0,0
2026-01-20,BACCL.SN,BAC,51500.0,0
2026-01-21,BACCL.SN,BAC,51500.0,0
2026-01-22,BACCL.SN,BAC,51500.0,0
2026-01-23,BACCL.SN,BAC,51500.0,0
2026-01-26,BACCL.SN,BAC,51500.0,0
2026-01-27,BACCL.SN,BAC,51500.0,0
2026-01-28,BACCL.SN,BAC,51500.0,0
2026-01-29,BACCL.SN,BAC,51500.0,0
2026-01-30,BACCL.SN,BAC,51500.0,0
2026-02-02,BACCL.SN,BAC,51500.0,0
2026-02-03,BACCL.SN,BAC,51500.0,0
2026-02-04,BACCL.SN,BAC,51500.0,0
2026-02-05,BACCL.SN,BAC,51500.0,0
2026-02-06,BACCL.SN,BAC,51500.0,20
2026-02-09,BACCL.SN,BAC,51500.0,0
2026-02-10,BACCL.SN,BAC,51500.0,0
2026-02-11,BACCL.SN,BAC,51500.0,0
2026-02-12,BACCL.SN,BAC,51500.0,0
2026-02-13,BACCL.SN,BAC,51500.0,0
2026-02-16,BACCL.SN,BAC,51500.0,0
2026-02-17,BACCL.SN,BAC,51500.0,0
2026-02-18,BACCL.SN,BAC,51500.0,0
2026-02-19,BACCL.SN,BAC,51500.0,0
2026-02-20,BACCL.SN,BAC,51500.0,0
2026-02-23,BACCL.SN,BAC,51500.0,0
2026-02-24,BACCL.SN,BAC,51500.0,0
2026-02-25,BACCL.SN,BAC,51500.0,0
2026-02-26,BACCL.SN,BAC,51500.0,0
2026-02-27,BACCL.SN,BAC,51500.0,0
2026-03-02,BACCL.SN,BAC,51500.0,0
2026-03-03,BACCL.SN,BAC,51500.0,0
2026-03-04,BACCL.SN,BAC,51500.0,0
2026-03-05,BACCL.SN,BAC,51500.0,0
2026-03-06,BACCL.SN,BAC,51500.0,0
2026-03-09,BACCL.SN,BAC,51500.0,0
2026-03-10,BACCL.SN,BAC,51500.0,0
2026-03-11,BACCL.SN,BAC,51500.0,0
2026-03-12,BACCL.SN,BAC,51500.0,0
2026-03-13,BACCL.SN,BAC,51500.0,0
2026-03-16,BACCL.SN,BAC,51500.0,0
2026-03-17,BACCL.SN,BAC,51500.0,0
2026-03-18,BACCL.SN,BAC,51500.0,0
2026-03-19,BACCL.SN,BAC,51500.0,0
2026-03-20,BACCL.SN,BAC,51500.0,0
2026-03-23,BACCL.SN,BAC,51500.0,0
2026-03-24,BACCL.SN,BAC,51500.0,0
2026-03-25,BACCL.SN,BAC,51500.0,0
2026-03-26,BACCL.SN,BAC,51500.0,0
2026-03-27,BACCL.SN,BAC,51500.0,0
2026-03-30,BACCL.SN,BAC,51500.0,0
2026-03-31,BACCL.SN,BAC,51500.0,0
2026-04-01,BACCL.SN,BAC,51500.0,0
2026-04-02,BACCL.SN,BAC,51500.0,0
2026-04-06,BACCL.SN,BAC,51500.0,0
2026-04-07,BACCL.SN,BAC,51500.0,0
2026-04-08,BACCL.SN,BAC,51500.0,0
2026-04-09,BACCL.SN,BAC,51500.0,0
2026-04-10,BACCL.SN,BAC,51500.0,0
2026-04-13,BACCL.SN,BAC,51500.0,0
2026-04-14,BACCL.SN,BAC,51500.0,0
2026-04-15,BACCL.SN,BAC,51500.0,0
2026-04-16,BACCL.SN,BAC,51500.0,0
2026-04-17,BACCL.SN,BAC,51500.0,0
2026-04-20,BACCL.SN,BAC,51500.0,0
2026-04-21,BACCL.SN,BAC,51500.0,0
2026-04-22,BACCL.SN,BAC,51500.0,0
2026-04-23,BACCL.SN,BAC,51500.0,0
2026-04-24,BACCL.SN,BAC,51500.0,0
2026-04-27,BACCL.SN,BAC,51500.0,1
2026-04-28,BACCL.SN,BAC,51500.0,10
2026-04-29,BACCL.SN,BAC,51500.0,0
2026-04-30,BACCL.SN,BAC,51500.0,0
2026-05-04,BACCL.SN,BAC,51500.0,0
2026-05-05,BACCL.SN,BAC,51500.0,0
2026-05-06,BACCL.SN,BAC,51500.0,0
2026-05-07,BACCL.SN,BAC,51500.0,0
2026-05-08,BACCL.SN,BAC,51500.0,0
2026-05-11,BACCL.SN,BAC,51500.0,0
2026-05-12,BACCL.SN,BAC,51500.0,0
2026-05-13,BACCL.SN,BAC,51500.0,0
2026-05-14,BACCL.SN,BAC,51500.0,0
2026-05-15,BACCL.SN,BAC,51500.0,16
2026-05-18,BACCL.SN,BAC,51500.0,0
2026-05-19,BACCL.SN,BAC,51500.0,0
2026-05-20,BACCL.SN,BAC,51500.0,0
2026-05-22,BACCL.SN,BAC,51500.0,0
2026-05-25,BACCL.SN,BAC,51500.0,0
2026-05-26,BACCL.SN,BAC,51500.0,0
2026-05-27,BACCL.SN,BAC,51500.0,0
2026-05-28,BACCL.SN,BAC,51500.0,0
2026-05-29,BACCL.SN,BAC,45527.0,212
2026-06-01,BACCL.SN,BAC,45527.0,3
2026-06-02,BACCL.SN,BAC,45527.0,0
2026-06-03,BACCL.SN,BAC,45527.0,0
2026-06-04,BACCL.SN,BAC,45527.0,0
2026-06-05,BACCL.SN,BAC,45527.0,0
2026-06-08,BACCL.SN,BAC,45527.0,0
2026-06-09,BACCL.SN,BAC,45527.0,0
2026-06-10,BACCL.SN,BAC,45527.0,0
2026-06-11,BACCL.SN,BAC,45527.0,0
2026-06-12,BACCL.SN,BAC,45527.0,0
2026-06-15,BACCL.SN,BAC,45527.0,0
2026-06-16,BACCL.SN,BAC,45527.0,0
2026-06-17,BACCL.SN,BAC,45527.0,0
2026-06-18,BACCL.SN,BAC,45527.0,0
2026-06-19,BACCL.SN,BAC,45527.0,0
2026-06-22,BACCL.SN,BAC,45527.0,0
2026-06-23,BACCL.SN,BAC,45527.0,0
2026-06-24,BACCL.SN,BAC,45527.0,0
2026-06-25,BACCL.SN,BAC,45527.0,0
2026-06-26,BACCL.SN,BAC,45527.0,0
2026-06-30,BACCL.SN,BAC,45527.0,0
2026-07-01,BACCL.SN,BAC,45527.0,0
2026-07-02,BACCL.SN,BAC,45527.0,10
2026-07-03,BACCL.SN,BAC,45527.0,0
2026-07-06,BACCL.SN,BAC,45527.0,0
2026-07-07,BACCL.SN,BAC,45527.0,0
2026-07-08,BACCL.SN,BAC,45527.0,0
2026-07-09,BACCL.SN,BAC,45527.0,0
2026-07-10,BACCL.SN,BAC,45527.0,0
2026-07-13,BACCL.SN,BAC,45527.0,0
2026-07-14,BACCL.SN,BAC,45527.0,0
2026-07-15,BACCL.SN,BAC,45527.0,0
2026-07-17,BACCL.SN,BAC,45527.0,0
2026-07-20,BACCL.SN,BAC,45527.0,0
2026-07-21,BACCL.SN,BAC,56372.0,0
2026-07-22,BACCL.SN,BAC,56372.0,0
2026-07-23,BACCL.SN,BAC,58000.0,70
2026-07-24,BACCL.SN,BAC,58000.0,0
2026-07-27,BACCL.SN,BAC,58000.0,0
2026-07-28,BACCL.SN,BAC,58613.0,0
2026-07-29,BACCL.SN,BAC,58613.0,0
2026-07-30,BACCL.SN,BAC,58613.0,0
2026-07-31,BACCL.SN,BAC,58613.0,0
2026-08-03,BACCL.SN,BAC,58613.0,0
2026-08-04,BACCL.SN,BAC,57764.0,19
2026-08-05,BACCL.SN,BAC,57764.0,0
2026-08-06,BACCL.SN,BAC,57764.0,0
2026-08-07,BACCL.SN,BAC,57764.0,0
2026-08-10,BACCL.SN,BAC,57764.0,0
2026-08-11,BACCL.SN,BAC,58515.0,0
2026-08-12,BACCL.SN,BAC,58515.0,0
2026-08-13,BACCL.SN,BAC,58515.0,0
2026-08-14,BACCL.SN,BAC,58515.0,0
2026-08-17,BACCL.SN,BAC,58515.0,0
2026-08-18,BACCL.SN,BAC,58408.0,0
2026-08-19,BACCL.SN,BAC,58408.0,0
2026-08-20,BACCL.SN,BAC,58408.0,0
2026-08-21,BACCL.SN,BAC,58408.0,0
2026-08-24,BACCL.SN,BAC,58408.0,0
2026-08-25,BACCL.SN,BAC,57010.0,0
2026-08-26,BACCL.SN,BAC,57010.0,0
2026-08-27,BACCL.SN,BAC,57010.0,0
2026-08-28,BACCL.SN,BAC,57010.0,0
2026-08-31,BACCL.SN,BAC,57010.0,0
2026-09-01,BACCL.SN,BAC,57010.0,0
2026-09-02,BACCL.SN,BAC,57010.0,0
2026-09-03,BACCL.SN,BAC,57010.0,0
2026-09-04,BACCL.SN,BAC,57010.0,0
2026-09-07,BACCL.SN,BAC,57010.0,0
2026-09-08,BACCL.SN,BAC,57010.0,0
2026-09-09,BACCL.SN,BAC,57850.0,0
2026-09-10,BACCL.SN,BAC,57850.0,0
2026-09-11,BACCL.SN,BAC,57850.0,0
2026-09-14,BACCL.SN,BAC,57850.0,0
2026-09-15,BACCL.SN,BAC,56944.0,0
2026-09-16,BACCL.SN,BAC,56944.0,0
2026-09-17,BACCL.SN,BAC,56944.0,0
2026-09-21,BACCL.SN,BAC,56944.0,0
2024-09-23,CVXCL.SN,CVX,146000.0,0
2024-09-24,CVXCL.SN,CVX,146000.0,0
2024-09-25,CVXCL.SN,CVX,146000.0,1
2024-09-26,CVXCL.SN,CVX,146000.0,0
2024-09-27,CVXCL.SN,CVX,146000.0,0
2024-09-30,CVXCL.SN,CVX,146000.0,20
2024-10-01,CVXCL.SN,CVX,146000.0,0
2024-10-02,CVXCL.SN,CVX,146000.0,0
2024-10-03,CVXCL.SN,CVX,146000.0,30
2024-10-04,CVXCL.SN,CVX,146000.0,0
2024-10-07,CVXCL.SN,CVX,146000.0,0
2024-10-08,CVXCL.SN,CVX,146000.0,0
2024-10-09,CVXCL.SN,CVX,146000.0,0
2024-10-10,CVXCL.SN,CVX,146000.0,0
2024-10-11,CVXCL.SN,CVX,146000.0,0
2024-10-14,CVXCL.SN,CVX,146000.0,0
2024-10-15,CVXCL.SN,CVX,146000.0,0
2024-10-16,CVXCL.SN,CVX,146000.0,0
2024-10-17,CVXCL.SN,CVX,146000.0,0
2024-10-18,CVXCL.SN,CVX,146000.0,0
2024-10-21,CVXCL.SN,CVX,146000.0,0
2024-10-22,CVXCL.SN,CVX,146000.0,0
2024-10-23,CVXCL.SN,CVX,146000.0,0
2024-10-24,CVXCL.SN,CVX,146000.0,0
2024-10-25,CVXCL.SN,CVX,146000.0,0
2024-10-28,CVXCL.SN,CVX,146000.0,0
2024-10-29,CVXCL.SN,CVX,146000.0,14
2024-10-30,CVXCL.SN,CVX,146000.0,0
2024-11-04,CVXCL.SN,CVX,146000.0,0
2024-11-05,CVXCL.SN,CVX,146000.0,0
2024-11-06,CVXCL.SN,CVX,146000.0,0
2024-11-07,CVXCL.SN,CVX,146000.0,0
2024-11-08,CVXCL.SN,CVX,146000.0,0
2024-11-11,CVXCL.SN,CVX,146000.0,0
2024-11-12,CVXCL.SN,CVX,146000.0,0
2024-11-13,CVXCL.SN,CVX,146000.0,0
2024-11-14,CVXCL.SN,CVX,146000.0,0
2024-11-15,CVXCL.SN,CVX,146000.0,0
2024-11-18,CVXCL.SN,CVX,146000.0,0
2024-11-19,CVXCL.SN,CVX,146000.0,0
2024-11-20,CVXCL.SN,CVX,146000.0,0
2024-11-21,CVXCL.SN,CVX,146000.0,0
2024-11-22,CVXCL.SN,CVX,146000.0,0
2024-11-25,CVXCL.SN,CVX,146000.0,0
2024-11-26,CVXCL.SN,CVX,146000.0,0
2024-11-27,CVXCL.SN,CVX,146000.0,0
2024-11-28,CVXCL.SN,CVX,146000.0,0
2024-11-29,CVXCL.SN,CVX,146000.0,0
2024-12-02,CVXCL.SN,CVX,146000.0,0
2024-12-03,CVXCL.SN,CVX,146000.0,0
2024-12-04,CVXCL.SN,CVX,146000.0,0
2024-12-05,CVXCL.SN,CVX,146000.0,0
2024-12-06,CVXCL.SN,CVX,146000.0,0
2024-12-09,CVXCL.SN,CVX,146000.0,0
2024-12-10,CVXCL.SN,CVX,146000.0,0
2024-12-11,CVXCL.SN,CVX,146000.0,0
2024-12-12,CVXCL.SN,CVX,146000.0,0
2024-12-13,CVXCL.SN,CVX,146000.0,0
2024-12-16,CVXCL.SN,CVX,146000.0,0
2024-12-17,CVXCL.SN,CVX,146000.0,0
2024-12-18,CVXCL.SN,CVX,146000.0,0
2024-12-19,CVXCL.SN,CVX,146000.0,0
2024-12-20,CVXCL.SN,CVX,146000.0,0
2024-12-23,CVXCL.SN,CVX,146000.0,0
2024-12-24,CVXCL.SN,CVX,146000.0,0
2024-12-26,CVXCL.SN,CVX,146000.0,0
2024-12-27,CVXCL.SN,CVX,146000.0,0
2024-12-30,CVXCL.SN,CVX,146000.0,0
2025-01-02,CVXCL.SN,CVX,146000.0,0
2025-01-03,CVXCL.SN,CVX,146000.0,0
2025-01-06,CVXCL.SN,CVX,146000.0,0
2025-01-07,CVXCL.SN,CVX,146000.0,0
2025-01-08,CVXCL.SN,CVX,146000.0,0
2025-01-09,CVXCL.SN,CVX,146000.0,0
2025-01-10,CVXCL.SN,CVX,146000.0,0
2025-01-13,CVXCL.SN,CVX,146000.0,0
2025-01-14,CVXCL.SN,CVX,146000.0,0
2025-01-15,CVXCL.SN,CVX,146000.0,0
2025-01-16,CVXCL.SN,CVX,146000.0,30
2025-01-17,CVXCL.SN,CVX,146000.0,0
2025-01-20,CVXCL.SN,CVX,146000.0,0
2025-01-21,CVXCL.SN,CVX,146000.0,0
2025-01-22,CVXCL.SN,CVX,146000.0,0
2025-01-23,CVXCL.SN,CVX,146000.0,0
2025-01-24,CVXCL.SN,CVX,146000.0,0
2025-01-27,CVXCL.SN,CVX,146000.0,0
2025-01-28,CVXCL.SN,CVX,146000.0,0
2025-01-29,CVXCL.SN,CVX,146000.0,0
2025-01-30,CVXCL.SN,CVX,146000.0,0
2025-01-31,CVXCL.SN,CVX,146000.0,0
2025-02-03,CVXCL.SN,CVX,146000.0,0
2025-02-04,CVXCL.SN,CVX,146000.0,0
2025-02-05,CVXCL.SN,CVX,146000.0,0
2025-02-06,CVXCL.SN,CVX,146000.0,0
2025-02-07,CVXCL.SN,CVX,146000.0,0
2025-02-10,CVXCL.SN,CVX,146000.0,0
2025-02-11,CVXCL.SN,CVX,146000.0,0
2025-02-12,CVXCL.SN,CVX,146000.0,0
2025-02-13,CVXCL.SN,CVX,146000.0,0
2025-02-14,CVXCL.SN,CVX,146000.0,0
2025-02-17,CVXCL.SN,CVX,146000.0,0
2025-02-18,CVXCL.SN,CVX,146000.0,0
2025-02-19,CVXCL.SN,CVX,146000.0,0
2025-02-20,CVXCL.SN,CVX,146000.0,0
2025-02-21,CVXCL.SN,CVX,146000.0,0
2025-02-24,CVXCL.SN,CVX,146000.0,0
2025-02-25,CVXCL.SN,CVX,146000.0,0
2025-02-26,CVXCL.SN,CVX,146000.0,0
2025-02-27,CVXCL.SN,CVX,146000.0,0
2025-02-28,CVXCL.SN,CVX,146000.0,0
2025-03-03,CVXCL.SN,CVX,146000.0,0
2025-03-04,CVXCL.SN,CVX,146000.0,0
2025-03-05,CVXCL.SN,CVX,146000.0,0
2025-03-06,CVXCL.SN,CVX,146000.0,0
2025-03-07,CVXCL.SN,CVX,146000.0,0
2025-03-10,CVXCL.SN,CVX,146000.0,0
2025-03-11,CVXCL.SN,CVX,146000.0,0
2025-03-12,CVXCL.SN,CVX,146000.0,3
2025-03-13,CVXCL.SN,CVX,146000.0,0
2025-03-14,CVXCL.SN,CVX,146000.0,0
2025-03-17,CVXCL.SN,CVX,146000.0,0
2025-03-18,CVXCL.SN,CVX,146000.0,0
2025-03-19,CVXCL.SN,CVX,146000.0,0
2025-03-20,CVXCL.SN,CVX,146000.0,1
2025-03-21,CVXCL.SN,CVX,146000.0,0
2025-03-24,CVXCL.SN,CVX,146000.0,0
2025-03-25,CVXCL.SN,CVX,146000.0,0
2025-03-26,CVXCL.SN,CVX,146000.0,0
2025-03-27,CVXCL.SN,CVX,146000.0,0
2025-03-28,CVXCL.SN,CVX,146000.0,1
2025-03-31,CVXCL.SN,CVX,146000.0,0
2025-04-01,CVXCL.SN,CVX,146000.0,1
2025-04-02,CVXCL.SN,CVX,146000.0,0
2025-04-03,CVXCL.SN,CVX,146000.0,0
2025-04-04,CVXCL.SN,CVX,146000.0,0
2025-04-07,CVXCL.SN,CVX,146000.0,5
2025-04-08,CVXCL.SN,CVX,146000.0,0
2025-04-09,CVXCL.SN,CVX,146000.0,0
2025-04-10,CVXCL.SN,CVX,146000.0,0
2025-04-11,CVXCL.SN,CVX,146000.0,0
2025-04-14,CVXCL.SN,CVX,146000.0,0
2025-04-15,CVXCL.SN,CVX,146000.0,0
2025-04-16,CVXCL.SN,CVX,146000.0,0
2025-04-17,CVXCL.SN,CVX,146000.0,0
2025-04-21,CVXCL.SN,CVX,146000.0,0
2025-04-22,CVXCL.SN,CVX,146000.0,0
2025-04-23,CVXCL.SN,CVX,146000.0,0
2025-04-24,CVXCL.SN,CVX,146000.0,0
2025-04-25,CVXCL.SN,CVX,146000.0,0
2025-04-28,CVXCL.SN,CVX,146000.0,0
2025-04-29,CVXCL.SN,CVX,146000.0,0
2025-04-30,CVXCL.SN,CVX,146000.0,0
2025-05-02,CVXCL.SN,CVX,146000.0,0
2025-05-05,CVXCL.SN,CVX,146000.0,0
2025-05-06,CVXCL.SN,CVX,146000.0,0
2025-05-07,CVXCL.SN,CVX,146000.0,0
2025-05-08,CVXCL.SN,CVX,146000.0,0
2025-05-09,CVXCL.SN,CVX,146000.0,0
2025-05-12,CVXCL.SN,CVX,146000.0,0
2025-05-13,CVXCL.SN,CVX,146000.0,0
2025-05-14,CVXCL.SN,CVX,146000.0,1
2025-05-15,CVXCL.SN,CVX,146000.0,0
2025-05-16,CVXCL.SN,CVX,146000.0,1
2025-05-19,CVXCL.SN,CVX,146000.0,0
2025-05-20,CVXCL.SN,CVX,146000.0,0
2025-05-22,CVXCL.SN,CVX,146000.0,0
2025-05-23,CVXCL.SN,CVX,146000.0,0
2025-05-26,CVXCL.SN,CVX,146000.0,0
2025-05-27,CVXCL.SN,CVX,146000.0,0
2025-05-28,CVXCL.SN,CVX,146000.0,0
2025-05-29,CVXCL.SN,CVX,146000.0,0
2025-05-30,CVXCL.SN,CVX,146000.0,0
2025-06-02,CVXCL.SN,CVX,146000.0,0
2025-06-03,CVXCL.SN,CVX,146000.0,0
2025-06-04,CVXCL.SN,CVX,146000.0,0
2025-06-05,CVXCL.SN,CVX,146000.0,0
2025-06-06,CVXCL.SN,CVX,146000.0,0
2025-06-09,CVXCL.SN,CVX,146000.0,0
2025-06-10,CVXCL.SN,CVX,146000.0,0
2025-06-11,CVXCL.SN,CVX,146000.0,0
2025-06-12,CVXCL.SN,CVX,146000.0,0
2025-06-13,CVXCL.SN,CVX,146000.0,0
2025-06-16,CVXCL.SN,CVX,146000.0,0
2025-06-17,CVXCL.SN,CVX,146000.0,0
2025-06-18,CVXCL.SN,CVX,146000.0,0
2025-06-19,CVXCL.SN,CVX,146000.0,0
2025-06-23,CVXCL.SN,CVX,146000.0,0
2025-06-24,CVXCL.SN,CVX,146000.0,0
2025-06-25,CVXCL.SN,CVX,146000.0,0
2025-06-26,CVXCL.SN,CVX,146000.0,0
2025-06-27,CVXCL.SN,CVX,146000.0,0
2025-06-30,CVXCL.SN,CVX,146000.0,0
2025-07-01,CVXCL.SN,CVX,146000.0,0
2025-07-02,CVXCL.SN,CVX,146000.0,3
2025-07-03,CVXCL.SN,CVX,146000.0,0
2025-07-04,CVXCL.SN,CVX,146000.0,0
2025-07-07,CVXCL.SN,CVX,146000.0,0
2025-07-08,CVXCL.SN,CVX,146000.0,5
2025-07-09,CVXCL.SN,CVX,146000.0,0
2025-07-10,CVXCL.SN,CVX,146000.0,0
2025-07-11,CVXCL.SN,CVX,146000.0,0
2025-07-14,CVXCL.SN,CVX,146000.0,10
2025-07-15,CVXCL.SN,CVX,146000.0,0
2025-07-17,CVXCL.SN,CVX,146000.0,0
2025-07-18,CVXCL.SN,CVX,146000.0,0
2025-07-21,CVXCL.SN,CVX,146000.0,3
2025-07-22,CVXCL.SN,CVX,146000.0,0
2025-07-23,CVXCL.SN,CVX,146000.0,0
2025-07-24,CVXCL.SN,CVX,146000.0,0
2025-07-25,CVXCL.SN,CVX,146000.0,0
2025-07-28,CVXCL.SN,CVX,146000.0,0
2025-07-29,CVXCL.SN,CVX,146000.0,0
2025-07-30,CVXCL.SN,CVX,146000.0,0
2025-07-31,CVXCL.SN,CVX,146000.0,0
2025-08-01,CVXCL.SN,CVX,146000.0,0
2025-08-04,CVXCL.SN,CVX,146000.0,0
2025-08-05,CVXCL.SN,CVX,146000.0,0
2025-08-06,CVXCL.SN,CVX,146000.0,0
2025-08-07,CVXCL.SN,CVX,146000.0,0
2025-08-08,CVXCL.SN,CVX,146000.0,0
2025-08-11,CVXCL.SN,CVX,146000.0,1
2025-08-12,CVXCL.SN,CVX,146000.0,0
2025-08-13,CVXCL.SN,CVX,146000.0,0
2025-08-14,CVXCL.SN,CVX,146000.0,0
2025-08-18,CVXCL.SN,CVX,146000.0,0
2025-08-19,CVXCL.SN,CVX,146000.0,0
2025-08-20,CVXCL.SN,CVX,146000.0,0
2025-08-21,CVXCL.SN,CVX,146000.0,0
2025-08-22,CVXCL.SN,CVX,146000.0,0
2025-08-25,CVXCL.SN,CVX,146000.0,0
2025-08-26,CVXCL.SN,CVX,146000.0,0
2025-08-27,CVXCL.SN,CVX,146000.0,0
2025-08-28,CVXCL.SN,CVX,146000.0,0
2025-08-29,CVXCL.SN,CVX,146000.0,0
2025-09-01,CVXCL.SN,CVX,146000.0,0
2025-09-02,CVXCL.SN,CVX,146000.0,0
2025-09-03,CVXCL.SN,CVX,146000.0,0
2025-09-04,CVXCL.SN,CVX,146000.0,0
2025-09-05,CVXCL.SN,CVX,146000.0,4
2025-09-08,CVXCL.SN,CVX,146000.0,0
2025-09-09,CVXCL.SN,CVX,146000.0,3
2025-09-10,CVXCL.SN,CVX,146000.0,0
2025-09-11,CVXCL.SN,CVX,146000.0,0
2025-09-12,CVXCL.SN,CVX,146000.0,0
2025-09-15,CVXCL.SN,CVX,146000.0,0
2025-09-16,CVXCL.SN,CVX,146000.0,0
2025-09-17,CVXCL.SN,CVX,146000.0,0
2025-09-22,CVXCL.SN,CVX,146000.0,0
2025-09-23,CVXCL.SN,CVX,146000.0,0
2025-09-24,CVXCL.SN,CVX,146000.0,0
2025-09-25,CVXCL.SN,CVX,146000.0,0
2025-09-26,CVXCL.SN,CVX,146000.0,0
2025-09-29,CVXCL.SN,CVX,146000.0,1
2025-09-30,CVXCL.SN,CVX,146000.0,0
2025-10-01,CVXCL.SN,CVX,146000.0,0
2025-10-02,CVXCL.SN,CVX,146000.0,0
2025-10-03,CVXCL.SN,CVX,146000.0,0
2025-10-06,CVXCL.SN,CVX,146000.0,0
2025-10-07,CVXCL.SN,CVX,146000.0,0
2025-10-08,CVXCL.SN,CVX,146000.0,0
2025-10-09,CVXCL.SN,CVX,146000.0,0
2025-10-10,CVXCL.SN,CVX,146000.0,0
2025-10-13,CVXCL.SN,CVX,146000.0,0
2025-10-14,CVXCL.SN,CVX,146000.0,0
2025-10-15,CVXCL.SN,CVX,146000.0,0
2025-10-16,CVXCL.SN,CVX,146000.0,0
2025-10-17,CVXCL.SN,CVX,146000.0,0
2025-10-20,CVXCL.SN,CVX,146000.0,0
2025-10-21,CVXCL.SN,CVX,146000.0,0
2025-10-22,CVXCL.SN,CVX,146000.0,0
2025-10-23,CVXCL.SN,CVX,146000.0,0
2025-10-24,CVXCL.SN,CVX,146000.0,0
2025-10-27,CVXCL.SN,CVX,146000.0,0
2025-10-28,CVXCL.SN,CVX,146000.0,0
2025-10-29,CVXCL.SN,CVX,146000.0,0
2025-10-30,CVXCL.SN,CVX,146000.0,0
2025-11-03,CVXCL.SN,CVX,146000.0,0
2025-11-04,CVXCL.SN,CVX,146000.0,0
2025-11-05,CVXCL.SN,CVX,146000.0,0
2025-11-06,CVXCL.SN,CVX,146000.0,0
2025-11-07,CVXCL.SN,CVX,146000.0,0
2025-11-10,CVXCL.SN,CVX,146000.0,0
2025-11-11,CVXCL.SN,CVX,146000.0,0
2025-11-12,CVXCL.SN,CVX,146000.0,0
2025-11-13,CVXCL.SN,CVX,146000.0,0
2025-11-14,CVXCL.SN,CVX,146000.0,0
2025-11-17,CVXCL.SN,CVX,146000.0,0
2025-11-18,CVXCL.SN,CVX,146000.0,0
2025-11-19,CVXCL.SN,CVX,146000.0,0
2025-11-20,CVXCL.SN,CVX,146000.0,0
2025-11-21,CVXCL.SN,CVX,146000.0,0
2025-11-24,CVXCL.SN,CVX,146000.0,0
2025-11-25,CVXCL.SN,CVX,146000.0,0
2025-11-26,CVXCL.SN,CVX,146000.0,0
2025-11-27,CVXCL.SN,CVX,146000.0,0
2025-11-28,CVXCL.SN,CVX,146000.0,1
2025-12-01,CVXCL.SN,CVX,146000.0,0
2025-12-02,CVXCL.SN,CVX,146000.0,0
2025-12-03,CVXCL.SN,CVX,146000.0,0
2025-12-04,CVXCL.SN,CVX,146000.0,0
2025-12-05,CVXCL.SN,CVX,146000.0,0
2025-12-09,CVXCL.SN,CVX,146000.0,0
2025-12-10,CVXCL.SN,CVX,146000.0,0
2025-12-11,CVXCL.SN,CVX,146000.0,0
2025-12-12,CVXCL.SN,CVX,146000.0,0
2025-12-15,CVXCL.SN,CVX,146000.0,0
2025-12-16,CVXCL.SN,CVX,146000.0,3
2025-12-17,CVXCL.SN,CVX,146000.0,0
2025-12-18,CVXCL.SN,CVX,146000.0,0
2025-12-19,CVXCL.SN,CVX,146000.0,0
2025-12-22,CVXCL.SN,CVX,146000.0,0
2025-12-23,CVXCL.SN,CVX,146000.0,0
2025-12-24,CVXCL.SN,CVX,146000.0,0
2025-12-26,CVXCL.SN,CVX,146000.0,0
2025-12-29,CVXCL.SN,CVX,146000.0,0
2025-12-30,CVXCL.SN,CVX,146000.0,0
2026-01-02,CVXCL.SN,CVX,146000.0,1
2026-01-05,CVXCL.SN,CVX,146000.0,53
2026-01-06,CVXCL.SN,CVX,146000.0,16
2026-01-07,CVXCL.SN,CVX,146000.0,0
2026-01-08,CVXCL.SN,CVX,146000.0,0
2026-01-09,CVXCL.SN,CVX,146000.0,12
2026-01-12,CVXCL.SN,CVX,146000.0,6
2026-01-13,CVXCL.SN,CVX,146000.0,41
2026-01-14,CVXCL.SN,CVX,146000.0,0
2026-01-15,CVXCL.SN,CVX,146000.0,0
2026-01-16,CVXCL.SN,CVX,146000.0,0
2026-01-19,CVXCL.SN,CVX,146000.0,0
2026-01-20,CVXCL.SN,CVX,146000.0,0
2026-01-21,CVXCL.SN,CVX,146000.0,0
2026-01-22,CVXCL.SN,CVX,146000.0,0
2026-01-23,CVXCL.SN,CVX,146000.0,0
2026-01-26,CVXCL.SN,CVX,146000.0,0
2026-01-27,CVXCL.SN,CVX,146000.0,0
2026-01-28,CVXCL.SN,CVX,146000.0,0
2026-01-29,CVXCL.SN,CVX,146000.0,0
2026-01-30,CVXCL.SN,CVX,146000.0,0
2026-02-02,CVXCL.SN,CVX,146000.0,0
2026-02-03,CVXCL.SN,CVX,146000.0,1
2026-02-04,CVXCL.SN,CVX,146000.0,16
2026-02-05,CVXCL.SN,CVX,146000.0,0
2026-02-06,CVXCL.SN,CVX,146000.0,0
2026-02-09,CVXCL.SN,CVX,146000.0,0
2026-02-10,CVXCL.SN,CVX,146000.0,0
2026-02-11,CVXCL.SN,CVX,146000.0,0
2026-02-12,CVXCL.SN,CVX,146000.0,0
2026-02-13,CVXCL.SN,CVX,146000.0,0
2026-02-16,CVXCL.SN,CVX,146000.0,0
2026-02-17,CVXCL.SN,CVX,146000.0,0
2026-02-18,CVXCL.SN,CVX,146000.0,0
2026-02-19,CVXCL.SN,CVX,146000.0,0
2026-02-20,CVXCL.SN,CVX,146000.0,0
2026-02-23,CVXCL.SN,CVX,146000.0,0
2026-02-24,CVXCL.SN,CVX,146000.0,0
2026-02-25,CVXCL.SN,CVX,146000.0,0
2026-02-26,CVXCL.SN,CVX,146000.0,0
2026-02-27,CVXCL.SN,CVX,146000.0,0
2026-03-02,CVXCL.SN,CVX,146000.0,0
2026-03-03,CVXCL.SN,CVX,146000.0,13
2026-03-04,CVXCL.SN,CVX,146000.0,0
2026-03-05,CVXCL.SN,CVX,146000.0,0
2026-03-06,CVXCL.SN,CVX,146000.0,0
2026-03-09,CVXCL.SN,CVX,146000.0,0
2026-03-10,CVXCL.SN,CVX,146000.0,0
2026-03-11,CVXCL.SN,CVX,146000.0,0
2026-03-12,CVXCL.SN,CVX,146000.0,0
2026-03-13,CVXCL.SN,CVX,146000.0,0
2026-03-16,CVXCL.SN,CVX,146000.0,0
2026-03-17,CVXCL.SN,CVX,146000.0,10
2026-03-18,CVXCL.SN,CVX,146000.0,17
2026-03-19,CVXCL.SN,CVX,146000.0,0
2026-03-20,CVXCL.SN,CVX,146000.0,0
2026-03-23,CVXCL.SN,CVX,146000.0,1
2026-03-24,CVXCL.SN,CVX,146000.0,0
2026-03-25,CVXCL.SN,CVX,146000.0,11
2026-03-26,CVXCL.SN,CVX,146000.0,0
2026-03-27,CVXCL.SN,CVX,146000.0,0
2026-03-30,CVXCL.SN,CVX,146000.0,0
2026-03-31,CVXCL.SN,CVX,146000.0,0
2026-04-01,CVXCL.SN,CVX,146000.0,0
2026-04-02,CVXCL.SN,CVX,146000.0,0
2026-04-06,CVXCL.SN,CVX,146000.0,0
2026-04-07,CVXCL.SN,CVX,146000.0,0
2026-04-08,CVXCL.SN,CVX,146000.0,1
2026-04-09,CVXCL.SN,CVX,146000.0,0
2026-04-10,CVXCL.SN,CVX,146000.0,5
2026-04-13,CVXCL.SN,CVX,146000.0,12
2026-04-14,CVXCL.SN,CVX,146000.0,0
2026-04-15,CVXCL.SN,CVX,146000.0,2
2026-04-16,CVXCL.SN,CVX,146000.0,0
2026-04-17,CVXCL.SN,CVX,146000.0,0
2026-04-20,CVXCL.SN,CVX,146000.0,0
2026-04-21,CVXCL.SN,CVX,146000.0,0
2026-04-22,CVXCL.SN,CVX,146000.0,0
2026-04-23,CVXCL.SN,CVX,146000.0,0
2026-04-24,CVXCL.SN,CVX,146000.0,0
2026-04-27,CVXCL.SN,CVX,146000.0,0
2026-04-28,CVXCL.SN,CVX,146000.0,0
2026-04-29,CVXCL.SN,CVX,146000.0,0
2026-04-30,CVXCL.SN,CVX,146000.0,0
2026-05-04,CVXCL.SN,CVX,146000.0,0
2026-05-05,CVXCL.SN,CVX,146000.0,0
2026-05-06,CVXCL.SN,CVX,146000.0,30
2026-05-07,CVXCL.SN,CVX,146000.0,0
2026-05-08,CVXCL.SN,CVX,146000.0,2
2026-05-11,CVXCL.SN,CVX,146000.0,0
2026-05-12,CVXCL.SN,CVX,146000.0,0
2026-05-13,CVXCL.SN,CVX,146000.0,0
2026-05-14,CVXCL.SN,CVX,146000.0,0
2026-05-15,CVXCL.SN,CVX,146000.0,0
2026-05-18,CVXCL.SN,CVX,146000.0,0
2026-05-19,CVXCL.SN,CVX,146000.0,0
2026-05-20,CVXCL.SN,CVX,146000.0,0
2026-05-22,CVXCL.SN,CVX,146000.0,0
2026-05-25,CVXCL.SN,CVX,146000.0,0
2026-05-26,CVXCL.SN,CVX,146000.0,0
2026-05-27,CVXCL.SN,CVX,146000.0,0
2026-05-28,CVXCL.SN,CVX,146000.0,0
2026-05-29,CVXCL.SN,CVX,146000.0,0
2026-06-01,CVXCL.SN,CVX,146000.0,0
2026-06-02,CVXCL.SN,CVX,146000.0,0
2026-06-03,CVXCL.SN,CVX,146000.0,0
2026-06-04,CVXCL.SN,CVX,146000.0,0
2026-06-05,CVXCL.SN,CVX,146000.0,0
2026-06-08,CVXCL.SN,CVX,146000.0,0
2026-06-09,CVXCL.SN,CVX,146000.0,0
2026-06-10,CVXCL.SN,CVX,146000.0,0
2026-06-11,CVXCL.SN,CVX,146000.0,0
2026-06-12,CVXCL.SN,CVX,146000.0,0
2026-06-15,CVXCL.SN,CVX,146000.0,0
2026-06-16,CVXCL.SN,CVX,146000.0,0
2026-06-17,CVXCL.SN,CVX,146000.0,1
2026-06-18,CVXCL.SN,CVX,146000.0,0
2026-06-19,CVXCL.SN,CVX,146000.0,0
2026-06-22,CVXCL.SN,CVX,146000.0,0
2026-06-23,CVXCL.SN,CVX,146000.0,0
2026-06-24,CVXCL.SN,CVX,146000.0,0
2026-06-25,CVXCL.SN,CVX,146000.0,0
2026-06-26,CVXCL.SN,CVX,146000.0,0
2026-06-30,CVXCL.SN,CVX,146000.0,0
2026-07-01,CVXCL.SN,CVX,146000.0,0
2026-07-02,CVXCL.SN,CVX,146000.0,0
2026-07-03,CVXCL.SN,CVX,146000.0,0
2026-07-06,CVXCL.SN,CVX,146000.0,0
2026-07-07,CVXCL.SN,CVX,146000.0,0
2026-07-08,CVXCL.SN,CVX,146000.0,0
2026-07-09,CVXCL.SN,CVX,146000.0,0
2026-07-10,CVXCL.SN,CVX,146000.0,0
2026-07-13,CVXCL.SN,CVX,146000.0,0
2026-07-14,CVXCL.SN,CVX,146000.0,0
2026-07-15,CVXCL.SN,CVX,146000.0,0
2026-07-17,CVXCL.SN,CVX,146000.0,0
2026-07-20,CVXCL.SN,CVX,146000.0,0
2026-07-21,CVXCL.SN,CVX,177000.0,0
2026-07-22,CVXCL.SN,CVX,177000.0,0
2026-07-23,CVXCL.SN,CVX,177000.0,0
2026-07-24,CVXCL.SN,CVX,177000.0,4
2026-07-27,CVXCL.SN,CVX,177000.0,0
2026-07-28,CVXCL.SN,CVX,179250.0,0
2026-07-29,CVXCL.SN,CVX,179250.0,0
2026-07-30,CVXCL.SN,CVX,179250.0,0
2026-07-31,CVXCL.SN,CVX,179250.0,0
2026-08-03,CVXCL.SN,CVX,179250.0,0
2026-08-04,CVXCL.SN,CVX,174250.0,12
2026-08-05,CVXCL.SN,CVX,174250.0,0
2026-08-06,CVXCL.SN,CVX,174250.0,0
2026-08-07,CVXCL.SN,CVX,174250.0,0
2026-08-10,CVXCL.SN,CVX,174250.0,0
2026-08-11,CVXCL.SN,CVX,178600.0,0
2026-08-12,CVXCL.SN,CVX,178600.0,0
2026-08-13,CVXCL.SN,CVX,178600.0,0
2026-08-14,CVXCL.SN,CVX,178600.0,0
2026-08-17,CVXCL.SN,CVX,178600.0,0
2026-08-18,CVXCL.SN,CVX,185310.0,0
2026-08-19,CVXCL.SN,CVX,185310.0,0
2026-08-20,CVXCL.SN,CVX,185310.0,0
2026-08-21,CVXCL.SN,CVX,185310.0,0
2026-08-24,CVXCL.SN,CVX,185310.0,0
2026-08-25,CVXCL.SN,CVX,185750.0,0
2026-08-26,CVXCL.SN,CVX,185750.0,0
2026-08-27,CVXCL.SN,CVX,185750.0,0
2026-08-28,CVXCL.SN,CVX,185750.0,0
2026-08-31,CVXCL.SN,CVX,185750.0,0
2026-09-01,CVXCL.SN,CVX,185750.0,0
2026-09-02,CVXCL.SN,CVX,185750.0,0
2026-09-03,CVXCL.SN,CVX,185750.0,0
2026-09-04,CVXCL.SN,CVX,185750.0,0
2026-09-07,CVXCL.SN,CVX,185750.0,0
2026-09-08,CVXCL.SN,CVX,185750.0,2
2026-09-09,CVXCL.SN,CVX,195040.0,0
2026-09-10,CVXCL.SN,CVX,195040.0,0
2026-09-11,CVXCL.SN,CVX,195040.0,0
2026-09-14,CVXCL.SN,CVX,195040.0,0
2026-09-15,CVXCL.SN,CVX,203160.0,0
2026-09-16,CVXCL.SN,CVX,203160.0,0
2026-09-17,CVXCL.SN,CVX,203160.0,0
2026-09-21,CVXCL.SN,CVX,203160.0,0
2024-09-23,DISCL.SN,DIS,83700.0,7
2024-09-24,DISCL.SN,DIS,83700.0,0
2024-09-25,DISCL.SN,DIS,83700.0,0
2024-09-26,DISCL.SN,DIS,83700.0,0
2024-09-27,DISCL.SN,DIS,83700.0,0
2024-09-30,DISCL.SN,DIS,83700.0,0
2024-10-01,DISCL.SN,DIS,83700.0,50
2024-10-02,DISCL.SN,DIS,83700.0,0
2024-10-03,DISCL.SN,DIS,83700.0,0
2024-10-04,DISCL.SN,DIS,83700.0,0
2024-10-07,DISCL.SN,DIS,83700.0,0
2024-10-08,DISCL.SN,DIS,83700.0,0
2024-10-09,DISCL.SN,DIS,83700.0,0
2024-10-10,DISCL.SN,DIS,83700.0,0
2024-10-11,DISCL.SN,DIS,83700.0,0
2024-10-14,DISCL.SN,DIS,88000.0,90
2024-10-15,DISCL.SN,DIS,88000.0,0
2024-10-16,DISCL.SN,DIS,88000.0,22
2024-10-17,DISCL.SN,DIS,88000.0,0
2024-10-18,DISCL.SN,DIS,88000.0,0
2024-10-21,DISCL.SN,DIS,88000.0,0
2024-10-22,DISCL.SN,DIS,88000.0,0
2024-10-23,DISCL.SN,DIS,88000.0,0
2024-10-24,DISCL.SN,DIS,88000.0,0
2024-10-25,DISCL.SN,DIS,88000.0,0
2024-10-28,DISCL.SN,DIS,88000.0,0
2024-10-29,DISCL.SN,DIS,88000.0,2
2024-10-30,DISCL.SN,DIS,88000.0,0
2024-11-04,DISCL.SN,DIS,88000.0,0
2024-11-05,DISCL.SN,DIS,88000.0,0
2024-11-06,DISCL.SN,DIS,88000.0,1
2024-11-07,DISCL.SN,DIS,88000.0,0
2024-11-08,DISCL.SN,DIS,88000.0,0
2024-11-11,DISCL.SN,DIS,98000.0,200
2024-11-12,DISCL.SN,DIS,98000.0,0
2024-11-13,DISCL.SN,DIS,98000.0,0
2024-11-14,DISCL.SN,DIS,106000.0,165
2024-11-15,DISCL.SN,DIS,106000.0,38
2024-11-18,DISCL.SN,DIS,106000.0,0
2024-11-19,DISCL.SN,DIS,106000.0,0
2024-11-20,DISCL.SN,DIS,106000.0,0
2024-11-21,DISCL.SN,DIS,106000.0,28
2024-11-22,DISCL.SN,DIS,106000.0,0
2024-11-25,DISCL.SN,DIS,106000.0,0
2024-11-26,DISCL.SN,DIS,106000.0,23
2024-11-27,DISCL.SN,DIS,106000.0,11
2024-11-28,DISCL.SN,DIS,106000.0,0
2024-11-29,DISCL.SN,DIS,115000.0,134
2024-12-02,DISCL.SN,DIS,115000.0,0
2024-12-03,DISCL.SN,DIS,115000.0,0
2024-12-04,DISCL.SN,DIS,115000.0,0
2024-12-05,DISCL.SN,DIS,115000.0,8
2024-12-06,DISCL.SN,DIS,115000.0,0
2024-12-09,DISCL.SN,DIS,115000.0,0
2024-12-10,DISCL.SN,DIS,111700.0,100
2024-12-11,DISCL.SN,DIS,111700.0,16
2024-12-12,DISCL.SN,DIS,111700.0,0
2024-12-13,DISCL.SN,DIS,111700.0,0
2024-12-16,DISCL.SN,DIS,111700.0,0
2024-12-17,DISCL.SN,DIS,111700.0,0
2024-12-18,DISCL.SN,DIS,111700.0,0
2024-12-19,DISCL.SN,DIS,111600.0,440
2024-12-20,DISCL.SN,DIS,111600.0,0
2024-12-23,DISCL.SN,DIS,111600.0,0
2024-12-24,DISCL.SN,DIS,111600.0,0
2024-12-26,DISCL.SN,DIS,111600.0,0
2024-12-27,DISCL.SN,DIS,111600.0,4
2024-12-30,DISCL.SN,DIS,111600.0,0
2025-01-02,DISCL.SN,DIS,111600.0,0
2025-01-03,DISCL.SN,DIS,111600.0,0
2025-01-06,DISCL.SN,DIS,111600.0,0
2025-01-07,DISCL.SN,DIS,111600.0,0
2025-01-08,DISCL.SN,DIS,111600.0,0
2025-01-09,DISCL.SN,DIS,111600.0,0
2025-01-10,DISCL.SN,DIS,111600.0,0
2025-01-13,DISCL.SN,DIS,111600.0,0
2025-01-14,DISCL.SN,DIS,111600.0,0
2025-01-15,DISCL.SN,DIS,111600.0,0
2025-01-16,DISCL.SN,DIS,111600.0,0
2025-01-17,DISCL.SN,DIS,111600.0,0
2025-01-20,DISCL.SN,DIS,111600.0,0
2025-01-21,DISCL.SN,DIS,111600.0,0
2025-01-22,DISCL.SN,DIS,111600.0,0
2025-01-23,DISCL.SN,DIS,111600.0,0
2025-01-24,DISCL.SN,DIS,111600.0,0
2025-01-27,DISCL.SN,DIS,111600.0,0
2025-01-28,DISCL.SN,DIS,111600.0,0
2025-01-29,DISCL.SN,DIS,111600.0,0
2025-01-30,DISCL.SN,DIS,111600.0,0
2025-01-31,DISCL.SN,DIS,111600.0,0
2025-02-03,DISCL.SN,DIS,111600.0,0
2025-02-04,DISCL.SN,DIS,111600.0,0
2025-02-05,DISCL.SN,DIS,111600.0,0
2025-02-06,DISCL.SN,DIS,107350.0,93
2025-02-07,DISCL.SN,DIS,107350.0,1
2025-02-10,DISCL.SN,DIS,107350.0,0
2025-02-11,DISCL.SN,DIS,107350.0,0
2025-02-12,DISCL.SN,DIS,107350.0,0
2025-02-13,DISCL.SN,DIS,107350.0,0
2025-02-14,DISCL.SN,DIS,107350.0,0
2025-02-17,DISCL.SN,DIS,107350.0,0
2025-02-18,DISCL.SN,DIS,107350.0,0
2025-02-19,DISCL.SN,DIS,107350.0,0
2025-02-20,DISCL.SN,DIS,107350.0,0
2025-02-21,DISCL.SN,DIS,107350.0,0
2025-02-24,DISCL.SN,DIS,107350.0,0
2025-02-25,DISCL.SN,DIS,107350.0,0
2025-02-26,DISCL.SN,DIS,107350.0,0
2025-02-27,DISCL.SN,DIS,107350.0,0
2025-02-28,DISCL.SN,DIS,107350.0,0
2025-03-03,DISCL.SN,DIS,107350.0,0
2025-03-04,DISCL.SN,DIS,107350.0,0
2025-03-05,DISCL.SN,DIS,107350.0,0
2025-03-06,DISCL.SN,DIS,107350.0,0
2025-03-07,DISCL.SN,DIS,107350.0,0
2025-03-10,DISCL.SN,DIS,107350.0,0
2025-03-11,DISCL.SN,DIS,107350.0,0
2025-03-12,DISCL.SN,DIS,107350.0,0
2025-03-13,DISCL.SN,DIS,107350.0,0
2025-03-14,DISCL.SN,DIS,107350.0,0
2025-03-17,DISCL.SN,DIS,107350.0,0
2025-03-18,DISCL.SN,DIS,107350.0,0
2025-03-19,DISCL.SN,DIS,107350.0,0
2025-03-20,DISCL.SN,DIS,107350.0,0
2025-03-21,DISCL.SN,DIS,107350.0,0
2025-03-24,DISCL.SN,DIS,107350.0,0
2025-03-25,DISCL.SN,DIS,107350.0,0
2025-03-26,DISCL.SN,DIS,107350.0,0
2025-03-27,DISCL.SN,DIS,107350.0,0
2025-03-28,DISCL.SN,DIS,107350.0,0
2025-03-31,DISCL.SN,DIS,107350.0,0
2025-04-01,DISCL.SN,DIS,107350.0,0
2025-04-02,DISCL.SN,DIS,107350.0,0
2025-04-03,DISCL.SN,DIS,107350.0,0
2025-04-04,DISCL.SN,DIS,107350.0,0
2025-04-07,DISCL.SN,DIS,107350.0,0
2025-04-08,DISCL.SN,DIS,107350.0,0
2025-04-09,DISCL.SN,DIS,107350.0,0
2025-04-10,DISCL.SN,DIS,107350.0,0
2025-04-11,DISCL.SN,DIS,107350.0,0
2025-04-14,DISCL.SN,DIS,107350.0,0
2025-04-15,DISCL.SN,DIS,107350.0,16
2025-04-16,DISCL.SN,DIS,107350.0,0
2025-04-17,DISCL.SN,DIS,107350.0,20
2025-04-21,DISCL.SN,DIS,107350.0,0
2025-04-22,DISCL.SN,DIS,107350.0,0
2025-04-23,DISCL.SN,DIS,107350.0,1
2025-04-24,DISCL.SN,DIS,107350.0,5
2025-04-25,DISCL.SN,DIS,107350.0,0
2025-04-28,DISCL.SN,DIS,107350.0,0
2025-04-29,DISCL.SN,DIS,107350.0,0
2025-04-30,DISCL.SN,DIS,107350.0,0
2025-05-02,DISCL.SN,DIS,107350.0,0
2025-05-05,DISCL.SN,DIS,107350.0,5
2025-05-06,DISCL.SN,DIS,107350.0,0
2025-05-07,DISCL.SN,DIS,107350.0,8
2025-05-08,DISCL.SN,DIS,98172.0,456
2025-05-09,DISCL.SN,DIS,98589.0,105
2025-05-12,DISCL.SN,DIS,104378.0,174
2025-05-13,DISCL.SN,DIS,104378.0,36
2025-05-14,DISCL.SN,DIS,104378.0,0
2025-05-15,DISCL.SN,DIS,104378.0,29
2025-05-16,DISCL.SN,DIS,106665.0,137
2025-05-19,DISCL.SN,DIS,106665.0,10
2025-05-20,DISCL.SN,DIS,106665.0,0
2025-05-22,DISCL.SN,DIS,106665.0,0
2025-05-23,DISCL.SN,DIS,106665.0,0
2025-05-26,DISCL.SN,DIS,106665.0,0
2025-05-27,DISCL.SN,DIS,106665.0,6
2025-05-28,DISCL.SN,DIS,106665.0,20
2025-05-29,DISCL.SN,DIS,106665.0,3
2025-05-30,DISCL.SN,DIS,106665.0,5
2025-06-02,DISCL.SN,DIS,106665.0,0
2025-06-03,DISCL.SN,DIS,106665.0,0
2025-06-04,DISCL.SN,DIS,106665.0,0
2025-06-05,DISCL.SN,DIS,106665.0,0
2025-06-06,DISCL.SN,DIS,106665.0,0
2025-06-09,DISCL.SN,DIS,106665.0,0
2025-06-10,DISCL.SN,DIS,106665.0,1
2025-06-11,DISCL.SN,DIS,106665.0,0
2025-06-12,DISCL.SN,DIS,106665.0,0
2025-06-13,DISCL.SN,DIS,106665.0,0
2025-06-16,DISCL.SN,DIS,106665.0,0
2025-06-17,DISCL.SN,DIS,106665.0,0
2025-06-18,DISCL.SN,DIS,106665.0,0
2025-06-19,DISCL.SN,DIS,106665.0,0
2025-06-23,DISCL.SN,DIS,106665.0,0
2025-06-24,DISCL.SN,DIS,106665.0,2
2025-06-25,DISCL.SN,DIS,106665.0,0
2025-06-26,DISCL.SN,DIS,106665.0,0
2025-06-27,DISCL.SN,DIS,106665.0,0
2025-06-30,DISCL.SN,DIS,106665.0,0
2025-07-01,DISCL.SN,DIS,106665.0,0
2025-07-02,DISCL.SN,DIS,106665.0,0
2025-07-03,DISCL.SN,DIS,106665.0,0
2025-07-04,DISCL.SN,DIS,106665.0,1
2025-07-07,DISCL.SN,DIS,106665.0,13
2025-07-08,DISCL.SN,DIS,106665.0,0
2025-07-09,DISCL.SN,DIS,106665.0,0
2025-07-10,DISCL.SN,DIS,106665.0,0
2025-07-11,DISCL.SN,DIS,106665.0,0
2025-07-14,DISCL.SN,DIS,106665.0,0
2025-07-15,DISCL.SN,DIS,106665.0,4
2025-07-17,DISCL.SN,DIS,106665.0,0
2025-07-18,DISCL.SN,DIS,106665.0,0
2025-07-21,DISCL.SN,DIS,106665.0,0
2025-07-22,DISCL.SN,DIS,106665.0,8
2025-07-23,DISCL.SN,DIS,106665.0,1
2025-07-24,DISCL.SN,DIS,106665.0,0
2025-07-25,DISCL.SN,DIS,106665.0,0
2025-07-28,DISCL.SN,DIS,106665.0,0
2025-07-29,DISCL.SN,DIS,106665.0,0
2025-07-30,DISCL.SN,DIS,106665.0,0
2025-07-31,DISCL.SN,DIS,106665.0,0
2025-08-01,DISCL.SN,DIS,106665.0,0
2025-08-04,DISCL.SN,DIS,106665.0,0
2025-08-05,DISCL.SN,DIS,106665.0,0
2025-08-06,DISCL.SN,DIS,106665.0,3
2025-08-07,DISCL.SN,DIS,106665.0,9
2025-08-08,DISCL.SN,DIS,106665.0,10
2025-08-11,DISCL.SN,DIS,106665.0,0
2025-08-12,DISCL.SN,DIS,106665.0,4
2025-08-13,DISCL.SN,DIS,106665.0,0
2025-08-14,DISCL.SN,DIS,106665.0,0
2025-08-18,DISCL.SN,DIS,106665.0,0
2025-08-19,DISCL.SN,DIS,106665.0,0
2025-08-20,DISCL.SN,DIS,106665.0,0
2025-08-21,DISCL.SN,DIS,106665.0,0
2025-08-22,DISCL.SN,DIS,106665.0,0
2025-08-25,DISCL.SN,DIS,106665.0,4
2025-08-26,DISCL.SN,DIS,106665.0,0
2025-08-27,DISCL.SN,DIS,106665.0,0
2025-08-28,DISCL.SN,DIS,106665.0,5
2025-08-29,DISCL.SN,DIS,106665.0,4
2025-09-01,DISCL.SN,DIS,106665.0,0
2025-09-02,DISCL.SN,DIS,106665.0,0
2025-09-03,DISCL.SN,DIS,106665.0,0
2025-09-04,DISCL.SN,DIS,106665.0,13
2025-09-05,DISCL.SN,DIS,106665.0,0
2025-09-08,DISCL.SN,DIS,106665.0,0
2025-09-09,DISCL.SN,DIS,106665.0,0
2025-09-10,DISCL.SN,DIS,106665.0,0
2025-09-11,DISCL.SN,DIS,106665.0,0
2025-09-12,DISCL.SN,DIS,106665.0,0
2025-09-15,DISCL.SN,DIS,106665.0,0
2025-09-16,DISCL.SN,DIS,106665.0,10
2025-09-17,DISCL.SN,DIS,106665.0,0
2025-09-22,DISCL.SN,DIS,107340.0,264
2025-09-23,DISCL.SN,DIS,107340.0,10
2025-09-24,DISCL.SN,DIS,107340.0,0
2025-09-25,DISCL.SN,DIS,107340.0,0
2025-09-26,DISCL.SN,DIS,107340.0,0
2025-09-29,DISCL.SN,DIS,107340.0,0
2025-09-30,DISCL.SN,DIS,107340.0,0
2025-10-01,DISCL.SN,DIS,107340.0,0
2025-10-02,DISCL.SN,DIS,107340.0,10
2025-10-03,DISCL.SN,DIS,107340.0,0
2025-10-06,DISCL.SN,DIS,107340.0,0
2025-10-07,DISCL.SN,DIS,107340.0,0
2025-10-08,DISCL.SN,DIS,107340.0,0
2025-10-09,DISCL.SN,DIS,107340.0,0
2025-10-10,DISCL.SN,DIS,107340.0,0
2025-10-13,DISCL.SN,DIS,107340.0,0
2025-10-14,DISCL.SN,DIS,107340.0,0
2025-10-15,DISCL.SN,DIS,107340.0,0
2025-10-16,DISCL.SN,DIS,107340.0,0
2025-10-17,DISCL.SN,DIS,107340.0,0
2025-10-20,DISCL.SN,DIS,107340.0,0
2025-10-21,DISCL.SN,DIS,107340.0,0
2025-10-22,DISCL.SN,DIS,107340.0,0
2025-10-23,DISCL.SN,DIS,107340.0,0
2025-10-24,DISCL.SN,DIS,107340.0,0
2025-10-27,DISCL.SN,DIS,107340.0,0
2025-10-28,DISCL.SN,DIS,107340.0,0
2025-10-29,DISCL.SN,DIS,107340.0,0
2025-10-30,DISCL.SN,DIS,107340.0,0
2025-11-03,DISCL.SN,DIS,107340.0,0
2025-11-04,DISCL.SN,DIS,107340.0,0
2025-11-05,DISCL.SN,DIS,107340.0,2
2025-11-06,DISCL.SN,DIS,107340.0,0
2025-11-07,DISCL.SN,DIS,107340.0,6
2025-11-10,DISCL.SN,DIS,107340.0,4
2025-11-11,DISCL.SN,DIS,107340.0,0
2025-11-12,DISCL.SN,DIS,107340.0,0
2025-11-13,DISCL.SN,DIS,107340.0,10
2025-11-14,DISCL.SN,DIS,107340.0,0
2025-11-17,DISCL.SN,DIS,107340.0,0
2025-11-18,DISCL.SN,DIS,107340.0,0
2025-11-19,DISCL.SN,DIS,107340.0,0
2025-11-20,DISCL.SN,DIS,107340.0,0
2025-11-21,DISCL.SN,DIS,107340.0,0
2025-11-24,DISCL.SN,DIS,107340.0,3
2025-11-25,DISCL.SN,DIS,107340.0,0
2025-11-26,DISCL.SN,DIS,107340.0,0
2025-11-27,DISCL.SN,DIS,107340.0,0
2025-11-28,DISCL.SN,DIS,107340.0,0
2025-12-01,DISCL.SN,DIS,107340.0,0
2025-12-02,DISCL.SN,DIS,107340.0,0
2025-12-03,DISCL.SN,DIS,107340.0,0
2025-12-04,DISCL.SN,DIS,107340.0,0
2025-12-05,DISCL.SN,DIS,107340.0,0
2025-12-09,DISCL.SN,DIS,107340.0,0
2025-12-10,DISCL.SN,DIS,107340.0,0
2025-12-11,DISCL.SN,DIS,107340.0,0
2025-12-12,DISCL.SN,DIS,107340.0,0
2025-12-15,DISCL.SN,DIS,107340.0,20
2025-12-16,DISCL.SN,DIS,107340.0,0
2025-12-17,DISCL.SN,DIS,107340.0,0
2025-12-18,DISCL.SN,DIS,107340.0,0
2025-12-19,DISCL.SN,DIS,107340.0,0
2025-12-22,DISCL.SN,DIS,107340.0,0
2025-12-23,DISCL.SN,DIS,107340.0,0
2025-12-24,DISCL.SN,DIS,107340.0,0
2025-12-26,DISCL.SN,DIS,107340.0,0
2025-12-29,DISCL.SN,DIS,107340.0,0
2025-12-30,DISCL.SN,DIS,107340.0,0
2026-01-02,DISCL.SN,DIS,107340.0,0
2026-01-05,DISCL.SN,DIS,107340.0,0
2026-01-06,DISCL.SN,DIS,107340.0,0
2026-01-07,DISCL.SN,DIS,107340.0,0
2026-01-08,DISCL.SN,DIS,107340.0,0
2026-01-09,DISCL.SN,DIS,107340.0,0
2026-01-12,DISCL.SN,DIS,107340.0,0
2026-01-13,DISCL.SN,DIS,107340.0,0
2026-01-14,DISCL.SN,DIS,107340.0,0
2026-01-15,DISCL.SN,DIS,107340.0,0
2026-01-16,DISCL.SN,DIS,107340.0,0
2026-01-19,DISCL.SN,DIS,107340.0,0
2026-01-20,DISCL.SN,DIS,107340.0,0
2026-01-21,DISCL.SN,DIS,107340.0,0
2026-01-22,DISCL.SN,DIS,107340.0,0
2026-01-23,DISCL.SN,DIS,107340.0,0
2026-01-26,DISCL.SN,DIS,107340.0,0
2026-01-27,DISCL.SN,DIS,107340.0,0
2026-01-28,DISCL.SN,DIS,94716.0,88
2026-01-29,DISCL.SN,DIS,94716.0,0
2026-01-30,DISCL.SN,DIS,94716.0,0
2026-02-02,DISCL.SN,DIS,92000.0,184
2026-02-03,DISCL.SN,DIS,92000.0,10
2026-02-04,DISCL.SN,DIS,92000.0,0
2026-02-05,DISCL.SN,DIS,92000.0,0
2026-02-06,DISCL.SN,DIS,92000.0,0
2026-02-09,DISCL.SN,DIS,92000.0,0
2026-02-10,DISCL.SN,DIS,92000.0,0
2026-02-11,DISCL.SN,DIS,92000.0,0
2026-02-12,DISCL.SN,DIS,92000.0,0
2026-02-13,DISCL.SN,DIS,92000.0,0
2026-02-16,DISCL.SN,DIS,92000.0,0
2026-02-17,DISCL.SN,DIS,92000.0,0
2026-02-18,DISCL.SN,DIS,92000.0,0
2026-02-19,DISCL.SN,DIS,92000.0,0
2026-02-20,DISCL.SN,DIS,92000.0,0
2026-02-23,DISCL.SN,DIS,92000.0,0
2026-02-24,DISCL.SN,DIS,92000.0,0
2026-02-25,DISCL.SN,DIS,92000.0,0
2026-02-26,DISCL.SN,DIS,92000.0,0
2026-02-27,DISCL.SN,DIS,92000.0,0
2026-03-02,DISCL.SN,DIS,92000.0,0
2026-03-03,DISCL.SN,DIS,92000.0,0
2026-03-04,DISCL.SN,DIS,92000.0,0
2026-03-05,DISCL.SN,DIS,92000.0,0
2026-03-06,DISCL.SN,DIS,92000.0,0
2026-03-09,DISCL.SN,DIS,92000.0,0
2026-03-10,DISCL.SN,DIS,92000.0,0
2026-03-11,DISCL.SN,DIS,92000.0,0
2026-03-12,DISCL.SN,DIS,92000.0,0
2026-03-13,DISCL.SN,DIS,92000.0,0
2026-03-16,DISCL.SN,DIS,92000.0,0
2026-03-17,DISCL.SN,DIS,92000.0,0
2026-03-18,DISCL.SN,DIS,92000.0,0
2026-03-19,DISCL.SN,DIS,92000.0,0
2026-03-20,DISCL.SN,DIS,92000.0,0
2026-03-23,DISCL.SN,DIS,92000.0,0
2026-03-24,DISCL.SN,DIS,92000.0,0
2026-03-25,DISCL.SN,DIS,92000.0,0
2026-03-26,DISCL.SN,DIS,92000.0,0
2026-03-27,DISCL.SN,DIS,92000.0,0
2026-03-30,DISCL.SN,DIS,92000.0,0
2026-03-31,DISCL.SN,DIS,92000.0,0
2026-04-01,DISCL.SN,DIS,92000.0,4
2026-04-02,DISCL.SN,DIS,92000.0,0
2026-04-06,DISCL.SN,DIS,92000.0,0
2026-04-07,DISCL.SN,DIS,92000.0,0
2026-04-08,DISCL.SN,DIS,92000.0,0
2026-04-09,DISCL.SN,DIS,92000.0,0
2026-04-10,DISCL.SN,DIS,92000.0,0
2026-04-13,DISCL.SN,DIS,92000.0,0
2026-04-14,DISCL.SN,DIS,92000.0,0
2026-04-15,DISCL.SN,DIS,92000.0,0
2026-04-16,DISCL.SN,DIS,92000.0,0
2026-04-17,DISCL.SN,DIS,92000.0,0
2026-04-20,DISCL.SN,DIS,92000.0,0
2026-04-21,DISCL.SN,DIS,92000.0,0
2026-04-22,DISCL.SN,DIS,92000.0,0
2026-04-23,DISCL.SN,DIS,92000.0,0
2026-04-24,DISCL.SN,DIS,92000.0,0
2026-04-27,DISCL.SN,DIS,92000.0,0
2026-04-28,DISCL.SN,DIS,92000.0,0
2026-04-29,DISCL.SN,DIS,92000.0,0
2026-04-30,DISCL.SN,DIS,92000.0,0
2026-05-04,DISCL.SN,DIS,92000.0,0
2026-05-05,DISCL.SN,DIS,92000.0,0
2026-05-06,DISCL.SN,DIS,92000.0,0
2026-05-07,DISCL.SN,DIS,92000.0,0
2026-05-08,DISCL.SN,DIS,92000.0,0
2026-05-11,DISCL.SN,DIS,92000.0,0
2026-05-12,DISCL.SN,DIS,92000.0,0
2026-05-13,DISCL.SN,DIS,92000.0,0
2026-05-14,DISCL.SN,DIS,92000.0,0
2026-05-15,DISCL.SN,DIS,92000.0,0
2026-05-18,DISCL.SN,DIS,92000.0,0
2026-05-19,DISCL.SN,DIS,92000.0,0
2026-05-20,DISCL.SN,DIS,92000.0,0
2026-05-22,DISCL.SN,DIS,92000.0,0
2026-05-25,DISCL.SN,DIS,92000.0,0
2026-05-26,DISCL.SN,DIS,92000.0,0
2026-05-27,DISCL.SN,DIS,92000.0,15
2026-05-28,DISCL.SN,DIS,92000.0,0
2026-05-29,DISCL.SN,DIS,92000.0,0
2026-06-01,DISCL.SN,DIS,92000.0,0
2026-06-02,DISCL.SN,DIS,92000.0,0
2026-06-03,DISCL.SN,DIS,92000.0,0
2026-06-04,DISCL.SN,DIS,92000.0,0
2026-06-05,DISCL.SN,DIS,92000.0,0
2026-06-08,DISCL.SN,DIS,92000.0,0
2026-06-09,DISCL.SN,DIS,92000.0,0
2026-06-10,DISCL.SN,DIS,92000.0,0
2026-06-11,DISCL.SN,DIS,92000.0,0
2026-06-12,DISCL.SN,DIS,92000.0,0
2026-06-15,DISCL.SN,DIS,92000.0,0
2026-06-16,DISCL.SN,DIS,92000.0,0
2026-06-17,DISCL.SN,DIS,92000.0,0
2026-06-18,DISCL.SN,DIS,92000.0,0
2026-06-19,DISCL.SN,DIS,92000.0,0
2026-06-22,DISCL.SN,DIS,92000.0,0
2026-06-23,DISCL.SN,DIS,92000.0,5
2026-06-24,DISCL.SN,DIS,92000.0,0
2026-06-25,DISCL.SN,DIS,92000.0,0
2026-06-26,DISCL.SN,DIS,92000.0,0
2026-06-30,DISCL.SN,DIS,92000.0,0
2026-07-01,DISCL.SN,DIS,92000.0,14
2026-07-02,DISCL.SN,DIS,92000.0,60
2026-07-03,DISCL.SN,DIS,92000.0,0
2026-07-06,DISCL.SN,DIS,92000.0,0
2026-07-07,DISCL.SN,DIS,92000.0,0
2026-07-08,DISCL.SN,DIS,92000.0,0
2026-07-09,DISCL.SN,DIS,92000.0,0
2026-07-10,DISCL.SN,DIS,92000.0,0
2026-07-13,DISCL.SN,DIS,92000.0,0
2026-07-14,DISCL.SN,DIS,92000.0,0
2026-07-15,DISCL.SN,DIS,92000.0,0
2026-07-17,DISCL.SN,DIS,92000.0,0
2026-07-20,DISCL.SN,DIS,92000.0,0
2026-07-21,DISCL.SN,DIS,89951.0,0
2026-07-22,DISCL.SN,DIS,89951.0,0
2026-07-23,DISCL.SN,DIS,89951.0,0
2026-07-24,DISCL.SN,DIS,89951.0,0
2026-07-27,DISCL.SN,DIS,89951.0,0
2026-07-28,DISCL.SN,DIS,91180.0,0
2026-07-29,DISCL.SN,DIS,91180.0,0
2026-07-30,DISCL.SN,DIS,91180.0,0
2026-07-31,DISCL.SN,DIS,91180.0,0
2026-08-03,DISCL.SN,DIS,91180.0,0
2026-08-04,DISCL.SN,DIS,90769.0,0
2026-08-05,DISCL.SN,DIS,90769.0,0
2026-08-06,DISCL.SN,DIS,90769.0,0
2026-08-07,DISCL.SN,DIS,90769.0,0
2026-08-10,DISCL.SN,DIS,90769.0,0
2026-08-11,DISCL.SN,DIS,94544.0,0
2026-08-12,DISCL.SN,DIS,94544.0,0
2026-08-13,DISCL.SN,DIS,94544.0,0
2026-08-14,DISCL.SN,DIS,94544.0,0
2026-08-17,DISCL.SN,DIS,94544.0,0
2026-08-18,DISCL.SN,DIS,94619.0,0
2026-08-19,DISCL.SN,DIS,94619.0,0
2026-08-20,DISCL.SN,DIS,94619.0,0
2026-08-21,DISCL.SN,DIS,94619.0,0
2026-08-24,DISCL.SN,DIS,94619.0,0
2026-08-25,DISCL.SN,DIS,101170.0,0
2026-08-26,DISCL.SN,DIS,101170.0,1
2026-08-27,DISCL.SN,DIS,101170.0,0
2026-08-28,DISCL.SN,DIS,101170.0,0
2026-08-31,DISCL.SN,DIS,101170.0,0
2026-09-01,DISCL.SN,DIS,101170.0,0
2026-09-02,DISCL.SN,DIS,101170.0,0
2026-09-03,DISCL.SN,DIS,101170.0,0
2026-09-04,DISCL.SN,DIS,101170.0,0
2026-09-07,DISCL.SN,DIS,101170.0,0
2026-09-08,DISCL.SN,DIS,100000.0,10
2026-09-09,DISCL.SN,DIS,97301.0,0
2026-09-10,DISCL.SN,DIS,97301.0,0
2026-09-11,DISCL.SN,DIS,97301.0,0
2026-09-14,DISCL.SN,DIS,97301.0,6
2026-09-15,DISCL.SN,DIS,103980.0,0
2026-09-16,DISCL.SN,DIS,103980.0,0
2026-09-17,DISCL.SN,DIS,103980.0,0
2026-09-21,DISCL.SN,DIS,103980.0,0
2024-09-23,EBAYCL.SN,EBAY,50381.0,0
2024-09-24,EBAYCL.SN,EBAY,50381.0,0
2024-09-25,EBAYCL.SN,EBAY,50381.0,0
2024-09-26,EBAYCL.SN,EBAY,50381.0,0
2024-09-27,EBAYCL.SN,EBAY,50381.0,0
2024-09-30,EBAYCL.SN,EBAY,50381.0,0
2024-10-01,EBAYCL.SN,EBAY,50381.0,0
2024-10-02,EBAYCL.SN,EBAY,50381.0,0
2024-10-03,EBAYCL.SN,EBAY,50381.0,0
2024-10-04,EBAYCL.SN,EBAY,50381.0,0
2024-10-07,EBAYCL.SN,EBAY,50381.0,0
2024-10-08,EBAYCL.SN,EBAY,50381.0,0
2024-10-09,EBAYCL.SN,EBAY,50381.0,0
2024-10-10,EBAYCL.SN,EBAY,50381.0,0
2024-10-11,EBAYCL.SN,EBAY,50381.0,0
2024-10-14,EBAYCL.SN,EBAY,50381.0,0
2024-10-15,EBAYCL.SN,EBAY,50381.0,0
2024-10-16,EBAYCL.SN,EBAY,50381.0,0
2024-10-17,EBAYCL.SN,EBAY,50381.0,0
2024-10-18,EBAYCL.SN,EBAY,50381.0,0
2024-10-21,EBAYCL.SN,EBAY,50381.0,0
2024-10-22,EBAYCL.SN,EBAY,50381.0,0
2024-10-23,EBAYCL.SN,EBAY,50381.0,0
2024-10-24,EBAYCL.SN,EBAY,50381.0,0
2024-10-25,EBAYCL.SN,EBAY,50381.0,0
2024-10-28,EBAYCL.SN,EBAY,50381.0,0
2024-10-29,EBAYCL.SN,EBAY,50381.0,0
2024-10-30,EBAYCL.SN,EBAY,50381.0,0
2024-11-04,EBAYCL.SN,EBAY,50381.0,0
2024-11-05,EBAYCL.SN,EBAY,50381.0,0
2024-11-06,EBAYCL.SN,EBAY,50381.0,0
2024-11-07,EBAYCL.SN,EBAY,50381.0,0
2024-11-08,EBAYCL.SN,EBAY,50381.0,0
2024-11-11,EBAYCL.SN,EBAY,50381.0,0
2024-11-12,EBAYCL.SN,EBAY,50381.0,0
2024-11-13,EBAYCL.SN,EBAY,50381.0,0
2024-11-14,EBAYCL.SN,EBAY,50381.0,0
2024-11-15,EBAYCL.SN,EBAY,50381.0,0
2024-11-18,EBAYCL.SN,EBAY,50381.0,0
2024-11-19,EBAYCL.SN,EBAY,50381.0,0
2024-11-20,EBAYCL.SN,EBAY,50381.0,0
2024-11-21,EBAYCL.SN,EBAY,50381.0,0
2024-11-22,EBAYCL.SN,EBAY,50381.0,0
2024-11-25,EBAYCL.SN,EBAY,50381.0,0
2024-11-26,EBAYCL.SN,EBAY,50381.0,0
2024-11-27,EBAYCL.SN,EBAY,50381.0,0
2024-11-28,EBAYCL.SN,EBAY,50381.0,0
2024-11-29,EBAYCL.SN,EBAY,50381.0,0
2024-12-02,EBAYCL.SN,EBAY,50381.0,0
2024-12-03,EBAYCL.SN,EBAY,50381.0,0
2024-12-04,EBAYCL.SN,EBAY,50381.0,0
2024-12-05,EBAYCL.SN,EBAY,50381.0,0
2024-12-06,EBAYCL.SN,EBAY,50381.0,0
2024-12-09,EBAYCL.SN,EBAY,50381.0,0
2024-12-10,EBAYCL.SN,EBAY,50381.0,0
2024-12-11,EBAYCL.SN,EBAY,50381.0,0
2024-12-12,EBAYCL.SN,EBAY,50381.0,0
2024-12-13,EBAYCL.SN,EBAY,50381.0,0
2024-12-16,EBAYCL.SN,EBAY,50381.0,0
2024-12-17,EBAYCL.SN,EBAY,50381.0,0
2024-12-18,EBAYCL.SN,EBAY,50381.0,0
2024-12-19,EBAYCL.SN,EBAY,50381.0,0
2024-12-20,EBAYCL.SN,EBAY,50381.0,0
2024-12-23,EBAYCL.SN,EBAY,50381.0,0
2024-12-24,EBAYCL.SN,EBAY,50381.0,0
2024-12-26,EBAYCL.SN,EBAY,50381.0,0
2024-12-27,EBAYCL.SN,EBAY,50381.0,0
2024-12-30,EBAYCL.SN,EBAY,50381.0,1
2025-01-02,EBAYCL.SN,EBAY,50381.0,0
2025-01-03,EBAYCL.SN,EBAY,50381.0,0
2025-01-06,EBAYCL.SN,EBAY,50381.0,0
2025-01-07,EBAYCL.SN,EBAY,50381.0,0
2025-01-08,EBAYCL.SN,EBAY,50381.0,0
2025-01-09,EBAYCL.SN,EBAY,50381.0,0
2025-01-10,EBAYCL.SN,EBAY,50381.0,0
2025-01-13,EBAYCL.SN,EBAY,50381.0,0
2025-01-14,EBAYCL.SN,EBAY,50381.0,0
2025-01-15,EBAYCL.SN,EBAY,50381.0,0
2025-01-16,EBAYCL.SN,EBAY,50381.0,0
2025-01-17,EBAYCL.SN,EBAY,50381.0,18
2025-01-20,EBAYCL.SN,EBAY,50381.0,0
2025-01-21,EBAYCL.SN,EBAY,50381.0,0
2025-01-22,EBAYCL.SN,EBAY,50381.0,0
2025-01-23,EBAYCL.SN,EBAY,50381.0,0
2025-01-24,EBAYCL.SN,EBAY,50381.0,0
2025-01-27,EBAYCL.SN,EBAY,50381.0,0
2025-01-28,EBAYCL.SN,EBAY,50381.0,0
2025-01-29,EBAYCL.SN,EBAY,50381.0,0
2025-01-30,EBAYCL.SN,EBAY,50381.0,0
2025-01-31,EBAYCL.SN,EBAY,50381.0,0
2025-02-03,EBAYCL.SN,EBAY,50381.0,0
2025-02-04,EBAYCL.SN,EBAY,50381.0,0
2025-02-05,EBAYCL.SN,EBAY,50381.0,0
2025-02-06,EBAYCL.SN,EBAY,50381.0,0
2025-02-07,EBAYCL.SN,EBAY,50381.0,0
2025-02-10,EBAYCL.SN,EBAY,50381.0,0
2025-02-11,EBAYCL.SN,EBAY,50381.0,0
2025-02-12,EBAYCL.SN,EBAY,50381.0,0
2025-02-13,EBAYCL.SN,EBAY,50381.0,61
2025-02-14,EBAYCL.SN,EBAY,50381.0,0
2025-02-17,EBAYCL.SN,EBAY,50381.0,0
2025-02-18,EBAYCL.SN,EBAY,50381.0,0
2025-02-19,EBAYCL.SN,EBAY,50381.0,0
2025-02-20,EBAYCL.SN,EBAY,50381.0,0
2025-02-21,EBAYCL.SN,EBAY,50381.0,0
2025-02-24,EBAYCL.SN,EBAY,50381.0,0
2025-02-25,EBAYCL.SN,EBAY,50381.0,0
2025-02-26,EBAYCL.SN,EBAY,50381.0,0
2025-02-27,EBAYCL.SN,EBAY,50381.0,0
2025-02-28,EBAYCL.SN,EBAY,50381.0,0
2025-03-03,EBAYCL.SN,EBAY,50381.0,0
2025-03-04,EBAYCL.SN,EBAY,50381.0,0
2025-03-05,EBAYCL.SN,EBAY,50381.0,0
2025-03-06,EBAYCL.SN,EBAY,50381.0,0
2025-03-07,EBAYCL.SN,EBAY,50381.0,0
2025-03-10,EBAYCL.SN,EBAY,50381.0,0
2025-03-11,EBAYCL.SN,EBAY,50381.0,0
2025-03-12,EBAYCL.SN,EBAY,50381.0,0
2025-03-13,EBAYCL.SN,EBAY,50381.0,0
2025-03-14,EBAYCL.SN,EBAY,50381.0,0
2025-03-17,EBAYCL.SN,EBAY,50381.0,0
2025-03-18,EBAYCL.SN,EBAY,50381.0,0
2025-03-19,EBAYCL.SN,EBAY,50381.0,0
2025-03-20,EBAYCL.SN,EBAY,50381.0,0
2025-03-21,EBAYCL.SN,EBAY,50381.0,0
2025-03-24,EBAYCL.SN,EBAY,50381.0,0
2025-03-25,EBAYCL.SN,EBAY,50381.0,0
2025-03-26,EBAYCL.SN,EBAY,50381.0,0
2025-03-27,EBAYCL.SN,EBAY,50381.0,0
2025-03-28,EBAYCL.SN,EBAY,50381.0,0
2025-03-31,EBAYCL.SN,EBAY,50381.0,0
2025-04-01,EBAYCL.SN,EBAY,50381.0,0
2025-04-02,EBAYCL.SN,EBAY,50381.0,0
2025-04-03,EBAYCL.SN,EBAY,50381.0,0
2025-04-04,EBAYCL.SN,EBAY,50381.0,0
2025-04-07,EBAYCL.SN,EBAY,50381.0,0
2025-04-08,EBAYCL.SN,EBAY,50381.0,0
2025-04-09,EBAYCL.SN,EBAY,50381.0,0
2025-04-10,EBAYCL.SN,EBAY,50381.0,0
2025-04-11,EBAYCL.SN,EBAY,50381.0,0
2025-04-14,EBAYCL.SN,EBAY,50381.0,0
2025-04-15,EBAYCL.SN,EBAY,50381.0,0
2025-04-16,EBAYCL.SN,EBAY,50381.0,0
2025-04-17,EBAYCL.SN,EBAY,50381.0,0
2025-04-21,EBAYCL.SN,EBAY,50381.0,0
2025-04-22,EBAYCL.SN,EBAY,50381.0,0
2025-04-23,EBAYCL.SN,EBAY,50381.0,0
2025-04-24,EBAYCL.SN,EBAY,50381.0,0
2025-04-25,EBAYCL.SN,EBAY,50381.0,0
2025-04-28,EBAYCL.SN,EBAY,50381.0,0
2025-04-29,EBAYCL.SN,EBAY,50381.0,0
2025-04-30,EBAYCL.SN,EBAY,50381.0,0
2025-05-02,EBAYCL.SN,EBAY,50381.0,0
2025-05-05,EBAYCL.SN,EBAY,50381.0,0
2025-05-06,EBAYCL.SN,EBAY,50381.0,0
2025-05-07,EBAYCL.SN,EBAY,50381.0,0
2025-05-08,EBAYCL.SN,EBAY,50381.0,0
2025-05-09,EBAYCL.SN,EBAY,50381.0,0
2025-05-12,EBAYCL.SN,EBAY,50381.0,0
2025-05-13,EBAYCL.SN,EBAY,50381.0,0
2025-05-14,EBAYCL.SN,EBAY,50381.0,0
2025-05-15,EBAYCL.SN,EBAY,50381.0,0
2025-05-16,EBAYCL.SN,EBAY,50381.0,0
2025-05-19,EBAYCL.SN,EBAY,50381.0,0
2025-05-20,EBAYCL.SN,EBAY,50381.0,0
2025-05-22,EBAYCL.SN,EBAY,50381.0,0
2025-05-23,EBAYCL.SN,EBAY,50381.0,0
2025-05-26,EBAYCL.SN,EBAY,50381.0,0
2025-05-27,EBAYCL.SN,EBAY,50381.0,0
2025-05-28,EBAYCL.SN,EBAY,50381.0,0
2025-05-29,EBAYCL.SN,EBAY,50381.0,0
2025-05-30,EBAYCL.SN,EBAY,50381.0,0
2025-06-02,EBAYCL.SN,EBAY,50381.0,0
2025-06-03,EBAYCL.SN,EBAY,50381.0,0
2025-06-04,EBAYCL.SN,EBAY,50381.0,0
2025-06-05,EBAYCL.SN,EBAY,50381.0,0
2025-06-06,EBAYCL.SN,EBAY,50381.0,0
2025-06-09,EBAYCL.SN,EBAY,50381.0,0
2025-06-10,EBAYCL.SN,EBAY,50381.0,0
2025-06-11,EBAYCL.SN,EBAY,50381.0,0
2025-06-12,EBAYCL.SN,EBAY,50381.0,0
2025-06-13,EBAYCL.SN,EBAY,50381.0,0
2025-06-16,EBAYCL.SN,EBAY,50381.0,0
2025-06-17,EBAYCL.SN,EBAY,50381.0,0
2025-06-18,EBAYCL.SN,EBAY,50381.0,0
2025-06-19,EBAYCL.SN,EBAY,50381.0,0
2025-06-23,EBAYCL.SN,EBAY,50381.0,0
2025-06-24,EBAYCL.SN,EBAY,50381.0,0
2025-06-25,EBAYCL.SN,EBAY,50381.0,0
2025-06-26,EBAYCL.SN,EBAY,50381.0,0
2025-06-27,EBAYCL.SN,EBAY,50381.0,0
2025-06-30,EBAYCL.SN,EBAY,50381.0,0
2025-07-01,EBAYCL.SN,EBAY,50381.0,0
2025-07-02,EBAYCL.SN,EBAY,50381.0,0
2025-07-03,EBAYCL.SN,EBAY,50381.0,0
2025-07-04,EBAYCL.SN,EBAY,50381.0,0
2025-07-07,EBAYCL.SN,EBAY,50381.0,0
2025-07-08,EBAYCL.SN,EBAY,50381.0,0
2025-07-09,EBAYCL.SN,EBAY,50381.0,0
2025-07-10,EBAYCL.SN,EBAY,50381.0,0
2025-07-11,EBAYCL.SN,EBAY,50381.0,0
2025-07-14,EBAYCL.SN,EBAY,50381.0,0
2025-07-15,EBAYCL.SN,EBAY,50381.0,0
2025-07-17,EBAYCL.SN,EBAY,50381.0,0
2025-07-18,EBAYCL.SN,EBAY,50381.0,0
2025-07-21,EBAYCL.SN,EBAY,50381.0,0
2025-07-22,EBAYCL.SN,EBAY,50381.0,0
2025-07-23,EBAYCL.SN,EBAY,50381.0,0
2025-07-24,EBAYCL.SN,EBAY,50381.0,0
2025-07-25,EBAYCL.SN,EBAY,50381.0,0
2025-07-28,EBAYCL.SN,EBAY,50381.0,0
2025-07-29,EBAYCL.SN,EBAY,50381.0,0
2025-07-30,EBAYCL.SN,EBAY,50381.0,2
2025-07-31,EBAYCL.SN,EBAY,50381.0,0
2025-08-01,EBAYCL.SN,EBAY,50381.0,3
2025-08-04,EBAYCL.SN,EBAY,50381.0,0
2025-08-05,EBAYCL.SN,EBAY,50381.0,29
2025-08-06,EBAYCL.SN,EBAY,50381.0,0
2025-08-07,EBAYCL.SN,EBAY,50381.0,0
2025-08-08,EBAYCL.SN,EBAY,50381.0,0
2025-08-11,EBAYCL.SN,EBAY,50381.0,0
2025-08-12,EBAYCL.SN,EBAY,50381.0,0
2025-08-13,EBAYCL.SN,EBAY,50381.0,0
2025-08-14,EBAYCL.SN,EBAY,50381.0,0
2025-08-18,EBAYCL.SN,EBAY,50381.0,16
2025-08-19,EBAYCL.SN,EBAY,50381.0,71
2025-08-20,EBAYCL.SN,EBAY,50381.0,0
2025-08-21,EBAYCL.SN,EBAY,50381.0,11
2025-08-22,EBAYCL.SN,EBAY,50381.0,22
2025-08-25,EBAYCL.SN,EBAY,50381.0,0
2025-08-26,EBAYCL.SN,EBAY,50381.0,0
2025-08-27,EBAYCL.SN,EBAY,50381.0,0
2025-08-28,EBAYCL.SN,EBAY,50381.0,0
2025-08-29,EBAYCL.SN,EBAY,50381.0,0
2025-09-01,EBAYCL.SN,EBAY,50381.0,0
2025-09-02,EBAYCL.SN,EBAY,50381.0,0
2025-09-03,EBAYCL.SN,EBAY,50381.0,0
2025-09-04,EBAYCL.SN,EBAY,50381.0,10
2025-09-05,EBAYCL.SN,EBAY,50381.0,0
2025-09-08,EBAYCL.SN,EBAY,50381.0,0
2025-09-09,EBAYCL.SN,EBAY,50381.0,0
2025-09-10,EBAYCL.SN,EBAY,50381.0,10
2025-09-11,EBAYCL.SN,EBAY,50381.0,0
2025-09-12,EBAYCL.SN,EBAY,50381.0,0
2025-09-15,EBAYCL.SN,EBAY,50381.0,0
2025-09-16,EBAYCL.SN,EBAY,50381.0,0
2025-09-17,EBAYCL.SN,EBAY,50381.0,0
2025-09-22,EBAYCL.SN,EBAY,50381.0,0
2025-09-23,EBAYCL.SN,EBAY,50381.0,0
2025-09-24,EBAYCL.SN,EBAY,50381.0,0
2025-09-25,EBAYCL.SN,EBAY,50381.0,0
2025-09-26,EBAYCL.SN,EBAY,50381.0,0
2025-09-29,EBAYCL.SN,EBAY,50381.0,0
2025-09-30,EBAYCL.SN,EBAY,50381.0,0
2025-10-01,EBAYCL.SN,EBAY,50381.0,0
2025-10-02,EBAYCL.SN,EBAY,50381.0,0
2025-10-03,EBAYCL.SN,EBAY,50381.0,0
2025-10-06,EBAYCL.SN,EBAY,50381.0,0
2025-10-07,EBAYCL.SN,EBAY,50381.0,0
2025-10-08,EBAYCL.SN,EBAY,50381.0,0
2025-10-09,EBAYCL.SN,EBAY,50381.0,0
2025-10-10,EBAYCL.SN,EBAY,50381.0,0
2025-10-13,EBAYCL.SN,EBAY,50381.0,0
2025-10-14,EBAYCL.SN,EBAY,50381.0,0
2025-10-15,EBAYCL.SN,EBAY,50381.0,0
2025-10-16,EBAYCL.SN,EBAY,50381.0,1
2025-10-17,EBAYCL.SN,EBAY,50381.0,0
2025-10-20,EBAYCL.SN,EBAY,50381.0,0
2025-10-21,EBAYCL.SN,EBAY,50381.0,0
2025-10-22,EBAYCL.SN,EBAY,50381.0,0
2025-10-23,EBAYCL.SN,EBAY,50381.0,0
2025-10-24,EBAYCL.SN,EBAY,50381.0,0
2025-10-27,EBAYCL.SN,EBAY,50381.0,0
2025-10-28,EBAYCL.SN,EBAY,50381.0,0
2025-10-29,EBAYCL.SN,EBAY,50381.0,23
2025-10-30,EBAYCL.SN,EBAY,50381.0,14
2025-11-03,EBAYCL.SN,EBAY,50381.0,0
2025-11-04,EBAYCL.SN,EBAY,50381.0,0
2025-11-05,EBAYCL.SN,EBAY,50381.0,0
2025-11-06,EBAYCL.SN,EBAY,50381.0,0
2025-11-07,EBAYCL.SN,EBAY,50381.0,0
2025-11-10,EBAYCL.SN,EBAY,50381.0,0
2025-11-11,EBAYCL.SN,EBAY,50381.0,0
2025-11-12,EBAYCL.SN,EBAY,50381.0,0
2025-11-13,EBAYCL.SN,EBAY,50381.0,0
2025-11-14,EBAYCL.SN,EBAY,50381.0,0
2025-11-17,EBAYCL.SN,EBAY,50381.0,0
2025-11-18,EBAYCL.SN,EBAY,50381.0,0
2025-11-19,EBAYCL.SN,EBAY,50381.0,0
2025-11-20,EBAYCL.SN,EBAY,50381.0,0
2025-11-21,EBAYCL.SN,EBAY,50381.0,0
2025-11-24,EBAYCL.SN,EBAY,50381.0,0
2025-11-25,EBAYCL.SN,EBAY,50381.0,0
2025-11-26,EBAYCL.SN,EBAY,50381.0,0
2025-11-27,EBAYCL.SN,EBAY,50381.0,0
2025-11-28,EBAYCL.SN,EBAY,50381.0,0
2025-12-01,EBAYCL.SN,EBAY,50381.0,0
2025-12-02,EBAYCL.SN,EBAY,50381.0,0
2025-12-03,EBAYCL.SN,EBAY,50381.0,0
2025-12-04,EBAYCL.SN,EBAY,50381.0,0
2025-12-05,EBAYCL.SN,EBAY,50381.0,0
2025-12-09,EBAYCL.SN,EBAY,50381.0,0
2025-12-10,EBAYCL.SN,EBAY,50381.0,0
2025-12-11,EBAYCL.SN,EBAY,50381.0,0
2025-12-12,EBAYCL.SN,EBAY,50381.0,0
2025-12-15,EBAYCL.SN,EBAY,50381.0,0
2025-12-16,EBAYCL.SN,EBAY,50381.0,0
2025-12-17,EBAYCL.SN,EBAY,50381.0,0
2025-12-18,EBAYCL.SN,EBAY,50381.0,0
2025-12-19,EBAYCL.SN,EBAY,50381.0,0
2025-12-22,EBAYCL.SN,EBAY,50381.0,0
2025-12-23,EBAYCL.SN,EBAY,50381.0,0
2025-12-24,EBAYCL.SN,EBAY,50381.0,0
2025-12-26,EBAYCL.SN,EBAY,50381.0,0
2025-12-29,EBAYCL.SN,EBAY,50381.0,0
2025-12-30,EBAYCL.SN,EBAY,50381.0,0
2026-01-02,EBAYCL.SN,EBAY,50381.0,0
2026-01-05,EBAYCL.SN,EBAY,50381.0,0
2026-01-06,EBAYCL.SN,EBAY,50381.0,0
2026-01-07,EBAYCL.SN,EBAY,50381.0,0
2026-01-08,EBAYCL.SN,EBAY,50381.0,0
2026-01-09,EBAYCL.SN,EBAY,50381.0,0
2026-01-12,EBAYCL.SN,EBAY,50381.0,0
2026-01-13,EBAYCL.SN,EBAY,50381.0,0
2026-01-14,EBAYCL.SN,EBAY,50381.0,0
2026-01-15,EBAYCL.SN,EBAY,50381.0,0
2026-01-16,EBAYCL.SN,EBAY,50381.0,0
2026-01-19,EBAYCL.SN,EBAY,50381.0,0
2026-01-20,EBAYCL.SN,EBAY,50381.0,0
2026-01-21,EBAYCL.SN,EBAY,50381.0,0
2026-01-22,EBAYCL.SN,EBAY,50381.0,0
2026-01-23,EBAYCL.SN,EBAY,50381.0,0
2026-01-26,EBAYCL.SN,EBAY,50381.0,0
2026-01-27,EBAYCL.SN,EBAY,50381.0,0
2026-01-28,EBAYCL.SN,EBAY,50381.0,0
2026-01-29,EBAYCL.SN,EBAY,50381.0,0
2026-01-30,EBAYCL.SN,EBAY,50381.0,0
2026-02-02,EBAYCL.SN,EBAY,50381.0,0
2026-02-03,EBAYCL.SN,EBAY,50381.0,0
2026-02-04,EBAYCL.SN,EBAY,50381.0,1
2026-02-05,EBAYCL.SN,EBAY,50381.0,0
2026-02-06,EBAYCL.SN,EBAY,50381.0,0
2026-02-09,EBAYCL.SN,EBAY,50381.0,0
2026-02-10,EBAYCL.SN,EBAY,50381.0,0
2026-02-11,EBAYCL.SN,EBAY,50381.0,0
2026-02-12,EBAYCL.SN,EBAY,50381.0,0
2026-02-13,EBAYCL.SN,EBAY,50381.0,0
2026-02-16,EBAYCL.SN,EBAY,50381.0,0
2026-02-17,EBAYCL.SN,EBAY,50381.0,0
2026-02-18,EBAYCL.SN,EBAY,50381.0,0
2026-02-19,EBAYCL.SN,EBAY,50381.0,0
2026-02-20,EBAYCL.SN,EBAY,50381.0,0
2026-02-23,EBAYCL.SN,EBAY,50381.0,0
2026-02-24,EBAYCL.SN,EBAY,50381.0,0
2026-02-25,EBAYCL.SN,EBAY,50381.0,0
2026-02-26,EBAYCL.SN,EBAY,50381.0,0
2026-02-27,EBAYCL.SN,EBAY,50381.0,0
2026-03-02,EBAYCL.SN,EBAY,50381.0,0
2026-03-03,EBAYCL.SN,EBAY,50381.0,0
2026-03-04,EBAYCL.SN,EBAY,50381.0,0
2026-03-05,EBAYCL.SN,EBAY,50381.0,0
2026-03-06,EBAYCL.SN,EBAY,50381.0,0
2026-03-09,EBAYCL.SN,EBAY,50381.0,0
2026-03-10,EBAYCL.SN,EBAY,50381.0,0
2026-03-11,EBAYCL.SN,EBAY,50381.0,0
2026-03-12,EBAYCL.SN,EBAY,50381.0,0
2026-03-13,EBAYCL.SN,EBAY,50381.0,0
2026-03-16,EBAYCL.SN,EBAY,50381.0,0
2026-03-17,EBAYCL.SN,EBAY,50381.0,0
2026-03-18,EBAYCL.SN,EBAY,50381.0,0
2026-03-19,EBAYCL.SN,EBAY,50381.0,0
2026-03-20,EBAYCL.SN,EBAY,50381.0,0
2026-03-23,EBAYCL.SN,EBAY,50381.0,0
2026-03-24,EBAYCL.SN,EBAY,50381.0,0
2026-03-25,EBAYCL.SN,EBAY,50381.0,0
2026-03-26,EBAYCL.SN,EBAY,50381.0,0
2026-03-27,EBAYCL.SN,EBAY,50381.0,0
2026-03-30,EBAYCL.SN,EBAY,50381.0,0
2026-03-31,EBAYCL.SN,EBAY,81500.0,117
2026-04-01,EBAYCL.SN,EBAY,81500.0,0
2026-04-02,EBAYCL.SN,EBAY,81500.0,0
2026-04-06,EBAYCL.SN,EBAY,81500.0,0
2026-04-07,EBAYCL.SN,EBAY,81500.0,0
2026-04-08,EBAYCL.SN,EBAY,81500.0,0
2026-04-09,EBAYCL.SN,EBAY,81500.0,0
2026-04-10,EBAYCL.SN,EBAY,81500.0,0
2026-04-13,EBAYCL.SN,EBAY,81500.0,0
2026-04-14,EBAYCL.SN,EBAY,81500.0,0
2026-04-15,EBAYCL.SN,EBAY,81500.0,0
2026-04-16,EBAYCL.SN,EBAY,81500.0,0
2026-04-17,EBAYCL.SN,EBAY,81500.0,0
2026-04-20,EBAYCL.SN,EBAY,81500.0,0
2026-04-21,EBAYCL.SN,EBAY,81500.0,0
2026-04-22,EBAYCL.SN,EBAY,81500.0,0
2026-04-23,EBAYCL.SN,EBAY,81500.0,0
2026-04-24,EBAYCL.SN,EBAY,81500.0,0
2026-04-27,EBAYCL.SN,EBAY,81500.0,0
2026-04-28,EBAYCL.SN,EBAY,81500.0,0
2026-04-29,EBAYCL.SN,EBAY,81500.0,0
2026-04-30,EBAYCL.SN,EBAY,81500.0,0
2026-05-04,EBAYCL.SN,EBAY,81500.0,0
2026-05-05,EBAYCL.SN,EBAY,81500.0,0
2026-05-06,EBAYCL.SN,EBAY,81500.0,0
2026-05-07,EBAYCL.SN,EBAY,81500.0,0
2026-05-08,EBAYCL.SN,EBAY,81500.0,0
2026-05-11,EBAYCL.SN,EBAY,81500.0,0
2026-05-12,EBAYCL.SN,EBAY,81500.0,0
2026-05-13,EBAYCL.SN,EBAY,81500.0,0
2026-05-14,EBAYCL.SN,EBAY,81500.0,0
2026-05-15,EBAYCL.SN,EBAY,81500.0,0
2026-05-18,EBAYCL.SN,EBAY,81500.0,56
2026-05-19,EBAYCL.SN,EBAY,81500.0,0
2026-05-20,EBAYCL.SN,EBAY,81500.0,0
2026-05-22,EBAYCL.SN,EBAY,81500.0,0
2026-05-25,EBAYCL.SN,EBAY,81500.0,0
2026-05-26,EBAYCL.SN,EBAY,81500.0,0
2026-05-27,EBAYCL.SN,EBAY,81500.0,0
2026-05-28,EBAYCL.SN,EBAY,81500.0,0
2026-05-29,EBAYCL.SN,EBAY,81500.0,0
2026-06-01,EBAYCL.SN,EBAY,81500.0,0
2026-06-02,EBAYCL.SN,EBAY,81500.0,0
2026-06-03,EBAYCL.SN,EBAY,81500.0,0
2026-06-04,EBAYCL.SN,EBAY,81500.0,0
2026-06-05,EBAYCL.SN,EBAY,81500.0,0
2026-06-08,EBAYCL.SN,EBAY,81500.0,0
2026-06-09,EBAYCL.SN,EBAY,81500.0,0
2026-06-10,EBAYCL.SN,EBAY,81500.0,0
2026-06-11,EBAYCL.SN,EBAY,81500.0,0
2026-06-12,EBAYCL.SN,EBAY,81500.0,0
2026-06-15,EBAYCL.SN,EBAY,81500.0,0
2026-06-16,EBAYCL.SN,EBAY,81500.0,0
2026-06-17,EBAYCL.SN,EBAY,81500.0,0
2026-06-18,EBAYCL.SN,EBAY,81500.0,0
2026-06-19,EBAYCL.SN,EBAY,81500.0,0
2026-06-22,EBAYCL.SN,EBAY,81500.0,0
2026-06-23,EBAYCL.SN,EBAY,81500.0,0
2026-06-24,EBAYCL.SN,EBAY,81500.0,0
2026-06-25,EBAYCL.SN,EBAY,81500.0,10
2026-06-26,EBAYCL.SN,EBAY,81500.0,0
2026-06-30,EBAYCL.SN,EBAY,81500.0,0
2026-07-01,EBAYCL.SN,EBAY,103000.0,106
2026-07-02,EBAYCL.SN,EBAY,103000.0,0
2026-07-03,EBAYCL.SN,EBAY,103000.0,0
2026-07-06,EBAYCL.SN,EBAY,103000.0,0
2026-07-07,EBAYCL.SN,EBAY,103000.0,0
2026-07-08,EBAYCL.SN,EBAY,103000.0,0
2026-07-09,EBAYCL.SN,EBAY,103000.0,0
2026-07-10,EBAYCL.SN,EBAY,103000.0,0
2026-07-13,EBAYCL.SN,EBAY,103000.0,0
2026-07-14,EBAYCL.SN,EBAY,103000.0,0
2026-07-15,EBAYCL.SN,EBAY,103000.0,0
2026-07-17,EBAYCL.SN,EBAY,103000.0,0
2026-07-20,EBAYCL.SN,EBAY,103000.0,0
2026-07-21,EBAYCL.SN,EBAY,106540.0,0
2026-07-22,EBAYCL.SN,EBAY,106540.0,0
2026-07-23,EBAYCL.SN,EBAY,106540.0,0
2026-07-24,EBAYCL.SN,EBAY,106540.0,1
2026-07-27,EBAYCL.SN,EBAY,106540.0,0
2026-07-28,EBAYCL.SN,EBAY,106800.0,0
2026-07-29,EBAYCL.SN,EBAY,106800.0,0
2026-07-30,EBAYCL.SN,EBAY,106800.0,0
2026-07-31,EBAYCL.SN,EBAY,106800.0,0
2026-08-03,EBAYCL.SN,EBAY,106800.0,1
2026-08-04,EBAYCL.SN,EBAY,99083.0,0
2026-08-05,EBAYCL.SN,EBAY,99083.0,0
2026-08-06,EBAYCL.SN,EBAY,99083.0,0
2026-08-07,EBAYCL.SN,EBAY,99083.0,1
2026-08-10,EBAYCL.SN,EBAY,99083.0,0
2026-08-11,EBAYCL.SN,EBAY,98695.0,0
2026-08-12,EBAYCL.SN,EBAY,98695.0,0
2026-08-13,EBAYCL.SN,EBAY,98695.0,0
2026-08-14,EBAYCL.SN,EBAY,98695.0,0
2026-08-17,EBAYCL.SN,EBAY,98695.0,0
2026-08-18,EBAYCL.SN,EBAY,92278.0,0
2026-08-19,EBAYCL.SN,EBAY,92278.0,0
2026-08-20,EBAYCL.SN,EBAY,92278.0,0
2026-08-21,EBAYCL.SN,EBAY,92278.0,0
2026-08-24,EBAYCL.SN,EBAY,92278.0,0
2026-08-25,EBAYCL.SN,EBAY,97940.0,0
2026-08-26,EBAYCL.SN,EBAY,97940.0,0
2026-08-27,EBAYCL.SN,EBAY,97940.0,0
2026-08-28,EBAYCL.SN,EBAY,97940.0,0
2026-08-31,EBAYCL.SN,EBAY,97940.0,0
2026-09-01,EBAYCL.SN,EBAY,97940.0,0
2026-09-02,EBAYCL.SN,EBAY,97940.0,0
2026-09-03,EBAYCL.SN,EBAY,97940.0,0
2026-09-04,EBAYCL.SN,EBAY,97940.0,0
2026-09-07,EBAYCL.SN,EBAY,97940.0,0
2026-09-08,EBAYCL.SN,EBAY,97940.0,0
2026-09-09,EBAYCL.SN,EBAY,97060.0,0
2026-09-10,EBAYCL.SN,EBAY,97060.0,0
2026-09-11,EBAYCL.SN,EBAY,97060.0,0
2026-09-14,EBAYCL.SN,EBAY,97060.0,0
2026-09-15,EBAYCL.SN,EBAY,104360.0,0
2026-09-16,EBAYCL.SN,EBAY,104360.0,0
2026-09-17,EBAYCL.SN,EBAY,104360.0,0
2026-09-21,EBAYCL.SN,EBAY,104360.0,0
2024-09-23,FCXCL.SN,FCX,48670.0,0
2024-09-24,FCXCL.SN,FCX,48670.0,57
2024-09-25,FCXCL.SN,FCX,48670.0,0
2024-09-26,FCXCL.SN,FCX,46500.0,2263
2024-09-27,FCXCL.SN,FCX,46500.0,2
2024-09-30,FCXCL.SN,FCX,46500.0,0
2024-10-01,FCXCL.SN,FCX,46500.0,0
2024-10-02,FCXCL.SN,FCX,46500.0,2
2024-10-03,FCXCL.SN,FCX,46500.0,0
2024-10-04,FCXCL.SN,FCX,46500.0,0
2024-10-07,FCXCL.SN,FCX,46500.0,0
2024-10-08,FCXCL.SN,FCX,46500.0,0
2024-10-09,FCXCL.SN,FCX,46500.0,107
2024-10-10,FCXCL.SN,FCX,46500.0,0
2024-10-11,FCXCL.SN,FCX,46500.0,0
2024-10-14,FCXCL.SN,FCX,46500.0,0
2024-10-15,FCXCL.SN,FCX,46500.0,0
2024-10-16,FCXCL.SN,FCX,46500.0,0
2024-10-17,FCXCL.SN,FCX,46500.0,0
2024-10-18,FCXCL.SN,FCX,46500.0,0
2024-10-21,FCXCL.SN,FCX,46500.0,0
2024-10-22,FCXCL.SN,FCX,46500.0,30
2024-10-23,FCXCL.SN,FCX,46500.0,0
2024-10-24,FCXCL.SN,FCX,46500.0,0
2024-10-25,FCXCL.SN,FCX,46500.0,0
2024-10-28,FCXCL.SN,FCX,46500.0,0
2024-10-29,FCXCL.SN,FCX,46500.0,40
2024-10-30,FCXCL.SN,FCX,46500.0,0
2024-11-04,FCXCL.SN,FCX,46500.0,0
2024-11-05,FCXCL.SN,FCX,46500.0,0
2024-11-06,FCXCL.SN,FCX,46500.0,0
2024-11-07,FCXCL.SN,FCX,46500.0,0
2024-11-08,FCXCL.SN,FCX,46500.0,0
2024-11-11,FCXCL.SN,FCX,46500.0,0
2024-11-12,FCXCL.SN,FCX,46500.0,0
2024-11-13,FCXCL.SN,FCX,46500.0,0
2024-11-14,FCXCL.SN,FCX,46500.0,150
2024-11-15,FCXCL.SN,FCX,46500.0,0
2024-11-18,FCXCL.SN,FCX,46500.0,0
2024-11-19,FCXCL.SN,FCX,46500.0,0
2024-11-20,FCXCL.SN,FCX,46500.0,0
2024-11-21,FCXCL.SN,FCX,46500.0,0
2024-11-22,FCXCL.SN,FCX,46500.0,0
2024-11-25,FCXCL.SN,FCX,46500.0,0
2024-11-26,FCXCL.SN,FCX,46500.0,0
2024-11-27,FCXCL.SN,FCX,46500.0,0
2024-11-28,FCXCL.SN,FCX,46500.0,0
2024-11-29,FCXCL.SN,FCX,46500.0,0
2024-12-02,FCXCL.SN,FCX,46500.0,0
2024-12-03,FCXCL.SN,FCX,46500.0,0
2024-12-04,FCXCL.SN,FCX,46500.0,0
2024-12-05,FCXCL.SN,FCX,46500.0,0
2024-12-06,FCXCL.SN,FCX,46500.0,0
2024-12-09,FCXCL.SN,FCX,46500.0,0
2024-12-10,FCXCL.SN,FCX,46500.0,0
2024-12-11,FCXCL.SN,FCX,46500.0,0
2024-12-12,FCXCL.SN,FCX,46500.0,0
2024-12-13,FCXCL.SN,FCX,46500.0,0
2024-12-16,FCXCL.SN,FCX,46500.0,0
2024-12-17,FCXCL.SN,FCX,46500.0,0
2024-12-18,FCXCL.SN,FCX,46500.0,0
2024-12-19,FCXCL.SN,FCX,46500.0,0
2024-12-20,FCXCL.SN,FCX,46500.0,0
2024-12-23,FCXCL.SN,FCX,46500.0,0
2024-12-24,FCXCL.SN,FCX,46500.0,0
2024-12-26,FCXCL.SN,FCX,46500.0,0
2024-12-27,FCXCL.SN,FCX,46500.0,0
2024-12-30,FCXCL.SN,FCX,46500.0,0
2025-01-02,FCXCL.SN,FCX,46500.0,0
2025-01-03,FCXCL.SN,FCX,46500.0,0
2025-01-06,FCXCL.SN,FCX,46500.0,100
2025-01-07,FCXCL.SN,FCX,46500.0,0
2025-01-08,FCXCL.SN,FCX,46500.0,0
2025-01-09,FCXCL.SN,FCX,46500.0,0
2025-01-10,FCXCL.SN,FCX,46500.0,0
2025-01-13,FCXCL.SN,FCX,46500.0,0
2025-01-14,FCXCL.SN,FCX,46500.0,0
2025-01-15,FCXCL.SN,FCX,46500.0,0
2025-01-16,FCXCL.SN,FCX,46500.0,0
2025-01-17,FCXCL.SN,FCX,46500.0,0
2025-01-20,FCXCL.SN,FCX,46500.0,0
2025-01-21,FCXCL.SN,FCX,46500.0,0
2025-01-22,FCXCL.SN,FCX,46500.0,0
2025-01-23,FCXCL.SN,FCX,46500.0,0
2025-01-24,FCXCL.SN,FCX,46500.0,0
2025-01-27,FCXCL.SN,FCX,46500.0,0
2025-01-28,FCXCL.SN,FCX,46500.0,0
2025-01-29,FCXCL.SN,FCX,46500.0,0
2025-01-30,FCXCL.SN,FCX,46500.0,3
2025-01-31,FCXCL.SN,FCX,46500.0,64
2025-02-03,FCXCL.SN,FCX,34830.0,800
2025-02-04,FCXCL.SN,FCX,34830.0,1
2025-02-05,FCXCL.SN,FCX,34830.0,4
2025-02-06,FCXCL.SN,FCX,34830.0,0
2025-02-07,FCXCL.SN,FCX,34830.0,0
2025-02-10,FCXCL.SN,FCX,34830.0,0
2025-02-11,FCXCL.SN,FCX,34830.0,0
2025-02-12,FCXCL.SN,FCX,34830.0,0
2025-02-13,FCXCL.SN,FCX,34830.0,0
2025-02-14,FCXCL.SN,FCX,34830.0,0
2025-02-17,FCXCL.SN,FCX,34830.0,0
2025-02-18,FCXCL.SN,FCX,34830.0,0
2025-02-19,FCXCL.SN,FCX,34830.0,0
2025-02-20,FCXCL.SN,FCX,34830.0,0
2025-02-21,FCXCL.SN,FCX,34830.0,0
2025-02-24,FCXCL.SN,FCX,34830.0,0
2025-02-25,FCXCL.SN,FCX,34830.0,0
2025-02-26,FCXCL.SN,FCX,34830.0,0
2025-02-27,FCXCL.SN,FCX,34830.0,0
2025-02-28,FCXCL.SN,FCX,34830.0,0
2025-03-03,FCXCL.SN,FCX,34830.0,0
2025-03-04,FCXCL.SN,FCX,34830.0,0
2025-03-05,FCXCL.SN,FCX,34830.0,0
2025-03-06,FCXCL.SN,FCX,34830.0,0
2025-03-07,FCXCL.SN,FCX,34830.0,0
2025-03-10,FCXCL.SN,FCX,34830.0,152
2025-03-11,FCXCL.SN,FCX,34830.0,0
2025-03-12,FCXCL.SN,FCX,34830.0,0
2025-03-13,FCXCL.SN,FCX,34830.0,0
2025-03-14,FCXCL.SN,FCX,34830.0,0
2025-03-17,FCXCL.SN,FCX,34830.0,0
2025-03-18,FCXCL.SN,FCX,34830.0,0
2025-03-19,FCXCL.SN,FCX,34830.0,0
2025-03-20,FCXCL.SN,FCX,34830.0,0
2025-03-21,FCXCL.SN,FCX,34830.0,0
2025-03-24,FCXCL.SN,FCX,34830.0,0
2025-03-25,FCXCL.SN,FCX,34830.0,0
2025-03-26,FCXCL.SN,FCX,34830.0,0
2025-03-27,FCXCL.SN,FCX,34830.0,0
2025-03-28,FCXCL.SN,FCX,34830.0,0
2025-03-31,FCXCL.SN,FCX,34830.0,0
2025-04-01,FCXCL.SN,FCX,34830.0,0
2025-04-02,FCXCL.SN,FCX,34830.0,0
2025-04-03,FCXCL.SN,FCX,34830.0,0
2025-04-04,FCXCL.SN,FCX,34830.0,0
2025-04-07,FCXCL.SN,FCX,34830.0,0
2025-04-08,FCXCL.SN,FCX,34830.0,0
2025-04-09,FCXCL.SN,FCX,34830.0,0
2025-04-10,FCXCL.SN,FCX,34830.0,0
2025-04-11,FCXCL.SN,FCX,34830.0,0
2025-04-14,FCXCL.SN,FCX,34830.0,0
2025-04-15,FCXCL.SN,FCX,34830.0,0
2025-04-16,FCXCL.SN,FCX,34830.0,0
2025-04-17,FCXCL.SN,FCX,34830.0,0
2025-04-21,FCXCL.SN,FCX,34830.0,0
2025-04-22,FCXCL.SN,FCX,34830.0,0
2025-04-23,FCXCL.SN,FCX,34830.0,0
2025-04-24,FCXCL.SN,FCX,34830.0,0
2025-04-25,FCXCL.SN,FCX,34830.0,0
2025-04-28,FCXCL.SN,FCX,34830.0,0
2025-04-29,FCXCL.SN,FCX,34830.0,0
2025-04-30,FCXCL.SN,FCX,34830.0,0
2025-05-02,FCXCL.SN,FCX,34830.0,0
2025-05-05,FCXCL.SN,FCX,34830.0,0
2025-05-06,FCXCL.SN,FCX,34830.0,0
2025-05-07,FCXCL.SN,FCX,34830.0,0
2025-05-08,FCXCL.SN,FCX,34830.0,0
2025-05-09,FCXCL.SN,FCX,34830.0,0
2025-05-12,FCXCL.SN,FCX,34830.0,0
2025-05-13,FCXCL.SN,FCX,34830.0,0
2025-05-14,FCXCL.SN,FCX,34830.0,0
2025-05-15,FCXCL.SN,FCX,34830.0,0
2025-05-16,FCXCL.SN,FCX,34830.0,0
2025-05-19,FCXCL.SN,FCX,34830.0,0
2025-05-20,FCXCL.SN,FCX,34830.0,5
2025-05-22,FCXCL.SN,FCX,34830.0,0
2025-05-23,FCXCL.SN,FCX,34830.0,0
2025-05-26,FCXCL.SN,FCX,34830.0,0
2025-05-27,FCXCL.SN,FCX,34830.0,0
2025-05-28,FCXCL.SN,FCX,34830.0,0
2025-05-29,FCXCL.SN,FCX,34830.0,0
2025-05-30,FCXCL.SN,FCX,34830.0,0
2025-06-02,FCXCL.SN,FCX,34830.0,0
2025-06-03,FCXCL.SN,FCX,34830.0,0
2025-06-04,FCXCL.SN,FCX,34830.0,0
2025-06-05,FCXCL.SN,FCX,34830.0,0
2025-06-06,FCXCL.SN,FCX,34830.0,0
2025-06-09,FCXCL.SN,FCX,34830.0,0
2025-06-10,FCXCL.SN,FCX,34830.0,0
2025-06-11,FCXCL.SN,FCX,34830.0,0
2025-06-12,FCXCL.SN,FCX,34830.0,0
2025-06-13,FCXCL.SN,FCX,34830.0,0
2025-06-16,FCXCL.SN,FCX,34830.0,0
2025-06-17,FCXCL.SN,FCX,34830.0,0
2025-06-18,FCXCL.SN,FCX,34830.0,0
2025-06-19,FCXCL.SN,FCX,34830.0,0
2025-06-23,FCXCL.SN,FCX,34830.0,0
2025-06-24,FCXCL.SN,FCX,34830.0,0
2025-06-25,FCXCL.SN,FCX,34830.0,42
2025-06-26,FCXCL.SN,FCX,34830.0,0
2025-06-27,FCXCL.SN,FCX,34830.0,0
2025-06-30,FCXCL.SN,FCX,34830.0,0
2025-07-01,FCXCL.SN,FCX,34830.0,0
2025-07-02,FCXCL.SN,FCX,34830.0,0
2025-07-03,FCXCL.SN,FCX,34830.0,0
2025-07-04,FCXCL.SN,FCX,34830.0,0
2025-07-07,FCXCL.SN,FCX,34830.0,0
2025-07-08,FCXCL.SN,FCX,34830.0,0
2025-07-09,FCXCL.SN,FCX,34830.0,22
2025-07-10,FCXCL.SN,FCX,34830.0,0
2025-07-11,FCXCL.SN,FCX,34830.0,115
2025-07-14,FCXCL.SN,FCX,34830.0,0
2025-07-15,FCXCL.SN,FCX,34830.0,0
2025-07-17,FCXCL.SN,FCX,34830.0,0
2025-07-18,FCXCL.SN,FCX,34830.0,0
2025-07-21,FCXCL.SN,FCX,34830.0,0
2025-07-22,FCXCL.SN,FCX,34830.0,0
2025-07-23,FCXCL.SN,FCX,34830.0,0
2025-07-24,FCXCL.SN,FCX,34830.0,0
2025-07-25,FCXCL.SN,FCX,43000.0,291
2025-07-28,FCXCL.SN,FCX,43000.0,0
2025-07-29,FCXCL.SN,FCX,43000.0,0
2025-07-30,FCXCL.SN,FCX,43000.0,0
2025-07-31,FCXCL.SN,FCX,43000.0,0
2025-08-01,FCXCL.SN,FCX,43000.0,0
2025-08-04,FCXCL.SN,FCX,43000.0,0
2025-08-05,FCXCL.SN,FCX,43000.0,15
2025-08-06,FCXCL.SN,FCX,43000.0,0
2025-08-07,FCXCL.SN,FCX,43000.0,0
2025-08-08,FCXCL.SN,FCX,43000.0,0
2025-08-11,FCXCL.SN,FCX,43000.0,0
2025-08-12,FCXCL.SN,FCX,43000.0,0
2025-08-13,FCXCL.SN,FCX,43000.0,0
2025-08-14,FCXCL.SN,FCX,43000.0,15
2025-08-18,FCXCL.SN,FCX,43000.0,0
2025-08-19,FCXCL.SN,FCX,43000.0,0
2025-08-20,FCXCL.SN,FCX,43000.0,0
2025-08-21,FCXCL.SN,FCX,43000.0,0
2025-08-22,FCXCL.SN,FCX,43000.0,0
2025-08-25,FCXCL.SN,FCX,43000.0,0
2025-08-26,FCXCL.SN,FCX,43000.0,0
2025-08-27,FCXCL.SN,FCX,43000.0,0
2025-08-28,FCXCL.SN,FCX,43000.0,0
2025-08-29,FCXCL.SN,FCX,43000.0,0
2025-09-01,FCXCL.SN,FCX,43000.0,0
2025-09-02,FCXCL.SN,FCX,43000.0,0
2025-09-03,FCXCL.SN,FCX,43000.0,0
2025-09-04,FCXCL.SN,FCX,43000.0,0
2025-09-05,FCXCL.SN,FCX,43000.0,0
2025-09-08,FCXCL.SN,FCX,43000.0,0
2025-09-09,FCXCL.SN,FCX,43000.0,0
2025-09-10,FCXCL.SN,FCX,43000.0,0
2025-09-11,FCXCL.SN,FCX,43000.0,0
2025-09-12,FCXCL.SN,FCX,43000.0,0
2025-09-15,FCXCL.SN,FCX,43000.0,0
2025-09-16,FCXCL.SN,FCX,43000.0,0
2025-09-17,FCXCL.SN,FCX,43000.0,0
2025-09-22,FCXCL.SN,FCX,43000.0,0
2025-09-23,FCXCL.SN,FCX,43000.0,0
2025-09-24,FCXCL.SN,FCX,43000.0,0
2025-09-25,FCXCL.SN,FCX,34377.0,450
2025-09-26,FCXCL.SN,FCX,34377.0,0
2025-09-29,FCXCL.SN,FCX,34377.0,0
2025-09-30,FCXCL.SN,FCX,34377.0,0
2025-10-01,FCXCL.SN,FCX,34377.0,0
2025-10-02,FCXCL.SN,FCX,34377.0,0
2025-10-03,FCXCL.SN,FCX,34377.0,0
2025-10-06,FCXCL.SN,FCX,34377.0,0
2025-10-07,FCXCL.SN,FCX,34377.0,0
2025-10-08,FCXCL.SN,FCX,34377.0,0
2025-10-09,FCXCL.SN,FCX,34377.0,0
2025-10-10,FCXCL.SN,FCX,34377.0,0
2025-10-13,FCXCL.SN,FCX,34377.0,0
2025-10-14,FCXCL.SN,FCX,34377.0,0
2025-10-15,FCXCL.SN,FCX,34377.0,0
2025-10-16,FCXCL.SN,FCX,34377.0,0
2025-10-17,FCXCL.SN,FCX,34377.0,0
2025-10-20,FCXCL.SN,FCX,34377.0,0
2025-10-21,FCXCL.SN,FCX,34377.0,0
2025-10-22,FCXCL.SN,FCX,34377.0,0
2025-10-23,FCXCL.SN,FCX,34377.0,0
2025-10-24,FCXCL.SN,FCX,34377.0,0
2025-10-27,FCXCL.SN,FCX,34377.0,0
2025-10-28,FCXCL.SN,FCX,34377.0,0
2025-10-29,FCXCL.SN,FCX,34377.0,0
2025-10-30,FCXCL.SN,FCX,34377.0,0
2025-11-03,FCXCL.SN,FCX,34377.0,0
2025-11-04,FCXCL.SN,FCX,34377.0,0
2025-11-05,FCXCL.SN,FCX,34377.0,0
2025-11-06,FCXCL.SN,FCX,34377.0,0
2025-11-07,FCXCL.SN,FCX,34377.0,0
2025-11-10,FCXCL.SN,FCX,34377.0,0
2025-11-11,FCXCL.SN,FCX,34377.0,0
2025-11-12,FCXCL.SN,FCX,34377.0,0
2025-11-13,FCXCL.SN,FCX,34377.0,0
2025-11-14,FCXCL.SN,FCX,34377.0,0
2025-11-17,FCXCL.SN,FCX,34377.0,0
2025-11-18,FCXCL.SN,FCX,34377.0,0
2025-11-19,FCXCL.SN,FCX,34377.0,0
2025-11-20,FCXCL.SN,FCX,34377.0,0
2025-11-21,FCXCL.SN,FCX,34377.0,0
2025-11-24,FCXCL.SN,FCX,34377.0,0
2025-11-25,FCXCL.SN,FCX,34377.0,0
2025-11-26,FCXCL.SN,FCX,34377.0,0
2025-11-27,FCXCL.SN,FCX,34377.0,0
2025-11-28,FCXCL.SN,FCX,34377.0,0
2025-12-01,FCXCL.SN,FCX,34377.0,0
2025-12-02,FCXCL.SN,FCX,34377.0,0
2025-12-03,FCXCL.SN,FCX,34377.0,0
2025-12-04,FCXCL.SN,FCX,34377.0,0
2025-12-05,FCXCL.SN,FCX,34377.0,0
2025-12-09,FCXCL.SN,FCX,34377.0,0
2025-12-10,FCXCL.SN,FCX,34377.0,0
2025-12-11,FCXCL.SN,FCX,34377.0,0
2025-12-12,FCXCL.SN,FCX,34377.0,0
2025-12-15,FCXCL.SN,FCX,34377.0,0
2025-12-16,FCXCL.SN,FCX,34377.0,0
2025-12-17,FCXCL.SN,FCX,34377.0,0
2025-12-18,FCXCL.SN,FCX,34377.0,0
2025-12-19,FCXCL.SN,FCX,34377.0,0
2025-12-22,FCXCL.SN,FCX,34377.0,0
2025-12-23,FCXCL.SN,FCX,34377.0,0
2025-12-24,FCXCL.SN,FCX,34377.0,0
2025-12-26,FCXCL.SN,FCX,34377.0,0
2025-12-29,FCXCL.SN,FCX,34377.0,0
2025-12-30,FCXCL.SN,FCX,34377.0,0
2026-01-02,FCXCL.SN,FCX,34377.0,0
2026-01-05,FCXCL.SN,FCX,34377.0,0
2026-01-06,FCXCL.SN,FCX,34377.0,0
2026-01-07,FCXCL.SN,FCX,34377.0,0
2026-01-08,FCXCL.SN,FCX,34377.0,0
2026-01-09,FCXCL.SN,FCX,34377.0,0
2026-01-12,FCXCL.SN,FCX,34377.0,0
2026-01-13,FCXCL.SN,FCX,34377.0,0
2026-01-14,FCXCL.SN,FCX,34377.0,0
2026-01-15,FCXCL.SN,FCX,34377.0,0
2026-01-16,FCXCL.SN,FCX,34377.0,0
2026-01-19,FCXCL.SN,FCX,34377.0,0
2026-01-20,FCXCL.SN,FCX,34377.0,0
2026-01-21,FCXCL.SN,FCX,34377.0,0
2026-01-22,FCXCL.SN,FCX,34377.0,0
2026-01-23,FCXCL.SN,FCX,34377.0,0
2026-01-26,FCXCL.SN,FCX,34377.0,0
2026-01-27,FCXCL.SN,FCX,34377.0,0
2026-01-28,FCXCL.SN,FCX,34377.0,0
2026-01-29,FCXCL.SN,FCX,34377.0,0
2026-01-30,FCXCL.SN,FCX,34377.0,0
2026-02-02,FCXCL.SN,FCX,34377.0,0
2026-02-03,FCXCL.SN,FCX,34377.0,0
2026-02-04,FCXCL.SN,FCX,34377.0,18
2026-02-05,FCXCL.SN,FCX,34377.0,0
2026-02-06,FCXCL.SN,FCX,34377.0,0
2026-02-09,FCXCL.SN,FCX,34377.0,0
2026-02-10,FCXCL.SN,FCX,34377.0,0
2026-02-11,FCXCL.SN,FCX,34377.0,20
2026-02-12,FCXCL.SN,FCX,34377.0,0
2026-02-13,FCXCL.SN,FCX,34377.0,0
2026-02-16,FCXCL.SN,FCX,34377.0,0
2026-02-17,FCXCL.SN,FCX,34377.0,0
2026-02-18,FCXCL.SN,FCX,34377.0,0
2026-02-19,FCXCL.SN,FCX,34377.0,0
2026-02-20,FCXCL.SN,FCX,34377.0,0
2026-02-23,FCXCL.SN,FCX,34377.0,0
2026-02-24,FCXCL.SN,FCX,34377.0,0
2026-02-25,FCXCL.SN,FCX,34377.0,0
2026-02-26,FCXCL.SN,FCX,34377.0,0
2026-02-27,FCXCL.SN,FCX,34377.0,0
2026-03-02,FCXCL.SN,FCX,34377.0,0
2026-03-03,FCXCL.SN,FCX,34377.0,0
2026-03-04,FCXCL.SN,FCX,34377.0,0
2026-03-05,FCXCL.SN,FCX,34377.0,0
2026-03-06,FCXCL.SN,FCX,34377.0,0
2026-03-09,FCXCL.SN,FCX,34377.0,0
2026-03-10,FCXCL.SN,FCX,34377.0,0
2026-03-11,FCXCL.SN,FCX,34377.0,0
2026-03-12,FCXCL.SN,FCX,34377.0,0
2026-03-13,FCXCL.SN,FCX,34377.0,0
2026-03-16,FCXCL.SN,FCX,34377.0,0
2026-03-17,FCXCL.SN,FCX,34377.0,0
2026-03-18,FCXCL.SN,FCX,34377.0,0
2026-03-19,FCXCL.SN,FCX,34377.0,0
2026-03-20,FCXCL.SN,FCX,34377.0,0
2026-03-23,FCXCL.SN,FCX,34377.0,0
2026-03-24,FCXCL.SN,FCX,34377.0,0
2026-03-25,FCXCL.SN,FCX,34377.0,0
2026-03-26,FCXCL.SN,FCX,34377.0,0
2026-03-27,FCXCL.SN,FCX,34377.0,0
2026-03-30,FCXCL.SN,FCX,34377.0,0
2026-03-31,FCXCL.SN,FCX,34377.0,0
2026-04-01,FCXCL.SN,FCX,34377.0,0
2026-04-02,FCXCL.SN,FCX,34377.0,0
2026-04-06,FCXCL.SN,FCX,34377.0,0
2026-04-07,FCXCL.SN,FCX,34377.0,0
2026-04-08,FCXCL.SN,FCX,34377.0,0
2026-04-09,FCXCL.SN,FCX,34377.0,0
2026-04-10,FCXCL.SN,FCX,34377.0,0
2026-04-13,FCXCL.SN,FCX,34377.0,10
2026-04-14,FCXCL.SN,FCX,34377.0,0
2026-04-15,FCXCL.SN,FCX,34377.0,0
2026-04-16,FCXCL.SN,FCX,34377.0,0
2026-04-17,FCXCL.SN,FCX,34377.0,0
2026-04-20,FCXCL.SN,FCX,34377.0,0
2026-04-21,FCXCL.SN,FCX,34377.0,0
2026-04-22,FCXCL.SN,FCX,34377.0,0
2026-04-23,FCXCL.SN,FCX,34377.0,0
2026-04-24,FCXCL.SN,FCX,34377.0,0
2026-04-27,FCXCL.SN,FCX,34377.0,0
2026-04-28,FCXCL.SN,FCX,34377.0,0
2026-04-29,FCXCL.SN,FCX,34377.0,0
2026-04-30,FCXCL.SN,FCX,34377.0,0
2026-05-04,FCXCL.SN,FCX,34377.0,0
2026-05-05,FCXCL.SN,FCX,34377.0,0
2026-05-06,FCXCL.SN,FCX,34377.0,0
2026-05-07,FCXCL.SN,FCX,34377.0,0
2026-05-08,FCXCL.SN,FCX,34377.0,15
2026-05-11,FCXCL.SN,FCX,34377.0,0
2026-05-12,FCXCL.SN,FCX,34377.0,0
2026-05-13,FCXCL.SN,FCX,34377.0,0
2026-05-14,FCXCL.SN,FCX,34377.0,0
2026-05-15,FCXCL.SN,FCX,34377.0,0
2026-05-18,FCXCL.SN,FCX,34377.0,0
2026-05-19,FCXCL.SN,FCX,34377.0,0
2026-05-20,FCXCL.SN,FCX,34377.0,0
2026-05-22,FCXCL.SN,FCX,34377.0,0
2026-05-25,FCXCL.SN,FCX,34377.0,0
2026-05-26,FCXCL.SN,FCX,34377.0,0
2026-05-27,FCXCL.SN,FCX,34377.0,0
2026-05-28,FCXCL.SN,FCX,34377.0,0
2026-05-29,FCXCL.SN,FCX,34377.0,0
2026-06-01,FCXCL.SN,FCX,34377.0,0
2026-06-02,FCXCL.SN,FCX,34377.0,0
2026-06-03,FCXCL.SN,FCX,34377.0,0
2026-06-04,FCXCL.SN,FCX,34377.0,0
2026-06-05,FCXCL.SN,FCX,34377.0,0
2026-06-08,FCXCL.SN,FCX,34377.0,0
2026-06-09,FCXCL.SN,FCX,34377.0,0
2026-06-10,FCXCL.SN,FCX,34377.0,0
2026-06-11,FCXCL.SN,FCX,34377.0,0
2026-06-12,FCXCL.SN,FCX,34377.0,0
2026-06-15,FCXCL.SN,FCX,34377.0,0
2026-06-16,FCXCL.SN,FCX,34377.0,0
2026-06-17,FCXCL.SN,FCX,34377.0,0
2026-06-18,FCXCL.SN,FCX,34377.0,0
2026-06-19,FCXCL.SN,FCX,34377.0,0
2026-06-22,FCXCL.SN,FCX,34377.0,0
2026-06-23,FCXCL.SN,FCX,34377.0,0
2026-06-24,FCXCL.SN,FCX,34377.0,0
2026-06-25,FCXCL.SN,FCX,34377.0,0
2026-06-26,FCXCL.SN,FCX,34377.0,0
2026-06-30,FCXCL.SN,FCX,34377.0,0
2026-07-01,FCXCL.SN,FCX,34377.0,0
2026-07-02,FCXCL.SN,FCX,34377.0,10
2026-07-03,FCXCL.SN,FCX,34377.0,0
2026-07-06,FCXCL.SN,FCX,34377.0,0
2026-07-07,FCXCL.SN,FCX,34377.0,0
2026-07-08,FCXCL.SN,FCX,34377.0,0
2026-07-09,FCXCL.SN,FCX,34377.0,0
2026-07-10,FCXCL.SN,FCX,34377.0,0
2026-07-13,FCXCL.SN,FCX,34377.0,0
2026-07-14,FCXCL.SN,FCX,34377.0,0
2026-07-15,FCXCL.SN,FCX,34377.0,0
2026-07-17,FCXCL.SN,FCX,34377.0,0
2026-07-20,FCXCL.SN,FCX,34377.0,0
2026-07-21,FCXCL.SN,FCX,54851.0,0
2026-07-22,FCXCL.SN,FCX,54851.0,0
2026-07-23,FCXCL.SN,FCX,54851.0,0
2026-07-24,FCXCL.SN,FCX,54851.0,0
2026-07-27,FCXCL.SN,FCX,54851.0,0
2026-07-28,FCXCL.SN,FCX,59170.0,0
2026-07-29,FCXCL.SN,FCX,59170.0,0
2026-07-30,FCXCL.SN,FCX,59170.0,0
2026-07-31,FCXCL.SN,FCX,59170.0,0
2026-08-03,FCXCL.SN,FCX,59170.0,0
2026-08-04,FCXCL.SN,FCX,58860.0,0
2026-08-05,FCXCL.SN,FCX,58860.0,0
2026-08-06,FCXCL.SN,FCX,58860.0,0
2026-08-07,FCXCL.SN,FCX,58860.0,0
2026-08-10,FCXCL.SN,FCX,58860.0,0
2026-08-11,FCXCL.SN,FCX,64608.0,0
2026-08-12,FCXCL.SN,FCX,64608.0,0
2026-08-13,FCXCL.SN,FCX,64608.0,0
2026-08-14,FCXCL.SN,FCX,64608.0,0
2026-08-17,FCXCL.SN,FCX,64608.0,0
2026-08-18,FCXCL.SN,FCX,62512.0,0
2026-08-19,FCXCL.SN,FCX,62512.0,0
2026-08-20,FCXCL.SN,FCX,62512.0,0
2026-08-21,FCXCL.SN,FCX,62512.0,0
2026-08-24,FCXCL.SN,FCX,62512.0,0
2026-08-25,FCXCL.SN,FCX,71159.0,0
2026-08-26,FCXCL.SN,FCX,71159.0,0
2026-08-27,FCXCL.SN,FCX,71159.0,0
2026-08-28,FCXCL.SN,FCX,71159.0,0
2026-08-31,FCXCL.SN,FCX,71159.0,0
2026-09-01,FCXCL.SN,FCX,71159.0,0
2026-09-02,FCXCL.SN,FCX,71159.0,0
2026-09-03,FCXCL.SN,FCX,71159.0,0
2026-09-04,FCXCL.SN,FCX,71159.0,0
2026-09-07,FCXCL.SN,FCX,71159.0,0
2026-09-08,FCXCL.SN,FCX,71159.0,0
2026-09-09,FCXCL.SN,FCX,71059.0,0
2026-09-10,FCXCL.SN,FCX,71059.0,0
2026-09-11,FCXCL.SN,FCX,71059.0,0
2026-09-14,FCXCL.SN,FCX,71059.0,0
2026-09-15,FCXCL.SN,FCX,66395.0,0
2026-09-16,FCXCL.SN,FCX,66395.0,0
2026-09-17,FCXCL.SN,FCX,66395.0,0
2026-09-21,FCXCL.SN,FCX,66395.0,0
2024-09-23,GOOGCL.SN,GOOG,165810.0,6
2024-09-24,GOOGCL.SN,GOOG,165810.0,46
2024-09-25,GOOGCL.SN,GOOG,165810.0,0
2024-09-26,GOOGCL.SN,GOOG,165810.0,0
2024-09-27,GOOGCL.SN,GOOG,165810.0,0
2024-09-30,GOOGCL.SN,GOOG,165810.0,9
2024-10-01,GOOGCL.SN,GOOG,165810.0,9
2024-10-02,GOOGCL.SN,GOOG,165810.0,0
2024-10-03,GOOGCL.SN,GOOG,165810.0,0
2024-10-04,GOOGCL.SN,GOOG,165810.0,0
2024-10-07,GOOGCL.SN,GOOG,165810.0,0
2024-10-08,GOOGCL.SN,GOOG,165810.0,0
2024-10-09,GOOGCL.SN,GOOG,165810.0,38
2024-10-10,GOOGCL.SN,GOOG,165810.0,10
2024-10-11,GOOGCL.SN,GOOG,165810.0,0
2024-10-14,GOOGCL.SN,GOOG,165810.0,0
2024-10-15,GOOGCL.SN,GOOG,165810.0,36
2024-10-16,GOOGCL.SN,GOOG,156419.0,71
2024-10-17,GOOGCL.SN,GOOG,156419.0,0
2024-10-18,GOOGCL.SN,GOOG,156419.0,0
2024-10-21,GOOGCL.SN,GOOG,156419.0,7
2024-10-22,GOOGCL.SN,GOOG,156419.0,15
2024-10-23,GOOGCL.SN,GOOG,156419.0,0
2024-10-24,GOOGCL.SN,GOOG,156419.0,0
2024-10-25,GOOGCL.SN,GOOG,156419.0,0
2024-10-28,GOOGCL.SN,GOOG,156419.0,0
2024-10-29,GOOGCL.SN,GOOG,156419.0,13
2024-10-30,GOOGCL.SN,GOOG,156419.0,0
2024-11-04,GOOGCL.SN,GOOG,156419.0,0
2024-11-05,GOOGCL.SN,GOOG,156419.0,15
2024-11-06,GOOGCL.SN,GOOG,156419.0,0
2024-11-07,GOOGCL.SN,GOOG,156419.0,5
2024-11-08,GOOGCL.SN,GOOG,174040.0,680
2024-11-11,GOOGCL.SN,GOOG,174040.0,0
2024-11-12,GOOGCL.SN,GOOG,174040.0,26
2024-11-13,GOOGCL.SN,GOOG,174040.0,0
2024-11-14,GOOGCL.SN,GOOG,174040.0,0
2024-11-15,GOOGCL.SN,GOOG,174040.0,2
2024-11-18,GOOGCL.SN,GOOG,174040.0,0
2024-11-19,GOOGCL.SN,GOOG,174040.0,0
2024-11-20,GOOGCL.SN,GOOG,174040.0,0
2024-11-21,GOOGCL.SN,GOOG,174040.0,0
2024-11-22,GOOGCL.SN,GOOG,174040.0,0
2024-11-25,GOOGCL.SN,GOOG,174040.0,1
2024-11-26,GOOGCL.SN,GOOG,174040.0,0
2024-11-27,GOOGCL.SN,GOOG,174040.0,0
2024-11-28,GOOGCL.SN,GOOG,174040.0,0
2024-11-29,GOOGCL.SN,GOOG,174040.0,0
2024-12-02,GOOGCL.SN,GOOG,174040.0,0
2024-12-03,GOOGCL.SN,GOOG,174040.0,0
2024-12-04,GOOGCL.SN,GOOG,174040.0,0
2024-12-05,GOOGCL.SN,GOOG,174040.0,0
2024-12-06,GOOGCL.SN,GOOG,174040.0,10
2024-12-09,GOOGCL.SN,GOOG,174040.0,2
2024-12-10,GOOGCL.SN,GOOG,174040.0,1
2024-12-11,GOOGCL.SN,GOOG,174040.0,12
2024-12-12,GOOGCL.SN,GOOG,174040.0,0
2024-12-13,GOOGCL.SN,GOOG,174040.0,23
2024-12-16,GOOGCL.SN,GOOG,174040.0,20
2024-12-17,GOOGCL.SN,GOOG,174040.0,1
2024-12-18,GOOGCL.SN,GOOG,174040.0,0
2024-12-19,GOOGCL.SN,GOOG,174040.0,8
2024-12-20,GOOGCL.SN,GOOG,174040.0,0
2024-12-23,GOOGCL.SN,GOOG,174040.0,0
2024-12-24,GOOGCL.SN,GOOG,174040.0,1
2024-12-26,GOOGCL.SN,GOOG,174040.0,0
2024-12-27,GOOGCL.SN,GOOG,192853.0,43
2024-12-30,GOOGCL.SN,GOOG,192853.0,6
2025-01-02,GOOGCL.SN,GOOG,192853.0,0
2025-01-03,GOOGCL.SN,GOOG,192853.0,0
2025-01-06,GOOGCL.SN,GOOG,197000.0,100
2025-01-07,GOOGCL.SN,GOOG,197000.0,0
2025-01-08,GOOGCL.SN,GOOG,197578.0,40
2025-01-09,GOOGCL.SN,GOOG,197578.0,0
2025-01-10,GOOGCL.SN,GOOG,197578.0,3
2025-01-13,GOOGCL.SN,GOOG,197578.0,0
2025-01-14,GOOGCL.SN,GOOG,192920.0,73
2025-01-15,GOOGCL.SN,GOOG,192920.0,0
2025-01-16,GOOGCL.SN,GOOG,192920.0,0
2025-01-17,GOOGCL.SN,GOOG,192920.0,0
2025-01-20,GOOGCL.SN,GOOG,192920.0,0
2025-01-21,GOOGCL.SN,GOOG,192920.0,12
2025-01-22,GOOGCL.SN,GOOG,192920.0,0
2025-01-23,GOOGCL.SN,GOOG,192920.0,5
2025-01-24,GOOGCL.SN,GOOG,192920.0,0
2025-01-27,GOOGCL.SN,GOOG,192920.0,8
2025-01-28,GOOGCL.SN,GOOG,192920.0,0
2025-01-29,GOOGCL.SN,GOOG,192920.0,0
2025-01-30,GOOGCL.SN,GOOG,192920.0,0
2025-01-31,GOOGCL.SN,GOOG,192920.0,0
2025-02-03,GOOGCL.SN,GOOG,192920.0,17
2025-02-04,GOOGCL.SN,GOOG,192920.0,0
2025-02-05,GOOGCL.SN,GOOG,192920.0,29
2025-02-06,GOOGCL.SN,GOOG,192920.0,0
2025-02-07,GOOGCL.SN,GOOG,192920.0,4
2025-02-10,GOOGCL.SN,GOOG,192920.0,5
2025-02-11,GOOGCL.SN,GOOG,192920.0,41
2025-02-12,GOOGCL.SN,GOOG,179139.0,63
2025-02-13,GOOGCL.SN,GOOG,179139.0,2
2025-02-14,GOOGCL.SN,GOOG,179139.0,0
2025-02-17,GOOGCL.SN,GOOG,179139.0,0
2025-02-18,GOOGCL.SN,GOOG,177375.0,57
2025-02-19,GOOGCL.SN,GOOG,177375.0,0
2025-02-20,GOOGCL.SN,GOOG,177375.0,3
2025-02-21,GOOGCL.SN,GOOG,177375.0,40
2025-02-24,GOOGCL.SN,GOOG,172770.0,411
2025-02-25,GOOGCL.SN,GOOG,172770.0,24
2025-02-26,GOOGCL.SN,GOOG,172770.0,3
2025-02-27,GOOGCL.SN,GOOG,172770.0,0
2025-02-28,GOOGCL.SN,GOOG,172770.0,25
2025-03-03,GOOGCL.SN,GOOG,172770.0,0
2025-03-04,GOOGCL.SN,GOOG,172770.0,0
2025-03-05,GOOGCL.SN,GOOG,172770.0,0
2025-03-06,GOOGCL.SN,GOOG,172770.0,18
2025-03-07,GOOGCL.SN,GOOG,172770.0,0
2025-03-10,GOOGCL.SN,GOOG,172770.0,14
2025-03-11,GOOGCL.SN,GOOG,172770.0,26
2025-03-12,GOOGCL.SN,GOOG,172770.0,20
2025-03-13,GOOGCL.SN,GOOG,172770.0,0
2025-03-14,GOOGCL.SN,GOOG,172770.0,0
2025-03-17,GOOGCL.SN,GOOG,172770.0,4
2025-03-18,GOOGCL.SN,GOOG,172770.0,0
2025-03-19,GOOGCL.SN,GOOG,172770.0,0
2025-03-20,GOOGCL.SN,GOOG,172770.0,13
2025-03-21,GOOGCL.SN,GOOG,172770.0,0
2025-03-24,GOOGCL.SN,GOOG,172770.0,32
2025-03-25,GOOGCL.SN,GOOG,172770.0,0
2025-03-26,GOOGCL.SN,GOOG,172770.0,0
2025-03-27,GOOGCL.SN,GOOG,172770.0,2
2025-03-28,GOOGCL.SN,GOOG,172770.0,23
2025-03-31,GOOGCL.SN,GOOG,172770.0,6
2025-04-01,GOOGCL.SN,GOOG,172770.0,2
2025-04-02,GOOGCL.SN,GOOG,172770.0,0
2025-04-03,GOOGCL.SN,GOOG,172770.0,28
2025-04-04,GOOGCL.SN,GOOG,172770.0,11
2025-04-07,GOOGCL.SN,GOOG,172770.0,45
2025-04-08,GOOGCL.SN,GOOG,152127.0,67
2025-04-09,GOOGCL.SN,GOOG,152127.0,25
2025-04-10,GOOGCL.SN,GOOG,152127.0,35
2025-04-11,GOOGCL.SN,GOOG,152127.0,0
2025-04-14,GOOGCL.SN,GOOG,152127.0,0
2025-04-15,GOOGCL.SN,GOOG,152127.0,0
2025-04-16,GOOGCL.SN,GOOG,152127.0,43
2025-04-17,GOOGCL.SN,GOOG,152127.0,23
2025-04-21,GOOGCL.SN,GOOG,152127.0,31
2025-04-22,GOOGCL.SN,GOOG,152127.0,26
2025-04-23,GOOGCL.SN,GOOG,149854.0,90
2025-04-24,GOOGCL.SN,GOOG,151233.0,124
2025-04-25,GOOGCL.SN,GOOG,151233.0,37
2025-04-28,GOOGCL.SN,GOOG,152743.0,142
2025-04-29,GOOGCL.SN,GOOG,152743.0,0
2025-04-30,GOOGCL.SN,GOOG,152743.0,29
2025-05-02,GOOGCL.SN,GOOG,152743.0,15
2025-05-05,GOOGCL.SN,GOOG,152743.0,20
2025-05-06,GOOGCL.SN,GOOG,152743.0,26
2025-05-07,GOOGCL.SN,GOOG,143176.0,117
2025-05-08,GOOGCL.SN,GOOG,146958.0,74
2025-05-09,GOOGCL.SN,GOOG,144820.0,75
2025-05-12,GOOGCL.SN,GOOG,149922.0,69
2025-05-13,GOOGCL.SN,GOOG,152239.0,59
2025-05-14,GOOGCL.SN,GOOG,152239.0,20
2025-05-15,GOOGCL.SN,GOOG,152239.0,40
2025-05-16,GOOGCL.SN,GOOG,152239.0,42
2025-05-19,GOOGCL.SN,GOOG,152239.0,1
2025-05-20,GOOGCL.SN,GOOG,157469.0,59
2025-05-22,GOOGCL.SN,GOOG,164620.0,109
2025-05-23,GOOGCL.SN,GOOG,160770.0,73
2025-05-26,GOOGCL.SN,GOOG,160770.0,0
2025-05-27,GOOGCL.SN,GOOG,160770.0,21
2025-05-28,GOOGCL.SN,GOOG,160770.0,18
2025-05-29,GOOGCL.SN,GOOG,160770.0,45
2025-05-30,GOOGCL.SN,GOOG,160770.0,17
2025-06-02,GOOGCL.SN,GOOG,160770.0,34
2025-06-03,GOOGCL.SN,GOOG,160770.0,37
2025-06-04,GOOGCL.SN,GOOG,160770.0,10
2025-06-05,GOOGCL.SN,GOOG,160340.0,100
2025-06-06,GOOGCL.SN,GOOG,160340.0,0
2025-06-09,GOOGCL.SN,GOOG,160340.0,45
2025-06-10,GOOGCL.SN,GOOG,169985.0,150
2025-06-11,GOOGCL.SN,GOOG,167494.0,148
2025-06-12,GOOGCL.SN,GOOG,165670.0,85
2025-06-13,GOOGCL.SN,GOOG,165670.0,15
2025-06-16,GOOGCL.SN,GOOG,165670.0,15
2025-06-17,GOOGCL.SN,GOOG,165670.0,0
2025-06-18,GOOGCL.SN,GOOG,165670.0,0
2025-06-19,GOOGCL.SN,GOOG,165670.0,0
2025-06-23,GOOGCL.SN,GOOG,165670.0,5
2025-06-24,GOOGCL.SN,GOOG,165670.0,19
2025-06-25,GOOGCL.SN,GOOG,165670.0,1
2025-06-26,GOOGCL.SN,GOOG,165670.0,5
2025-06-27,GOOGCL.SN,GOOG,164000.0,60
2025-06-30,GOOGCL.SN,GOOG,164000.0,32
2025-07-01,GOOGCL.SN,GOOG,164000.0,1
2025-07-02,GOOGCL.SN,GOOG,164000.0,6
2025-07-03,GOOGCL.SN,GOOG,164000.0,16
2025-07-04,GOOGCL.SN,GOOG,164000.0,0
2025-07-07,GOOGCL.SN,GOOG,168199.0,54
2025-07-08,GOOGCL.SN,GOOG,168199.0,35
2025-07-09,GOOGCL.SN,GOOG,169068.0,48
2025-07-10,GOOGCL.SN,GOOG,170310.0,96
2025-07-11,GOOGCL.SN,GOOG,170310.0,5
2025-07-14,GOOGCL.SN,GOOG,170310.0,9
2025-07-15,GOOGCL.SN,GOOG,177596.0,137
2025-07-17,GOOGCL.SN,GOOG,177747.0,76
2025-07-18,GOOGCL.SN,GOOG,179749.0,142
2025-07-21,GOOGCL.SN,GOOG,182179.0,68
2025-07-22,GOOGCL.SN,GOOG,182179.0,27
2025-07-23,GOOGCL.SN,GOOG,182800.0,57
2025-07-24,GOOGCL.SN,GOOG,182800.0,7
2025-07-25,GOOGCL.SN,GOOG,182800.0,40
2025-07-28,GOOGCL.SN,GOOG,187917.0,140
2025-07-29,GOOGCL.SN,GOOG,187917.0,5
2025-07-30,GOOGCL.SN,GOOG,190609.0,116
2025-07-31,GOOGCL.SN,GOOG,190775.0,75
2025-08-01,GOOGCL.SN,GOOG,185575.0,72
2025-08-04,GOOGCL.SN,GOOG,185575.0,8
2025-08-05,GOOGCL.SN,GOOG,185575.0,33
2025-08-06,GOOGCL.SN,GOOG,193035.0,84
2025-08-07,GOOGCL.SN,GOOG,193035.0,2
2025-08-08,GOOGCL.SN,GOOG,193035.0,36
2025-08-11,GOOGCL.SN,GOOG,193035.0,24
2025-08-12,GOOGCL.SN,GOOG,193035.0,26
2025-08-13,GOOGCL.SN,GOOG,193035.0,1
2025-08-14,GOOGCL.SN,GOOG,193035.0,14
2025-08-18,GOOGCL.SN,GOOG,193035.0,11
2025-08-19,GOOGCL.SN,GOOG,193035.0,21
2025-08-20,GOOGCL.SN,GOOG,193035.0,0
2025-08-21,GOOGCL.SN,GOOG,193035.0,25
2025-08-22,GOOGCL.SN,GOOG,193035.0,28
2025-08-25,GOOGCL.SN,GOOG,193035.0,0
2025-08-26,GOOGCL.SN,GOOG,193035.0,30
2025-08-27,GOOGCL.SN,GOOG,193035.0,0
2025-08-28,GOOGCL.SN,GOOG,205436.0,108
2025-08-29,GOOGCL.SN,GOOG,205436.0,0
2025-09-01,GOOGCL.SN,GOOG,205436.0,0
2025-09-02,GOOGCL.SN,GOOG,204806.0,47
2025-09-03,GOOGCL.SN,GOOG,222748.0,522
2025-09-04,GOOGCL.SN,GOOG,222748.0,24
2025-09-05,GOOGCL.SN,GOOG,225060.0,84
2025-09-08,GOOGCL.SN,GOOG,225060.0,11
2025-09-09,GOOGCL.SN,GOOG,225060.0,20
2025-09-10,GOOGCL.SN,GOOG,230935.0,89
2025-09-11,GOOGCL.SN,GOOG,229014.0,60
2025-09-12,GOOGCL.SN,GOOG,229014.0,1
2025-09-15,GOOGCL.SN,GOOG,229014.0,11
2025-09-16,GOOGCL.SN,GOOG,238881.0,34
2025-09-17,GOOGCL.SN,GOOG,238881.0,4
2025-09-22,GOOGCL.SN,GOOG,238881.0,17
2025-09-23,GOOGCL.SN,GOOG,238881.0,11
2025-09-24,GOOGCL.SN,GOOG,239423.0,74
2025-09-25,GOOGCL.SN,GOOG,239423.0,1
2025-09-26,GOOGCL.SN,GOOG,239423.0,0
2025-09-29,GOOGCL.SN,GOOG,239423.0,2
2025-09-30,GOOGCL.SN,GOOG,239423.0,12
2025-10-01,GOOGCL.SN,GOOG,239423.0,5
2025-10-02,GOOGCL.SN,GOOG,235505.0,109
2025-10-03,GOOGCL.SN,GOOG,235505.0,22
2025-10-06,GOOGCL.SN,GOOG,237251.0,43
2025-10-07,GOOGCL.SN,GOOG,237251.0,1
2025-10-08,GOOGCL.SN,GOOG,237251.0,1
2025-10-09,GOOGCL.SN,GOOG,237251.0,0
2025-10-10,GOOGCL.SN,GOOG,237251.0,0
2025-10-13,GOOGCL.SN,GOOG,237251.0,14
2025-10-14,GOOGCL.SN,GOOG,237251.0,16
2025-10-15,GOOGCL.SN,GOOG,240163.0,119
2025-10-16,GOOGCL.SN,GOOG,240163.0,4
2025-10-17,GOOGCL.SN,GOOG,240163.0,6
2025-10-20,GOOGCL.SN,GOOG,240163.0,1
2025-10-21,GOOGCL.SN,GOOG,240163.0,10
2025-10-22,GOOGCL.SN,GOOG,240163.0,0
2025-10-23,GOOGCL.SN,GOOG,240163.0,0
2025-10-24,GOOGCL.SN,GOOG,240163.0,25
2025-10-27,GOOGCL.SN,GOOG,240163.0,10
2025-10-28,GOOGCL.SN,GOOG,240163.0,14
2025-10-29,GOOGCL.SN,GOOG,240163.0,6
2025-10-30,GOOGCL.SN,GOOG,240163.0,0
2025-11-03,GOOGCL.SN,GOOG,240163.0,29
2025-11-04,GOOGCL.SN,GOOG,240163.0,6
2025-11-05,GOOGCL.SN,GOOG,265713.0,39
2025-11-06,GOOGCL.SN,GOOG,265713.0,4
2025-11-07,GOOGCL.SN,GOOG,265713.0,7
2025-11-10,GOOGCL.SN,GOOG,265713.0,17
2025-11-11,GOOGCL.SN,GOOG,265713.0,0
2025-11-12,GOOGCL.SN,GOOG,264880.0,85
2025-11-13,GOOGCL.SN,GOOG,264880.0,3
2025-11-14,GOOGCL.SN,GOOG,264880.0,0
2025-11-17,GOOGCL.SN,GOOG,264880.0,10
2025-11-18,GOOGCL.SN,GOOG,264880.0,1
2025-11-19,GOOGCL.SN,GOOG,264880.0,0
2025-11-20,GOOGCL.SN,GOOG,264880.0,18
2025-11-21,GOOGCL.SN,GOOG,264880.0,8
2025-11-24,GOOGCL.SN,GOOG,264880.0,0
2025-11-25,GOOGCL.SN,GOOG,304468.0,61
2025-11-26,GOOGCL.SN,GOOG,304468.0,8
2025-11-27,GOOGCL.SN,GOOG,304468.0,0
2025-11-28,GOOGCL.SN,GOOG,304468.0,7
2025-12-01,GOOGCL.SN,GOOG,304468.0,2
2025-12-02,GOOGCL.SN,GOOG,304468.0,1
2025-12-03,GOOGCL.SN,GOOG,304468.0,3
2025-12-04,GOOGCL.SN,GOOG,304468.0,6
2025-12-05,GOOGCL.SN,GOOG,296900.0,30
2025-12-09,GOOGCL.SN,GOOG,296900.0,0
2025-12-10,GOOGCL.SN,GOOG,296900.0,0
2025-12-11,GOOGCL.SN,GOOG,296900.0,0
2025-12-12,GOOGCL.SN,GOOG,285000.0,58
2025-12-15,GOOGCL.SN,GOOG,285000.0,0
2025-12-16,GOOGCL.SN,GOOG,285000.0,27
2025-12-17,GOOGCL.SN,GOOG,285000.0,0
2025-12-18,GOOGCL.SN,GOOG,285000.0,1
2025-12-19,GOOGCL.SN,GOOG,285000.0,0
2025-12-22,GOOGCL.SN,GOOG,285000.0,18
2025-12-23,GOOGCL.SN,GOOG,284000.0,105
2025-12-24,GOOGCL.SN,GOOG,284000.0,0
2025-12-26,GOOGCL.SN,GOOG,284000.0,0
2025-12-29,GOOGCL.SN,GOOG,284000.0,2
2025-12-30,GOOGCL.SN,GOOG,284000.0,2
2026-01-02,GOOGCL.SN,GOOG,284000.0,0
2026-01-05,GOOGCL.SN,GOOG,284000.0,0
2026-01-06,GOOGCL.SN,GOOG,284000.0,0
2026-01-07,GOOGCL.SN,GOOG,289042.0,32
2026-01-08,GOOGCL.SN,GOOG,289042.0,0
2026-01-09,GOOGCL.SN,GOOG,289042.0,5
2026-01-12,GOOGCL.SN,GOOG,289042.0,0
2026-01-13,GOOGCL.SN,GOOG,289042.0,0
2026-01-14,GOOGCL.SN,GOOG,289042.0,6
2026-01-15,GOOGCL.SN,GOOG,289042.0,1
2026-01-16,GOOGCL.SN,GOOG,289042.0,0
2026-01-19,GOOGCL.SN,GOOG,289042.0,0
2026-01-20,GOOGCL.SN,GOOG,289042.0,4
2026-01-21,GOOGCL.SN,GOOG,286326.0,42
2026-01-22,GOOGCL.SN,GOOG,286326.0,0
2026-01-23,GOOGCL.SN,GOOG,286326.0,8
2026-01-26,GOOGCL.SN,GOOG,286326.0,10
2026-01-27,GOOGCL.SN,GOOG,286326.0,0
2026-01-28,GOOGCL.SN,GOOG,286326.0,25
2026-01-29,GOOGCL.SN,GOOG,286326.0,8
2026-01-30,GOOGCL.SN,GOOG,286326.0,0
2026-02-02,GOOGCL.SN,GOOG,286326.0,1
2026-02-03,GOOGCL.SN,GOOG,286326.0,14
2026-02-04,GOOGCL.SN,GOOG,285594.0,58
2026-02-05,GOOGCL.SN,GOOG,285594.0,0
2026-02-06,GOOGCL.SN,GOOG,277610.0,37
2026-02-09,GOOGCL.SN,GOOG,277610.0,0
2026-02-10,GOOGCL.SN,GOOG,273378.0,40
2026-02-11,GOOGCL.SN,GOOG,273378.0,0
2026-02-12,GOOGCL.SN,GOOG,273378.0,0
2026-02-13,GOOGCL.SN,GOOG,273378.0,0
2026-02-16,GOOGCL.SN,GOOG,273378.0,0
2026-02-17,GOOGCL.SN,GOOG,273378.0,9
2026-02-18,GOOGCL.SN,GOOG,263160.0,48
2026-02-19,GOOGCL.SN,GOOG,263160.0,0
2026-02-20,GOOGCL.SN,GOOG,263160.0,0
2026-02-23,GOOGCL.SN,GOOG,263160.0,1
2026-02-24,GOOGCL.SN,GOOG,263160.0,0
2026-02-25,GOOGCL.SN,GOOG,263160.0,0
2026-02-26,GOOGCL.SN,GOOG,263160.0,0
2026-02-27,GOOGCL.SN,GOOG,263160.0,0
2026-03-02,GOOGCL.SN,GOOG,263160.0,10
2026-03-03,GOOGCL.SN,GOOG,263160.0,0
2026-03-04,GOOGCL.SN,GOOG,263160.0,0
2026-03-05,GOOGCL.SN,GOOG,263160.0,2
2026-03-06,GOOGCL.SN,GOOG,263160.0,0
2026-03-09,GOOGCL.SN,GOOG,263160.0,2
2026-03-10,GOOGCL.SN,GOOG,263160.0,10
2026-03-11,GOOGCL.SN,GOOG,263160.0,0
2026-03-12,GOOGCL.SN,GOOG,263160.0,0
2026-03-13,GOOGCL.SN,GOOG,263160.0,3
2026-03-16,GOOGCL.SN,GOOG,263160.0,0
2026-03-17,GOOGCL.SN,GOOG,263160.0,7
2026-03-18,GOOGCL.SN,GOOG,263160.0,0
2026-03-19,GOOGCL.SN,GOOG,263160.0,0
2026-03-20,GOOGCL.SN,GOOG,263160.0,0
2026-03-23,GOOGCL.SN,GOOG,263160.0,0
2026-03-24,GOOGCL.SN,GOOG,263160.0,0
2026-03-25,GOOGCL.SN,GOOG,263160.0,0
2026-03-26,GOOGCL.SN,GOOG,263160.0,0
2026-03-27,GOOGCL.SN,GOOG,263160.0,8
2026-03-30,GOOGCL.SN,GOOG,263160.0,0
2026-03-31,GOOGCL.SN,GOOG,263160.0,1
2026-04-01,GOOGCL.SN,GOOG,263160.0,1
2026-04-02,GOOGCL.SN,GOOG,263160.0,0
2026-04-06,GOOGCL.SN,GOOG,270155.0,51
2026-04-07,GOOGCL.SN,GOOG,270155.0,0
2026-04-08,GOOGCL.SN,GOOG,270155.0,1
2026-04-09,GOOGCL.SN,GOOG,270155.0,0
2026-04-10,GOOGCL.SN,GOOG,282400.0,140
2026-04-13,GOOGCL.SN,GOOG,282400.0,0
2026-04-14,GOOGCL.SN,GOOG,282400.0,0
2026-04-15,GOOGCL.SN,GOOG,282400.0,1
2026-04-16,GOOGCL.SN,GOOG,282400.0,8
2026-04-17,GOOGCL.SN,GOOG,282400.0,0
2026-04-20,GOOGCL.SN,GOOG,282400.0,0
2026-04-21,GOOGCL.SN,GOOG,282400.0,2
2026-04-22,GOOGCL.SN,GOOG,282400.0,0
2026-04-23,GOOGCL.SN,GOOG,282400.0,3
2026-04-24,GOOGCL.SN,GOOG,282400.0,0
2026-04-27,GOOGCL.SN,GOOG,310456.0,26
2026-04-28,GOOGCL.SN,GOOG,310456.0,0
2026-04-29,GOOGCL.SN,GOOG,310456.0,1
2026-04-30,GOOGCL.SN,GOOG,310456.0,0
2026-05-04,GOOGCL.SN,GOOG,310456.0,0
2026-05-05,GOOGCL.SN,GOOG,310456.0,0
2026-05-06,GOOGCL.SN,GOOG,310456.0,3
2026-05-07,GOOGCL.SN,GOOG,310456.0,0
2026-05-08,GOOGCL.SN,GOOG,310456.0,3
2026-05-11,GOOGCL.SN,GOOG,310456.0,0
2026-05-12,GOOGCL.SN,GOOG,310456.0,1
2026-05-13,GOOGCL.SN,GOOG,310456.0,0
2026-05-14,GOOGCL.SN,GOOG,310456.0,0
2026-05-15,GOOGCL.SN,GOOG,310456.0,0
2026-05-18,GOOGCL.SN,GOOG,310456.0,5
2026-05-19,GOOGCL.SN,GOOG,310456.0,5
2026-05-20,GOOGCL.SN,GOOG,310456.0,3
2026-05-22,GOOGCL.SN,GOOG,310456.0,0
2026-05-25,GOOGCL.SN,GOOG,310456.0,0
2026-05-26,GOOGCL.SN,GOOG,310456.0,0
2026-05-27,GOOGCL.SN,GOOG,310456.0,3
2026-05-28,GOOGCL.SN,GOOG,310456.0,2
2026-05-29,GOOGCL.SN,GOOG,310456.0,0
2026-06-01,GOOGCL.SN,GOOG,332010.0,38
2026-06-02,GOOGCL.SN,GOOG,324791.0,57
2026-06-03,GOOGCL.SN,GOOG,324791.0,1
2026-06-04,GOOGCL.SN,GOOG,329000.0,59
2026-06-05,GOOGCL.SN,GOOG,329000.0,0
2026-06-08,GOOGCL.SN,GOOG,329000.0,4
2026-06-09,GOOGCL.SN,GOOG,329000.0,0
2026-06-10,GOOGCL.SN,GOOG,329000.0,3
2026-06-11,GOOGCL.SN,GOOG,329000.0,0
2026-06-12,GOOGCL.SN,GOOG,329000.0,4
2026-06-15,GOOGCL.SN,GOOG,326906.0,321
2026-06-16,GOOGCL.SN,GOOG,326906.0,20
2026-06-17,GOOGCL.SN,GOOG,326906.0,0
2026-06-18,GOOGCL.SN,GOOG,326906.0,0
2026-06-19,GOOGCL.SN,GOOG,326906.0,0
2026-06-22,GOOGCL.SN,GOOG,326906.0,0
2026-06-23,GOOGCL.SN,GOOG,326906.0,0
2026-06-24,GOOGCL.SN,GOOG,326906.0,0
2026-06-25,GOOGCL.SN,GOOG,326906.0,0
2026-06-26,GOOGCL.SN,GOOG,326906.0,6
2026-06-30,GOOGCL.SN,GOOG,326906.0,9
2026-07-01,GOOGCL.SN,GOOG,326906.0,4
2026-07-02,GOOGCL.SN,GOOG,326906.0,0
2026-07-03,GOOGCL.SN,GOOG,326906.0,0
2026-07-06,GOOGCL.SN,GOOG,326906.0,1
2026-07-07,GOOGCL.SN,GOOG,326906.0,0
2026-07-08,GOOGCL.SN,GOOG,326906.0,0
2026-07-09,GOOGCL.SN,GOOG,326906.0,0
2026-07-10,GOOGCL.SN,GOOG,326906.0,0
2026-07-13,GOOGCL.SN,GOOG,326906.0,0
2026-07-14,GOOGCL.SN,GOOG,326906.0,0
2026-07-15,GOOGCL.SN,GOOG,326906.0,0
2026-07-17,GOOGCL.SN,GOOG,326906.0,0
2026-07-20,GOOGCL.SN,GOOG,326906.0,0
2026-07-21,GOOGCL.SN,GOOG,328410.0,0
2026-07-22,GOOGCL.SN,GOOG,328410.0,0
2026-07-23,GOOGCL.SN,GOOG,301000.0,10
2026-07-24,GOOGCL.SN,GOOG,301000.0,0
2026-07-27,GOOGCL.SN,GOOG,301000.0,0
2026-07-28,GOOGCL.SN,GOOG,308090.0,0
2026-07-29,GOOGCL.SN,GOOG,308090.0,0
2026-07-30,GOOGCL.SN,GOOG,308090.0,11
2026-07-31,GOOGCL.SN,GOOG,308090.0,0
2026-08-03,GOOGCL.SN,GOOG,308090.0,1
2026-08-04,GOOGCL.SN,GOOG,344490.0,0
2026-08-05,GOOGCL.SN,GOOG,344490.0,0
2026-08-06,GOOGCL.SN,GOOG,344490.0,0
2026-08-07,GOOGCL.SN,GOOG,344490.0,0
2026-08-10,GOOGCL.SN,GOOG,344490.0,0
2026-08-11,GOOGCL.SN,GOOG,326060.0,1
2026-08-12,GOOGCL.SN,GOOG,326060.0,0
2026-08-13,GOOGCL.SN,GOOG,326060.0,0
2026-08-14,GOOGCL.SN,GOOG,326060.0,0
2026-08-17,GOOGCL.SN,GOOG,326060.0,0
2026-08-18,GOOGCL.SN,GOOG,312150.0,0
2026-08-19,GOOGCL.SN,GOOG,312150.0,0
2026-08-20,GOOGCL.SN,GOOG,312150.0,0
2026-08-21,GOOGCL.SN,GOOG,312150.0,0
2026-08-24,GOOGCL.SN,GOOG,312150.0,0
2026-08-25,GOOGCL.SN,GOOG,315180.0,0
2026-08-26,GOOGCL.SN,GOOG,315180.0,0
2026-08-27,GOOGCL.SN,GOOG,315180.0,0
2026-08-28,GOOGCL.SN,GOOG,315180.0,0
2026-08-31,GOOGCL.SN,GOOG,315180.0,0
2026-09-01,GOOGCL.SN,GOOG,315180.0,0
2026-09-02,GOOGCL.SN,GOOG,315180.0,0
2026-09-03,GOOGCL.SN,GOOG,315180.0,0
2026-09-04,GOOGCL.SN,GOOG,315180.0,0
2026-09-07,GOOGCL.SN,GOOG,315180.0,0
2026-09-08,GOOGCL.SN,GOOG,309490.0,10
2026-09-09,GOOGCL.SN,GOOG,310660.0,2
2026-09-10,GOOGCL.SN,GOOG,310660.0,0
2026-09-11,GOOGCL.SN,GOOG,310660.0,0
2026-09-14,GOOGCL.SN,GOOG,310660.0,0
2026-09-15,GOOGCL.SN,GOOG,331030.0,0
2026-09-16,GOOGCL.SN,GOOG,331030.0,0
2026-09-17,GOOGCL.SN,GOOG,331030.0,0
2026-09-21,GOOGCL.SN,GOOG,331030.0,0
2024-09-23,GOOGLCL.SN,GOOGL,149000.0,10
2024-09-24,GOOGLCL.SN,GOOGL,149000.0,5
2024-09-25,GOOGLCL.SN,GOOGL,149000.0,15
2024-09-26,GOOGLCL.SN,GOOGL,149000.0,47
2024-09-27,GOOGLCL.SN,GOOGL,148021.0,58
2024-09-30,GOOGLCL.SN,GOOGL,148021.0,41
2024-10-01,GOOGLCL.SN,GOOGL,148021.0,20
2024-10-02,GOOGLCL.SN,GOOGL,150521.0,96
2024-10-03,GOOGLCL.SN,GOOGL,150521.0,40
2024-10-04,GOOGLCL.SN,GOOGL,150521.0,14
2024-10-07,GOOGLCL.SN,GOOGL,150521.0,29
2024-10-08,GOOGLCL.SN,GOOGL,150521.0,19
2024-10-09,GOOGLCL.SN,GOOGL,150521.0,0
2024-10-10,GOOGLCL.SN,GOOGL,150521.0,26
2024-10-11,GOOGLCL.SN,GOOGL,150521.0,0
2024-10-14,GOOGLCL.SN,GOOGL,150521.0,1
2024-10-15,GOOGLCL.SN,GOOGL,150521.0,10
2024-10-16,GOOGLCL.SN,GOOGL,155020.0,104
2024-10-17,GOOGLCL.SN,GOOGL,155020.0,10
2024-10-18,GOOGLCL.SN,GOOGL,155020.0,0
2024-10-21,GOOGLCL.SN,GOOGL,156190.0,49
2024-10-22,GOOGLCL.SN,GOOGL,156190.0,14
2024-10-23,GOOGLCL.SN,GOOGL,156084.0,176
2024-10-24,GOOGLCL.SN,GOOGL,154581.0,53
2024-10-25,GOOGLCL.SN,GOOGL,157042.0,88
2024-10-28,GOOGLCL.SN,GOOGL,157042.0,20
2024-10-29,GOOGLCL.SN,GOOGL,157042.0,23
2024-10-30,GOOGLCL.SN,GOOGL,157042.0,19
2024-11-04,GOOGLCL.SN,GOOGL,161639.0,85
2024-11-05,GOOGLCL.SN,GOOGL,161890.0,109
2024-11-06,GOOGLCL.SN,GOOGL,168900.0,108
2024-11-07,GOOGLCL.SN,GOOGL,170900.0,61
2024-11-08,GOOGLCL.SN,GOOGL,173928.0,70
2024-11-11,GOOGLCL.SN,GOOGL,173928.0,30
2024-11-12,GOOGLCL.SN,GOOGL,177764.0,116
2024-11-13,GOOGLCL.SN,GOOGL,177764.0,42
2024-11-14,GOOGLCL.SN,GOOGL,172400.0,68
2024-11-15,GOOGLCL.SN,GOOGL,168970.0,61
2024-11-18,GOOGLCL.SN,GOOGL,168970.0,34
2024-11-19,GOOGLCL.SN,GOOGL,168970.0,33
2024-11-20,GOOGLCL.SN,GOOGL,168970.0,0
2024-11-21,GOOGLCL.SN,GOOGL,162500.0,108
2024-11-22,GOOGLCL.SN,GOOGL,163428.0,50
2024-11-25,GOOGLCL.SN,GOOGL,163428.0,0
2024-11-26,GOOGLCL.SN,GOOGL,166200.0,144
2024-11-27,GOOGLCL.SN,GOOGL,166000.0,89
2024-11-28,GOOGLCL.SN,GOOGL,166000.0,0
2024-11-29,GOOGLCL.SN,GOOGL,165100.0,179
2024-12-02,GOOGLCL.SN,GOOGL,167600.0,3074
2024-12-03,GOOGLCL.SN,GOOGL,167600.0,0
2024-12-04,GOOGLCL.SN,GOOGL,167600.0,0
2024-12-05,GOOGLCL.SN,GOOGL,167600.0,0
2024-12-06,GOOGLCL.SN,GOOGL,167600.0,0
2024-12-09,GOOGLCL.SN,GOOGL,167600.0,0
2024-12-10,GOOGLCL.SN,GOOGL,167600.0,0
2024-12-11,GOOGLCL.SN,GOOGL,189000.0,194
2024-12-12,GOOGLCL.SN,GOOGL,189000.0,0
2024-12-13,GOOGLCL.SN,GOOGL,189000.0,0
2024-12-16,GOOGLCL.SN,GOOGL,189000.0,0
2024-12-17,GOOGLCL.SN,GOOGL,189000.0,1
2024-12-18,GOOGLCL.SN,GOOGL,189000.0,0
2024-12-19,GOOGLCL.SN,GOOGL,189000.0,0
2024-12-20,GOOGLCL.SN,GOOGL,189000.0,0
2024-12-23,GOOGLCL.SN,GOOGL,189000.0,0
2024-12-24,GOOGLCL.SN,GOOGL,189000.0,0
2024-12-26,GOOGLCL.SN,GOOGL,189000.0,0
2024-12-27,GOOGLCL.SN,GOOGL,189000.0,0
2024-12-30,GOOGLCL.SN,GOOGL,189000.0,11
2025-01-02,GOOGLCL.SN,GOOGL,189000.0,0
2025-01-03,GOOGLCL.SN,GOOGL,189000.0,0
2025-01-06,GOOGLCL.SN,GOOGL,189000.0,0
2025-01-07,GOOGLCL.SN,GOOGL,189000.0,1
2025-01-08,GOOGLCL.SN,GOOGL,189000.0,6
2025-01-09,GOOGLCL.SN,GOOGL,189000.0,0
2025-01-10,GOOGLCL.SN,GOOGL,189000.0,0
2025-01-13,GOOGLCL.SN,GOOGL,189000.0,0
2025-01-14,GOOGLCL.SN,GOOGL,189000.0,0
2025-01-15,GOOGLCL.SN,GOOGL,189000.0,0
2025-01-16,GOOGLCL.SN,GOOGL,189000.0,0
2025-01-17,GOOGLCL.SN,GOOGL,189000.0,0
2025-01-20,GOOGLCL.SN,GOOGL,189000.0,0
2025-01-21,GOOGLCL.SN,GOOGL,189000.0,0
2025-01-22,GOOGLCL.SN,GOOGL,189000.0,0
2025-01-23,GOOGLCL.SN,GOOGL,189000.0,0
2025-01-24,GOOGLCL.SN,GOOGL,189000.0,0
2025-01-27,GOOGLCL.SN,GOOGL,189000.0,3
2025-01-28,GOOGLCL.SN,GOOGL,189000.0,0
2025-01-29,GOOGLCL.SN,GOOGL,189000.0,0
2025-01-30,GOOGLCL.SN,GOOGL,189000.0,0
2025-01-31,GOOGLCL.SN,GOOGL,189000.0,3
2025-02-03,GOOGLCL.SN,GOOGL,189000.0,0
2025-02-04,GOOGLCL.SN,GOOGL,189000.0,1
2025-02-05,GOOGLCL.SN,GOOGL,189000.0,0
2025-02-06,GOOGLCL.SN,GOOGL,189000.0,0
2025-02-07,GOOGLCL.SN,GOOGL,189000.0,0
2025-02-10,GOOGLCL.SN,GOOGL,189000.0,13
2025-02-11,GOOGLCL.SN,GOOGL,189000.0,0
2025-02-12,GOOGLCL.SN,GOOGL,189000.0,0
2025-02-13,GOOGLCL.SN,GOOGL,189000.0,0
2025-02-14,GOOGLCL.SN,GOOGL,189000.0,3
2025-02-17,GOOGLCL.SN,GOOGL,189000.0,0
2025-02-18,GOOGLCL.SN,GOOGL,189000.0,27
2025-02-19,GOOGLCL.SN,GOOGL,189000.0,0
2025-02-20,GOOGLCL.SN,GOOGL,189000.0,0
2025-02-21,GOOGLCL.SN,GOOGL,189000.0,0
2025-02-24,GOOGLCL.SN,GOOGL,189000.0,1
2025-02-25,GOOGLCL.SN,GOOGL,189000.0,5
2025-02-26,GOOGLCL.SN,GOOGL,189000.0,6
2025-02-27,GOOGLCL.SN,GOOGL,189000.0,0
2025-02-28,GOOGLCL.SN,GOOGL,189000.0,3
2025-03-03,GOOGLCL.SN,GOOGL,189000.0,0
2025-03-04,GOOGLCL.SN,GOOGL,189000.0,0
2025-03-05,GOOGLCL.SN,GOOGL,159900.0,96
2025-03-06,GOOGLCL.SN,GOOGL,159900.0,0
2025-03-07,GOOGLCL.SN,GOOGL,159900.0,0
2025-03-10,GOOGLCL.SN,GOOGL,159900.0,0
2025-03-11,GOOGLCL.SN,GOOGL,154800.0,200
2025-03-12,GOOGLCL.SN,GOOGL,154800.0,0
2025-03-13,GOOGLCL.SN,GOOGL,154800.0,0
2025-03-14,GOOGLCL.SN,GOOGL,154800.0,0
2025-03-17,GOOGLCL.SN,GOOGL,154800.0,0
2025-03-18,GOOGLCL.SN,GOOGL,154800.0,0
2025-03-19,GOOGLCL.SN,GOOGL,154800.0,0
2025-03-20,GOOGLCL.SN,GOOGL,154800.0,0
2025-03-21,GOOGLCL.SN,GOOGL,154800.0,0
2025-03-24,GOOGLCL.SN,GOOGL,155700.0,192
2025-03-25,GOOGLCL.SN,GOOGL,155700.0,0
2025-03-26,GOOGLCL.SN,GOOGL,155700.0,30
2025-03-27,GOOGLCL.SN,GOOGL,155700.0,0
2025-03-28,GOOGLCL.SN,GOOGL,151161.0,54
2025-03-31,GOOGLCL.SN,GOOGL,151161.0,1
2025-04-01,GOOGLCL.SN,GOOGL,151161.0,13
2025-04-02,GOOGLCL.SN,GOOGL,150454.0,67
2025-04-03,GOOGLCL.SN,GOOGL,150454.0,5
2025-04-04,GOOGLCL.SN,GOOGL,150454.0,6
2025-04-07,GOOGLCL.SN,GOOGL,150454.0,4
2025-04-08,GOOGLCL.SN,GOOGL,150454.0,20
2025-04-09,GOOGLCL.SN,GOOGL,145500.0,151
2025-04-10,GOOGLCL.SN,GOOGL,151400.0,66
2025-04-11,GOOGLCL.SN,GOOGL,151400.0,0
2025-04-14,GOOGLCL.SN,GOOGL,151400.0,12
2025-04-15,GOOGLCL.SN,GOOGL,151400.0,0
2025-04-16,GOOGLCL.SN,GOOGL,151400.0,0
2025-04-17,GOOGLCL.SN,GOOGL,151400.0,0
2025-04-21,GOOGLCL.SN,GOOGL,151400.0,10
2025-04-22,GOOGLCL.SN,GOOGL,151400.0,0
2025-04-23,GOOGLCL.SN,GOOGL,147898.0,138
2025-04-24,GOOGLCL.SN,GOOGL,147898.0,0
2025-04-25,GOOGLCL.SN,GOOGL,147898.0,10
2025-04-28,GOOGLCL.SN,GOOGL,147898.0,0
2025-04-29,GOOGLCL.SN,GOOGL,147898.0,0
2025-04-30,GOOGLCL.SN,GOOGL,147898.0,0
2025-05-02,GOOGLCL.SN,GOOGL,147898.0,0
2025-05-05,GOOGLCL.SN,GOOGL,147898.0,1
2025-05-06,GOOGLCL.SN,GOOGL,147898.0,0
2025-05-07,GOOGLCL.SN,GOOGL,147898.0,1
2025-05-08,GOOGLCL.SN,GOOGL,144000.0,291
2025-05-09,GOOGLCL.SN,GOOGL,144000.0,0
2025-05-12,GOOGLCL.SN,GOOGL,144000.0,0
2025-05-13,GOOGLCL.SN,GOOGL,144000.0,0
2025-05-14,GOOGLCL.SN,GOOGL,144000.0,1
2025-05-15,GOOGLCL.SN,GOOGL,144000.0,0
2025-05-16,GOOGLCL.SN,GOOGL,144000.0,37
2025-05-19,GOOGLCL.SN,GOOGL,144000.0,0
2025-05-20,GOOGLCL.SN,GOOGL,144000.0,11
2025-05-22,GOOGLCL.SN,GOOGL,144000.0,0
2025-05-23,GOOGLCL.SN,GOOGL,144000.0,46
2025-05-26,GOOGLCL.SN,GOOGL,144000.0,0
2025-05-27,GOOGLCL.SN,GOOGL,144000.0,0
2025-05-28,GOOGLCL.SN,GOOGL,144000.0,15
2025-05-29,GOOGLCL.SN,GOOGL,144000.0,0
2025-05-30,GOOGLCL.SN,GOOGL,144000.0,0
2025-06-02,GOOGLCL.SN,GOOGL,159700.0,5471
2025-06-03,GOOGLCL.SN,GOOGL,159700.0,9
2025-06-04,GOOGLCL.SN,GOOGL,155971.0,61
2025-06-05,GOOGLCL.SN,GOOGL,155971.0,3
2025-06-06,GOOGLCL.SN,GOOGL,162652.0,262
2025-06-09,GOOGLCL.SN,GOOGL,162652.0,42
2025-06-10,GOOGLCL.SN,GOOGL,162652.0,18
2025-06-11,GOOGLCL.SN,GOOGL,162652.0,33
2025-06-12,GOOGLCL.SN,GOOGL,162652.0,30
2025-06-13,GOOGLCL.SN,GOOGL,162652.0,25
2025-06-16,GOOGLCL.SN,GOOGL,165135.0,89
2025-06-17,GOOGLCL.SN,GOOGL,166732.0,175
2025-06-18,GOOGLCL.SN,GOOGL,166732.0,11
2025-06-19,GOOGLCL.SN,GOOGL,166732.0,0
2025-06-23,GOOGLCL.SN,GOOGL,156084.0,114
2025-06-24,GOOGLCL.SN,GOOGL,156084.0,3
2025-06-25,GOOGLCL.SN,GOOGL,156084.0,39
2025-06-26,GOOGLCL.SN,GOOGL,160959.0,125
2025-06-27,GOOGLCL.SN,GOOGL,160959.0,29
2025-06-30,GOOGLCL.SN,GOOGL,165267.0,55
2025-07-01,GOOGLCL.SN,GOOGL,165267.0,21
2025-07-02,GOOGLCL.SN,GOOGL,163800.0,314
2025-07-03,GOOGLCL.SN,GOOGL,163800.0,11
2025-07-04,GOOGLCL.SN,GOOGL,163800.0,0
2025-07-07,GOOGLCL.SN,GOOGL,163800.0,42
2025-07-08,GOOGLCL.SN,GOOGL,163800.0,27
2025-07-09,GOOGLCL.SN,GOOGL,169200.0,86
2025-07-10,GOOGLCL.SN,GOOGL,169200.0,23
2025-07-11,GOOGLCL.SN,GOOGL,169200.0,6
2025-07-14,GOOGLCL.SN,GOOGL,169200.0,16
2025-07-15,GOOGLCL.SN,GOOGL,169200.0,3
2025-07-17,GOOGLCL.SN,GOOGL,169200.0,21
2025-07-18,GOOGLCL.SN,GOOGL,169200.0,40
2025-07-21,GOOGLCL.SN,GOOGL,179840.0,66
2025-07-22,GOOGLCL.SN,GOOGL,180110.0,190
2025-07-23,GOOGLCL.SN,GOOGL,180110.0,17
2025-07-24,GOOGLCL.SN,GOOGL,185000.0,137
2025-07-25,GOOGLCL.SN,GOOGL,186552.0,44
2025-07-28,GOOGLCL.SN,GOOGL,186515.0,118
2025-07-29,GOOGLCL.SN,GOOGL,187863.0,68
2025-07-30,GOOGLCL.SN,GOOGL,187863.0,21
2025-07-31,GOOGLCL.SN,GOOGL,187863.0,32
2025-08-01,GOOGLCL.SN,GOOGL,182361.0,225
2025-08-04,GOOGLCL.SN,GOOGL,182361.0,0
2025-08-05,GOOGLCL.SN,GOOGL,189200.0,66
2025-08-06,GOOGLCL.SN,GOOGL,189200.0,32
2025-08-07,GOOGLCL.SN,GOOGL,189200.0,21
2025-08-08,GOOGLCL.SN,GOOGL,189200.0,29
2025-08-11,GOOGLCL.SN,GOOGL,189200.0,8
2025-08-12,GOOGLCL.SN,GOOGL,194750.0,68
2025-08-13,GOOGLCL.SN,GOOGL,194032.0,93
2025-08-14,GOOGLCL.SN,GOOGL,196790.0,80
2025-08-18,GOOGLCL.SN,GOOGL,196790.0,18
2025-08-19,GOOGLCL.SN,GOOGL,193430.0,43
2025-08-20,GOOGLCL.SN,GOOGL,193430.0,20
2025-08-21,GOOGLCL.SN,GOOGL,193430.0,9
2025-08-22,GOOGLCL.SN,GOOGL,193430.0,17
2025-08-25,GOOGLCL.SN,GOOGL,193430.0,14
2025-08-26,GOOGLCL.SN,GOOGL,193430.0,18
2025-08-27,GOOGLCL.SN,GOOGL,193430.0,16
2025-08-28,GOOGLCL.SN,GOOGL,193430.0,32
2025-08-29,GOOGLCL.SN,GOOGL,193430.0,0
2025-09-01,GOOGLCL.SN,GOOGL,193430.0,0
2025-09-02,GOOGLCL.SN,GOOGL,200846.0,568
2025-09-03,GOOGLCL.SN,GOOGL,221917.0,84
2025-09-04,GOOGLCL.SN,GOOGL,221917.0,30
2025-09-05,GOOGLCL.SN,GOOGL,227216.0,48
2025-09-08,GOOGLCL.SN,GOOGL,227216.0,16
2025-09-09,GOOGLCL.SN,GOOGL,227216.0,19
2025-09-10,GOOGLCL.SN,GOOGL,227216.0,3
2025-09-11,GOOGLCL.SN,GOOGL,227216.0,32
2025-09-12,GOOGLCL.SN,GOOGL,227216.0,5
2025-09-15,GOOGLCL.SN,GOOGL,227216.0,7
2025-09-16,GOOGLCL.SN,GOOGL,227216.0,16
2025-09-17,GOOGLCL.SN,GOOGL,239700.0,55
2025-09-22,GOOGLCL.SN,GOOGL,239700.0,9
2025-09-23,GOOGLCL.SN,GOOGL,239700.0,17
2025-09-24,GOOGLCL.SN,GOOGL,239466.0,46
2025-09-25,GOOGLCL.SN,GOOGL,236495.0,139
2025-09-26,GOOGLCL.SN,GOOGL,236999.0,6098
2025-09-29,GOOGLCL.SN,GOOGL,236999.0,0
2025-09-30,GOOGLCL.SN,GOOGL,234000.0,580
2025-10-01,GOOGLCL.SN,GOOGL,234000.0,37
2025-10-02,GOOGLCL.SN,GOOGL,234000.0,0
2025-10-03,GOOGLCL.SN,GOOGL,234000.0,0
2025-10-06,GOOGLCL.SN,GOOGL,233050.0,36
2025-10-07,GOOGLCL.SN,GOOGL,233050.0,30
2025-10-08,GOOGLCL.SN,GOOGL,233050.0,0
2025-10-09,GOOGLCL.SN,GOOGL,233050.0,21
2025-10-10,GOOGLCL.SN,GOOGL,230401.0,54
2025-10-13,GOOGLCL.SN,GOOGL,230401.0,2
2025-10-14,GOOGLCL.SN,GOOGL,230401.0,0
2025-10-15,GOOGLCL.SN,GOOGL,230401.0,7
2025-10-16,GOOGLCL.SN,GOOGL,230401.0,0
2025-10-17,GOOGLCL.SN,GOOGL,230401.0,0
2025-10-20,GOOGLCL.SN,GOOGL,230401.0,0
2025-10-21,GOOGLCL.SN,GOOGL,230401.0,10
2025-10-22,GOOGLCL.SN,GOOGL,230401.0,12
2025-10-23,GOOGLCL.SN,GOOGL,230401.0,0
2025-10-24,GOOGLCL.SN,GOOGL,230401.0,0
2025-10-27,GOOGLCL.SN,GOOGL,230401.0,1
2025-10-28,GOOGLCL.SN,GOOGL,253098.0,32
2025-10-29,GOOGLCL.SN,GOOGL,253098.0,0
2025-10-30,GOOGLCL.SN,GOOGL,260940.0,57
2025-11-03,GOOGLCL.SN,GOOGL,260940.0,0
2025-11-04,GOOGLCL.SN,GOOGL,260940.0,0
2025-11-05,GOOGLCL.SN,GOOGL,260940.0,0
2025-11-06,GOOGLCL.SN,GOOGL,260940.0,7
2025-11-07,GOOGLCL.SN,GOOGL,260940.0,5
2025-11-10,GOOGLCL.SN,GOOGL,260940.0,0
2025-11-11,GOOGLCL.SN,GOOGL,260940.0,0
2025-11-12,GOOGLCL.SN,GOOGL,260940.0,4
2025-11-13,GOOGLCL.SN,GOOGL,260940.0,0
2025-11-14,GOOGLCL.SN,GOOGL,260940.0,0
2025-11-17,GOOGLCL.SN,GOOGL,260940.0,1
2025-11-18,GOOGLCL.SN,GOOGL,260940.0,20
2025-11-19,GOOGLCL.SN,GOOGL,260940.0,0
2025-11-20,GOOGLCL.SN,GOOGL,260940.0,3
2025-11-21,GOOGLCL.SN,GOOGL,260940.0,17
2025-11-24,GOOGLCL.SN,GOOGL,260940.0,0
2025-11-25,GOOGLCL.SN,GOOGL,260940.0,3
2025-11-26,GOOGLCL.SN,GOOGL,260940.0,0
2025-11-27,GOOGLCL.SN,GOOGL,260940.0,0
2025-11-28,GOOGLCL.SN,GOOGL,260940.0,20
2025-12-01,GOOGLCL.SN,GOOGL,260940.0,0
2025-12-02,GOOGLCL.SN,GOOGL,260940.0,0
2025-12-03,GOOGLCL.SN,GOOGL,260940.0,0
2025-12-04,GOOGLCL.SN,GOOGL,291896.0,73
2025-12-05,GOOGLCL.SN,GOOGL,291896.0,0
2025-12-09,GOOGLCL.SN,GOOGL,291896.0,0
2025-12-10,GOOGLCL.SN,GOOGL,292000.0,139
2025-12-11,GOOGLCL.SN,GOOGL,292000.0,0
2025-12-12,GOOGLCL.SN,GOOGL,292000.0,0
2025-12-15,GOOGLCL.SN,GOOGL,292000.0,0
2025-12-16,GOOGLCL.SN,GOOGL,292000.0,0
2025-12-17,GOOGLCL.SN,GOOGL,292000.0,5
2025-12-18,GOOGLCL.SN,GOOGL,292000.0,0
2025-12-19,GOOGLCL.SN,GOOGL,292000.0,0
2025-12-22,GOOGLCL.SN,GOOGL,292000.0,0
2025-12-23,GOOGLCL.SN,GOOGL,292000.0,0
2025-12-24,GOOGLCL.SN,GOOGL,292000.0,0
2025-12-26,GOOGLCL.SN,GOOGL,292000.0,6
2025-12-29,GOOGLCL.SN,GOOGL,292000.0,0
2025-12-30,GOOGLCL.SN,GOOGL,292000.0,0
2026-01-02,GOOGLCL.SN,GOOGL,292000.0,0
2026-01-05,GOOGLCL.SN,GOOGL,292000.0,0
2026-01-06,GOOGLCL.SN,GOOGL,292000.0,0
2026-01-07,GOOGLCL.SN,GOOGL,292000.0,2
2026-01-08,GOOGLCL.SN,GOOGL,292000.0,0
2026-01-09,GOOGLCL.SN,GOOGL,292000.0,18
2026-01-12,GOOGLCL.SN,GOOGL,292000.0,0
2026-01-13,GOOGLCL.SN,GOOGL,289000.0,30
2026-01-14,GOOGLCL.SN,GOOGL,289000.0,0
2026-01-15,GOOGLCL.SN,GOOGL,289000.0,1
2026-01-16,GOOGLCL.SN,GOOGL,289000.0,0
2026-01-19,GOOGLCL.SN,GOOGL,289000.0,0
2026-01-20,GOOGLCL.SN,GOOGL,289000.0,0
2026-01-21,GOOGLCL.SN,GOOGL,289000.0,0
2026-01-22,GOOGLCL.SN,GOOGL,289000.0,10
2026-01-23,GOOGLCL.SN,GOOGL,289000.0,0
2026-01-26,GOOGLCL.SN,GOOGL,289000.0,0
2026-01-27,GOOGLCL.SN,GOOGL,289000.0,0
2026-01-28,GOOGLCL.SN,GOOGL,289000.0,0
2026-01-29,GOOGLCL.SN,GOOGL,289000.0,0
2026-01-30,GOOGLCL.SN,GOOGL,295000.0,50
2026-02-02,GOOGLCL.SN,GOOGL,295000.0,0
2026-02-03,GOOGLCL.SN,GOOGL,295000.0,21
2026-02-04,GOOGLCL.SN,GOOGL,295000.0,0
2026-02-05,GOOGLCL.SN,GOOGL,295000.0,0
2026-02-06,GOOGLCL.SN,GOOGL,295000.0,0
2026-02-09,GOOGLCL.SN,GOOGL,295000.0,0
2026-02-10,GOOGLCL.SN,GOOGL,272300.0,54
2026-02-11,GOOGLCL.SN,GOOGL,272300.0,0
2026-02-12,GOOGLCL.SN,GOOGL,264330.0,123
2026-02-13,GOOGLCL.SN,GOOGL,264480.0,259
2026-02-16,GOOGLCL.SN,GOOGL,264480.0,0
2026-02-17,GOOGLCL.SN,GOOGL,264480.0,0
2026-02-18,GOOGLCL.SN,GOOGL,264480.0,0
2026-02-19,GOOGLCL.SN,GOOGL,264480.0,0
2026-02-20,GOOGLCL.SN,GOOGL,264480.0,0
2026-02-23,GOOGLCL.SN,GOOGL,264480.0,0
2026-02-24,GOOGLCL.SN,GOOGL,264480.0,0
2026-02-25,GOOGLCL.SN,GOOGL,264480.0,0
2026-02-26,GOOGLCL.SN,GOOGL,264120.0,68
2026-02-27,GOOGLCL.SN,GOOGL,264120.0,0
2026-03-02,GOOGLCL.SN,GOOGL,264120.0,0
2026-03-03,GOOGLCL.SN,GOOGL,264120.0,0
2026-03-04,GOOGLCL.SN,GOOGL,264120.0,0
2026-03-05,GOOGLCL.SN,GOOGL,264120.0,10
2026-03-06,GOOGLCL.SN,GOOGL,271000.0,30
2026-03-09,GOOGLCL.SN,GOOGL,271000.0,0
2026-03-10,GOOGLCL.SN,GOOGL,271000.0,0
2026-03-11,GOOGLCL.SN,GOOGL,271000.0,1
2026-03-12,GOOGLCL.SN,GOOGL,271000.0,0
2026-03-13,GOOGLCL.SN,GOOGL,271000.0,0
2026-03-16,GOOGLCL.SN,GOOGL,271000.0,0
2026-03-17,GOOGLCL.SN,GOOGL,271000.0,0
2026-03-18,GOOGLCL.SN,GOOGL,271000.0,0
2026-03-19,GOOGLCL.SN,GOOGL,271000.0,0
2026-03-20,GOOGLCL.SN,GOOGL,271000.0,0
2026-03-23,GOOGLCL.SN,GOOGL,277700.0,200
2026-03-24,GOOGLCL.SN,GOOGL,273500.0,400
2026-03-25,GOOGLCL.SN,GOOGL,273500.0,0
2026-03-26,GOOGLCL.SN,GOOGL,273500.0,0
2026-03-27,GOOGLCL.SN,GOOGL,273500.0,0
2026-03-30,GOOGLCL.SN,GOOGL,273500.0,0
2026-03-31,GOOGLCL.SN,GOOGL,273500.0,0
2026-04-01,GOOGLCL.SN,GOOGL,273500.0,0
2026-04-02,GOOGLCL.SN,GOOGL,273500.0,0
2026-04-06,GOOGLCL.SN,GOOGL,273500.0,0
2026-04-07,GOOGLCL.SN,GOOGL,273500.0,0
2026-04-08,GOOGLCL.SN,GOOGL,273500.0,0
2026-04-09,GOOGLCL.SN,GOOGL,273500.0,0
2026-04-10,GOOGLCL.SN,GOOGL,273500.0,0
2026-04-13,GOOGLCL.SN,GOOGL,273500.0,0
2026-04-14,GOOGLCL.SN,GOOGL,296102.0,58
2026-04-15,GOOGLCL.SN,GOOGL,296102.0,0
2026-04-16,GOOGLCL.SN,GOOGL,296102.0,0
2026-04-17,GOOGLCL.SN,GOOGL,296102.0,3
2026-04-20,GOOGLCL.SN,GOOGL,296102.0,0
2026-04-21,GOOGLCL.SN,GOOGL,296102.0,0
2026-04-22,GOOGLCL.SN,GOOGL,296102.0,0
2026-04-23,GOOGLCL.SN,GOOGL,296102.0,0
2026-04-24,GOOGLCL.SN,GOOGL,296102.0,0
2026-04-27,GOOGLCL.SN,GOOGL,296102.0,19
2026-04-28,GOOGLCL.SN,GOOGL,296102.0,0
2026-04-29,GOOGLCL.SN,GOOGL,296102.0,0
2026-04-30,GOOGLCL.SN,GOOGL,296102.0,0
2026-05-04,GOOGLCL.SN,GOOGL,350400.0,50
2026-05-05,GOOGLCL.SN,GOOGL,350400.0,0
2026-05-06,GOOGLCL.SN,GOOGL,350400.0,0
2026-05-07,GOOGLCL.SN,GOOGL,350400.0,0
2026-05-08,GOOGLCL.SN,GOOGL,357200.0,256
2026-05-11,GOOGLCL.SN,GOOGL,357200.0,0
2026-05-12,GOOGLCL.SN,GOOGL,350700.0,42
2026-05-13,GOOGLCL.SN,GOOGL,350700.0,0
2026-05-14,GOOGLCL.SN,GOOGL,350700.0,0
2026-05-15,GOOGLCL.SN,GOOGL,350700.0,0
2026-05-18,GOOGLCL.SN,GOOGL,350700.0,0
2026-05-19,GOOGLCL.SN,GOOGL,350700.0,0
2026-05-20,GOOGLCL.SN,GOOGL,350700.0,3
2026-05-22,GOOGLCL.SN,GOOGL,350700.0,0
2026-05-25,GOOGLCL.SN,GOOGL,350700.0,0
2026-05-26,GOOGLCL.SN,GOOGL,350700.0,20
2026-05-27,GOOGLCL.SN,GOOGL,350700.0,3
2026-05-28,GOOGLCL.SN,GOOGL,350700.0,2
2026-05-29,GOOGLCL.SN,GOOGL,350700.0,3
2026-06-01,GOOGLCL.SN,GOOGL,350700.0,0
2026-06-02,GOOGLCL.SN,GOOGL,350700.0,0
2026-06-03,GOOGLCL.SN,GOOGL,350700.0,4
2026-06-04,GOOGLCL.SN,GOOGL,350700.0,1
2026-06-05,GOOGLCL.SN,GOOGL,350700.0,0
2026-06-08,GOOGLCL.SN,GOOGL,335054.0,39
2026-06-09,GOOGLCL.SN,GOOGL,336000.0,58
2026-06-10,GOOGLCL.SN,GOOGL,336000.0,0
2026-06-11,GOOGLCL.SN,GOOGL,323200.0,30
2026-06-12,GOOGLCL.SN,GOOGL,326000.0,60
2026-06-15,GOOGLCL.SN,GOOGL,326000.0,1
2026-06-16,GOOGLCL.SN,GOOGL,326000.0,3
2026-06-17,GOOGLCL.SN,GOOGL,326000.0,3
2026-06-18,GOOGLCL.SN,GOOGL,326000.0,0
2026-06-19,GOOGLCL.SN,GOOGL,326000.0,0
2026-06-22,GOOGLCL.SN,GOOGL,326000.0,3
2026-06-23,GOOGLCL.SN,GOOGL,326000.0,0
2026-06-24,GOOGLCL.SN,GOOGL,326000.0,0
2026-06-25,GOOGLCL.SN,GOOGL,326000.0,0
2026-06-26,GOOGLCL.SN,GOOGL,326000.0,2
2026-06-30,GOOGLCL.SN,GOOGL,326000.0,0
2026-07-01,GOOGLCL.SN,GOOGL,326000.0,0
2026-07-02,GOOGLCL.SN,GOOGL,326000.0,0
2026-07-03,GOOGLCL.SN,GOOGL,326000.0,0
2026-07-06,GOOGLCL.SN,GOOGL,326000.0,2
2026-07-07,GOOGLCL.SN,GOOGL,326000.0,0
2026-07-08,GOOGLCL.SN,GOOGL,326000.0,0
2026-07-09,GOOGLCL.SN,GOOGL,326000.0,0
2026-07-10,GOOGLCL.SN,GOOGL,326000.0,6
2026-07-13,GOOGLCL.SN,GOOGL,326000.0,6
2026-07-14,GOOGLCL.SN,GOOGL,326000.0,3
2026-07-15,GOOGLCL.SN,GOOGL,326000.0,0
2026-07-17,GOOGLCL.SN,GOOGL,326000.0,0
2026-07-20,GOOGLCL.SN,GOOGL,326000.0,0
2026-07-21,GOOGLCL.SN,GOOGL,325210.0,4
2026-07-22,GOOGLCL.SN,GOOGL,325210.0,0
2026-07-23,GOOGLCL.SN,GOOGL,325210.0,0
2026-07-24,GOOGLCL.SN,GOOGL,304000.0,15
2026-07-27,GOOGLCL.SN,GOOGL,304000.0,0
2026-07-28,GOOGLCL.SN,GOOGL,308080.0,0
2026-07-29,GOOGLCL.SN,GOOGL,308080.0,0
2026-07-30,GOOGLCL.SN,GOOGL,310000.0,5
2026-07-31,GOOGLCL.SN,GOOGL,326500.0,9
2026-08-03,GOOGLCL.SN,GOOGL,326500.0,5
2026-08-04,GOOGLCL.SN,GOOGL,345460.0,0
2026-08-05,GOOGLCL.SN,GOOGL,345460.0,0
2026-08-06,GOOGLCL.SN,GOOGL,345460.0,0
2026-08-07,GOOGLCL.SN,GOOGL,345460.0,0
2026-08-10,GOOGLCL.SN,GOOGL,345460.0,0
2026-08-11,GOOGLCL.SN,GOOGL,322500.0,13
2026-08-12,GOOGLCL.SN,GOOGL,322500.0,0
2026-08-13,GOOGLCL.SN,GOOGL,322500.0,0
2026-08-14,GOOGLCL.SN,GOOGL,322500.0,0
2026-08-17,GOOGLCL.SN,GOOGL,322500.0,0
2026-08-18,GOOGLCL.SN,GOOGL,314480.0,0
2026-08-19,GOOGLCL.SN,GOOGL,314480.0,0
2026-08-20,GOOGLCL.SN,GOOGL,314480.0,0
2026-08-21,GOOGLCL.SN,GOOGL,314480.0,0
2026-08-24,GOOGLCL.SN,GOOGL,318000.0,10
2026-08-25,GOOGLCL.SN,GOOGL,318350.0,0
2026-08-26,GOOGLCL.SN,GOOGL,315000.0,4
2026-08-27,GOOGLCL.SN,GOOGL,315000.0,0
2026-08-28,GOOGLCL.SN,GOOGL,315000.0,0
2026-08-31,GOOGLCL.SN,GOOGL,315000.0,0
2026-09-01,GOOGLCL.SN,GOOGL,315000.0,0
2026-09-02,GOOGLCL.SN,GOOGL,315000.0,0
2026-09-03,GOOGLCL.SN,GOOGL,315000.0,0
2026-09-04,GOOGLCL.SN,GOOGL,315000.0,0
2026-09-07,GOOGLCL.SN,GOOGL,315000.0,0
2026-09-08,GOOGLCL.SN,GOOGL,312000.0,6
2026-09-09,GOOGLCL.SN,GOOGL,313670.0,0
2026-09-10,GOOGLCL.SN,GOOGL,313670.0,0
2026-09-11,GOOGLCL.SN,GOOGL,313670.0,1
2026-09-14,GOOGLCL.SN,GOOGL,313670.0,0
2026-09-15,GOOGLCL.SN,GOOGL,334550.0,0
2026-09-16,GOOGLCL.SN,GOOGL,334550.0,0
2026-09-17,GOOGLCL.SN,GOOGL,334550.0,0
2026-09-21,GOOGLCL.SN,GOOGL,334550.0,0
2024-09-23,HONCL.SN,HON,367480.0,0
2024-09-24,HONCL.SN,HON,367480.0,0
2024-09-25,HONCL.SN,HON,367480.0,0
2024-09-26,HONCL.SN,HON,367480.0,0
2024-09-27,HONCL.SN,HON,367480.0,0
2024-09-30,HONCL.SN,HON,367480.0,0
2024-10-01,HONCL.SN,HON,367480.0,0
2024-10-02,HONCL.SN,HON,367480.0,0
2024-10-03,HONCL.SN,HON,367480.0,0
2024-10-04,HONCL.SN,HON,367480.0,0
2024-10-07,HONCL.SN,HON,367480.0,0
2024-10-08,HONCL.SN,HON,367480.0,0
2024-10-09,HONCL.SN,HON,367480.0,0
2024-10-10,HONCL.SN,HON,367480.0,0
2024-10-11,HONCL.SN,HON,367480.0,0
2024-10-14,HONCL.SN,HON,367480.0,0
2024-10-15,HONCL.SN,HON,367480.0,0
2024-10-16,HONCL.SN,HON,367480.0,0
2024-10-17,HONCL.SN,HON,367480.0,0
2024-10-18,HONCL.SN,HON,367480.0,0
2024-10-21,HONCL.SN,HON,367480.0,0
2024-10-22,HONCL.SN,HON,367480.0,0
2024-10-23,HONCL.SN,HON,367480.0,0
2024-10-24,HONCL.SN,HON,367480.0,0
2024-10-25,HONCL.SN,HON,367480.0,0
2024-10-28,HONCL.SN,HON,367480.0,0
2024-10-29,HONCL.SN,HON,367480.0,0
2024-10-30,HONCL.SN,HON,367480.0,0
2024-11-04,HONCL.SN,HON,367480.0,0
2024-11-05,HONCL.SN,HON,367480.0,0
2024-11-06,HONCL.SN,HON,367480.0,0
2024-11-07,HONCL.SN,HON,367480.0,0
2024-11-08,HONCL.SN,HON,367480.0,0
2024-11-11,HONCL.SN,HON,367480.0,0
2024-11-12,HONCL.SN,HON,367480.0,6
2024-11-13,HONCL.SN,HON,367480.0,0
2024-11-14,HONCL.SN,HON,367480.0,0
2024-11-15,HONCL.SN,HON,367480.0,0
2024-11-18,HONCL.SN,HON,367480.0,0
2024-11-19,HONCL.SN,HON,367480.0,0
2024-11-20,HONCL.SN,HON,367480.0,0
2024-11-21,HONCL.SN,HON,367480.0,0
2024-11-22,HONCL.SN,HON,367480.0,0
2024-11-25,HONCL.SN,HON,367480.0,0
2024-11-26,HONCL.SN,HON,367480.0,0
2024-11-27,HONCL.SN,HON,367480.0,0
2024-11-28,HONCL.SN,HON,367480.0,0
2024-11-29,HONCL.SN,HON,367480.0,0
2024-12-02,HONCL.SN,HON,367480.0,0
2024-12-03,HONCL.SN,HON,367480.0,0
2024-12-04,HONCL.SN,HON,367480.0,0
2024-12-05,HONCL.SN,HON,367480.0,0
2024-12-06,HONCL.SN,HON,367480.0,0
2024-12-09,HONCL.SN,HON,367480.0,0
2024-12-10,HONCL.SN,HON,367480.0,0
2024-12-11,HONCL.SN,HON,367480.0,0
2024-12-12,HONCL.SN,HON,367480.0,0
2024-12-13,HONCL.SN,HON,367480.0,0
2024-12-16,HONCL.SN,HON,367480.0,0
2024-12-17,HONCL.SN,HON,367480.0,0
2024-12-18,HONCL.SN,HON,367480.0,0
2024-12-19,HONCL.SN,HON,367480.0,0
2024-12-20,HONCL.SN,HON,367480.0,11
2024-12-23,HONCL.SN,HON,367480.0,0
2024-12-24,HONCL.SN,HON,367480.0,0
2024-12-26,HONCL.SN,HON,367480.0,0
2024-12-27,HONCL.SN,HON,367480.0,0
2024-12-30,HONCL.SN,HON,367480.0,0
2025-01-02,HONCL.SN,HON,367480.0,1
2025-01-03,HONCL.SN,HON,367480.0,0
2025-01-06,HONCL.SN,HON,367480.0,0
2025-01-07,HONCL.SN,HON,367480.0,0
2025-01-08,HONCL.SN,HON,367480.0,0
2025-01-09,HONCL.SN,HON,367480.0,0
2025-01-10,HONCL.SN,HON,367480.0,0
2025-01-13,HONCL.SN,HON,367480.0,0
2025-01-14,HONCL.SN,HON,367480.0,0
2025-01-15,HONCL.SN,HON,367480.0,0
2025-01-16,HONCL.SN,HON,367480.0,0
2025-01-17,HONCL.SN,HON,367480.0,0
2025-01-20,HONCL.SN,HON,367480.0,0
2025-01-21,HONCL.SN,HON,367480.0,0
2025-01-22,HONCL.SN,HON,367480.0,0
2025-01-23,HONCL.SN,HON,367480.0,0
2025-01-24,HONCL.SN,HON,367480.0,0
2025-01-27,HONCL.SN,HON,367480.0,0
2025-01-28,HONCL.SN,HON,367480.0,0
2025-01-29,HONCL.SN,HON,367480.0,0
2025-01-30,HONCL.SN,HON,367480.0,0
2025-01-31,HONCL.SN,HON,367480.0,0
2025-02-03,HONCL.SN,HON,367480.0,0
2025-02-04,HONCL.SN,HON,367480.0,0
2025-02-05,HONCL.SN,HON,367480.0,0
2025-02-06,HONCL.SN,HON,367480.0,0
2025-02-07,HONCL.SN,HON,367480.0,0
2025-02-10,HONCL.SN,HON,367480.0,0
2025-02-11,HONCL.SN,HON,367480.0,0
2025-02-12,HONCL.SN,HON,367480.0,0
2025-02-13,HONCL.SN,HON,367480.0,0
2025-02-14,HONCL.SN,HON,367480.0,0
2025-02-17,HONCL.SN,HON,367480.0,0
2025-02-18,HONCL.SN,HON,367480.0,0
2025-02-19,HONCL.SN,HON,367480.0,0
2025-02-20,HONCL.SN,HON,367480.0,0
2025-02-21,HONCL.SN,HON,367480.0,0
2025-02-24,HONCL.SN,HON,367480.0,0
2025-02-25,HONCL.SN,HON,367480.0,0
2025-02-26,HONCL.SN,HON,367480.0,0
2025-02-27,HONCL.SN,HON,367480.0,0
2025-02-28,HONCL.SN,HON,367480.0,0
2025-03-03,HONCL.SN,HON,367480.0,0
2025-03-04,HONCL.SN,HON,367480.0,0
2025-03-05,HONCL.SN,HON,367480.0,0
2025-03-06,HONCL.SN,HON,367480.0,0
2025-03-07,HONCL.SN,HON,367480.0,0
2025-03-10,HONCL.SN,HON,367480.0,0
2025-03-11,HONCL.SN,HON,367480.0,0
2025-03-12,HONCL.SN,HON,367480.0,0
2025-03-13,HONCL.SN,HON,367480.0,0
2025-03-14,HONCL.SN,HON,367480.0,0
2025-03-17,HONCL.SN,HON,367480.0,0
2025-03-18,HONCL.SN,HON,367480.0,0
2025-03-19,HONCL.SN,HON,367480.0,0
2025-03-20,HONCL.SN,HON,367480.0,0
2025-03-21,HONCL.SN,HON,367480.0,0
2025-03-24,HONCL.SN,HON,367480.0,0
2025-03-25,HONCL.SN,HON,367480.0,0
2025-03-26,HONCL.SN,HON,367480.0,0
2025-03-27,HONCL.SN,HON,367480.0,0
2025-03-28,HONCL.SN,HON,367480.0,0
2025-03-31,HONCL.SN,HON,367480.0,0
2025-04-01,HONCL.SN,HON,367480.0,0
2025-04-02,HONCL.SN,HON,367480.0,0
2025-04-03,HONCL.SN,HON,367480.0,0
2025-04-04,HONCL.SN,HON,367480.0,0
2025-04-07,HONCL.SN,HON,367480.0,0
2025-04-08,HONCL.SN,HON,367480.0,0
2025-04-09,HONCL.SN,HON,367480.0,0
2025-04-10,HONCL.SN,HON,367480.0,0
2025-04-11,HONCL.SN,HON,367480.0,0
2025-04-14,HONCL.SN,HON,367480.0,0
2025-04-15,HONCL.SN,HON,367480.0,0
2025-04-16,HONCL.SN,HON,367480.0,0
2025-04-17,HONCL.SN,HON,367480.0,0
2025-04-21,HONCL.SN,HON,367480.0,0
2025-04-22,HONCL.SN,HON,367480.0,0
2025-04-23,HONCL.SN,HON,367480.0,0
2025-04-24,HONCL.SN,HON,367480.0,0
2025-04-25,HONCL.SN,HON,367480.0,0
2025-04-28,HONCL.SN,HON,367480.0,0
2025-04-29,HONCL.SN,HON,367480.0,0
2025-04-30,HONCL.SN,HON,367480.0,0
2025-05-02,HONCL.SN,HON,367480.0,0
2025-05-05,HONCL.SN,HON,367480.0,0
2025-05-06,HONCL.SN,HON,367480.0,0
2025-05-07,HONCL.SN,HON,367480.0,0
2025-05-08,HONCL.SN,HON,367480.0,0
2025-05-09,HONCL.SN,HON,367480.0,0
2025-05-12,HONCL.SN,HON,367480.0,0
2025-05-13,HONCL.SN,HON,367480.0,0
2025-05-14,HONCL.SN,HON,367480.0,0
2025-05-15,HONCL.SN,HON,367480.0,0
2025-05-16,HONCL.SN,HON,367480.0,0
2025-05-19,HONCL.SN,HON,367480.0,0
2025-05-20,HONCL.SN,HON,367480.0,0
2025-05-22,HONCL.SN,HON,367480.0,0
2025-05-23,HONCL.SN,HON,367480.0,0
2025-05-26,HONCL.SN,HON,367480.0,0
2025-05-27,HONCL.SN,HON,367480.0,0
2025-05-28,HONCL.SN,HON,367480.0,0
2025-05-29,HONCL.SN,HON,367480.0,0
2025-05-30,HONCL.SN,HON,367480.0,0
2025-06-02,HONCL.SN,HON,367480.0,0
2025-06-03,HONCL.SN,HON,367480.0,0
2025-06-04,HONCL.SN,HON,367480.0,0
2025-06-05,HONCL.SN,HON,367480.0,0
2025-06-06,HONCL.SN,HON,367480.0,0
2025-06-09,HONCL.SN,HON,367480.0,0
2025-06-10,HONCL.SN,HON,367480.0,0
2025-06-11,HONCL.SN,HON,367480.0,0
2025-06-12,HONCL.SN,HON,367480.0,0
2025-06-13,HONCL.SN,HON,367480.0,0
2025-06-16,HONCL.SN,HON,367480.0,0
2025-06-17,HONCL.SN,HON,367480.0,0
2025-06-18,HONCL.SN,HON,367480.0,0
2025-06-19,HONCL.SN,HON,367480.0,0
2025-06-23,HONCL.SN,HON,367480.0,0
2025-06-24,HONCL.SN,HON,367480.0,0
2025-06-25,HONCL.SN,HON,367480.0,0
2025-06-26,HONCL.SN,HON,367480.0,0
2025-06-27,HONCL.SN,HON,367480.0,0
2025-06-30,HONCL.SN,HON,367480.0,0
2025-07-01,HONCL.SN,HON,367480.0,0
2025-07-02,HONCL.SN,HON,367480.0,0
2025-07-03,HONCL.SN,HON,367480.0,0
2025-07-04,HONCL.SN,HON,367480.0,0
2025-07-07,HONCL.SN,HON,367480.0,0
2025-07-08,HONCL.SN,HON,367480.0,0
2025-07-09,HONCL.SN,HON,367480.0,0
2025-07-10,HONCL.SN,HON,367480.0,0
2025-07-11,HONCL.SN,HON,367480.0,0
2025-07-14,HONCL.SN,HON,367480.0,0
2025-07-15,HONCL.SN,HON,367480.0,0
2025-07-17,HONCL.SN,HON,367480.0,0
2025-07-18,HONCL.SN,HON,367480.0,0
2025-07-21,HONCL.SN,HON,367480.0,0
2025-07-22,HONCL.SN,HON,367480.0,0
2025-07-23,HONCL.SN,HON,367480.0,0
2025-07-24,HONCL.SN,HON,367480.0,0
2025-07-25,HONCL.SN,HON,367480.0,0
2025-07-28,HONCL.SN,HON,367480.0,0
2025-07-29,HONCL.SN,HON,367480.0,0
2025-07-30,HONCL.SN,HON,367480.0,0
2025-07-31,HONCL.SN,HON,367480.0,0
2025-08-01,HONCL.SN,HON,367480.0,0
2025-08-04,HONCL.SN,HON,367480.0,0
2025-08-05,HONCL.SN,HON,367480.0,0
2025-08-06,HONCL.SN,HON,367480.0,0
2025-08-07,HONCL.SN,HON,367480.0,0
2025-08-08,HONCL.SN,HON,367480.0,0
2025-08-11,HONCL.SN,HON,367480.0,0
2025-08-12,HONCL.SN,HON,367480.0,0
2025-08-13,HONCL.SN,HON,367480.0,0
2025-08-14,HONCL.SN,HON,367480.0,0
2025-08-18,HONCL.SN,HON,367480.0,1
2025-08-19,HONCL.SN,HON,367480.0,0
2025-08-20,HONCL.SN,HON,367480.0,0
2025-08-21,HONCL.SN,HON,367480.0,0
2025-08-22,HONCL.SN,HON,367480.0,0
2025-08-25,HONCL.SN,HON,367480.0,0
2025-08-26,HONCL.SN,HON,367480.0,0
2025-08-27,HONCL.SN,HON,367480.0,0
2025-08-28,HONCL.SN,HON,367480.0,0
2025-08-29,HONCL.SN,HON,367480.0,0
2025-09-01,HONCL.SN,HON,367480.0,0
2025-09-02,HONCL.SN,HON,367480.0,0
2025-09-03,HONCL.SN,HON,367480.0,0
2025-09-04,HONCL.SN,HON,367480.0,0
2025-09-05,HONCL.SN,HON,367480.0,0
2025-09-08,HONCL.SN,HON,367480.0,0
2025-09-09,HONCL.SN,HON,367480.0,0
2025-09-10,HONCL.SN,HON,367480.0,0
2025-09-11,HONCL.SN,HON,367480.0,0
2025-09-12,HONCL.SN,HON,367480.0,0
2025-09-15,HONCL.SN,HON,367480.0,0
2025-09-16,HONCL.SN,HON,367480.0,0
2025-09-17,HONCL.SN,HON,367480.0,0
2025-09-22,HONCL.SN,HON,367480.0,0
2025-09-23,HONCL.SN,HON,367480.0,0
2025-09-24,HONCL.SN,HON,367480.0,0
2025-09-25,HONCL.SN,HON,367480.0,0
2025-09-26,HONCL.SN,HON,367480.0,0
2025-09-29,HONCL.SN,HON,367480.0,0
2025-09-30,HONCL.SN,HON,367480.0,0
2025-10-01,HONCL.SN,HON,367480.0,0
2025-10-02,HONCL.SN,HON,367480.0,0
2025-10-03,HONCL.SN,HON,367480.0,0
2025-10-06,HONCL.SN,HON,367480.0,0
2025-10-07,HONCL.SN,HON,367480.0,0
2025-10-08,HONCL.SN,HON,367480.0,0
2025-10-09,HONCL.SN,HON,367480.0,0
2025-10-10,HONCL.SN,HON,367480.0,0
2025-10-13,HONCL.SN,HON,367480.0,0
2025-10-14,HONCL.SN,HON,367480.0,0
2025-10-15,HONCL.SN,HON,367480.0,0
2025-10-16,HONCL.SN,HON,367480.0,0
2025-10-17,HONCL.SN,HON,367480.0,0
2025-10-20,HONCL.SN,HON,367480.0,0
2025-10-21,HONCL.SN,HON,367480.0,0
2025-10-22,HONCL.SN,HON,367480.0,0
2025-10-23,HONCL.SN,HON,367480.0,0
2025-10-24,HONCL.SN,HON,367480.0,0
2025-10-27,HONCL.SN,HON,367480.0,0
2025-10-28,HONCL.SN,HON,367480.0,0
2025-10-29,HONCL.SN,HON,367480.0,0
2025-10-30,HONCL.SN,HON,367480.0,0
2025-11-03,HONCL.SN,HON,367480.0,0
2025-11-04,HONCL.SN,HON,367480.0,0
2025-11-05,HONCL.SN,HON,367480.0,0
2025-11-06,HONCL.SN,HON,367480.0,0
2025-11-07,HONCL.SN,HON,367480.0,0
2025-11-10,HONCL.SN,HON,367480.0,0
2025-11-11,HONCL.SN,HON,367480.0,0
2025-11-12,HONCL.SN,HON,367480.0,0
2025-11-13,HONCL.SN,HON,367480.0,0
2025-11-14,HONCL.SN,HON,367480.0,0
2025-11-17,HONCL.SN,HON,367480.0,0
2025-11-18,HONCL.SN,HON,367480.0,0
2025-11-19,HONCL.SN,HON,367480.0,0
2025-11-20,HONCL.SN,HON,367480.0,0
2025-11-21,HONCL.SN,HON,367480.0,0
2025-11-24,HONCL.SN,HON,367480.0,0
2025-11-25,HONCL.SN,HON,367480.0,0
2025-11-26,HONCL.SN,HON,367480.0,0
2025-11-27,HONCL.SN,HON,367480.0,0
2025-11-28,HONCL.SN,HON,367480.0,0
2025-12-01,HONCL.SN,HON,367480.0,0
2025-12-02,HONCL.SN,HON,367480.0,0
2025-12-03,HONCL.SN,HON,367480.0,0
2025-12-04,HONCL.SN,HON,367480.0,0
2025-12-05,HONCL.SN,HON,367480.0,0
2025-12-09,HONCL.SN,HON,367480.0,0
2025-12-10,HONCL.SN,HON,367480.0,0
2025-12-11,HONCL.SN,HON,367480.0,0
2025-12-12,HONCL.SN,HON,367480.0,0
2025-12-15,HONCL.SN,HON,367480.0,0
2025-12-16,HONCL.SN,HON,367480.0,0
2025-12-17,HONCL.SN,HON,367480.0,0
2025-12-18,HONCL.SN,HON,367480.0,0
2025-12-19,HONCL.SN,HON,367480.0,0
2025-12-22,HONCL.SN,HON,367480.0,0
2025-12-23,HONCL.SN,HON,367480.0,0
2025-12-24,HONCL.SN,HON,367480.0,0
2025-12-26,HONCL.SN,HON,367480.0,0
2025-12-29,HONCL.SN,HON,367480.0,0
2025-12-30,HONCL.SN,HON,367480.0,0
2026-01-02,HONCL.SN,HON,367480.0,0
2026-01-05,HONCL.SN,HON,367480.0,0
2026-01-06,HONCL.SN,HON,367480.0,0
2026-01-07,HONCL.SN,HON,367480.0,0
2026-01-08,HONCL.SN,HON,367480.0,0
2026-01-09,HONCL.SN,HON,367480.0,0
2026-01-12,HONCL.SN,HON,367480.0,0
2026-01-13,HONCL.SN,HON,367480.0,0
2026-01-14,HONCL.SN,HON,367480.0,0
2026-01-15,HONCL.SN,HON,367480.0,0
2026-01-16,HONCL.SN,HON,367480.0,4
2026-01-19,HONCL.SN,HON,367480.0,0
2026-01-20,HONCL.SN,HON,367480.0,0
2026-01-21,HONCL.SN,HON,367480.0,0
2026-01-22,HONCL.SN,HON,367480.0,0
2026-01-23,HONCL.SN,HON,367480.0,0
2026-01-26,HONCL.SN,HON,367480.0,0
2026-01-27,HONCL.SN,HON,367480.0,0
2026-01-28,HONCL.SN,HON,367480.0,0
2026-01-29,HONCL.SN,HON,367480.0,0
2026-01-30,HONCL.SN,HON,367480.0,0
2026-02-02,HONCL.SN,HON,367480.0,0
2026-02-03,HONCL.SN,HON,367480.0,0
2026-02-04,HONCL.SN,HON,367480.0,0
2026-02-05,HONCL.SN,HON,367480.0,0
2026-02-06,HONCL.SN,HON,367480.0,0
2026-02-09,HONCL.SN,HON,367480.0,0
2026-02-10,HONCL.SN,HON,367480.0,0
2026-02-11,HONCL.SN,HON,367480.0,0
2026-02-12,HONCL.SN,HON,367480.0,0
2026-02-13,HONCL.SN,HON,367480.0,0
2026-02-16,HONCL.SN,HON,367480.0,0
2026-02-17,HONCL.SN,HON,367480.0,0
2026-02-18,HONCL.SN,HON,367480.0,0
2026-02-19,HONCL.SN,HON,367480.0,0
2026-02-20,HONCL.SN,HON,367480.0,0
2026-02-23,HONCL.SN,HON,367480.0,0
2026-02-24,HONCL.SN,HON,367480.0,7
2026-02-25,HONCL.SN,HON,367480.0,0
2026-02-26,HONCL.SN,HON,367480.0,0
2026-02-27,HONCL.SN,HON,367480.0,0
2026-03-02,HONCL.SN,HON,367480.0,0
2026-03-03,HONCL.SN,HON,367480.0,0
2026-03-04,HONCL.SN,HON,367480.0,0
2026-03-05,HONCL.SN,HON,367480.0,0
2026-03-06,HONCL.SN,HON,367480.0,0
2026-03-09,HONCL.SN,HON,367480.0,0
2026-03-10,HONCL.SN,HON,367480.0,0
2026-03-11,HONCL.SN,HON,367480.0,0
2026-03-12,HONCL.SN,HON,367480.0,0
2026-03-13,HONCL.SN,HON,367480.0,0
2026-03-16,HONCL.SN,HON,367480.0,0
2026-03-17,HONCL.SN,HON,367480.0,0
2026-03-18,HONCL.SN,HON,367480.0,0
2026-03-19,HONCL.SN,HON,367480.0,0
2026-03-20,HONCL.SN,HON,367480.0,0
2026-03-23,HONCL.SN,HON,367480.0,0
2026-03-24,HONCL.SN,HON,367480.0,0
2026-03-25,HONCL.SN,HON,367480.0,0
2026-03-26,HONCL.SN,HON,367480.0,0
2026-03-27,HONCL.SN,HON,367480.0,0
2026-03-30,HONCL.SN,HON,367480.0,0
2026-03-31,HONCL.SN,HON,367480.0,0
2026-04-01,HONCL.SN,HON,367480.0,0
2026-04-02,HONCL.SN,HON,367480.0,0
2026-04-06,HONCL.SN,HON,367480.0,0
2026-04-07,HONCL.SN,HON,367480.0,0
2026-04-08,HONCL.SN,HON,367480.0,0
2026-04-09,HONCL.SN,HON,367480.0,0
2026-04-10,HONCL.SN,HON,367480.0,0
2026-04-13,HONCL.SN,HON,367480.0,0
2026-04-14,HONCL.SN,HON,367480.0,0
2026-04-15,HONCL.SN,HON,367480.0,0
2026-04-16,HONCL.SN,HON,367480.0,0
2026-04-17,HONCL.SN,HON,367480.0,0
2026-04-20,HONCL.SN,HON,367480.0,0
2026-04-21,HONCL.SN,HON,367480.0,0
2026-04-22,HONCL.SN,HON,367480.0,0
2026-04-23,HONCL.SN,HON,367480.0,0
2026-04-24,HONCL.SN,HON,367480.0,0
2026-04-27,HONCL.SN,HON,367480.0,0
2026-04-28,HONCL.SN,HON,367480.0,0
2026-04-29,HONCL.SN,HON,367480.0,0
2026-04-30,HONCL.SN,HON,367480.0,0
2026-05-04,HONCL.SN,HON,367480.0,0
2026-05-05,HONCL.SN,HON,367480.0,0
2026-05-06,HONCL.SN,HON,367480.0,0
2026-05-07,HONCL.SN,HON,367480.0,0
2026-05-08,HONCL.SN,HON,367480.0,0
2026-05-11,HONCL.SN,HON,367480.0,0
2026-05-12,HONCL.SN,HON,367480.0,0
2026-05-13,HONCL.SN,HON,367480.0,0
2026-05-14,HONCL.SN,HON,367480.0,0
2026-05-15,HONCL.SN,HON,367480.0,0
2026-05-18,HONCL.SN,HON,367480.0,0
2026-05-19,HONCL.SN,HON,367480.0,0
2026-05-20,HONCL.SN,HON,367480.0,0
2026-05-22,HONCL.SN,HON,367480.0,0
2026-05-25,HONCL.SN,HON,367480.0,0
2026-05-26,HONCL.SN,HON,367480.0,0
2026-05-27,HONCL.SN,HON,367480.0,12
2026-05-28,HONCL.SN,HON,367480.0,0
2026-05-29,HONCL.SN,HON,367480.0,0
2026-06-01,HONCL.SN,HON,367480.0,0
2026-06-02,HONCL.SN,HON,367480.0,0
2026-06-03,HONCL.SN,HON,367480.0,0
2026-06-04,HONCL.SN,HON,367480.0,0
2026-06-05,HONCL.SN,HON,367480.0,3
2026-06-08,HONCL.SN,HON,367480.0,0
2026-06-09,HONCL.SN,HON,367480.0,0
2026-06-10,HONCL.SN,HON,367480.0,0
2026-06-11,HONCL.SN,HON,367480.0,0
2026-06-12,HONCL.SN,HON,367480.0,0
2026-06-15,HONCL.SN,HON,367480.0,0
2026-06-16,HONCL.SN,HON,367480.0,0
2026-06-17,HONCL.SN,HON,367480.0,0
2026-06-18,HONCL.SN,HON,367480.0,0
2026-06-19,HONCL.SN,HON,367480.0,0
2026-06-22,HONCL.SN,HON,367480.0,0
2026-06-23,HONCL.SN,HON,367480.0,0
2026-06-24,HONCL.SN,HON,367480.0,0
2026-06-25,HONCL.SN,HON,367480.0,0
2026-06-26,HONCL.SN,HON,367480.0,0
2026-06-30,HONCL.SN,HON,183740.0,0
2026-07-01,HONCL.SN,HON,183740.0,8
2026-07-02,HONCL.SN,HON,183740.0,0
2026-07-03,HONCL.SN,HON,183740.0,0
2026-07-06,HONCL.SN,HON,183740.0,0
2026-07-07,HONCL.SN,HON,183740.0,0
2026-07-08,HONCL.SN,HON,183740.0,0
2026-07-09,HONCL.SN,HON,183740.0,0
2026-07-10,HONCL.SN,HON,183740.0,0
2026-07-13,HONCL.SN,HON,183740.0,0
2026-07-14,HONCL.SN,HON,183740.0,0
2026-07-15,HONCL.SN,HON,183740.0,0
2026-07-17,HONCL.SN,HON,183740.0,0
2026-07-20,HONCL.SN,HON,183740.0,0
2026-07-21,HONCL.SN,HON,211030.0,0
2026-07-22,HONCL.SN,HON,218750.0,15
2026-07-23,HONCL.SN,HON,218750.0,0
2026-07-24,HONCL.SN,HON,218750.0,0
2026-07-27,HONCL.SN,HON,218750.0,0
2026-07-28,HONCL.SN,HON,231840.0,0
2026-07-29,HONCL.SN,HON,231840.0,0
2026-07-30,HONCL.SN,HON,231840.0,0
2026-07-31,HONCL.SN,HON,231840.0,0
2026-08-03,HONCL.SN,HON,231840.0,1
2026-08-04,HONCL.SN,HON,228240.0,0
2026-08-05,HONCL.SN,HON,228240.0,0
2026-08-06,HONCL.SN,HON,228240.0,0
2026-08-07,HONCL.SN,HON,228240.0,0
2026-08-10,HONCL.SN,HON,228240.0,0
2026-08-11,HONCL.SN,HON,222600.0,0
2026-08-12,HONCL.SN,HON,222600.0,0
2026-08-13,HONCL.SN,HON,222600.0,0
2026-08-14,HONCL.SN,HON,222600.0,0
2026-08-17,HONCL.SN,HON,222600.0,0
2026-08-18,HONCL.SN,HON,209760.0,0
2026-08-19,HONCL.SN,HON,209760.0,0
2026-08-20,HONCL.SN,HON,209760.0,0
2026-08-21,HONCL.SN,HON,209760.0,0
2026-08-24,HONCL.SN,HON,209760.0,0
2026-08-25,HONCL.SN,HON,196440.0,0
2026-08-26,HONCL.SN,HON,196440.0,0
2026-08-27,HONCL.SN,HON,196440.0,0
2026-08-28,HONCL.SN,HON,196440.0,0
2026-08-31,HONCL.SN,HON,196440.0,0
2026-09-01,HONCL.SN,HON,196440.0,0
2026-09-02,HONCL.SN,HON,196440.0,0
2026-09-03,HONCL.SN,HON,196440.0,0
2026-09-04,HONCL.SN,HON,196440.0,0
2026-09-07,HONCL.SN,HON,196440.0,0
2026-09-08,HONCL.SN,HON,196440.0,0
2026-09-09,HONCL.SN,HON,193040.0,0
2026-09-10,HONCL.SN,HON,193040.0,0
2026-09-11,HONCL.SN,HON,193040.0,0
2026-09-14,HONCL.SN,HON,193040.0,0
2026-09-15,HONCL.SN,HON,192830.0,0
2026-09-16,HONCL.SN,HON,192830.0,0
2026-09-17,HONCL.SN,HON,192830.0,0
2026-09-21,HONCL.SN,HON,192830.0,0
2025-12-18,IAUCL.SN,IAU,74668.0,0
2025-12-19,IAUCL.SN,IAU,74668.0,36
2025-12-22,IAUCL.SN,IAU,74668.0,6
2025-12-23,IAUCL.SN,IAU,76136.0,2666
2025-12-24,IAUCL.SN,IAU,76136.0,70
2025-12-26,IAUCL.SN,IAU,76136.0,81
2025-12-29,IAUCL.SN,IAU,75863.0,167
2025-12-30,IAUCL.SN,IAU,74000.0,2369
2026-01-02,IAUCL.SN,IAU,74000.0,5498
2026-01-05,IAUCL.SN,IAU,74000.0,1
2026-01-06,IAUCL.SN,IAU,75783.0,781
2026-01-07,IAUCL.SN,IAU,74939.0,2981
2026-01-08,IAUCL.SN,IAU,74800.0,464
2026-01-09,IAUCL.SN,IAU,74800.0,249
2026-01-12,IAUCL.SN,IAU,75314.0,477
2026-01-13,IAUCL.SN,IAU,76500.0,334
2026-01-14,IAUCL.SN,IAU,76596.0,646
2026-01-15,IAUCL.SN,IAU,77013.0,774
2026-01-16,IAUCL.SN,IAU,76816.0,563
2026-01-19,IAUCL.SN,IAU,76698.0,212
2026-01-20,IAUCL.SN,IAU,78721.0,170
2026-01-21,IAUCL.SN,IAU,79890.0,225
2026-01-22,IAUCL.SN,IAU,80000.0,993
2026-01-23,IAUCL.SN,IAU,81404.0,126
2026-01-26,IAUCL.SN,IAU,82794.0,821
2026-01-27,IAUCL.SN,IAU,82794.0,76
2026-01-28,IAUCL.SN,IAU,85440.0,244
2026-01-29,IAUCL.SN,IAU,87582.0,1931
2026-01-30,IAUCL.SN,IAU,77978.0,419
2026-02-02,IAUCL.SN,IAU,77978.0,70
2026-02-03,IAUCL.SN,IAU,79812.0,2066
2026-02-04,IAUCL.SN,IAU,80749.0,964
2026-02-05,IAUCL.SN,IAU,78605.0,110
2026-02-06,IAUCL.SN,IAU,78605.0,35
2026-02-09,IAUCL.SN,IAU,80182.0,411
2026-02-10,IAUCL.SN,IAU,81031.0,228
2026-02-11,IAUCL.SN,IAU,81300.0,1093
2026-02-12,IAUCL.SN,IAU,80500.0,524
2026-02-13,IAUCL.SN,IAU,80500.0,377
2026-02-16,IAUCL.SN,IAU,80500.0,0
2026-02-17,IAUCL.SN,IAU,80004.0,207
2026-02-18,IAUCL.SN,IAU,80960.0,259
2026-02-19,IAUCL.SN,IAU,81618.0,117
2026-02-20,IAUCL.SN,IAU,82700.0,381
2026-02-23,IAUCL.SN,IAU,85241.0,111
2026-02-24,IAUCL.SN,IAU,84146.0,147
2026-02-25,IAUCL.SN,IAU,84146.0,0
2026-02-26,IAUCL.SN,IAU,84146.0,63
2026-02-27,IAUCL.SN,IAU,84146.0,75
2026-03-02,IAUCL.SN,IAU,88174.0,1083
2026-03-03,IAUCL.SN,IAU,88490.0,1075
2026-03-04,IAUCL.SN,IAU,88376.0,874
2026-03-05,IAUCL.SN,IAU,86995.0,661
2026-03-06,IAUCL.SN,IAU,86995.0,18
2026-03-09,IAUCL.SN,IAU,86500.0,202
2026-03-10,IAUCL.SN,IAU,87000.0,370
2026-03-11,IAUCL.SN,IAU,87600.0,113
2026-03-12,IAUCL.SN,IAU,89970.0,129
2026-03-13,IAUCL.SN,IAU,89970.0,50
2026-03-16,IAUCL.SN,IAU,89970.0,15
2026-03-17,IAUCL.SN,IAU,89970.0,47
2026-03-18,IAUCL.SN,IAU,89970.0,0
2026-03-19,IAUCL.SN,IAU,81488.0,1082
2026-03-20,IAUCL.SN,IAU,81488.0,11
2026-03-23,IAUCL.SN,IAU,76440.0,836
2026-03-24,IAUCL.SN,IAU,76541.0,252
2026-03-25,IAUCL.SN,IAU,76541.0,34
2026-03-26,IAUCL.SN,IAU,77075.0,166
2026-03-27,IAUCL.SN,IAU,78563.0,239
2026-03-30,IAUCL.SN,IAU,78563.0,0
2026-03-31,IAUCL.SN,IAU,78563.0,1
2026-04-01,IAUCL.SN,IAU,78563.0,28
2026-04-02,IAUCL.SN,IAU,78563.0,60
2026-04-06,IAUCL.SN,IAU,80681.0,193
2026-04-07,IAUCL.SN,IAU,80681.0,7
2026-04-08,IAUCL.SN,IAU,80389.0,130
2026-04-09,IAUCL.SN,IAU,80389.0,0
2026-04-10,IAUCL.SN,IAU,80389.0,23
2026-04-13,IAUCL.SN,IAU,79817.0,164
2026-04-14,IAUCL.SN,IAU,79817.0,1
2026-04-15,IAUCL.SN,IAU,79817.0,1
2026-04-16,IAUCL.SN,IAU,79817.0,1
2026-04-17,IAUCL.SN,IAU,79817.0,0
2026-04-20,IAUCL.SN,IAU,79817.0,0
2026-04-21,IAUCL.SN,IAU,79817.0,0
2026-04-22,IAUCL.SN,IAU,79600.0,145
2026-04-23,IAUCL.SN,IAU,79600.0,45
2026-04-24,IAUCL.SN,IAU,79600.0,0
2026-04-27,IAUCL.SN,IAU,79600.0,8
2026-04-28,IAUCL.SN,IAU,79600.0,10
2026-04-29,IAUCL.SN,IAU,79600.0,8
2026-04-30,IAUCL.SN,IAU,78910.0,600
2026-05-04,IAUCL.SN,IAU,78910.0,28
2026-05-05,IAUCL.SN,IAU,76950.0,121
2026-05-06,IAUCL.SN,IAU,78510.0,1324
2026-05-07,IAUCL.SN,IAU,78510.0,0
2026-05-08,IAUCL.SN,IAU,78510.0,0
2026-05-11,IAUCL.SN,IAU,78510.0,1
2026-05-12,IAUCL.SN,IAU,78510.0,0
2026-05-13,IAUCL.SN,IAU,78510.0,0
2026-05-14,IAUCL.SN,IAU,78510.0,0
2026-05-15,IAUCL.SN,IAU,78510.0,78
2026-05-18,IAUCL.SN,IAU,76800.0,172
2026-05-19,IAUCL.SN,IAU,76800.0,284
2026-05-20,IAUCL.SN,IAU,76800.0,7
2026-05-22,IAUCL.SN,IAU,76800.0,0
2026-05-25,IAUCL.SN,IAU,76800.0,0
2026-05-26,IAUCL.SN,IAU,76072.0,394
2026-05-27,IAUCL.SN,IAU,76072.0,23
2026-05-28,IAUCL.SN,IAU,76072.0,5
2026-05-29,IAUCL.SN,IAU,76072.0,1
2026-06-01,IAUCL.SN,IAU,75010.0,129
2026-06-02,IAUCL.SN,IAU,74801.0,525
2026-06-03,IAUCL.SN,IAU,74801.0,23
2026-06-04,IAUCL.SN,IAU,74801.0,16
2026-06-05,IAUCL.SN,IAU,74811.0,184
2026-06-08,IAUCL.SN,IAU,74551.0,218
2026-06-09,IAUCL.SN,IAU,74551.0,39
2026-06-10,IAUCL.SN,IAU,71898.0,127
2026-06-11,IAUCL.SN,IAU,71898.0,31
2026-06-12,IAUCL.SN,IAU,71898.0,6
2026-06-15,IAUCL.SN,IAU,71898.0,80
2026-06-16,IAUCL.SN,IAU,71898.0,60
2026-06-17,IAUCL.SN,IAU,71898.0,60
2026-06-18,IAUCL.SN,IAU,71898.0,1
2026-06-19,IAUCL.SN,IAU,71898.0,0
2026-06-22,IAUCL.SN,IAU,71898.0,1
2026-06-23,IAUCL.SN,IAU,71898.0,9
2026-06-24,IAUCL.SN,IAU,69200.0,271
2026-06-25,IAUCL.SN,IAU,69538.0,159
2026-06-26,IAUCL.SN,IAU,69538.0,34
2026-06-30,IAUCL.SN,IAU,69538.0,54
2026-07-01,IAUCL.SN,IAU,71170.0,367
2026-07-02,IAUCL.SN,IAU,71170.0,0
2026-07-03,IAUCL.SN,IAU,71170.0,1
2026-07-06,IAUCL.SN,IAU,71170.0,27
2026-07-07,IAUCL.SN,IAU,71170.0,9
2026-07-08,IAUCL.SN,IAU,70167.0,420
2026-07-09,IAUCL.SN,IAU,72390.0,145
2026-07-10,IAUCL.SN,IAU,72390.0,3
2026-07-13,IAUCL.SN,IAU,72390.0,18
2026-07-14,IAUCL.SN,IAU,72390.0,4
2026-07-15,IAUCL.SN,IAU,72390.0,0
2026-07-17,IAUCL.SN,IAU,70750.0,210
2026-07-20,IAUCL.SN,IAU,70750.0,0
2026-07-21,IAUCL.SN,IAU,71981.0,477
2026-07-22,IAUCL.SN,IAU,72500.0,1341
2026-07-23,IAUCL.SN,IAU,72500.0,0
2026-07-24,IAUCL.SN,IAU,72500.0,15
2026-07-27,IAUCL.SN,IAU,72500.0,0
2026-07-28,IAUCL.SN,IAU,72434.0,10
2026-07-29,IAUCL.SN,IAU,72434.0,127
2026-07-30,IAUCL.SN,IAU,72434.0,404
2026-07-31,IAUCL.SN,IAU,72434.0,0
2026-08-03,IAUCL.SN,IAU,72434.0,0
2026-08-04,IAUCL.SN,IAU,70110.0,22
2026-08-05,IAUCL.SN,IAU,73366.0,27
2026-08-06,IAUCL.SN,IAU,73366.0,3
2026-08-07,IAUCL.SN,IAU,73366.0,52
2026-08-10,IAUCL.SN,IAU,73366.0,0
2026-08-11,IAUCL.SN,IAU,75604.0,10
2026-08-12,IAUCL.SN,IAU,75800.0,68
2026-08-13,IAUCL.SN,IAU,75800.0,373
2026-08-14,IAUCL.SN,IAU,75999.0,23
2026-08-17,IAUCL.SN,IAU,75999.0,3
2026-08-18,IAUCL.SN,IAU,75978.0,0
2026-08-19,IAUCL.SN,IAU,75978.0,0
2026-08-20,IAUCL.SN,IAU,75978.0,0
2026-08-21,IAUCL.SN,IAU,75978.0,0
2026-08-24,IAUCL.SN,IAU,80000.0,60
2026-08-25,IAUCL.SN,IAU,80004.0,2
2026-08-26,IAUCL.SN,IAU,80004.0,18
2026-08-27,IAUCL.SN,IAU,80004.0,0
2026-08-28,IAUCL.SN,IAU,78950.0,54
2026-08-31,IAUCL.SN,IAU,78950.0,0
2026-09-01,IAUCL.SN,IAU,78950.0,0
2026-09-02,IAUCL.SN,IAU,78950.0,0
2026-09-03,IAUCL.SN,IAU,78000.0,187
2026-09-04,IAUCL.SN,IAU,78400.0,300
2026-09-07,IAUCL.SN,IAU,78400.0,0
2026-09-08,IAUCL.SN,IAU,78400.0,12
2026-09-09,IAUCL.SN,IAU,77300.0,62
2026-09-10,IAUCL.SN,IAU,77300.0,0
2026-09-11,IAUCL.SN,IAU,77200.0,13
2026-09-14,IAUCL.SN,IAU,77200.0,0
2026-09-15,IAUCL.SN,IAU,77000.0,24
2026-09-16,IAUCL.SN,IAU,76500.0,60
2026-09-17,IAUCL.SN,IAU,76500.0,0
2026-09-21,IAUCL.SN,IAU,76500.0,0
2026-09-22,IAUCL.SN,IAU,77400.0,45
2024-09-23,INTCCL.SN,INTC,33909.0,4
2024-09-24,INTCCL.SN,INTC,33909.0,0
2024-09-25,INTCCL.SN,INTC,33909.0,130
2024-09-26,INTCCL.SN,INTC,33909.0,0
2024-09-27,INTCCL.SN,INTC,21600.0,503
2024-09-30,INTCCL.SN,INTC,21600.0,55
2024-10-01,INTCCL.SN,INTC,21600.0,0
2024-10-02,INTCCL.SN,INTC,21600.0,0
2024-10-03,INTCCL.SN,INTC,21600.0,7
2024-10-04,INTCCL.SN,INTC,21600.0,0
2024-10-07,INTCCL.SN,INTC,21600.0,55
2024-10-08,INTCCL.SN,INTC,21600.0,255
2024-10-09,INTCCL.SN,INTC,21600.0,45
2024-10-10,INTCCL.SN,INTC,21600.0,0
2024-10-11,INTCCL.SN,INTC,21600.0,0
2024-10-14,INTCCL.SN,INTC,21600.0,5
2024-10-15,INTCCL.SN,INTC,21600.0,6
2024-10-16,INTCCL.SN,INTC,21600.0,45
2024-10-17,INTCCL.SN,INTC,21600.0,0
2024-10-18,INTCCL.SN,INTC,21600.0,280
2024-10-21,INTCCL.SN,INTC,21600.0,0
2024-10-22,INTCCL.SN,INTC,21600.0,0
2024-10-23,INTCCL.SN,INTC,21600.0,94
2024-10-24,INTCCL.SN,INTC,21600.0,0
2024-10-25,INTCCL.SN,INTC,21600.0,0
2024-10-28,INTCCL.SN,INTC,21600.0,0
2024-10-29,INTCCL.SN,INTC,21600.0,3
2024-10-30,INTCCL.SN,INTC,21600.0,0
2024-11-04,INTCCL.SN,INTC,21600.0,0
2024-11-05,INTCCL.SN,INTC,21600.0,0
2024-11-06,INTCCL.SN,INTC,21600.0,0
2024-11-07,INTCCL.SN,INTC,21600.0,0
2024-11-08,INTCCL.SN,INTC,21600.0,0
2024-11-11,INTCCL.SN,INTC,21600.0,180
2024-11-12,INTCCL.SN,INTC,21600.0,0
2024-11-13,INTCCL.SN,INTC,21600.0,0
2024-11-14,INTCCL.SN,INTC,21600.0,1
2024-11-15,INTCCL.SN,INTC,21600.0,0
2024-11-18,INTCCL.SN,INTC,21600.0,0
2024-11-19,INTCCL.SN,INTC,21600.0,0
2024-11-20,INTCCL.SN,INTC,21600.0,0
2024-11-21,INTCCL.SN,INTC,21600.0,21
2024-11-22,INTCCL.SN,INTC,21600.0,3
2024-11-25,INTCCL.SN,INTC,21600.0,0
2024-11-26,INTCCL.SN,INTC,21600.0,0
2024-11-27,INTCCL.SN,INTC,21600.0,40
2024-11-28,INTCCL.SN,INTC,21600.0,0
2024-11-29,INTCCL.SN,INTC,21600.0,0
2024-12-02,INTCCL.SN,INTC,21600.0,0
2024-12-03,INTCCL.SN,INTC,21600.0,31
2024-12-04,INTCCL.SN,INTC,21528.0,1296
2024-12-05,INTCCL.SN,INTC,21528.0,39
2024-12-06,INTCCL.SN,INTC,21528.0,18
2024-12-09,INTCCL.SN,INTC,21528.0,7
2024-12-10,INTCCL.SN,INTC,19900.0,635
2024-12-11,INTCCL.SN,INTC,19900.0,1
2024-12-12,INTCCL.SN,INTC,19900.0,88
2024-12-13,INTCCL.SN,INTC,19900.0,50
2024-12-16,INTCCL.SN,INTC,19900.0,25
2024-12-17,INTCCL.SN,INTC,19900.0,0
2024-12-18,INTCCL.SN,INTC,19900.0,0
2024-12-19,INTCCL.SN,INTC,19900.0,49
2024-12-20,INTCCL.SN,INTC,19900.0,37
2024-12-23,INTCCL.SN,INTC,19900.0,0
2024-12-24,INTCCL.SN,INTC,19900.0,0
2024-12-26,INTCCL.SN,INTC,19900.0,0
2024-12-27,INTCCL.SN,INTC,19900.0,0
2024-12-30,INTCCL.SN,INTC,19900.0,0
2025-01-02,INTCCL.SN,INTC,19900.0,0
2025-01-03,INTCCL.SN,INTC,19900.0,51
2025-01-06,INTCCL.SN,INTC,19900.0,0
2025-01-07,INTCCL.SN,INTC,19900.0,0
2025-01-08,INTCCL.SN,INTC,19900.0,0
2025-01-09,INTCCL.SN,INTC,19900.0,0
2025-01-10,INTCCL.SN,INTC,19900.0,0
2025-01-13,INTCCL.SN,INTC,19900.0,0
2025-01-14,INTCCL.SN,INTC,19900.0,0
2025-01-15,INTCCL.SN,INTC,19900.0,0
2025-01-16,INTCCL.SN,INTC,19900.0,0
2025-01-17,INTCCL.SN,INTC,19900.0,0
2025-01-20,INTCCL.SN,INTC,19900.0,0
2025-01-21,INTCCL.SN,INTC,19900.0,298
2025-01-22,INTCCL.SN,INTC,19900.0,22
2025-01-23,INTCCL.SN,INTC,21000.0,1430
2025-01-24,INTCCL.SN,INTC,21000.0,4
2025-01-27,INTCCL.SN,INTC,21000.0,15
2025-01-28,INTCCL.SN,INTC,21000.0,0
2025-01-29,INTCCL.SN,INTC,21000.0,7
2025-01-30,INTCCL.SN,INTC,21000.0,0
2025-01-31,INTCCL.SN,INTC,21000.0,105
2025-02-03,INTCCL.SN,INTC,21000.0,0
2025-02-04,INTCCL.SN,INTC,21000.0,0
2025-02-05,INTCCL.SN,INTC,21000.0,0
2025-02-06,INTCCL.SN,INTC,21000.0,0
2025-02-07,INTCCL.SN,INTC,21000.0,103
2025-02-10,INTCCL.SN,INTC,21000.0,50
2025-02-11,INTCCL.SN,INTC,21000.0,102
2025-02-12,INTCCL.SN,INTC,21000.0,0
2025-02-13,INTCCL.SN,INTC,21000.0,103
2025-02-14,INTCCL.SN,INTC,21000.0,148
2025-02-17,INTCCL.SN,INTC,21000.0,0
2025-02-18,INTCCL.SN,INTC,24407.0,459
2025-02-19,INTCCL.SN,INTC,24407.0,115
2025-02-20,INTCCL.SN,INTC,24407.0,0
2025-02-21,INTCCL.SN,INTC,24407.0,32
2025-02-24,INTCCL.SN,INTC,24407.0,203
2025-02-25,INTCCL.SN,INTC,24407.0,0
2025-02-26,INTCCL.SN,INTC,24407.0,0
2025-02-27,INTCCL.SN,INTC,24407.0,0
2025-02-28,INTCCL.SN,INTC,24407.0,0
2025-03-03,INTCCL.SN,INTC,24407.0,0
2025-03-04,INTCCL.SN,INTC,24407.0,0
2025-03-05,INTCCL.SN,INTC,24407.0,0
2025-03-06,INTCCL.SN,INTC,24407.0,0
2025-03-07,INTCCL.SN,INTC,24407.0,24
2025-03-10,INTCCL.SN,INTC,24407.0,0
2025-03-11,INTCCL.SN,INTC,24407.0,35
2025-03-12,INTCCL.SN,INTC,24407.0,0
2025-03-13,INTCCL.SN,INTC,24407.0,0
2025-03-14,INTCCL.SN,INTC,24407.0,114
2025-03-17,INTCCL.SN,INTC,24407.0,54
2025-03-18,INTCCL.SN,INTC,24126.0,1263
2025-03-19,INTCCL.SN,INTC,24126.0,326
2025-03-20,INTCCL.SN,INTC,24126.0,0
2025-03-21,INTCCL.SN,INTC,24126.0,0
2025-03-24,INTCCL.SN,INTC,24126.0,0
2025-03-25,INTCCL.SN,INTC,24126.0,0
2025-03-26,INTCCL.SN,INTC,24126.0,0
2025-03-27,INTCCL.SN,INTC,24126.0,0
2025-03-28,INTCCL.SN,INTC,24126.0,0
2025-03-31,INTCCL.SN,INTC,24126.0,0
2025-04-01,INTCCL.SN,INTC,24126.0,0
2025-04-02,INTCCL.SN,INTC,24126.0,0
2025-04-03,INTCCL.SN,INTC,24126.0,0
2025-04-04,INTCCL.SN,INTC,24126.0,0
2025-04-07,INTCCL.SN,INTC,24126.0,6
2025-04-08,INTCCL.SN,INTC,24126.0,2
2025-04-09,INTCCL.SN,INTC,24126.0,0
2025-04-10,INTCCL.SN,INTC,24126.0,145
2025-04-11,INTCCL.SN,INTC,24126.0,3
2025-04-14,INTCCL.SN,INTC,24126.0,0
2025-04-15,INTCCL.SN,INTC,24126.0,360
2025-04-16,INTCCL.SN,INTC,24126.0,0
2025-04-17,INTCCL.SN,INTC,24126.0,50
2025-04-21,INTCCL.SN,INTC,24126.0,0
2025-04-22,INTCCL.SN,INTC,24126.0,0
2025-04-23,INTCCL.SN,INTC,24126.0,0
2025-04-24,INTCCL.SN,INTC,24126.0,0
2025-04-25,INTCCL.SN,INTC,24126.0,0
2025-04-28,INTCCL.SN,INTC,24126.0,0
2025-04-29,INTCCL.SN,INTC,24126.0,10
2025-04-30,INTCCL.SN,INTC,24126.0,0
2025-05-02,INTCCL.SN,INTC,24126.0,0
2025-05-05,INTCCL.SN,INTC,24126.0,0
2025-05-06,INTCCL.SN,INTC,24126.0,0
2025-05-07,INTCCL.SN,INTC,24126.0,0
2025-05-08,INTCCL.SN,INTC,24126.0,0
2025-05-09,INTCCL.SN,INTC,24126.0,0
2025-05-12,INTCCL.SN,INTC,24126.0,0
2025-05-13,INTCCL.SN,INTC,24126.0,300
2025-05-14,INTCCL.SN,INTC,24126.0,5
2025-05-15,INTCCL.SN,INTC,24126.0,318
2025-05-16,INTCCL.SN,INTC,24126.0,0
2025-05-19,INTCCL.SN,INTC,24126.0,0
2025-05-20,INTCCL.SN,INTC,24126.0,50
2025-05-22,INTCCL.SN,INTC,19750.0,950
2025-05-23,INTCCL.SN,INTC,19750.0,0
2025-05-26,INTCCL.SN,INTC,19750.0,0
2025-05-27,INTCCL.SN,INTC,19750.0,300
2025-05-28,INTCCL.SN,INTC,19750.0,0
2025-05-29,INTCCL.SN,INTC,19750.0,0
2025-05-30,INTCCL.SN,INTC,19750.0,273
2025-06-02,INTCCL.SN,INTC,19750.0,0
2025-06-03,INTCCL.SN,INTC,19750.0,45
2025-06-04,INTCCL.SN,INTC,19750.0,0
2025-06-05,INTCCL.SN,INTC,19750.0,0
2025-06-06,INTCCL.SN,INTC,19750.0,0
2025-06-09,INTCCL.SN,INTC,19750.0,0
2025-06-10,INTCCL.SN,INTC,19750.0,0
2025-06-11,INTCCL.SN,INTC,19750.0,11
2025-06-12,INTCCL.SN,INTC,19750.0,0
2025-06-13,INTCCL.SN,INTC,19750.0,0
2025-06-16,INTCCL.SN,INTC,19750.0,180
2025-06-17,INTCCL.SN,INTC,19750.0,0
2025-06-18,INTCCL.SN,INTC,19750.0,0
2025-06-19,INTCCL.SN,INTC,19750.0,0
2025-06-23,INTCCL.SN,INTC,20000.0,1853
2025-06-24,INTCCL.SN,INTC,20000.0,50
2025-06-25,INTCCL.SN,INTC,20000.0,0
2025-06-26,INTCCL.SN,INTC,20000.0,0
2025-06-27,INTCCL.SN,INTC,20000.0,0
2025-06-30,INTCCL.SN,INTC,20000.0,5
2025-07-01,INTCCL.SN,INTC,20000.0,0
2025-07-02,INTCCL.SN,INTC,20000.0,0
2025-07-03,INTCCL.SN,INTC,20000.0,0
2025-07-04,INTCCL.SN,INTC,20000.0,0
2025-07-07,INTCCL.SN,INTC,20970.0,1103
2025-07-08,INTCCL.SN,INTC,20970.0,265
2025-07-09,INTCCL.SN,INTC,20970.0,0
2025-07-10,INTCCL.SN,INTC,20970.0,0
2025-07-11,INTCCL.SN,INTC,20970.0,306
2025-07-14,INTCCL.SN,INTC,20970.0,0
2025-07-15,INTCCL.SN,INTC,20970.0,0
2025-07-17,INTCCL.SN,INTC,20970.0,11
2025-07-18,INTCCL.SN,INTC,20970.0,0
2025-07-21,INTCCL.SN,INTC,20970.0,0
2025-07-22,INTCCL.SN,INTC,20970.0,0
2025-07-23,INTCCL.SN,INTC,20970.0,0
2025-07-24,INTCCL.SN,INTC,20970.0,0
2025-07-25,INTCCL.SN,INTC,19800.0,1101
2025-07-28,INTCCL.SN,INTC,19800.0,0
2025-07-29,INTCCL.SN,INTC,20080.0,1111
2025-07-30,INTCCL.SN,INTC,20080.0,0
2025-07-31,INTCCL.SN,INTC,20080.0,25
2025-08-01,INTCCL.SN,INTC,18624.0,1489
2025-08-04,INTCCL.SN,INTC,18624.0,0
2025-08-05,INTCCL.SN,INTC,18624.0,102
2025-08-06,INTCCL.SN,INTC,18624.0,0
2025-08-07,INTCCL.SN,INTC,19593.0,1290
2025-08-08,INTCCL.SN,INTC,19593.0,0
2025-08-11,INTCCL.SN,INTC,19593.0,0
2025-08-12,INTCCL.SN,INTC,19593.0,0
2025-08-13,INTCCL.SN,INTC,19593.0,0
2025-08-14,INTCCL.SN,INTC,19593.0,209
2025-08-18,INTCCL.SN,INTC,19593.0,196
2025-08-19,INTCCL.SN,INTC,19593.0,0
2025-08-20,INTCCL.SN,INTC,19593.0,4
2025-08-21,INTCCL.SN,INTC,19593.0,0
2025-08-22,INTCCL.SN,INTC,19593.0,4
2025-08-25,INTCCL.SN,INTC,24200.0,500
2025-08-26,INTCCL.SN,INTC,24200.0,2
2025-08-27,INTCCL.SN,INTC,24200.0,0
2025-08-28,INTCCL.SN,INTC,24200.0,26
2025-08-29,INTCCL.SN,INTC,24200.0,0
2025-09-01,INTCCL.SN,INTC,24200.0,0
2025-09-02,INTCCL.SN,INTC,24200.0,0
2025-09-03,INTCCL.SN,INTC,24200.0,0
2025-09-04,INTCCL.SN,INTC,24200.0,61
2025-09-05,INTCCL.SN,INTC,24200.0,82
2025-09-08,INTCCL.SN,INTC,24200.0,0
2025-09-09,INTCCL.SN,INTC,24200.0,0
2025-09-10,INTCCL.SN,INTC,24200.0,0
2025-09-11,INTCCL.SN,INTC,24200.0,0
2025-09-12,INTCCL.SN,INTC,24200.0,0
2025-09-15,INTCCL.SN,INTC,24200.0,0
2025-09-16,INTCCL.SN,INTC,24200.0,0
2025-09-17,INTCCL.SN,INTC,24200.0,0
2025-09-22,INTCCL.SN,INTC,27796.0,370
2025-09-23,INTCCL.SN,INTC,28295.0,8182
2025-09-24,INTCCL.SN,INTC,28295.0,76
2025-09-25,INTCCL.SN,INTC,31954.0,8655
2025-09-26,INTCCL.SN,INTC,34300.0,26374
2025-09-29,INTCCL.SN,INTC,34300.0,82
2025-09-30,INTCCL.SN,INTC,34300.0,48
2025-10-01,INTCCL.SN,INTC,34300.0,96
2025-10-02,INTCCL.SN,INTC,35084.0,330
2025-10-03,INTCCL.SN,INTC,36212.0,636
2025-10-06,INTCCL.SN,INTC,35000.0,26566
2025-10-07,INTCCL.SN,INTC,36081.0,1749
2025-10-08,INTCCL.SN,INTC,34977.0,290
2025-10-09,INTCCL.SN,INTC,34977.0,0
2025-10-10,INTCCL.SN,INTC,34977.0,34
2025-10-13,INTCCL.SN,INTC,34977.0,0
2025-10-14,INTCCL.SN,INTC,33968.0,294
2025-10-15,INTCCL.SN,INTC,33968.0,15
2025-10-16,INTCCL.SN,INTC,33968.0,0
2025-10-17,INTCCL.SN,INTC,36388.0,2340
2025-10-20,INTCCL.SN,INTC,36388.0,0
2025-10-21,INTCCL.SN,INTC,36388.0,179
2025-10-22,INTCCL.SN,INTC,34500.0,690
2025-10-23,INTCCL.SN,INTC,34500.0,0
2025-10-24,INTCCL.SN,INTC,35925.0,364
2025-10-27,INTCCL.SN,INTC,35925.0,128
2025-10-28,INTCCL.SN,INTC,38845.0,321
2025-10-29,INTCCL.SN,INTC,38845.0,0
2025-10-30,INTCCL.SN,INTC,38845.0,3
2025-11-03,INTCCL.SN,INTC,38845.0,105
2025-11-04,INTCCL.SN,INTC,38845.0,0
2025-11-05,INTCCL.SN,INTC,38845.0,62
2025-11-06,INTCCL.SN,INTC,35448.0,569
2025-11-07,INTCCL.SN,INTC,35448.0,0
2025-11-10,INTCCL.SN,INTC,35448.0,0
2025-11-11,INTCCL.SN,INTC,35448.0,0
2025-11-12,INTCCL.SN,INTC,35448.0,10
2025-11-13,INTCCL.SN,INTC,35448.0,0
2025-11-14,INTCCL.SN,INTC,35448.0,0
2025-11-17,INTCCL.SN,INTC,35448.0,80
2025-11-18,INTCCL.SN,INTC,35448.0,63
2025-11-19,INTCCL.SN,INTC,35448.0,0
2025-11-20,INTCCL.SN,INTC,35448.0,0
2025-11-21,INTCCL.SN,INTC,35448.0,229
2025-11-24,INTCCL.SN,INTC,35448.0,0
2025-11-25,INTCCL.SN,INTC,35448.0,0
2025-11-26,INTCCL.SN,INTC,35448.0,0
2025-11-27,INTCCL.SN,INTC,35448.0,0
2025-11-28,INTCCL.SN,INTC,35448.0,164
2025-12-01,INTCCL.SN,INTC,35448.0,91
2025-12-02,INTCCL.SN,INTC,35448.0,27
2025-12-03,INTCCL.SN,INTC,35448.0,0
2025-12-04,INTCCL.SN,INTC,39100.0,500
2025-12-05,INTCCL.SN,INTC,38700.0,700
2025-12-09,INTCCL.SN,INTC,38700.0,0
2025-12-10,INTCCL.SN,INTC,38700.0,2
2025-12-11,INTCCL.SN,INTC,38700.0,0
2025-12-12,INTCCL.SN,INTC,38700.0,0
2025-12-15,INTCCL.SN,INTC,38700.0,1
2025-12-16,INTCCL.SN,INTC,38700.0,0
2025-12-17,INTCCL.SN,INTC,38700.0,0
2025-12-18,INTCCL.SN,INTC,38700.0,0
2025-12-19,INTCCL.SN,INTC,38700.0,0
2025-12-22,INTCCL.SN,INTC,38700.0,0
2025-12-23,INTCCL.SN,INTC,38700.0,40
2025-12-24,INTCCL.SN,INTC,38700.0,0
2025-12-26,INTCCL.SN,INTC,38700.0,0
2025-12-29,INTCCL.SN,INTC,38700.0,0
2025-12-30,INTCCL.SN,INTC,38700.0,0
2026-01-02,INTCCL.SN,INTC,38700.0,0
2026-01-05,INTCCL.SN,INTC,38700.0,2
2026-01-06,INTCCL.SN,INTC,38700.0,14
2026-01-07,INTCCL.SN,INTC,38700.0,0
2026-01-08,INTCCL.SN,INTC,38700.0,0
2026-01-09,INTCCL.SN,INTC,38700.0,157
2026-01-12,INTCCL.SN,INTC,38700.0,8
2026-01-13,INTCCL.SN,INTC,38700.0,167
2026-01-14,INTCCL.SN,INTC,38700.0,26
2026-01-15,INTCCL.SN,INTC,43100.0,700
2026-01-16,INTCCL.SN,INTC,43100.0,0
2026-01-19,INTCCL.SN,INTC,43100.0,0
2026-01-20,INTCCL.SN,INTC,43100.0,0
2026-01-21,INTCCL.SN,INTC,43100.0,57
2026-01-22,INTCCL.SN,INTC,43100.0,16
2026-01-23,INTCCL.SN,INTC,43100.0,0
2026-01-26,INTCCL.SN,INTC,43100.0,0
2026-01-27,INTCCL.SN,INTC,43100.0,0
2026-01-28,INTCCL.SN,INTC,43100.0,108
2026-01-29,INTCCL.SN,INTC,43100.0,0
2026-01-30,INTCCL.SN,INTC,43100.0,0
2026-02-02,INTCCL.SN,INTC,43100.0,0
2026-02-03,INTCCL.SN,INTC,43100.0,0
2026-02-04,INTCCL.SN,INTC,43100.0,0
2026-02-05,INTCCL.SN,INTC,43100.0,0
2026-02-06,INTCCL.SN,INTC,43100.0,0
2026-02-09,INTCCL.SN,INTC,43100.0,0
2026-02-10,INTCCL.SN,INTC,43100.0,0
2026-02-11,INTCCL.SN,INTC,43100.0,0
2026-02-12,INTCCL.SN,INTC,43100.0,0
2026-02-13,INTCCL.SN,INTC,43100.0,0
2026-02-16,INTCCL.SN,INTC,43100.0,0
2026-02-17,INTCCL.SN,INTC,43100.0,30
2026-02-18,INTCCL.SN,INTC,43100.0,0
2026-02-19,INTCCL.SN,INTC,43100.0,0
2026-02-20,INTCCL.SN,INTC,43100.0,0
2026-02-23,INTCCL.SN,INTC,43100.0,0
2026-02-24,INTCCL.SN,INTC,38800.0,455
2026-02-25,INTCCL.SN,INTC,38800.0,0
2026-02-26,INTCCL.SN,INTC,38800.0,0
2026-02-27,INTCCL.SN,INTC,38800.0,0
2026-03-02,INTCCL.SN,INTC,38800.0,0
2026-03-03,INTCCL.SN,INTC,38800.0,0
2026-03-04,INTCCL.SN,INTC,38800.0,0
2026-03-05,INTCCL.SN,INTC,38800.0,2
2026-03-06,INTCCL.SN,INTC,38800.0,16
2026-03-09,INTCCL.SN,INTC,38800.0,0
2026-03-10,INTCCL.SN,INTC,38800.0,10
2026-03-11,INTCCL.SN,INTC,38800.0,0
2026-03-12,INTCCL.SN,INTC,38800.0,0
2026-03-13,INTCCL.SN,INTC,38800.0,0
2026-03-16,INTCCL.SN,INTC,38800.0,0
2026-03-17,INTCCL.SN,INTC,38800.0,0
2026-03-18,INTCCL.SN,INTC,38800.0,0
2026-03-19,INTCCL.SN,INTC,38800.0,0
2026-03-20,INTCCL.SN,INTC,38800.0,0
2026-03-23,INTCCL.SN,INTC,38800.0,0
2026-03-24,INTCCL.SN,INTC,38800.0,16
2026-03-25,INTCCL.SN,INTC,38800.0,0
2026-03-26,INTCCL.SN,INTC,38800.0,0
2026-03-27,INTCCL.SN,INTC,38800.0,0
2026-03-30,INTCCL.SN,INTC,38800.0,0
2026-03-31,INTCCL.SN,INTC,38150.0,341
2026-04-01,INTCCL.SN,INTC,38150.0,0
2026-04-02,INTCCL.SN,INTC,38150.0,3
2026-04-06,INTCCL.SN,INTC,38150.0,12
2026-04-07,INTCCL.SN,INTC,38150.0,0
2026-04-08,INTCCL.SN,INTC,38150.0,68
2026-04-09,INTCCL.SN,INTC,38150.0,0
2026-04-10,INTCCL.SN,INTC,38150.0,7
2026-04-13,INTCCL.SN,INTC,57651.0,1103
2026-04-14,INTCCL.SN,INTC,57651.0,17
2026-04-15,INTCCL.SN,INTC,57651.0,42
2026-04-16,INTCCL.SN,INTC,57651.0,0
2026-04-17,INTCCL.SN,INTC,57651.0,0
2026-04-20,INTCCL.SN,INTC,57651.0,0
2026-04-21,INTCCL.SN,INTC,57651.0,0
2026-04-22,INTCCL.SN,INTC,57651.0,0
2026-04-23,INTCCL.SN,INTC,57651.0,27
2026-04-24,INTCCL.SN,INTC,72804.0,110
2026-04-27,INTCCL.SN,INTC,72804.0,36
2026-04-28,INTCCL.SN,INTC,72804.0,0
2026-04-29,INTCCL.SN,INTC,72804.0,0
2026-04-30,INTCCL.SN,INTC,72804.0,51
2026-05-04,INTCCL.SN,INTC,72804.0,0
2026-05-05,INTCCL.SN,INTC,72804.0,4
2026-05-06,INTCCL.SN,INTC,72804.0,0
2026-05-07,INTCCL.SN,INTC,72804.0,0
2026-05-08,INTCCL.SN,INTC,113727.0,730
2026-05-11,INTCCL.SN,INTC,113727.0,2
2026-05-12,INTCCL.SN,INTC,113727.0,18
2026-05-13,INTCCL.SN,INTC,107400.0,77
2026-05-14,INTCCL.SN,INTC,107400.0,48
2026-05-15,INTCCL.SN,INTC,107400.0,6
2026-05-18,INTCCL.SN,INTC,107400.0,0
2026-05-19,INTCCL.SN,INTC,107400.0,0
2026-05-20,INTCCL.SN,INTC,105344.0,150
2026-05-22,INTCCL.SN,INTC,105344.0,0
2026-05-25,INTCCL.SN,INTC,105344.0,0
2026-05-26,INTCCL.SN,INTC,105344.0,30
2026-05-27,INTCCL.SN,INTC,105344.0,2
2026-05-28,INTCCL.SN,INTC,105344.0,2
2026-05-29,INTCCL.SN,INTC,105344.0,5
2026-06-01,INTCCL.SN,INTC,98280.0,300
2026-06-02,INTCCL.SN,INTC,98280.0,46
2026-06-03,INTCCL.SN,INTC,98280.0,0
2026-06-04,INTCCL.SN,INTC,98280.0,1
2026-06-05,INTCCL.SN,INTC,98280.0,0
2026-06-08,INTCCL.SN,INTC,98280.0,0
2026-06-09,INTCCL.SN,INTC,98280.0,0
2026-06-10,INTCCL.SN,INTC,98280.0,0
2026-06-11,INTCCL.SN,INTC,98280.0,0
2026-06-12,INTCCL.SN,INTC,98280.0,7
2026-06-15,INTCCL.SN,INTC,98280.0,19
2026-06-16,INTCCL.SN,INTC,98280.0,0
2026-06-17,INTCCL.SN,INTC,98280.0,0
2026-06-18,INTCCL.SN,INTC,98280.0,48
2026-06-19,INTCCL.SN,INTC,98280.0,0
2026-06-22,INTCCL.SN,INTC,126650.0,287
2026-06-23,INTCCL.SN,INTC,126650.0,2
2026-06-24,INTCCL.SN,INTC,126650.0,0
2026-06-25,INTCCL.SN,INTC,126650.0,0
2026-06-26,INTCCL.SN,INTC,126650.0,60
2026-06-30,INTCCL.SN,INTC,126650.0,12
2026-07-01,INTCCL.SN,INTC,126650.0,13
2026-07-02,INTCCL.SN,INTC,126650.0,0
2026-07-03,INTCCL.SN,INTC,126650.0,0
2026-07-06,INTCCL.SN,INTC,126650.0,0
2026-07-07,INTCCL.SN,INTC,126650.0,0
2026-07-08,INTCCL.SN,INTC,126650.0,0
2026-07-09,INTCCL.SN,INTC,126650.0,0
2026-07-10,INTCCL.SN,INTC,126650.0,0
2026-07-13,INTCCL.SN,INTC,126650.0,4
2026-07-14,INTCCL.SN,INTC,126650.0,0
2026-07-15,INTCCL.SN,INTC,94650.0,105
2026-07-17,INTCCL.SN,INTC,94650.0,16
2026-07-20,INTCCL.SN,INTC,90639.0,223
2026-07-21,INTCCL.SN,INTC,90557.0,2
2026-07-22,INTCCL.SN,INTC,90557.0,0
2026-07-23,INTCCL.SN,INTC,90557.0,0
2026-07-24,INTCCL.SN,INTC,90557.0,0
2026-07-27,INTCCL.SN,INTC,90557.0,0
2026-07-28,INTCCL.SN,INTC,86481.0,0
2026-07-29,INTCCL.SN,INTC,77600.0,95
2026-07-30,INTCCL.SN,INTC,77600.0,0
2026-07-31,INTCCL.SN,INTC,77600.0,466
2026-08-03,INTCCL.SN,INTC,77600.0,12
2026-08-04,INTCCL.SN,INTC,91570.0,32
2026-08-05,INTCCL.SN,INTC,91570.0,0
2026-08-06,INTCCL.SN,INTC,91570.0,0
2026-08-07,INTCCL.SN,INTC,91570.0,0
2026-08-10,INTCCL.SN,INTC,91570.0,0
2026-08-11,INTCCL.SN,INTC,89358.0,0
2026-08-12,INTCCL.SN,INTC,89358.0,0
2026-08-13,INTCCL.SN,INTC,89358.0,0
2026-08-14,INTCCL.SN,INTC,89358.0,0
2026-08-17,INTCCL.SN,INTC,89358.0,0
2026-08-18,INTCCL.SN,INTC,94610.0,0
2026-08-19,INTCCL.SN,INTC,94610.0,0
2026-08-20,INTCCL.SN,INTC,94610.0,0
2026-08-21,INTCCL.SN,INTC,94610.0,0
2026-08-24,INTCCL.SN,INTC,94610.0,5
2026-08-25,INTCCL.SN,INTC,79811.0,0
2026-08-26,INTCCL.SN,INTC,79811.0,0
2026-08-27,INTCCL.SN,INTC,79811.0,0
2026-08-28,INTCCL.SN,INTC,79811.0,0
2026-08-31,INTCCL.SN,INTC,79811.0,0
2026-09-01,INTCCL.SN,INTC,79811.0,0
2026-09-02,INTCCL.SN,INTC,79811.0,0
2026-09-03,INTCCL.SN,INTC,79811.0,0
2026-09-04,INTCCL.SN,INTC,79811.0,0
2026-09-07,INTCCL.SN,INTC,79811.0,0
2026-09-08,INTCCL.SN,INTC,96200.0,41
2026-09-09,INTCCL.SN,INTC,96689.0,0
2026-09-10,INTCCL.SN,INTC,96689.0,0
2026-09-11,INTCCL.SN,INTC,96689.0,0
2026-09-14,INTCCL.SN,INTC,96689.0,0
2026-09-15,INTCCL.SN,INTC,93062.0,0
2026-09-16,INTCCL.SN,INTC,93062.0,0
2026-09-17,INTCCL.SN,INTC,105000.0,58
2026-09-21,INTCCL.SN,INTC,105000.0,0
2024-09-23,JNJCL.SN,JNJ,153000.0,0
2024-09-24,JNJCL.SN,JNJ,153000.0,0
2024-09-25,JNJCL.SN,JNJ,153000.0,0
2024-09-26,JNJCL.SN,JNJ,153000.0,0
2024-09-27,JNJCL.SN,JNJ,153000.0,0
2024-09-30,JNJCL.SN,JNJ,153000.0,0
2024-10-01,JNJCL.SN,JNJ,153000.0,0
2024-10-02,JNJCL.SN,JNJ,153000.0,0
2024-10-03,JNJCL.SN,JNJ,153000.0,0
2024-10-04,JNJCL.SN,JNJ,153000.0,0
2024-10-07,JNJCL.SN,JNJ,153000.0,0
2024-10-08,JNJCL.SN,JNJ,153000.0,0
2024-10-09,JNJCL.SN,JNJ,153000.0,0
2024-10-10,JNJCL.SN,JNJ,153000.0,6
2024-10-11,JNJCL.SN,JNJ,153000.0,0
2024-10-14,JNJCL.SN,JNJ,153000.0,0
2024-10-15,JNJCL.SN,JNJ,153000.0,3
2024-10-16,JNJCL.SN,JNJ,154000.0,59
2024-10-17,JNJCL.SN,JNJ,154000.0,24
2024-10-18,JNJCL.SN,JNJ,154000.0,0
2024-10-21,JNJCL.SN,JNJ,154000.0,0
2024-10-22,JNJCL.SN,JNJ,154000.0,0
2024-10-23,JNJCL.SN,JNJ,154000.0,0
2024-10-24,JNJCL.SN,JNJ,154000.0,0
2024-10-25,JNJCL.SN,JNJ,154000.0,0
2024-10-28,JNJCL.SN,JNJ,154000.0,0
2024-10-29,JNJCL.SN,JNJ,154000.0,0
2024-10-30,JNJCL.SN,JNJ,154000.0,0
2024-11-04,JNJCL.SN,JNJ,154000.0,0
2024-11-05,JNJCL.SN,JNJ,154000.0,0
2024-11-06,JNJCL.SN,JNJ,154000.0,0
2024-11-07,JNJCL.SN,JNJ,154000.0,0
2024-11-08,JNJCL.SN,JNJ,154000.0,0
2024-11-11,JNJCL.SN,JNJ,154000.0,0
2024-11-12,JNJCL.SN,JNJ,154000.0,0
2024-11-13,JNJCL.SN,JNJ,154000.0,0
2024-11-14,JNJCL.SN,JNJ,154000.0,0
2024-11-15,JNJCL.SN,JNJ,154000.0,0
2024-11-18,JNJCL.SN,JNJ,154000.0,0
2024-11-19,JNJCL.SN,JNJ,154000.0,0
2024-11-20,JNJCL.SN,JNJ,154000.0,0
2024-11-21,JNJCL.SN,JNJ,154000.0,0
2024-11-22,JNJCL.SN,JNJ,154000.0,0
2024-11-25,JNJCL.SN,JNJ,154000.0,0
2024-11-26,JNJCL.SN,JNJ,154000.0,0
2024-11-27,JNJCL.SN,JNJ,154000.0,0
2024-11-28,JNJCL.SN,JNJ,154000.0,0
2024-11-29,JNJCL.SN,JNJ,154000.0,0
2024-12-02,JNJCL.SN,JNJ,154000.0,0
2024-12-03,JNJCL.SN,JNJ,154000.0,0
2024-12-04,JNJCL.SN,JNJ,154000.0,0
2024-12-05,JNJCL.SN,JNJ,154000.0,0
2024-12-06,JNJCL.SN,JNJ,154000.0,0
2024-12-09,JNJCL.SN,JNJ,154000.0,0
2024-12-10,JNJCL.SN,JNJ,154000.0,0
2024-12-11,JNJCL.SN,JNJ,154000.0,0
2024-12-12,JNJCL.SN,JNJ,154000.0,0
2024-12-13,JNJCL.SN,JNJ,154000.0,0
2024-12-16,JNJCL.SN,JNJ,154000.0,0
2024-12-17,JNJCL.SN,JNJ,154000.0,0
2024-12-18,JNJCL.SN,JNJ,154000.0,0
2024-12-19,JNJCL.SN,JNJ,154000.0,0
2024-12-20,JNJCL.SN,JNJ,154000.0,0
2024-12-23,JNJCL.SN,JNJ,154000.0,0
2024-12-24,JNJCL.SN,JNJ,154000.0,0
2024-12-26,JNJCL.SN,JNJ,154000.0,0
2024-12-27,JNJCL.SN,JNJ,154000.0,10
2024-12-30,JNJCL.SN,JNJ,154000.0,0
2025-01-02,JNJCL.SN,JNJ,154000.0,1
2025-01-03,JNJCL.SN,JNJ,154000.0,0
2025-01-06,JNJCL.SN,JNJ,154000.0,0
2025-01-07,JNJCL.SN,JNJ,154000.0,0
2025-01-08,JNJCL.SN,JNJ,154000.0,4
2025-01-09,JNJCL.SN,JNJ,154000.0,0
2025-01-10,JNJCL.SN,JNJ,154000.0,0
2025-01-13,JNJCL.SN,JNJ,154000.0,0
2025-01-14,JNJCL.SN,JNJ,154000.0,0
2025-01-15,JNJCL.SN,JNJ,154000.0,0
2025-01-16,JNJCL.SN,JNJ,154000.0,0
2025-01-17,JNJCL.SN,JNJ,154000.0,0
2025-01-20,JNJCL.SN,JNJ,154000.0,0
2025-01-21,JNJCL.SN,JNJ,154000.0,0
2025-01-22,JNJCL.SN,JNJ,154000.0,0
2025-01-23,JNJCL.SN,JNJ,154000.0,0
2025-01-24,JNJCL.SN,JNJ,154000.0,0
2025-01-27,JNJCL.SN,JNJ,154000.0,0
2025-01-28,JNJCL.SN,JNJ,154000.0,0
2025-01-29,JNJCL.SN,JNJ,154000.0,0
2025-01-30,JNJCL.SN,JNJ,154000.0,0
2025-01-31,JNJCL.SN,JNJ,154000.0,0
2025-02-03,JNJCL.SN,JNJ,154000.0,0
2025-02-04,JNJCL.SN,JNJ,154000.0,0
2025-02-05,JNJCL.SN,JNJ,154000.0,0
2025-02-06,JNJCL.SN,JNJ,154000.0,2
2025-02-07,JNJCL.SN,JNJ,154000.0,0
2025-02-10,JNJCL.SN,JNJ,154000.0,7
2025-02-11,JNJCL.SN,JNJ,154000.0,0
2025-02-12,JNJCL.SN,JNJ,154000.0,0
2025-02-13,JNJCL.SN,JNJ,154000.0,0
2025-02-14,JNJCL.SN,JNJ,154000.0,0
2025-02-17,JNJCL.SN,JNJ,154000.0,0
2025-02-18,JNJCL.SN,JNJ,154000.0,0
2025-02-19,JNJCL.SN,JNJ,154000.0,0
2025-02-20,JNJCL.SN,JNJ,154000.0,0
2025-02-21,JNJCL.SN,JNJ,154000.0,0
2025-02-24,JNJCL.SN,JNJ,154000.0,0
2025-02-25,JNJCL.SN,JNJ,154000.0,0
2025-02-26,JNJCL.SN,JNJ,154000.0,0
2025-02-27,JNJCL.SN,JNJ,154000.0,0
2025-02-28,JNJCL.SN,JNJ,154000.0,0
2025-03-03,JNJCL.SN,JNJ,154000.0,0
2025-03-04,JNJCL.SN,JNJ,154000.0,0
2025-03-05,JNJCL.SN,JNJ,154000.0,0
2025-03-06,JNJCL.SN,JNJ,154000.0,0
2025-03-07,JNJCL.SN,JNJ,154000.0,0
2025-03-10,JNJCL.SN,JNJ,154000.0,0
2025-03-11,JNJCL.SN,JNJ,154000.0,0
2025-03-12,JNJCL.SN,JNJ,154000.0,0
2025-03-13,JNJCL.SN,JNJ,154000.0,0
2025-03-14,JNJCL.SN,JNJ,154000.0,0
2025-03-17,JNJCL.SN,JNJ,154000.0,0
2025-03-18,JNJCL.SN,JNJ,154000.0,0
2025-03-19,JNJCL.SN,JNJ,154000.0,0
2025-03-20,JNJCL.SN,JNJ,154000.0,1
2025-03-21,JNJCL.SN,JNJ,154000.0,0
2025-03-24,JNJCL.SN,JNJ,154000.0,0
2025-03-25,JNJCL.SN,JNJ,154000.0,0
2025-03-26,JNJCL.SN,JNJ,154000.0,0
2025-03-27,JNJCL.SN,JNJ,154000.0,3
2025-03-28,JNJCL.SN,JNJ,154000.0,0
2025-03-31,JNJCL.SN,JNJ,154000.0,0
2025-04-01,JNJCL.SN,JNJ,154000.0,1
2025-04-02,JNJCL.SN,JNJ,154000.0,0
2025-04-03,JNJCL.SN,JNJ,154000.0,0
2025-04-04,JNJCL.SN,JNJ,154000.0,0
2025-04-07,JNJCL.SN,JNJ,154000.0,5
2025-04-08,JNJCL.SN,JNJ,154000.0,0
2025-04-09,JNJCL.SN,JNJ,154000.0,0
2025-04-10,JNJCL.SN,JNJ,154000.0,0
2025-04-11,JNJCL.SN,JNJ,154000.0,0
2025-04-14,JNJCL.SN,JNJ,154000.0,0
2025-04-15,JNJCL.SN,JNJ,154000.0,0
2025-04-16,JNJCL.SN,JNJ,154000.0,0
2025-04-17,JNJCL.SN,JNJ,154000.0,0
2025-04-21,JNJCL.SN,JNJ,154000.0,0
2025-04-22,JNJCL.SN,JNJ,154000.0,0
2025-04-23,JNJCL.SN,JNJ,154000.0,0
2025-04-24,JNJCL.SN,JNJ,154000.0,0
2025-04-25,JNJCL.SN,JNJ,154000.0,0
2025-04-28,JNJCL.SN,JNJ,154000.0,0
2025-04-29,JNJCL.SN,JNJ,154000.0,0
2025-04-30,JNJCL.SN,JNJ,154000.0,0
2025-05-02,JNJCL.SN,JNJ,154000.0,0
2025-05-05,JNJCL.SN,JNJ,154000.0,0
2025-05-06,JNJCL.SN,JNJ,154000.0,0
2025-05-07,JNJCL.SN,JNJ,154000.0,0
2025-05-08,JNJCL.SN,JNJ,154000.0,0
2025-05-09,JNJCL.SN,JNJ,154000.0,0
2025-05-12,JNJCL.SN,JNJ,154000.0,0
2025-05-13,JNJCL.SN,JNJ,154000.0,0
2025-05-14,JNJCL.SN,JNJ,154000.0,0
2025-05-15,JNJCL.SN,JNJ,154000.0,0
2025-05-16,JNJCL.SN,JNJ,154000.0,0
2025-05-19,JNJCL.SN,JNJ,154000.0,0
2025-05-20,JNJCL.SN,JNJ,154000.0,0
2025-05-22,JNJCL.SN,JNJ,154000.0,0
2025-05-23,JNJCL.SN,JNJ,154000.0,0
2025-05-26,JNJCL.SN,JNJ,154000.0,0
2025-05-27,JNJCL.SN,JNJ,154000.0,0
2025-05-28,JNJCL.SN,JNJ,154000.0,0
2025-05-29,JNJCL.SN,JNJ,154000.0,0
2025-05-30,JNJCL.SN,JNJ,154000.0,0
2025-06-02,JNJCL.SN,JNJ,154000.0,0
2025-06-03,JNJCL.SN,JNJ,154000.0,8
2025-06-04,JNJCL.SN,JNJ,154000.0,0
2025-06-05,JNJCL.SN,JNJ,154000.0,0
2025-06-06,JNJCL.SN,JNJ,154000.0,0
2025-06-09,JNJCL.SN,JNJ,154000.0,0
2025-06-10,JNJCL.SN,JNJ,154000.0,0
2025-06-11,JNJCL.SN,JNJ,154000.0,0
2025-06-12,JNJCL.SN,JNJ,154000.0,0
2025-06-13,JNJCL.SN,JNJ,154000.0,0
2025-06-16,JNJCL.SN,JNJ,154000.0,0
2025-06-17,JNJCL.SN,JNJ,154000.0,0
2025-06-18,JNJCL.SN,JNJ,154000.0,0
2025-06-19,JNJCL.SN,JNJ,154000.0,0
2025-06-23,JNJCL.SN,JNJ,154000.0,0
2025-06-24,JNJCL.SN,JNJ,154000.0,0
2025-06-25,JNJCL.SN,JNJ,154000.0,0
2025-06-26,JNJCL.SN,JNJ,154000.0,0
2025-06-27,JNJCL.SN,JNJ,154000.0,0
2025-06-30,JNJCL.SN,JNJ,154000.0,27
2025-07-01,JNJCL.SN,JNJ,154000.0,0
2025-07-02,JNJCL.SN,JNJ,154000.0,0
2025-07-03,JNJCL.SN,JNJ,154000.0,0
2025-07-04,JNJCL.SN,JNJ,154000.0,0
2025-07-07,JNJCL.SN,JNJ,147020.0,6263
2025-07-08,JNJCL.SN,JNJ,148557.0,95
2025-07-09,JNJCL.SN,JNJ,148000.0,236
2025-07-10,JNJCL.SN,JNJ,148000.0,7
2025-07-11,JNJCL.SN,JNJ,148000.0,7
2025-07-14,JNJCL.SN,JNJ,148000.0,16
2025-07-15,JNJCL.SN,JNJ,148000.0,3
2025-07-17,JNJCL.SN,JNJ,148000.0,18
2025-07-18,JNJCL.SN,JNJ,148000.0,32
2025-07-21,JNJCL.SN,JNJ,157050.0,70
2025-07-22,JNJCL.SN,JNJ,157050.0,14
2025-07-23,JNJCL.SN,JNJ,157050.0,5
2025-07-24,JNJCL.SN,JNJ,161506.0,70
2025-07-25,JNJCL.SN,JNJ,161506.0,42
2025-07-28,JNJCL.SN,JNJ,162957.0,138
2025-07-29,JNJCL.SN,JNJ,163146.0,84
2025-07-30,JNJCL.SN,JNJ,163146.0,28
2025-07-31,JNJCL.SN,JNJ,162745.0,53
2025-08-01,JNJCL.SN,JNJ,161200.0,143
2025-08-04,JNJCL.SN,JNJ,161200.0,0
2025-08-05,JNJCL.SN,JNJ,165500.0,80
2025-08-06,JNJCL.SN,JNJ,165500.0,36
2025-08-07,JNJCL.SN,JNJ,166418.0,57
2025-08-08,JNJCL.SN,JNJ,166418.0,12
2025-08-11,JNJCL.SN,JNJ,166418.0,0
2025-08-12,JNJCL.SN,JNJ,165793.0,76
2025-08-13,JNJCL.SN,JNJ,166474.0,121
2025-08-14,JNJCL.SN,JNJ,168700.0,80
2025-08-18,JNJCL.SN,JNJ,168700.0,21
2025-08-19,JNJCL.SN,JNJ,168700.0,39
2025-08-20,JNJCL.SN,JNJ,168700.0,26
2025-08-21,JNJCL.SN,JNJ,168700.0,8
2025-08-22,JNJCL.SN,JNJ,173201.0,84
2025-08-25,JNJCL.SN,JNJ,173201.0,13
2025-08-26,JNJCL.SN,JNJ,173201.0,21
2025-08-27,JNJCL.SN,JNJ,173201.0,20
2025-08-28,JNJCL.SN,JNJ,173201.0,37
2025-08-29,JNJCL.SN,JNJ,173201.0,0
2025-09-01,JNJCL.SN,JNJ,173201.0,0
2025-09-02,JNJCL.SN,JNJ,172900.0,7289
2025-09-03,JNJCL.SN,JNJ,172900.0,0
2025-09-04,JNJCL.SN,JNJ,172900.0,0
2025-09-05,JNJCL.SN,JNJ,172900.0,0
2025-09-08,JNJCL.SN,JNJ,172900.0,0
2025-09-09,JNJCL.SN,JNJ,172900.0,0
2025-09-10,JNJCL.SN,JNJ,172900.0,0
2025-09-11,JNJCL.SN,JNJ,172900.0,0
2025-09-12,JNJCL.SN,JNJ,172900.0,0
2025-09-15,JNJCL.SN,JNJ,172900.0,0
2025-09-16,JNJCL.SN,JNJ,172900.0,0
2025-09-17,JNJCL.SN,JNJ,172900.0,0
2025-09-22,JNJCL.SN,JNJ,172900.0,0
2025-09-23,JNJCL.SN,JNJ,172900.0,40
2025-09-24,JNJCL.SN,JNJ,172900.0,0
2025-09-25,JNJCL.SN,JNJ,172900.0,0
2025-09-26,JNJCL.SN,JNJ,169500.0,48
2025-09-29,JNJCL.SN,JNJ,169500.0,0
2025-09-30,JNJCL.SN,JNJ,169500.0,0
2025-10-01,JNJCL.SN,JNJ,169500.0,0
2025-10-02,JNJCL.SN,JNJ,169500.0,0
2025-10-03,JNJCL.SN,JNJ,169500.0,0
2025-10-06,JNJCL.SN,JNJ,169500.0,0
2025-10-07,JNJCL.SN,JNJ,169500.0,0
2025-10-08,JNJCL.SN,JNJ,169500.0,0
2025-10-09,JNJCL.SN,JNJ,169500.0,0
2025-10-10,JNJCL.SN,JNJ,169500.0,0
2025-10-13,JNJCL.SN,JNJ,169500.0,0
2025-10-14,JNJCL.SN,JNJ,169500.0,0
2025-10-15,JNJCL.SN,JNJ,169500.0,0
2025-10-16,JNJCL.SN,JNJ,169500.0,0
2025-10-17,JNJCL.SN,JNJ,169500.0,0
2025-10-20,JNJCL.SN,JNJ,169500.0,0
2025-10-21,JNJCL.SN,JNJ,169500.0,0
2025-10-22,JNJCL.SN,JNJ,169500.0,0
2025-10-23,JNJCL.SN,JNJ,169500.0,0
2025-10-24,JNJCL.SN,JNJ,169500.0,0
2025-10-27,JNJCL.SN,JNJ,169500.0,0
2025-10-28,JNJCL.SN,JNJ,169500.0,0
2025-10-29,JNJCL.SN,JNJ,169500.0,0
2025-10-30,JNJCL.SN,JNJ,169500.0,0
2025-11-03,JNJCL.SN,JNJ,169500.0,0
2025-11-04,JNJCL.SN,JNJ,169500.0,0
2025-11-05,JNJCL.SN,JNJ,169500.0,0
2025-11-06,JNJCL.SN,JNJ,169500.0,0
2025-11-07,JNJCL.SN,JNJ,169500.0,0
2025-11-10,JNJCL.SN,JNJ,169500.0,0
2025-11-11,JNJCL.SN,JNJ,169500.0,0
2025-11-12,JNJCL.SN,JNJ,169500.0,0
2025-11-13,JNJCL.SN,JNJ,169500.0,0
2025-11-14,JNJCL.SN,JNJ,169500.0,0
2025-11-17,JNJCL.SN,JNJ,169500.0,0
2025-11-18,JNJCL.SN,JNJ,169500.0,0
2025-11-19,JNJCL.SN,JNJ,169500.0,0
2025-11-20,JNJCL.SN,JNJ,169500.0,0
2025-11-21,JNJCL.SN,JNJ,169500.0,0
2025-11-24,JNJCL.SN,JNJ,169500.0,0
2025-11-25,JNJCL.SN,JNJ,169500.0,0
2025-11-26,JNJCL.SN,JNJ,169500.0,0
2025-11-27,JNJCL.SN,JNJ,169500.0,0
2025-11-28,JNJCL.SN,JNJ,169500.0,0
2025-12-01,JNJCL.SN,JNJ,169500.0,0
2025-12-02,JNJCL.SN,JNJ,169500.0,0
2025-12-03,JNJCL.SN,JNJ,169500.0,0
2025-12-04,JNJCL.SN,JNJ,169500.0,0
2025-12-05,JNJCL.SN,JNJ,169500.0,0
2025-12-09,JNJCL.SN,JNJ,169500.0,0
2025-12-10,JNJCL.SN,JNJ,169500.0,0
2025-12-11,JNJCL.SN,JNJ,169500.0,0
2025-12-12,JNJCL.SN,JNJ,169500.0,0
2025-12-15,JNJCL.SN,JNJ,169500.0,0
2025-12-16,JNJCL.SN,JNJ,169500.0,0
2025-12-17,JNJCL.SN,JNJ,169500.0,0
2025-12-18,JNJCL.SN,JNJ,169500.0,0
2025-12-19,JNJCL.SN,JNJ,169500.0,0
2025-12-22,JNJCL.SN,JNJ,169500.0,0
2025-12-23,JNJCL.SN,JNJ,169500.0,0
2025-12-24,JNJCL.SN,JNJ,169500.0,0
2025-12-26,JNJCL.SN,JNJ,169500.0,0
2025-12-29,JNJCL.SN,JNJ,169500.0,0
2025-12-30,JNJCL.SN,JNJ,169500.0,4
2026-01-02,JNJCL.SN,JNJ,169500.0,0
2026-01-05,JNJCL.SN,JNJ,169500.0,0
2026-01-06,JNJCL.SN,JNJ,169500.0,0
2026-01-07,JNJCL.SN,JNJ,169500.0,0
2026-01-08,JNJCL.SN,JNJ,169500.0,0
2026-01-09,JNJCL.SN,JNJ,169500.0,0
2026-01-12,JNJCL.SN,JNJ,169500.0,0
2026-01-13,JNJCL.SN,JNJ,169500.0,0
2026-01-14,JNJCL.SN,JNJ,169500.0,0
2026-01-15,JNJCL.SN,JNJ,169500.0,0
2026-01-16,JNJCL.SN,JNJ,169500.0,0
2026-01-19,JNJCL.SN,JNJ,169500.0,0
2026-01-20,JNJCL.SN,JNJ,169500.0,0
2026-01-21,JNJCL.SN,JNJ,169500.0,0
2026-01-22,JNJCL.SN,JNJ,169500.0,0
2026-01-23,JNJCL.SN,JNJ,169500.0,0
2026-01-26,JNJCL.SN,JNJ,169500.0,1
2026-01-27,JNJCL.SN,JNJ,169500.0,0
2026-01-28,JNJCL.SN,JNJ,169500.0,0
2026-01-29,JNJCL.SN,JNJ,169500.0,0
2026-01-30,JNJCL.SN,JNJ,169500.0,0
2026-02-02,JNJCL.SN,JNJ,169500.0,0
2026-02-03,JNJCL.SN,JNJ,169500.0,0
2026-02-04,JNJCL.SN,JNJ,169500.0,0
2026-02-05,JNJCL.SN,JNJ,169500.0,0
2026-02-06,JNJCL.SN,JNJ,169500.0,0
2026-02-09,JNJCL.SN,JNJ,169500.0,0
2026-02-10,JNJCL.SN,JNJ,169500.0,0
2026-02-11,JNJCL.SN,JNJ,169500.0,0
2026-02-12,JNJCL.SN,JNJ,169500.0,0
2026-02-13,JNJCL.SN,JNJ,209590.0,44
2026-02-16,JNJCL.SN,JNJ,209590.0,0
2026-02-17,JNJCL.SN,JNJ,209590.0,0
2026-02-18,JNJCL.SN,JNJ,209590.0,0
2026-02-19,JNJCL.SN,JNJ,209590.0,0
2026-02-20,JNJCL.SN,JNJ,209590.0,0
2026-02-23,JNJCL.SN,JNJ,209590.0,0
2026-02-24,JNJCL.SN,JNJ,209590.0,0
2026-02-25,JNJCL.SN,JNJ,209590.0,0
2026-02-26,JNJCL.SN,JNJ,209590.0,0
2026-02-27,JNJCL.SN,JNJ,209590.0,0
2026-03-02,JNJCL.SN,JNJ,209590.0,0
2026-03-03,JNJCL.SN,JNJ,209590.0,0
2026-03-04,JNJCL.SN,JNJ,209590.0,0
2026-03-05,JNJCL.SN,JNJ,209590.0,0
2026-03-06,JNJCL.SN,JNJ,209590.0,6
2026-03-09,JNJCL.SN,JNJ,209590.0,0
2026-03-10,JNJCL.SN,JNJ,209590.0,0
2026-03-11,JNJCL.SN,JNJ,209590.0,0
2026-03-12,JNJCL.SN,JNJ,209590.0,0
2026-03-13,JNJCL.SN,JNJ,209590.0,0
2026-03-16,JNJCL.SN,JNJ,209590.0,0
2026-03-17,JNJCL.SN,JNJ,209590.0,0
2026-03-18,JNJCL.SN,JNJ,209590.0,0
2026-03-19,JNJCL.SN,JNJ,209590.0,0
2026-03-20,JNJCL.SN,JNJ,209590.0,0
2026-03-23,JNJCL.SN,JNJ,209590.0,0
2026-03-24,JNJCL.SN,JNJ,209590.0,0
2026-03-25,JNJCL.SN,JNJ,209590.0,0
2026-03-26,JNJCL.SN,JNJ,209590.0,3
2026-03-27,JNJCL.SN,JNJ,209590.0,0
2026-03-30,JNJCL.SN,JNJ,209590.0,0
2026-03-31,JNJCL.SN,JNJ,209590.0,0
2026-04-01,JNJCL.SN,JNJ,209590.0,0
2026-04-02,JNJCL.SN,JNJ,209590.0,1
2026-04-06,JNJCL.SN,JNJ,209590.0,0
2026-04-07,JNJCL.SN,JNJ,209590.0,0
2026-04-08,JNJCL.SN,JNJ,209590.0,0
2026-04-09,JNJCL.SN,JNJ,209590.0,0
2026-04-10,JNJCL.SN,JNJ,209590.0,0
2026-04-13,JNJCL.SN,JNJ,209590.0,0
2026-04-14,JNJCL.SN,JNJ,209590.0,0
2026-04-15,JNJCL.SN,JNJ,209590.0,0
2026-04-16,JNJCL.SN,JNJ,209590.0,0
2026-04-17,JNJCL.SN,JNJ,209590.0,0
2026-04-20,JNJCL.SN,JNJ,209590.0,0
2026-04-21,JNJCL.SN,JNJ,209590.0,0
2026-04-22,JNJCL.SN,JNJ,209590.0,0
2026-04-23,JNJCL.SN,JNJ,209590.0,0
2026-04-24,JNJCL.SN,JNJ,209590.0,0
2026-04-27,JNJCL.SN,JNJ,209590.0,0
2026-04-28,JNJCL.SN,JNJ,209590.0,0
2026-04-29,JNJCL.SN,JNJ,209590.0,0
2026-04-30,JNJCL.SN,JNJ,209590.0,0
2026-05-04,JNJCL.SN,JNJ,209590.0,0
2026-05-05,JNJCL.SN,JNJ,209590.0,0
2026-05-06,JNJCL.SN,JNJ,209590.0,0
2026-05-07,JNJCL.SN,JNJ,209590.0,0
2026-05-08,JNJCL.SN,JNJ,209590.0,0
2026-05-11,JNJCL.SN,JNJ,209590.0,0
2026-05-12,JNJCL.SN,JNJ,209590.0,0
2026-05-13,JNJCL.SN,JNJ,209590.0,0
2026-05-14,JNJCL.SN,JNJ,209590.0,0
2026-05-15,JNJCL.SN,JNJ,209590.0,0
2026-05-18,JNJCL.SN,JNJ,209590.0,0
2026-05-19,JNJCL.SN,JNJ,209590.0,0
2026-05-20,JNJCL.SN,JNJ,209590.0,0
2026-05-22,JNJCL.SN,JNJ,209590.0,0
2026-05-25,JNJCL.SN,JNJ,209590.0,0
2026-05-26,JNJCL.SN,JNJ,209590.0,0
2026-05-27,JNJCL.SN,JNJ,209590.0,0
2026-05-28,JNJCL.SN,JNJ,209590.0,0
2026-05-29,JNJCL.SN,JNJ,209590.0,0
2026-06-01,JNJCL.SN,JNJ,209590.0,0
2026-06-02,JNJCL.SN,JNJ,209590.0,0
2026-06-03,JNJCL.SN,JNJ,209590.0,0
2026-06-04,JNJCL.SN,JNJ,209590.0,0
2026-06-05,JNJCL.SN,JNJ,209590.0,0
2026-06-08,JNJCL.SN,JNJ,209590.0,0
2026-06-09,JNJCL.SN,JNJ,209590.0,0
2026-06-10,JNJCL.SN,JNJ,209590.0,0
2026-06-11,JNJCL.SN,JNJ,209590.0,0
2026-06-12,JNJCL.SN,JNJ,209590.0,0
2026-06-15,JNJCL.SN,JNJ,209590.0,0
2026-06-16,JNJCL.SN,JNJ,209590.0,0
2026-06-17,JNJCL.SN,JNJ,209590.0,0
2026-06-18,JNJCL.SN,JNJ,209590.0,0
2026-06-19,JNJCL.SN,JNJ,209590.0,0
2026-06-22,JNJCL.SN,JNJ,209590.0,0
2026-06-23,JNJCL.SN,JNJ,209590.0,0
2026-06-24,JNJCL.SN,JNJ,209590.0,0
2026-06-25,JNJCL.SN,JNJ,209590.0,0
2026-06-26,JNJCL.SN,JNJ,209590.0,0
2026-06-30,JNJCL.SN,JNJ,209590.0,4
2026-07-01,JNJCL.SN,JNJ,209590.0,1
2026-07-02,JNJCL.SN,JNJ,209590.0,0
2026-07-03,JNJCL.SN,JNJ,209590.0,0
2026-07-06,JNJCL.SN,JNJ,209590.0,0
2026-07-07,JNJCL.SN,JNJ,209590.0,0
2026-07-08,JNJCL.SN,JNJ,209590.0,0
2026-07-09,JNJCL.SN,JNJ,209590.0,0
2026-07-10,JNJCL.SN,JNJ,209590.0,2
2026-07-13,JNJCL.SN,JNJ,209590.0,0
2026-07-14,JNJCL.SN,JNJ,209590.0,0
2026-07-15,JNJCL.SN,JNJ,209590.0,0
2026-07-17,JNJCL.SN,JNJ,209590.0,0
2026-07-20,JNJCL.SN,JNJ,209590.0,0
2026-07-21,JNJCL.SN,JNJ,232150.0,0
2026-07-22,JNJCL.SN,JNJ,232150.0,0
2026-07-23,JNJCL.SN,JNJ,232150.0,0
2026-07-24,JNJCL.SN,JNJ,232150.0,0
2026-07-27,JNJCL.SN,JNJ,232150.0,0
2026-07-28,JNJCL.SN,JNJ,250900.0,0
2026-07-29,JNJCL.SN,JNJ,250900.0,0
2026-07-30,JNJCL.SN,JNJ,250900.0,0
2026-07-31,JNJCL.SN,JNJ,250900.0,0
2026-08-03,JNJCL.SN,JNJ,250900.0,0
2026-08-04,JNJCL.SN,JNJ,235300.0,0
2026-08-05,JNJCL.SN,JNJ,235300.0,0
2026-08-06,JNJCL.SN,JNJ,235300.0,0
2026-08-07,JNJCL.SN,JNJ,235300.0,0
2026-08-10,JNJCL.SN,JNJ,235300.0,0
2026-08-11,JNJCL.SN,JNJ,239900.0,0
2026-08-12,JNJCL.SN,JNJ,239900.0,0
2026-08-13,JNJCL.SN,JNJ,239900.0,0
2026-08-14,JNJCL.SN,JNJ,239900.0,0
2026-08-17,JNJCL.SN,JNJ,239900.0,0
2026-08-18,JNJCL.SN,JNJ,239860.0,0
2026-08-19,JNJCL.SN,JNJ,239860.0,0
2026-08-20,JNJCL.SN,JNJ,239860.0,0
2026-08-21,JNJCL.SN,JNJ,239860.0,0
2026-08-24,JNJCL.SN,JNJ,239860.0,0
2026-08-25,JNJCL.SN,JNJ,249730.0,0
2026-08-26,JNJCL.SN,JNJ,249730.0,0
2026-08-27,JNJCL.SN,JNJ,249730.0,0
2026-08-28,JNJCL.SN,JNJ,249730.0,0
2026-08-31,JNJCL.SN,JNJ,249730.0,0
2026-09-01,JNJCL.SN,JNJ,249730.0,0
2026-09-02,JNJCL.SN,JNJ,249730.0,0
2026-09-03,JNJCL.SN,JNJ,249730.0,0
2026-09-04,JNJCL.SN,JNJ,249730.0,0
2026-09-07,JNJCL.SN,JNJ,249730.0,0
2026-09-08,JNJCL.SN,JNJ,249730.0,1
2026-09-09,JNJCL.SN,JNJ,249960.0,0
2026-09-10,JNJCL.SN,JNJ,249960.0,0
2026-09-11,JNJCL.SN,JNJ,249960.0,0
2026-09-14,JNJCL.SN,JNJ,249960.0,0
2026-09-15,JNJCL.SN,JNJ,255010.0,0
2026-09-16,JNJCL.SN,JNJ,255010.0,0
2026-09-17,JNJCL.SN,JNJ,255010.0,0
2026-09-21,JNJCL.SN,JNJ,255010.0,0
2024-09-23,KOCL.SN,KO,60000.0,0
2024-09-24,KOCL.SN,KO,60000.0,10
2024-09-25,KOCL.SN,KO,60000.0,0
2024-09-26,KOCL.SN,KO,60000.0,0
2024-09-27,KOCL.SN,KO,60000.0,0
2024-09-30,KOCL.SN,KO,60000.0,0
2024-10-01,KOCL.SN,KO,60000.0,0
2024-10-02,KOCL.SN,KO,60000.0,0
2024-10-03,KOCL.SN,KO,60000.0,102
2024-10-04,KOCL.SN,KO,60000.0,0
2024-10-07,KOCL.SN,KO,60000.0,0
2024-10-08,KOCL.SN,KO,60000.0,10
2024-10-09,KOCL.SN,KO,60000.0,0
2024-10-10,KOCL.SN,KO,60000.0,0
2024-10-11,KOCL.SN,KO,60000.0,0
2024-10-14,KOCL.SN,KO,60000.0,0
2024-10-15,KOCL.SN,KO,60000.0,0
2024-10-16,KOCL.SN,KO,60000.0,0
2024-10-17,KOCL.SN,KO,60000.0,0
2024-10-18,KOCL.SN,KO,60000.0,30
2024-10-21,KOCL.SN,KO,60000.0,0
2024-10-22,KOCL.SN,KO,60000.0,0
2024-10-23,KOCL.SN,KO,60000.0,0
2024-10-24,KOCL.SN,KO,60000.0,0
2024-10-25,KOCL.SN,KO,60000.0,1
2024-10-28,KOCL.SN,KO,60000.0,0
2024-10-29,KOCL.SN,KO,60000.0,0
2024-10-30,KOCL.SN,KO,60000.0,0
2024-11-04,KOCL.SN,KO,60000.0,0
2024-11-05,KOCL.SN,KO,60000.0,1
2024-11-06,KOCL.SN,KO,60000.0,46
2024-11-07,KOCL.SN,KO,60000.0,0
2024-11-08,KOCL.SN,KO,60000.0,0
2024-11-11,KOCL.SN,KO,60000.0,0
2024-11-12,KOCL.SN,KO,60000.0,0
2024-11-13,KOCL.SN,KO,60000.0,0
2024-11-14,KOCL.SN,KO,60000.0,0
2024-11-15,KOCL.SN,KO,60000.0,0
2024-11-18,KOCL.SN,KO,60800.0,400
2024-11-19,KOCL.SN,KO,60800.0,0
2024-11-20,KOCL.SN,KO,60800.0,104
2024-11-21,KOCL.SN,KO,60800.0,0
2024-11-22,KOCL.SN,KO,60800.0,0
2024-11-25,KOCL.SN,KO,60800.0,0
2024-11-26,KOCL.SN,KO,60800.0,0
2024-11-27,KOCL.SN,KO,60800.0,16
2024-11-28,KOCL.SN,KO,60800.0,0
2024-11-29,KOCL.SN,KO,60800.0,0
2024-12-02,KOCL.SN,KO,60800.0,0
2024-12-03,KOCL.SN,KO,60800.0,0
2024-12-04,KOCL.SN,KO,60800.0,0
2024-12-05,KOCL.SN,KO,60800.0,0
2024-12-06,KOCL.SN,KO,60800.0,0
2024-12-09,KOCL.SN,KO,60800.0,1
2024-12-10,KOCL.SN,KO,60800.0,0
2024-12-11,KOCL.SN,KO,60800.0,0
2024-12-12,KOCL.SN,KO,60800.0,0
2024-12-13,KOCL.SN,KO,60800.0,0
2024-12-16,KOCL.SN,KO,60800.0,0
2024-12-17,KOCL.SN,KO,60800.0,0
2024-12-18,KOCL.SN,KO,60800.0,48
2024-12-19,KOCL.SN,KO,60800.0,0
2024-12-20,KOCL.SN,KO,60800.0,0
2024-12-23,KOCL.SN,KO,60800.0,0
2024-12-24,KOCL.SN,KO,60800.0,1
2024-12-26,KOCL.SN,KO,60800.0,0
2024-12-27,KOCL.SN,KO,60800.0,0
2024-12-30,KOCL.SN,KO,60800.0,0
2025-01-02,KOCL.SN,KO,60800.0,0
2025-01-03,KOCL.SN,KO,60800.0,0
2025-01-06,KOCL.SN,KO,60800.0,0
2025-01-07,KOCL.SN,KO,60800.0,0
2025-01-08,KOCL.SN,KO,60800.0,0
2025-01-09,KOCL.SN,KO,60800.0,0
2025-01-10,KOCL.SN,KO,60800.0,0
2025-01-13,KOCL.SN,KO,60800.0,0
2025-01-14,KOCL.SN,KO,60800.0,0
2025-01-15,KOCL.SN,KO,60800.0,0
2025-01-16,KOCL.SN,KO,60800.0,0
2025-01-17,KOCL.SN,KO,60800.0,0
2025-01-20,KOCL.SN,KO,60800.0,0
2025-01-21,KOCL.SN,KO,60800.0,0
2025-01-22,KOCL.SN,KO,60800.0,31
2025-01-23,KOCL.SN,KO,60800.0,7
2025-01-24,KOCL.SN,KO,60800.0,3
2025-01-27,KOCL.SN,KO,60800.0,0
2025-01-28,KOCL.SN,KO,60800.0,0
2025-01-29,KOCL.SN,KO,60800.0,40
2025-01-30,KOCL.SN,KO,60800.0,0
2025-01-31,KOCL.SN,KO,60800.0,0
2025-02-03,KOCL.SN,KO,60800.0,0
2025-02-04,KOCL.SN,KO,60800.0,0
2025-02-05,KOCL.SN,KO,60800.0,0
2025-02-06,KOCL.SN,KO,60800.0,20
2025-02-07,KOCL.SN,KO,60800.0,30
2025-02-10,KOCL.SN,KO,60800.0,0
2025-02-11,KOCL.SN,KO,60800.0,11
2025-02-12,KOCL.SN,KO,60800.0,0
2025-02-13,KOCL.SN,KO,60800.0,1
2025-02-14,KOCL.SN,KO,60800.0,0
2025-02-17,KOCL.SN,KO,60800.0,0
2025-02-18,KOCL.SN,KO,60800.0,0
2025-02-19,KOCL.SN,KO,60800.0,0
2025-02-20,KOCL.SN,KO,60800.0,0
2025-02-21,KOCL.SN,KO,66851.0,123
2025-02-24,KOCL.SN,KO,66851.0,0
2025-02-25,KOCL.SN,KO,66851.0,0
2025-02-26,KOCL.SN,KO,66851.0,0
2025-02-27,KOCL.SN,KO,66851.0,0
2025-02-28,KOCL.SN,KO,66851.0,0
2025-03-03,KOCL.SN,KO,66851.0,0
2025-03-04,KOCL.SN,KO,66851.0,0
2025-03-05,KOCL.SN,KO,66851.0,0
2025-03-06,KOCL.SN,KO,66851.0,5
2025-03-07,KOCL.SN,KO,66851.0,0
2025-03-10,KOCL.SN,KO,66851.0,0
2025-03-11,KOCL.SN,KO,66851.0,0
2025-03-12,KOCL.SN,KO,66851.0,0
2025-03-13,KOCL.SN,KO,66851.0,0
2025-03-14,KOCL.SN,KO,66851.0,0
2025-03-17,KOCL.SN,KO,66851.0,0
2025-03-18,KOCL.SN,KO,66851.0,0
2025-03-19,KOCL.SN,KO,66851.0,0
2025-03-20,KOCL.SN,KO,66851.0,0
2025-03-21,KOCL.SN,KO,66851.0,0
2025-03-24,KOCL.SN,KO,66851.0,0
2025-03-25,KOCL.SN,KO,66851.0,15
2025-03-26,KOCL.SN,KO,66851.0,0
2025-03-27,KOCL.SN,KO,66851.0,0
2025-03-28,KOCL.SN,KO,66851.0,3
2025-03-31,KOCL.SN,KO,66851.0,0
2025-04-01,KOCL.SN,KO,66851.0,0
2025-04-02,KOCL.SN,KO,66851.0,0
2025-04-03,KOCL.SN,KO,66851.0,37
2025-04-04,KOCL.SN,KO,66851.0,3
2025-04-07,KOCL.SN,KO,66851.0,9
2025-04-08,KOCL.SN,KO,66851.0,0
2025-04-09,KOCL.SN,KO,66851.0,0
2025-04-10,KOCL.SN,KO,66851.0,0
2025-04-11,KOCL.SN,KO,66851.0,0
2025-04-14,KOCL.SN,KO,66851.0,0
2025-04-15,KOCL.SN,KO,66851.0,0
2025-04-16,KOCL.SN,KO,66851.0,0
2025-04-17,KOCL.SN,KO,66851.0,0
2025-04-21,KOCL.SN,KO,66851.0,0
2025-04-22,KOCL.SN,KO,66851.0,0
2025-04-23,KOCL.SN,KO,66851.0,0
2025-04-24,KOCL.SN,KO,66851.0,0
2025-04-25,KOCL.SN,KO,66851.0,1
2025-04-28,KOCL.SN,KO,66851.0,0
2025-04-29,KOCL.SN,KO,66851.0,0
2025-04-30,KOCL.SN,KO,66851.0,1
2025-05-02,KOCL.SN,KO,66851.0,0
2025-05-05,KOCL.SN,KO,66851.0,10
2025-05-06,KOCL.SN,KO,66851.0,0
2025-05-07,KOCL.SN,KO,66851.0,0
2025-05-08,KOCL.SN,KO,66851.0,5
2025-05-09,KOCL.SN,KO,66851.0,0
2025-05-12,KOCL.SN,KO,66851.0,50
2025-05-13,KOCL.SN,KO,66851.0,0
2025-05-14,KOCL.SN,KO,66851.0,0
2025-05-15,KOCL.SN,KO,66851.0,1
2025-05-16,KOCL.SN,KO,66851.0,0
2025-05-19,KOCL.SN,KO,66851.0,0
2025-05-20,KOCL.SN,KO,66851.0,7
2025-05-22,KOCL.SN,KO,66851.0,27
2025-05-23,KOCL.SN,KO,66851.0,111
2025-05-26,KOCL.SN,KO,66851.0,0
2025-05-27,KOCL.SN,KO,66851.0,0
2025-05-28,KOCL.SN,KO,66851.0,2
2025-05-29,KOCL.SN,KO,66851.0,0
2025-05-30,KOCL.SN,KO,66851.0,0
2025-06-02,KOCL.SN,KO,66851.0,0
2025-06-03,KOCL.SN,KO,66851.0,15
2025-06-04,KOCL.SN,KO,66851.0,0
2025-06-05,KOCL.SN,KO,66851.0,9
2025-06-06,KOCL.SN,KO,66851.0,0
2025-06-09,KOCL.SN,KO,66851.0,1
2025-06-10,KOCL.SN,KO,66851.0,0
2025-06-11,KOCL.SN,KO,66851.0,0
2025-06-12,KOCL.SN,KO,66851.0,4
2025-06-13,KOCL.SN,KO,66851.0,5
2025-06-16,KOCL.SN,KO,66851.0,0
2025-06-17,KOCL.SN,KO,66851.0,0
2025-06-18,KOCL.SN,KO,66851.0,0
2025-06-19,KOCL.SN,KO,66851.0,0
2025-06-23,KOCL.SN,KO,66851.0,0
2025-06-24,KOCL.SN,KO,66851.0,76
2025-06-25,KOCL.SN,KO,66851.0,0
2025-06-26,KOCL.SN,KO,66851.0,5
2025-06-27,KOCL.SN,KO,66851.0,20
2025-06-30,KOCL.SN,KO,66851.0,2
2025-07-01,KOCL.SN,KO,66851.0,1
2025-07-02,KOCL.SN,KO,66851.0,15
2025-07-03,KOCL.SN,KO,66851.0,8
2025-07-04,KOCL.SN,KO,66851.0,0
2025-07-07,KOCL.SN,KO,66851.0,25
2025-07-08,KOCL.SN,KO,66851.0,3
2025-07-09,KOCL.SN,KO,66851.0,42
2025-07-10,KOCL.SN,KO,66851.0,6
2025-07-11,KOCL.SN,KO,66851.0,0
2025-07-14,KOCL.SN,KO,66851.0,0
2025-07-15,KOCL.SN,KO,66851.0,0
2025-07-17,KOCL.SN,KO,66851.0,0
2025-07-18,KOCL.SN,KO,66851.0,4
2025-07-21,KOCL.SN,KO,66851.0,82
2025-07-22,KOCL.SN,KO,66617.0,1000
2025-07-23,KOCL.SN,KO,66617.0,6
2025-07-24,KOCL.SN,KO,66617.0,4
2025-07-25,KOCL.SN,KO,66617.0,0
2025-07-28,KOCL.SN,KO,66617.0,12
2025-07-29,KOCL.SN,KO,66617.0,0
2025-07-30,KOCL.SN,KO,66617.0,0
2025-07-31,KOCL.SN,KO,66617.0,0
2025-08-01,KOCL.SN,KO,66617.0,0
2025-08-04,KOCL.SN,KO,66617.0,0
2025-08-05,KOCL.SN,KO,66617.0,0
2025-08-06,KOCL.SN,KO,66617.0,0
2025-08-07,KOCL.SN,KO,66617.0,25
2025-08-08,KOCL.SN,KO,66617.0,0
2025-08-11,KOCL.SN,KO,66617.0,0
2025-08-12,KOCL.SN,KO,66617.0,0
2025-08-13,KOCL.SN,KO,66617.0,57
2025-08-14,KOCL.SN,KO,66617.0,0
2025-08-18,KOCL.SN,KO,66617.0,0
2025-08-19,KOCL.SN,KO,66617.0,0
2025-08-20,KOCL.SN,KO,66617.0,7
2025-08-21,KOCL.SN,KO,66617.0,0
2025-08-22,KOCL.SN,KO,66617.0,0
2025-08-25,KOCL.SN,KO,66617.0,9
2025-08-26,KOCL.SN,KO,66617.0,4
2025-08-27,KOCL.SN,KO,66617.0,0
2025-08-28,KOCL.SN,KO,66000.0,444
2025-08-29,KOCL.SN,KO,66000.0,0
2025-09-01,KOCL.SN,KO,66000.0,0
2025-09-02,KOCL.SN,KO,66000.0,2
2025-09-03,KOCL.SN,KO,66000.0,0
2025-09-04,KOCL.SN,KO,66000.0,0
2025-09-05,KOCL.SN,KO,66000.0,0
2025-09-08,KOCL.SN,KO,66000.0,0
2025-09-09,KOCL.SN,KO,66000.0,0
2025-09-10,KOCL.SN,KO,66000.0,76
2025-09-11,KOCL.SN,KO,66000.0,59
2025-09-12,KOCL.SN,KO,66000.0,67
2025-09-15,KOCL.SN,KO,66000.0,18
2025-09-16,KOCL.SN,KO,66000.0,0
2025-09-17,KOCL.SN,KO,66000.0,0
2025-09-22,KOCL.SN,KO,66000.0,0
2025-09-23,KOCL.SN,KO,66000.0,0
2025-09-24,KOCL.SN,KO,66000.0,5
2025-09-25,KOCL.SN,KO,66000.0,0
2025-09-26,KOCL.SN,KO,66000.0,0
2025-09-29,KOCL.SN,KO,66000.0,0
2025-09-30,KOCL.SN,KO,66000.0,0
2025-10-01,KOCL.SN,KO,66000.0,0
2025-10-02,KOCL.SN,KO,66000.0,2
2025-10-03,KOCL.SN,KO,66000.0,2
2025-10-06,KOCL.SN,KO,66000.0,0
2025-10-07,KOCL.SN,KO,66000.0,8
2025-10-08,KOCL.SN,KO,66000.0,18
2025-10-09,KOCL.SN,KO,66000.0,0
2025-10-10,KOCL.SN,KO,66000.0,6
2025-10-13,KOCL.SN,KO,66000.0,10
2025-10-14,KOCL.SN,KO,66000.0,10
2025-10-15,KOCL.SN,KO,66000.0,0
2025-10-16,KOCL.SN,KO,66000.0,4
2025-10-17,KOCL.SN,KO,66000.0,0
2025-10-20,KOCL.SN,KO,66000.0,0
2025-10-21,KOCL.SN,KO,66000.0,0
2025-10-22,KOCL.SN,KO,66000.0,0
2025-10-23,KOCL.SN,KO,66000.0,0
2025-10-24,KOCL.SN,KO,66000.0,1
2025-10-27,KOCL.SN,KO,66000.0,0
2025-10-28,KOCL.SN,KO,66000.0,0
2025-10-29,KOCL.SN,KO,66000.0,18
2025-10-30,KOCL.SN,KO,66000.0,2
2025-11-03,KOCL.SN,KO,66000.0,18
2025-11-04,KOCL.SN,KO,66000.0,0
2025-11-05,KOCL.SN,KO,66000.0,0
2025-11-06,KOCL.SN,KO,66000.0,0
2025-11-07,KOCL.SN,KO,66000.0,78
2025-11-10,KOCL.SN,KO,66300.0,134
2025-11-11,KOCL.SN,KO,66300.0,0
2025-11-12,KOCL.SN,KO,66300.0,1
2025-11-13,KOCL.SN,KO,66300.0,10
2025-11-14,KOCL.SN,KO,66300.0,0
2025-11-17,KOCL.SN,KO,66300.0,0
2025-11-18,KOCL.SN,KO,66300.0,0
2025-11-19,KOCL.SN,KO,66300.0,0
2025-11-20,KOCL.SN,KO,66300.0,0
2025-11-21,KOCL.SN,KO,66300.0,0
2025-11-24,KOCL.SN,KO,66300.0,0
2025-11-25,KOCL.SN,KO,66300.0,0
2025-11-26,KOCL.SN,KO,66300.0,0
2025-11-27,KOCL.SN,KO,66300.0,0
2025-11-28,KOCL.SN,KO,66300.0,0
2025-12-01,KOCL.SN,KO,66300.0,1
2025-12-02,KOCL.SN,KO,66300.0,12
2025-12-03,KOCL.SN,KO,66300.0,0
2025-12-04,KOCL.SN,KO,66300.0,6
2025-12-05,KOCL.SN,KO,66300.0,0
2025-12-09,KOCL.SN,KO,66300.0,16
2025-12-10,KOCL.SN,KO,66300.0,0
2025-12-11,KOCL.SN,KO,66300.0,17
2025-12-12,KOCL.SN,KO,66300.0,0
2025-12-15,KOCL.SN,KO,66300.0,0
2025-12-16,KOCL.SN,KO,66300.0,0
2025-12-17,KOCL.SN,KO,66300.0,23
2025-12-18,KOCL.SN,KO,66300.0,0
2025-12-19,KOCL.SN,KO,66300.0,0
2025-12-22,KOCL.SN,KO,66300.0,0
2025-12-23,KOCL.SN,KO,66300.0,0
2025-12-24,KOCL.SN,KO,66300.0,0
2025-12-26,KOCL.SN,KO,66300.0,0
2025-12-29,KOCL.SN,KO,66300.0,0
2025-12-30,KOCL.SN,KO,66300.0,30
2026-01-02,KOCL.SN,KO,66300.0,0
2026-01-05,KOCL.SN,KO,66300.0,0
2026-01-06,KOCL.SN,KO,66300.0,3
2026-01-07,KOCL.SN,KO,66300.0,0
2026-01-08,KOCL.SN,KO,66300.0,0
2026-01-09,KOCL.SN,KO,66300.0,16
2026-01-12,KOCL.SN,KO,66300.0,0
2026-01-13,KOCL.SN,KO,66300.0,0
2026-01-14,KOCL.SN,KO,66300.0,0
2026-01-15,KOCL.SN,KO,66300.0,0
2026-01-16,KOCL.SN,KO,66300.0,0
2026-01-19,KOCL.SN,KO,66300.0,0
2026-01-20,KOCL.SN,KO,66300.0,63
2026-01-21,KOCL.SN,KO,66300.0,0
2026-01-22,KOCL.SN,KO,66300.0,1
2026-01-23,KOCL.SN,KO,66300.0,0
2026-01-26,KOCL.SN,KO,66300.0,0
2026-01-27,KOCL.SN,KO,66300.0,60
2026-01-28,KOCL.SN,KO,66300.0,40
2026-01-29,KOCL.SN,KO,66300.0,0
2026-01-30,KOCL.SN,KO,66300.0,14
2026-02-02,KOCL.SN,KO,66300.0,1
2026-02-03,KOCL.SN,KO,66300.0,56
2026-02-04,KOCL.SN,KO,66300.0,1
2026-02-05,KOCL.SN,KO,67460.0,146
2026-02-06,KOCL.SN,KO,67460.0,1
2026-02-09,KOCL.SN,KO,67460.0,0
2026-02-10,KOCL.SN,KO,67460.0,0
2026-02-11,KOCL.SN,KO,67460.0,0
2026-02-12,KOCL.SN,KO,67460.0,0
2026-02-13,KOCL.SN,KO,67460.0,0
2026-02-16,KOCL.SN,KO,67460.0,0
2026-02-17,KOCL.SN,KO,67460.0,60
2026-02-18,KOCL.SN,KO,67460.0,0
2026-02-19,KOCL.SN,KO,67460.0,0
2026-02-20,KOCL.SN,KO,67460.0,0
2026-02-23,KOCL.SN,KO,67460.0,105
2026-02-24,KOCL.SN,KO,67460.0,0
2026-02-25,KOCL.SN,KO,67460.0,0
2026-02-26,KOCL.SN,KO,67460.0,4
2026-02-27,KOCL.SN,KO,67460.0,0
2026-03-02,KOCL.SN,KO,67460.0,11
2026-03-03,KOCL.SN,KO,67460.0,80
2026-03-04,KOCL.SN,KO,67460.0,0
2026-03-05,KOCL.SN,KO,67460.0,0
2026-03-06,KOCL.SN,KO,67460.0,0
2026-03-09,KOCL.SN,KO,67460.0,0
2026-03-10,KOCL.SN,KO,67460.0,0
2026-03-11,KOCL.SN,KO,67460.0,0
2026-03-12,KOCL.SN,KO,67460.0,0
2026-03-13,KOCL.SN,KO,67460.0,0
2026-03-16,KOCL.SN,KO,67460.0,0
2026-03-17,KOCL.SN,KO,67460.0,0
2026-03-18,KOCL.SN,KO,67460.0,0
2026-03-19,KOCL.SN,KO,67460.0,0
2026-03-20,KOCL.SN,KO,67460.0,0
2026-03-23,KOCL.SN,KO,67460.0,0
2026-03-24,KOCL.SN,KO,67460.0,0
2026-03-25,KOCL.SN,KO,67460.0,0
2026-03-26,KOCL.SN,KO,67460.0,0
2026-03-27,KOCL.SN,KO,67460.0,9
2026-03-30,KOCL.SN,KO,67460.0,0
2026-03-31,KOCL.SN,KO,67460.0,40
2026-04-01,KOCL.SN,KO,67460.0,8
2026-04-02,KOCL.SN,KO,67460.0,0
2026-04-06,KOCL.SN,KO,67460.0,0
2026-04-07,KOCL.SN,KO,67460.0,0
2026-04-08,KOCL.SN,KO,67460.0,0
2026-04-09,KOCL.SN,KO,67460.0,0
2026-04-10,KOCL.SN,KO,67460.0,4
2026-04-13,KOCL.SN,KO,67460.0,0
2026-04-14,KOCL.SN,KO,67460.0,8
2026-04-15,KOCL.SN,KO,67460.0,0
2026-04-16,KOCL.SN,KO,67460.0,0
2026-04-17,KOCL.SN,KO,67460.0,14
2026-04-20,KOCL.SN,KO,67460.0,0
2026-04-21,KOCL.SN,KO,67460.0,0
2026-04-22,KOCL.SN,KO,67460.0,0
2026-04-23,KOCL.SN,KO,67460.0,0
2026-04-24,KOCL.SN,KO,67460.0,0
2026-04-27,KOCL.SN,KO,67460.0,0
2026-04-28,KOCL.SN,KO,67460.0,0
2026-04-29,KOCL.SN,KO,67460.0,16
2026-04-30,KOCL.SN,KO,67460.0,0
2026-05-04,KOCL.SN,KO,67460.0,1
2026-05-05,KOCL.SN,KO,67460.0,3
2026-05-06,KOCL.SN,KO,67460.0,5
2026-05-07,KOCL.SN,KO,67460.0,1
2026-05-08,KOCL.SN,KO,67460.0,0
2026-05-11,KOCL.SN,KO,67460.0,0
2026-05-12,KOCL.SN,KO,67460.0,3
2026-05-13,KOCL.SN,KO,67460.0,0
2026-05-14,KOCL.SN,KO,67460.0,1
2026-05-15,KOCL.SN,KO,67460.0,0
2026-05-18,KOCL.SN,KO,67460.0,0
2026-05-19,KOCL.SN,KO,67460.0,0
2026-05-20,KOCL.SN,KO,67460.0,0
2026-05-22,KOCL.SN,KO,67460.0,0
2026-05-25,KOCL.SN,KO,67460.0,0
2026-05-26,KOCL.SN,KO,67460.0,55
2026-05-27,KOCL.SN,KO,67460.0,4
2026-05-28,KOCL.SN,KO,67460.0,2
2026-05-29,KOCL.SN,KO,67460.0,0
2026-06-01,KOCL.SN,KO,67460.0,55
2026-06-02,KOCL.SN,KO,67460.0,0
2026-06-03,KOCL.SN,KO,67460.0,0
2026-06-04,KOCL.SN,KO,67460.0,0
2026-06-05,KOCL.SN,KO,67460.0,0
2026-06-08,KOCL.SN,KO,67460.0,0
2026-06-09,KOCL.SN,KO,67460.0,0
2026-06-10,KOCL.SN,KO,67460.0,21
2026-06-11,KOCL.SN,KO,67460.0,0
2026-06-12,KOCL.SN,KO,67460.0,0
2026-06-15,KOCL.SN,KO,67460.0,0
2026-06-16,KOCL.SN,KO,67460.0,2
2026-06-17,KOCL.SN,KO,67460.0,0
2026-06-18,KOCL.SN,KO,67460.0,0
2026-06-19,KOCL.SN,KO,67460.0,0
2026-06-22,KOCL.SN,KO,67460.0,0
2026-06-23,KOCL.SN,KO,67460.0,0
2026-06-24,KOCL.SN,KO,67460.0,1
2026-06-25,KOCL.SN,KO,67460.0,0
2026-06-26,KOCL.SN,KO,67460.0,28
2026-06-30,KOCL.SN,KO,67460.0,35
2026-07-01,KOCL.SN,KO,75683.0,472
2026-07-02,KOCL.SN,KO,76580.0,146
2026-07-03,KOCL.SN,KO,76580.0,0
2026-07-06,KOCL.SN,KO,76580.0,0
2026-07-07,KOCL.SN,KO,76580.0,66
2026-07-08,KOCL.SN,KO,76580.0,0
2026-07-09,KOCL.SN,KO,76580.0,0
2026-07-10,KOCL.SN,KO,76580.0,0
2026-07-13,KOCL.SN,KO,76580.0,0
2026-07-14,KOCL.SN,KO,76580.0,0
2026-07-15,KOCL.SN,KO,76580.0,0
2026-07-17,KOCL.SN,KO,76580.0,0
2026-07-20,KOCL.SN,KO,76580.0,5
2026-07-21,KOCL.SN,KO,76618.0,0
2026-07-22,KOCL.SN,KO,76618.0,0
2026-07-23,KOCL.SN,KO,76618.0,0
2026-07-24,KOCL.SN,KO,76618.0,1
2026-07-27,KOCL.SN,KO,76618.0,0
2026-07-28,KOCL.SN,KO,79312.0,0
2026-07-29,KOCL.SN,KO,79312.0,0
2026-07-30,KOCL.SN,KO,79312.0,0
2026-07-31,KOCL.SN,KO,79312.0,0
2026-08-03,KOCL.SN,KO,79312.0,4
2026-08-04,KOCL.SN,KO,80336.0,0
2026-08-05,KOCL.SN,KO,80336.0,1
2026-08-06,KOCL.SN,KO,80336.0,0
2026-08-07,KOCL.SN,KO,80336.0,0
2026-08-10,KOCL.SN,KO,80336.0,0
2026-08-11,KOCL.SN,KO,79599.0,0
2026-08-12,KOCL.SN,KO,79599.0,0
2026-08-13,KOCL.SN,KO,79599.0,0
2026-08-14,KOCL.SN,KO,79599.0,0
2026-08-17,KOCL.SN,KO,79599.0,0
2026-08-18,KOCL.SN,KO,79516.0,0
2026-08-19,KOCL.SN,KO,79516.0,0
2026-08-20,KOCL.SN,KO,79516.0,0
2026-08-21,KOCL.SN,KO,79516.0,0
2026-08-24,KOCL.SN,KO,79516.0,0
2026-08-25,KOCL.SN,KO,84138.0,0
2026-08-26,KOCL.SN,KO,84000.0,53
2026-08-27,KOCL.SN,KO,84000.0,0
2026-08-28,KOCL.SN,KO,84000.0,2
2026-08-31,KOCL.SN,KO,84000.0,0
2026-09-01,KOCL.SN,KO,84000.0,0
2026-09-02,KOCL.SN,KO,84000.0,0
2026-09-03,KOCL.SN,KO,84000.0,0
2026-09-04,KOCL.SN,KO,84000.0,0
2026-09-07,KOCL.SN,KO,84000.0,0
2026-09-08,KOCL.SN,KO,84000.0,0
2026-09-09,KOCL.SN,KO,82030.0,0
2026-09-10,KOCL.SN,KO,82030.0,0
2026-09-11,KOCL.SN,KO,82030.0,0
2026-09-14,KOCL.SN,KO,82030.0,0
2026-09-15,KOCL.SN,KO,85555.0,0
2026-09-16,KOCL.SN,KO,85555.0,0
2026-09-17,KOCL.SN,KO,85555.0,0
2026-09-21,KOCL.SN,KO,85555.0,0
2024-09-23,MCDCL.SN,MCD,235850.0,0
2024-09-24,MCDCL.SN,MCD,235850.0,0
2024-09-25,MCDCL.SN,MCD,235850.0,0
2024-09-26,MCDCL.SN,MCD,235850.0,0
2024-09-27,MCDCL.SN,MCD,235850.0,0
2024-09-30,MCDCL.SN,MCD,235850.0,0
2024-10-01,MCDCL.SN,MCD,235850.0,4
2024-10-02,MCDCL.SN,MCD,235850.0,0
2024-10-03,MCDCL.SN,MCD,235850.0,0
2024-10-04,MCDCL.SN,MCD,235850.0,0
2024-10-07,MCDCL.SN,MCD,235850.0,0
2024-10-08,MCDCL.SN,MCD,235850.0,0
2024-10-09,MCDCL.SN,MCD,235850.0,0
2024-10-10,MCDCL.SN,MCD,235850.0,0
2024-10-11,MCDCL.SN,MCD,235850.0,0
2024-10-14,MCDCL.SN,MCD,235850.0,0
2024-10-15,MCDCL.SN,MCD,235850.0,0
2024-10-16,MCDCL.SN,MCD,235850.0,0
2024-10-17,MCDCL.SN,MCD,235850.0,0
2024-10-18,MCDCL.SN,MCD,235850.0,0
2024-10-21,MCDCL.SN,MCD,235850.0,12
2024-10-22,MCDCL.SN,MCD,235850.0,0
2024-10-23,MCDCL.SN,MCD,235850.0,0
2024-10-24,MCDCL.SN,MCD,235850.0,1
2024-10-25,MCDCL.SN,MCD,235850.0,0
2024-10-28,MCDCL.SN,MCD,235850.0,0
2024-10-29,MCDCL.SN,MCD,235850.0,2
2024-10-30,MCDCL.SN,MCD,235850.0,0
2024-11-04,MCDCL.SN,MCD,235850.0,0
2024-11-05,MCDCL.SN,MCD,235850.0,0
2024-11-06,MCDCL.SN,MCD,235850.0,0
2024-11-07,MCDCL.SN,MCD,235850.0,0
2024-11-08,MCDCL.SN,MCD,235850.0,17
2024-11-11,MCDCL.SN,MCD,235850.0,14
2024-11-12,MCDCL.SN,MCD,235850.0,0
2024-11-13,MCDCL.SN,MCD,235850.0,0
2024-11-14,MCDCL.SN,MCD,235850.0,0
2024-11-15,MCDCL.SN,MCD,235850.0,0
2024-11-18,MCDCL.SN,MCD,235850.0,0
2024-11-19,MCDCL.SN,MCD,235850.0,0
2024-11-20,MCDCL.SN,MCD,235850.0,0
2024-11-21,MCDCL.SN,MCD,235850.0,0
2024-11-22,MCDCL.SN,MCD,235850.0,0
2024-11-25,MCDCL.SN,MCD,235850.0,0
2024-11-26,MCDCL.SN,MCD,235850.0,0
2024-11-27,MCDCL.SN,MCD,235850.0,0
2024-11-28,MCDCL.SN,MCD,235850.0,0
2024-11-29,MCDCL.SN,MCD,235850.0,0
2024-12-02,MCDCL.SN,MCD,235850.0,3
2024-12-03,MCDCL.SN,MCD,235850.0,0
2024-12-04,MCDCL.SN,MCD,235850.0,0
2024-12-05,MCDCL.SN,MCD,235850.0,0
2024-12-06,MCDCL.SN,MCD,235850.0,0
2024-12-09,MCDCL.SN,MCD,235850.0,0
2024-12-10,MCDCL.SN,MCD,235850.0,0
2024-12-11,MCDCL.SN,MCD,235850.0,0
2024-12-12,MCDCL.SN,MCD,235850.0,0
2024-12-13,MCDCL.SN,MCD,235850.0,0
2024-12-16,MCDCL.SN,MCD,235850.0,0
2024-12-17,MCDCL.SN,MCD,235850.0,0
2024-12-18,MCDCL.SN,MCD,235850.0,0
2024-12-19,MCDCL.SN,MCD,235850.0,0
2024-12-20,MCDCL.SN,MCD,235850.0,0
2024-12-23,MCDCL.SN,MCD,235850.0,0
2024-12-24,MCDCL.SN,MCD,235850.0,0
2024-12-26,MCDCL.SN,MCD,235850.0,0
2024-12-27,MCDCL.SN,MCD,235850.0,0
2024-12-30,MCDCL.SN,MCD,235850.0,0
2025-01-02,MCDCL.SN,MCD,235850.0,0
2025-01-03,MCDCL.SN,MCD,235850.0,0
2025-01-06,MCDCL.SN,MCD,235850.0,0
2025-01-07,MCDCL.SN,MCD,235850.0,0
2025-01-08,MCDCL.SN,MCD,235850.0,0
2025-01-09,MCDCL.SN,MCD,235850.0,0
2025-01-10,MCDCL.SN,MCD,235850.0,0
2025-01-13,MCDCL.SN,MCD,235850.0,0
2025-01-14,MCDCL.SN,MCD,235850.0,0
2025-01-15,MCDCL.SN,MCD,235850.0,0
2025-01-16,MCDCL.SN,MCD,235850.0,0
2025-01-17,MCDCL.SN,MCD,235850.0,0
2025-01-20,MCDCL.SN,MCD,235850.0,0
2025-01-21,MCDCL.SN,MCD,235850.0,0
2025-01-22,MCDCL.SN,MCD,235850.0,0
2025-01-23,MCDCL.SN,MCD,235850.0,0
2025-01-24,MCDCL.SN,MCD,235850.0,0
2025-01-27,MCDCL.SN,MCD,235850.0,0
2025-01-28,MCDCL.SN,MCD,235850.0,0
2025-01-29,MCDCL.SN,MCD,235850.0,0
2025-01-30,MCDCL.SN,MCD,235850.0,0
2025-01-31,MCDCL.SN,MCD,235850.0,0
2025-02-03,MCDCL.SN,MCD,235850.0,0
2025-02-04,MCDCL.SN,MCD,235850.0,0
2025-02-05,MCDCL.SN,MCD,235850.0,0
2025-02-06,MCDCL.SN,MCD,235850.0,0
2025-02-07,MCDCL.SN,MCD,235850.0,0
2025-02-10,MCDCL.SN,MCD,235850.0,0
2025-02-11,MCDCL.SN,MCD,235850.0,0
2025-02-12,MCDCL.SN,MCD,235850.0,0
2025-02-13,MCDCL.SN,MCD,235850.0,0
2025-02-14,MCDCL.SN,MCD,235850.0,0
2025-02-17,MCDCL.SN,MCD,235850.0,0
2025-02-18,MCDCL.SN,MCD,235850.0,0
2025-02-19,MCDCL.SN,MCD,235850.0,0
2025-02-20,MCDCL.SN,MCD,235850.0,0
2025-02-21,MCDCL.SN,MCD,235850.0,0
2025-02-24,MCDCL.SN,MCD,235850.0,0
2025-02-25,MCDCL.SN,MCD,235850.0,0
2025-02-26,MCDCL.SN,MCD,235850.0,0
2025-02-27,MCDCL.SN,MCD,235850.0,0
2025-02-28,MCDCL.SN,MCD,235850.0,0
2025-03-03,MCDCL.SN,MCD,235850.0,0
2025-03-04,MCDCL.SN,MCD,235850.0,4
2025-03-05,MCDCL.SN,MCD,235850.0,0
2025-03-06,MCDCL.SN,MCD,235850.0,0
2025-03-07,MCDCL.SN,MCD,235850.0,4
2025-03-10,MCDCL.SN,MCD,235850.0,0
2025-03-11,MCDCL.SN,MCD,235850.0,0
2025-03-12,MCDCL.SN,MCD,235850.0,0
2025-03-13,MCDCL.SN,MCD,235850.0,0
2025-03-14,MCDCL.SN,MCD,235850.0,0
2025-03-17,MCDCL.SN,MCD,235850.0,0
2025-03-18,MCDCL.SN,MCD,235850.0,0
2025-03-19,MCDCL.SN,MCD,235850.0,0
2025-03-20,MCDCL.SN,MCD,235850.0,0
2025-03-21,MCDCL.SN,MCD,235850.0,0
2025-03-24,MCDCL.SN,MCD,235850.0,0
2025-03-25,MCDCL.SN,MCD,235850.0,0
2025-03-26,MCDCL.SN,MCD,235850.0,0
2025-03-27,MCDCL.SN,MCD,235850.0,0
2025-03-28,MCDCL.SN,MCD,235850.0,1
2025-03-31,MCDCL.SN,MCD,235850.0,0
2025-04-01,MCDCL.SN,MCD,235850.0,0
2025-04-02,MCDCL.SN,MCD,235850.0,0
2025-04-03,MCDCL.SN,MCD,235850.0,0
2025-04-04,MCDCL.SN,MCD,235850.0,0
2025-04-07,MCDCL.SN,MCD,235850.0,8
2025-04-08,MCDCL.SN,MCD,235850.0,0
2025-04-09,MCDCL.SN,MCD,235850.0,0
2025-04-10,MCDCL.SN,MCD,235850.0,0
2025-04-11,MCDCL.SN,MCD,235850.0,0
2025-04-14,MCDCL.SN,MCD,235850.0,0
2025-04-15,MCDCL.SN,MCD,235850.0,0
2025-04-16,MCDCL.SN,MCD,235850.0,0
2025-04-17,MCDCL.SN,MCD,235850.0,0
2025-04-21,MCDCL.SN,MCD,235850.0,0
2025-04-22,MCDCL.SN,MCD,235850.0,0
2025-04-23,MCDCL.SN,MCD,235850.0,0
2025-04-24,MCDCL.SN,MCD,235850.0,0
2025-04-25,MCDCL.SN,MCD,235850.0,0
2025-04-28,MCDCL.SN,MCD,235850.0,0
2025-04-29,MCDCL.SN,MCD,235850.0,0
2025-04-30,MCDCL.SN,MCD,235850.0,0
2025-05-02,MCDCL.SN,MCD,235850.0,0
2025-05-05,MCDCL.SN,MCD,235850.0,0
2025-05-06,MCDCL.SN,MCD,235850.0,0
2025-05-07,MCDCL.SN,MCD,235850.0,0
2025-05-08,MCDCL.SN,MCD,235850.0,0
2025-05-09,MCDCL.SN,MCD,235850.0,0
2025-05-12,MCDCL.SN,MCD,235850.0,0
2025-05-13,MCDCL.SN,MCD,235850.0,0
2025-05-14,MCDCL.SN,MCD,235850.0,0
2025-05-15,MCDCL.SN,MCD,235850.0,0
2025-05-16,MCDCL.SN,MCD,235850.0,0
2025-05-19,MCDCL.SN,MCD,235850.0,0
2025-05-20,MCDCL.SN,MCD,235850.0,0
2025-05-22,MCDCL.SN,MCD,235850.0,0
2025-05-23,MCDCL.SN,MCD,235850.0,0
2025-05-26,MCDCL.SN,MCD,235850.0,0
2025-05-27,MCDCL.SN,MCD,235850.0,0
2025-05-28,MCDCL.SN,MCD,235850.0,0
2025-05-29,MCDCL.SN,MCD,235850.0,0
2025-05-30,MCDCL.SN,MCD,235850.0,0
2025-06-02,MCDCL.SN,MCD,235850.0,0
2025-06-03,MCDCL.SN,MCD,235850.0,0
2025-06-04,MCDCL.SN,MCD,235850.0,0
2025-06-05,MCDCL.SN,MCD,235850.0,0
2025-06-06,MCDCL.SN,MCD,235850.0,0
2025-06-09,MCDCL.SN,MCD,235850.0,0
2025-06-10,MCDCL.SN,MCD,235850.0,0
2025-06-11,MCDCL.SN,MCD,235850.0,0
2025-06-12,MCDCL.SN,MCD,235850.0,0
2025-06-13,MCDCL.SN,MCD,235850.0,0
2025-06-16,MCDCL.SN,MCD,235850.0,0
2025-06-17,MCDCL.SN,MCD,235850.0,0
2025-06-18,MCDCL.SN,MCD,235850.0,0
2025-06-19,MCDCL.SN,MCD,235850.0,0
2025-06-23,MCDCL.SN,MCD,235850.0,0
2025-06-24,MCDCL.SN,MCD,235850.0,10
2025-06-25,MCDCL.SN,MCD,235850.0,0
2025-06-26,MCDCL.SN,MCD,235850.0,10
2025-06-27,MCDCL.SN,MCD,235850.0,0
2025-06-30,MCDCL.SN,MCD,235850.0,2
2025-07-01,MCDCL.SN,MCD,235850.0,0
2025-07-02,MCDCL.SN,MCD,235850.0,25
2025-07-03,MCDCL.SN,MCD,235850.0,0
2025-07-04,MCDCL.SN,MCD,235850.0,0
2025-07-07,MCDCL.SN,MCD,235850.0,0
2025-07-08,MCDCL.SN,MCD,235850.0,0
2025-07-09,MCDCL.SN,MCD,235850.0,0
2025-07-10,MCDCL.SN,MCD,235850.0,0
2025-07-11,MCDCL.SN,MCD,235850.0,0
2025-07-14,MCDCL.SN,MCD,235850.0,0
2025-07-15,MCDCL.SN,MCD,235850.0,0
2025-07-17,MCDCL.SN,MCD,235850.0,0
2025-07-18,MCDCL.SN,MCD,235850.0,0
2025-07-21,MCDCL.SN,MCD,235850.0,0
2025-07-22,MCDCL.SN,MCD,235850.0,0
2025-07-23,MCDCL.SN,MCD,235850.0,0
2025-07-24,MCDCL.SN,MCD,235850.0,0
2025-07-25,MCDCL.SN,MCD,235850.0,0
2025-07-28,MCDCL.SN,MCD,235850.0,0
2025-07-29,MCDCL.SN,MCD,235850.0,0
2025-07-30,MCDCL.SN,MCD,235850.0,0
2025-07-31,MCDCL.SN,MCD,235850.0,0
2025-08-01,MCDCL.SN,MCD,235850.0,0
2025-08-04,MCDCL.SN,MCD,235850.0,0
2025-08-05,MCDCL.SN,MCD,235850.0,0
2025-08-06,MCDCL.SN,MCD,235850.0,0
2025-08-07,MCDCL.SN,MCD,235850.0,0
2025-08-08,MCDCL.SN,MCD,235850.0,0
2025-08-11,MCDCL.SN,MCD,235850.0,0
2025-08-12,MCDCL.SN,MCD,235850.0,0
2025-08-13,MCDCL.SN,MCD,235850.0,0
2025-08-14,MCDCL.SN,MCD,235850.0,0
2025-08-18,MCDCL.SN,MCD,235850.0,0
2025-08-19,MCDCL.SN,MCD,235850.0,0
2025-08-20,MCDCL.SN,MCD,235850.0,0
2025-08-21,MCDCL.SN,MCD,235850.0,0
2025-08-22,MCDCL.SN,MCD,235850.0,0
2025-08-25,MCDCL.SN,MCD,235850.0,0
2025-08-26,MCDCL.SN,MCD,235850.0,0
2025-08-27,MCDCL.SN,MCD,235850.0,0
2025-08-28,MCDCL.SN,MCD,235850.0,0
2025-08-29,MCDCL.SN,MCD,235850.0,0
2025-09-01,MCDCL.SN,MCD,235850.0,0
2025-09-02,MCDCL.SN,MCD,235850.0,0
2025-09-03,MCDCL.SN,MCD,235850.0,0
2025-09-04,MCDCL.SN,MCD,235850.0,0
2025-09-05,MCDCL.SN,MCD,235850.0,0
2025-09-08,MCDCL.SN,MCD,235850.0,0
2025-09-09,MCDCL.SN,MCD,235850.0,0
2025-09-10,MCDCL.SN,MCD,235850.0,0
2025-09-11,MCDCL.SN,MCD,235850.0,0
2025-09-12,MCDCL.SN,MCD,235850.0,0
2025-09-15,MCDCL.SN,MCD,235850.0,0
2025-09-16,MCDCL.SN,MCD,235850.0,0
2025-09-17,MCDCL.SN,MCD,235850.0,0
2025-09-22,MCDCL.SN,MCD,235850.0,0
2025-09-23,MCDCL.SN,MCD,235850.0,0
2025-09-24,MCDCL.SN,MCD,235850.0,0
2025-09-25,MCDCL.SN,MCD,235850.0,0
2025-09-26,MCDCL.SN,MCD,235850.0,0
2025-09-29,MCDCL.SN,MCD,235850.0,0
2025-09-30,MCDCL.SN,MCD,235850.0,0
2025-10-01,MCDCL.SN,MCD,235850.0,0
2025-10-02,MCDCL.SN,MCD,235850.0,0
2025-10-03,MCDCL.SN,MCD,235850.0,0
2025-10-06,MCDCL.SN,MCD,235850.0,0
2025-10-07,MCDCL.SN,MCD,235850.0,0
2025-10-08,MCDCL.SN,MCD,235850.0,0
2025-10-09,MCDCL.SN,MCD,235850.0,0
2025-10-10,MCDCL.SN,MCD,235850.0,0
2025-10-13,MCDCL.SN,MCD,235850.0,0
2025-10-14,MCDCL.SN,MCD,235850.0,0
2025-10-15,MCDCL.SN,MCD,235850.0,0
2025-10-16,MCDCL.SN,MCD,235850.0,0
2025-10-17,MCDCL.SN,MCD,235850.0,0
2025-10-20,MCDCL.SN,MCD,235850.0,0
2025-10-21,MCDCL.SN,MCD,235850.0,0
2025-10-22,MCDCL.SN,MCD,235850.0,0
2025-10-23,MCDCL.SN,MCD,235850.0,0
2025-10-24,MCDCL.SN,MCD,235850.0,0
2025-10-27,MCDCL.SN,MCD,235850.0,0
2025-10-28,MCDCL.SN,MCD,235850.0,0
2025-10-29,MCDCL.SN,MCD,235850.0,0
2025-10-30,MCDCL.SN,MCD,235850.0,0
2025-11-03,MCDCL.SN,MCD,235850.0,0
2025-11-04,MCDCL.SN,MCD,235850.0,0
2025-11-05,MCDCL.SN,MCD,235850.0,0
2025-11-06,MCDCL.SN,MCD,235850.0,0
2025-11-07,MCDCL.SN,MCD,235850.0,0
2025-11-10,MCDCL.SN,MCD,235850.0,0
2025-11-11,MCDCL.SN,MCD,235850.0,0
2025-11-12,MCDCL.SN,MCD,235850.0,1
2025-11-13,MCDCL.SN,MCD,235850.0,0
2025-11-14,MCDCL.SN,MCD,235850.0,0
2025-11-17,MCDCL.SN,MCD,235850.0,0
2025-11-18,MCDCL.SN,MCD,235850.0,0
2025-11-19,MCDCL.SN,MCD,235850.0,0
2025-11-20,MCDCL.SN,MCD,235850.0,0
2025-11-21,MCDCL.SN,MCD,235850.0,0
2025-11-24,MCDCL.SN,MCD,235850.0,0
2025-11-25,MCDCL.SN,MCD,235850.0,0
2025-11-26,MCDCL.SN,MCD,235850.0,0
2025-11-27,MCDCL.SN,MCD,235850.0,0
2025-11-28,MCDCL.SN,MCD,235850.0,0
2025-12-01,MCDCL.SN,MCD,235850.0,0
2025-12-02,MCDCL.SN,MCD,235850.0,0
2025-12-03,MCDCL.SN,MCD,235850.0,0
2025-12-04,MCDCL.SN,MCD,235850.0,0
2025-12-05,MCDCL.SN,MCD,235850.0,0
2025-12-09,MCDCL.SN,MCD,235850.0,0
2025-12-10,MCDCL.SN,MCD,235850.0,0
2025-12-11,MCDCL.SN,MCD,235850.0,0
2025-12-12,MCDCL.SN,MCD,235850.0,0
2025-12-15,MCDCL.SN,MCD,235850.0,0
2025-12-16,MCDCL.SN,MCD,235850.0,0
2025-12-17,MCDCL.SN,MCD,235850.0,0
2025-12-18,MCDCL.SN,MCD,235850.0,0
2025-12-19,MCDCL.SN,MCD,235850.0,0
2025-12-22,MCDCL.SN,MCD,235850.0,0
2025-12-23,MCDCL.SN,MCD,235850.0,0
2025-12-24,MCDCL.SN,MCD,235850.0,0
2025-12-26,MCDCL.SN,MCD,235850.0,0
2025-12-29,MCDCL.SN,MCD,235850.0,0
2025-12-30,MCDCL.SN,MCD,235850.0,0
2026-01-02,MCDCL.SN,MCD,235850.0,0
2026-01-05,MCDCL.SN,MCD,235850.0,0
2026-01-06,MCDCL.SN,MCD,235850.0,0
2026-01-07,MCDCL.SN,MCD,235850.0,1
2026-01-08,MCDCL.SN,MCD,235850.0,0
2026-01-09,MCDCL.SN,MCD,235850.0,0
2026-01-12,MCDCL.SN,MCD,235850.0,0
2026-01-13,MCDCL.SN,MCD,235850.0,0
2026-01-14,MCDCL.SN,MCD,235850.0,0
2026-01-15,MCDCL.SN,MCD,235850.0,0
2026-01-16,MCDCL.SN,MCD,235850.0,0
2026-01-19,MCDCL.SN,MCD,235850.0,0
2026-01-20,MCDCL.SN,MCD,235850.0,0
2026-01-21,MCDCL.SN,MCD,235850.0,0
2026-01-22,MCDCL.SN,MCD,235850.0,0
2026-01-23,MCDCL.SN,MCD,235850.0,0
2026-01-26,MCDCL.SN,MCD,235850.0,0
2026-01-27,MCDCL.SN,MCD,235850.0,0
2026-01-28,MCDCL.SN,MCD,235850.0,0
2026-01-29,MCDCL.SN,MCD,235850.0,0
2026-01-30,MCDCL.SN,MCD,235850.0,0
2026-02-02,MCDCL.SN,MCD,235850.0,10
2026-02-03,MCDCL.SN,MCD,235850.0,0
2026-02-04,MCDCL.SN,MCD,235850.0,0
2026-02-05,MCDCL.SN,MCD,235850.0,0
2026-02-06,MCDCL.SN,MCD,235850.0,0
2026-02-09,MCDCL.SN,MCD,235850.0,0
2026-02-10,MCDCL.SN,MCD,235850.0,0
2026-02-11,MCDCL.SN,MCD,235850.0,0
2026-02-12,MCDCL.SN,MCD,235850.0,0
2026-02-13,MCDCL.SN,MCD,235850.0,0
2026-02-16,MCDCL.SN,MCD,235850.0,0
2026-02-17,MCDCL.SN,MCD,235850.0,0
2026-02-18,MCDCL.SN,MCD,235850.0,0
2026-02-19,MCDCL.SN,MCD,235850.0,0
2026-02-20,MCDCL.SN,MCD,235850.0,0
2026-02-23,MCDCL.SN,MCD,235850.0,0
2026-02-24,MCDCL.SN,MCD,235850.0,0
2026-02-25,MCDCL.SN,MCD,235850.0,0
2026-02-26,MCDCL.SN,MCD,235850.0,0
2026-02-27,MCDCL.SN,MCD,235850.0,0
2026-03-02,MCDCL.SN,MCD,235850.0,0
2026-03-03,MCDCL.SN,MCD,235850.0,0
2026-03-04,MCDCL.SN,MCD,235850.0,0
2026-03-05,MCDCL.SN,MCD,235850.0,0
2026-03-06,MCDCL.SN,MCD,235850.0,0
2026-03-09,MCDCL.SN,MCD,235850.0,0
2026-03-10,MCDCL.SN,MCD,235850.0,0
2026-03-11,MCDCL.SN,MCD,235850.0,0
2026-03-12,MCDCL.SN,MCD,235850.0,0
2026-03-13,MCDCL.SN,MCD,235850.0,0
2026-03-16,MCDCL.SN,MCD,235850.0,0
2026-03-17,MCDCL.SN,MCD,235850.0,0
2026-03-18,MCDCL.SN,MCD,235850.0,0
2026-03-19,MCDCL.SN,MCD,235850.0,0
2026-03-20,MCDCL.SN,MCD,235850.0,0
2026-03-23,MCDCL.SN,MCD,235850.0,0
2026-03-24,MCDCL.SN,MCD,235850.0,0
2026-03-25,MCDCL.SN,MCD,235850.0,0
2026-03-26,MCDCL.SN,MCD,235850.0,0
2026-03-27,MCDCL.SN,MCD,235850.0,0
2026-03-30,MCDCL.SN,MCD,235850.0,0
2026-03-31,MCDCL.SN,MCD,235850.0,0
2026-04-01,MCDCL.SN,MCD,235850.0,4
2026-04-02,MCDCL.SN,MCD,235850.0,0
2026-04-06,MCDCL.SN,MCD,235850.0,0
2026-04-07,MCDCL.SN,MCD,235850.0,0
2026-04-08,MCDCL.SN,MCD,235850.0,0
2026-04-09,MCDCL.SN,MCD,235850.0,0
2026-04-10,MCDCL.SN,MCD,235850.0,0
2026-04-13,MCDCL.SN,MCD,235850.0,0
2026-04-14,MCDCL.SN,MCD,235850.0,0
2026-04-15,MCDCL.SN,MCD,235850.0,0
2026-04-16,MCDCL.SN,MCD,235850.0,0
2026-04-17,MCDCL.SN,MCD,235850.0,0
2026-04-20,MCDCL.SN,MCD,235850.0,0
2026-04-21,MCDCL.SN,MCD,235850.0,0
2026-04-22,MCDCL.SN,MCD,235850.0,0
2026-04-23,MCDCL.SN,MCD,235850.0,0
2026-04-24,MCDCL.SN,MCD,235850.0,0
2026-04-27,MCDCL.SN,MCD,235850.0,0
2026-04-28,MCDCL.SN,MCD,235850.0,0
2026-04-29,MCDCL.SN,MCD,235850.0,0
2026-04-30,MCDCL.SN,MCD,235850.0,0
2026-05-04,MCDCL.SN,MCD,235850.0,0
2026-05-05,MCDCL.SN,MCD,235850.0,0
2026-05-06,MCDCL.SN,MCD,235850.0,0
2026-05-07,MCDCL.SN,MCD,235850.0,0
2026-05-08,MCDCL.SN,MCD,235850.0,0
2026-05-11,MCDCL.SN,MCD,235850.0,1
2026-05-12,MCDCL.SN,MCD,235850.0,0
2026-05-13,MCDCL.SN,MCD,235850.0,0
2026-05-14,MCDCL.SN,MCD,235850.0,0
2026-05-15,MCDCL.SN,MCD,235850.0,0
2026-05-18,MCDCL.SN,MCD,235850.0,0
2026-05-19,MCDCL.SN,MCD,235850.0,4
2026-05-20,MCDCL.SN,MCD,235850.0,0
2026-05-22,MCDCL.SN,MCD,235850.0,0
2026-05-25,MCDCL.SN,MCD,235850.0,0
2026-05-26,MCDCL.SN,MCD,235850.0,0
2026-05-27,MCDCL.SN,MCD,235850.0,0
2026-05-28,MCDCL.SN,MCD,235850.0,0
2026-05-29,MCDCL.SN,MCD,235850.0,0
2026-06-01,MCDCL.SN,MCD,235850.0,1
2026-06-02,MCDCL.SN,MCD,235850.0,0
2026-06-03,MCDCL.SN,MCD,235850.0,0
2026-06-04,MCDCL.SN,MCD,235850.0,7
2026-06-05,MCDCL.SN,MCD,235850.0,0
2026-06-08,MCDCL.SN,MCD,235850.0,0
2026-06-09,MCDCL.SN,MCD,235850.0,0
2026-06-10,MCDCL.SN,MCD,235850.0,0
2026-06-11,MCDCL.SN,MCD,235850.0,0
2026-06-12,MCDCL.SN,MCD,235850.0,0
2026-06-15,MCDCL.SN,MCD,235850.0,0
2026-06-16,MCDCL.SN,MCD,235850.0,0
2026-06-17,MCDCL.SN,MCD,235850.0,0
2026-06-18,MCDCL.SN,MCD,235850.0,0
2026-06-19,MCDCL.SN,MCD,235850.0,0
2026-06-22,MCDCL.SN,MCD,235850.0,0
2026-06-23,MCDCL.SN,MCD,235850.0,0
2026-06-24,MCDCL.SN,MCD,235850.0,0
2026-06-25,MCDCL.SN,MCD,235850.0,0
2026-06-26,MCDCL.SN,MCD,250410.0,34
2026-06-30,MCDCL.SN,MCD,250410.0,0
2026-07-01,MCDCL.SN,MCD,250410.0,8
2026-07-02,MCDCL.SN,MCD,250410.0,20
2026-07-03,MCDCL.SN,MCD,250410.0,0
2026-07-06,MCDCL.SN,MCD,250410.0,0
2026-07-07,MCDCL.SN,MCD,250410.0,2
2026-07-08,MCDCL.SN,MCD,250410.0,0
2026-07-09,MCDCL.SN,MCD,250410.0,0
2026-07-10,MCDCL.SN,MCD,250410.0,0
2026-07-13,MCDCL.SN,MCD,250410.0,0
2026-07-14,MCDCL.SN,MCD,250410.0,0
2026-07-15,MCDCL.SN,MCD,250410.0,0
2026-07-17,MCDCL.SN,MCD,250410.0,0
2026-07-20,MCDCL.SN,MCD,250410.0,0
2026-07-21,MCDCL.SN,MCD,249710.0,0
2026-07-22,MCDCL.SN,MCD,249710.0,0
2026-07-23,MCDCL.SN,MCD,249710.0,0
2026-07-24,MCDCL.SN,MCD,249710.0,0
2026-07-27,MCDCL.SN,MCD,249710.0,0
2026-07-28,MCDCL.SN,MCD,255350.0,0
2026-07-29,MCDCL.SN,MCD,255350.0,0
2026-07-30,MCDCL.SN,MCD,255350.0,0
2026-07-31,MCDCL.SN,MCD,255350.0,0
2026-08-03,MCDCL.SN,MCD,255350.0,0
2026-08-04,MCDCL.SN,MCD,245310.0,0
2026-08-05,MCDCL.SN,MCD,245310.0,0
2026-08-06,MCDCL.SN,MCD,245310.0,0
2026-08-07,MCDCL.SN,MCD,245310.0,0
2026-08-10,MCDCL.SN,MCD,245310.0,0
2026-08-11,MCDCL.SN,MCD,250810.0,0
2026-08-12,MCDCL.SN,MCD,250810.0,0
2026-08-13,MCDCL.SN,MCD,250810.0,0
2026-08-14,MCDCL.SN,MCD,250810.0,0
2026-08-17,MCDCL.SN,MCD,250810.0,0
2026-08-18,MCDCL.SN,MCD,242740.0,0
2026-08-19,MCDCL.SN,MCD,242740.0,0
2026-08-20,MCDCL.SN,MCD,242740.0,0
2026-08-21,MCDCL.SN,MCD,242740.0,0
2026-08-24,MCDCL.SN,MCD,242740.0,0
2026-08-25,MCDCL.SN,MCD,249280.0,0
2026-08-26,MCDCL.SN,MCD,249280.0,0
2026-08-27,MCDCL.SN,MCD,249280.0,0
2026-08-28,MCDCL.SN,MCD,249280.0,0
2026-08-31,MCDCL.SN,MCD,249280.0,0
2026-09-01,MCDCL.SN,MCD,249280.0,0
2026-09-02,MCDCL.SN,MCD,249280.0,0
2026-09-03,MCDCL.SN,MCD,249280.0,0
2026-09-04,MCDCL.SN,MCD,249280.0,0
2026-09-07,MCDCL.SN,MCD,249280.0,0
2026-09-08,MCDCL.SN,MCD,249280.0,0
2026-09-09,MCDCL.SN,MCD,237040.0,0
2026-09-10,MCDCL.SN,MCD,237040.0,0
2026-09-11,MCDCL.SN,MCD,237040.0,0
2026-09-14,MCDCL.SN,MCD,237040.0,0
2026-09-15,MCDCL.SN,MCD,246550.0,0
2026-09-16,MCDCL.SN,MCD,246550.0,0
2026-09-17,MCDCL.SN,MCD,246550.0,0
2026-09-21,MCDCL.SN,MCD,246550.0,0
2024-09-23,MRKCL.SN,MRK,106200.0,0
2024-09-24,MRKCL.SN,MRK,106200.0,0
2024-09-25,MRKCL.SN,MRK,106200.0,0
2024-09-26,MRKCL.SN,MRK,106200.0,10
2024-09-27,MRKCL.SN,MRK,106200.0,5
2024-09-30,MRKCL.SN,MRK,106200.0,0
2024-10-01,MRKCL.SN,MRK,106200.0,0
2024-10-02,MRKCL.SN,MRK,106200.0,0
2024-10-03,MRKCL.SN,MRK,106200.0,0
2024-10-04,MRKCL.SN,MRK,106200.0,0
2024-10-07,MRKCL.SN,MRK,106200.0,0
2024-10-08,MRKCL.SN,MRK,106200.0,24
2024-10-09,MRKCL.SN,MRK,106200.0,0
2024-10-10,MRKCL.SN,MRK,106200.0,0
2024-10-11,MRKCL.SN,MRK,106200.0,0
2024-10-14,MRKCL.SN,MRK,106200.0,0
2024-10-15,MRKCL.SN,MRK,106200.0,0
2024-10-16,MRKCL.SN,MRK,106200.0,0
2024-10-17,MRKCL.SN,MRK,106200.0,0
2024-10-18,MRKCL.SN,MRK,106200.0,0
2024-10-21,MRKCL.SN,MRK,106200.0,0
2024-10-22,MRKCL.SN,MRK,106200.0,0
2024-10-23,MRKCL.SN,MRK,106200.0,0
2024-10-24,MRKCL.SN,MRK,106200.0,0
2024-10-25,MRKCL.SN,MRK,106200.0,0
2024-10-28,MRKCL.SN,MRK,106200.0,0
2024-10-29,MRKCL.SN,MRK,99470.0,110
2024-10-30,MRKCL.SN,MRK,99470.0,0
2024-11-04,MRKCL.SN,MRK,99470.0,0
2024-11-05,MRKCL.SN,MRK,99470.0,0
2024-11-06,MRKCL.SN,MRK,99470.0,8
2024-11-07,MRKCL.SN,MRK,99470.0,0
2024-11-08,MRKCL.SN,MRK,99470.0,0
2024-11-11,MRKCL.SN,MRK,99470.0,19
2024-11-12,MRKCL.SN,MRK,99470.0,0
2024-11-13,MRKCL.SN,MRK,99470.0,0
2024-11-14,MRKCL.SN,MRK,99470.0,0
2024-11-15,MRKCL.SN,MRK,99470.0,0
2024-11-18,MRKCL.SN,MRK,99470.0,0
2024-11-19,MRKCL.SN,MRK,99470.0,0
2024-11-20,MRKCL.SN,MRK,99470.0,0
2024-11-21,MRKCL.SN,MRK,99470.0,0
2024-11-22,MRKCL.SN,MRK,99470.0,0
2024-11-25,MRKCL.SN,MRK,99470.0,0
2024-11-26,MRKCL.SN,MRK,99470.0,0
2024-11-27,MRKCL.SN,MRK,99470.0,1
2024-11-28,MRKCL.SN,MRK,99470.0,0
2024-11-29,MRKCL.SN,MRK,99470.0,0
2024-12-02,MRKCL.SN,MRK,99470.0,0
2024-12-03,MRKCL.SN,MRK,99470.0,0
2024-12-04,MRKCL.SN,MRK,99470.0,0
2024-12-05,MRKCL.SN,MRK,99470.0,0
2024-12-06,MRKCL.SN,MRK,99470.0,0
2024-12-09,MRKCL.SN,MRK,99470.0,0
2024-12-10,MRKCL.SN,MRK,99470.0,2
2024-12-11,MRKCL.SN,MRK,99470.0,10
2024-12-12,MRKCL.SN,MRK,99470.0,2
2024-12-13,MRKCL.SN,MRK,99470.0,0
2024-12-16,MRKCL.SN,MRK,99470.0,0
2024-12-17,MRKCL.SN,MRK,99470.0,10
2024-12-18,MRKCL.SN,MRK,99470.0,0
2024-12-19,MRKCL.SN,MRK,99470.0,0
2024-12-20,MRKCL.SN,MRK,99470.0,0
2024-12-23,MRKCL.SN,MRK,99470.0,0
2024-12-24,MRKCL.SN,MRK,99470.0,0
2024-12-26,MRKCL.SN,MRK,99470.0,0
2024-12-27,MRKCL.SN,MRK,99470.0,0
2024-12-30,MRKCL.SN,MRK,99470.0,30
2025-01-02,MRKCL.SN,MRK,99470.0,0
2025-01-03,MRKCL.SN,MRK,99470.0,0
2025-01-06,MRKCL.SN,MRK,99470.0,20
2025-01-07,MRKCL.SN,MRK,99470.0,0
2025-01-08,MRKCL.SN,MRK,99470.0,17
2025-01-09,MRKCL.SN,MRK,99470.0,0
2025-01-10,MRKCL.SN,MRK,99470.0,0
2025-01-13,MRKCL.SN,MRK,99470.0,0
2025-01-14,MRKCL.SN,MRK,99470.0,0
2025-01-15,MRKCL.SN,MRK,99470.0,3
2025-01-16,MRKCL.SN,MRK,99470.0,0
2025-01-17,MRKCL.SN,MRK,100000.0,102
2025-01-20,MRKCL.SN,MRK,100000.0,0
2025-01-21,MRKCL.SN,MRK,100000.0,21
2025-01-22,MRKCL.SN,MRK,100000.0,0
2025-01-23,MRKCL.SN,MRK,100000.0,0
2025-01-24,MRKCL.SN,MRK,100000.0,0
2025-01-27,MRKCL.SN,MRK,100000.0,0
2025-01-28,MRKCL.SN,MRK,100000.0,0
2025-01-29,MRKCL.SN,MRK,100000.0,0
2025-01-30,MRKCL.SN,MRK,100000.0,0
2025-01-31,MRKCL.SN,MRK,100000.0,0
2025-02-03,MRKCL.SN,MRK,100000.0,0
2025-02-04,MRKCL.SN,MRK,100000.0,0
2025-02-05,MRKCL.SN,MRK,100000.0,3
2025-02-06,MRKCL.SN,MRK,100000.0,12
2025-02-07,MRKCL.SN,MRK,100000.0,12
2025-02-10,MRKCL.SN,MRK,100000.0,0
2025-02-11,MRKCL.SN,MRK,100000.0,0
2025-02-12,MRKCL.SN,MRK,100000.0,11
2025-02-13,MRKCL.SN,MRK,100000.0,0
2025-02-14,MRKCL.SN,MRK,100000.0,7
2025-02-17,MRKCL.SN,MRK,100000.0,0
2025-02-18,MRKCL.SN,MRK,79021.0,209
2025-02-19,MRKCL.SN,MRK,79021.0,2
2025-02-20,MRKCL.SN,MRK,79021.0,0
2025-02-21,MRKCL.SN,MRK,79021.0,0
2025-02-24,MRKCL.SN,MRK,79021.0,11
2025-02-25,MRKCL.SN,MRK,79021.0,0
2025-02-26,MRKCL.SN,MRK,79021.0,0
2025-02-27,MRKCL.SN,MRK,79021.0,0
2025-02-28,MRKCL.SN,MRK,79021.0,0
2025-03-03,MRKCL.SN,MRK,79021.0,0
2025-03-04,MRKCL.SN,MRK,79021.0,0
2025-03-05,MRKCL.SN,MRK,79021.0,0
2025-03-06,MRKCL.SN,MRK,79021.0,0
2025-03-07,MRKCL.SN,MRK,79021.0,0
2025-03-10,MRKCL.SN,MRK,79021.0,0
2025-03-11,MRKCL.SN,MRK,79021.0,0
2025-03-12,MRKCL.SN,MRK,79021.0,0
2025-03-13,MRKCL.SN,MRK,79021.0,0
2025-03-14,MRKCL.SN,MRK,79021.0,0
2025-03-17,MRKCL.SN,MRK,79021.0,0
2025-03-18,MRKCL.SN,MRK,79021.0,0
2025-03-19,MRKCL.SN,MRK,79021.0,0
2025-03-20,MRKCL.SN,MRK,79021.0,0
2025-03-21,MRKCL.SN,MRK,79021.0,0
2025-03-24,MRKCL.SN,MRK,79021.0,0
2025-03-25,MRKCL.SN,MRK,79021.0,0
2025-03-26,MRKCL.SN,MRK,79021.0,0
2025-03-27,MRKCL.SN,MRK,79021.0,0
2025-03-28,MRKCL.SN,MRK,79021.0,0
2025-03-31,MRKCL.SN,MRK,79021.0,0
2025-04-01,MRKCL.SN,MRK,79021.0,1
2025-04-02,MRKCL.SN,MRK,79021.0,0
2025-04-03,MRKCL.SN,MRK,79021.0,0
2025-04-04,MRKCL.SN,MRK,79021.0,0
2025-04-07,MRKCL.SN,MRK,80501.0,142
2025-04-08,MRKCL.SN,MRK,80501.0,0
2025-04-09,MRKCL.SN,MRK,80501.0,0
2025-04-10,MRKCL.SN,MRK,76982.0,189
2025-04-11,MRKCL.SN,MRK,76982.0,0
2025-04-14,MRKCL.SN,MRK,76982.0,0
2025-04-15,MRKCL.SN,MRK,76982.0,20
2025-04-16,MRKCL.SN,MRK,76982.0,5
2025-04-17,MRKCL.SN,MRK,76982.0,0
2025-04-21,MRKCL.SN,MRK,76982.0,0
2025-04-22,MRKCL.SN,MRK,76982.0,24
2025-04-23,MRKCL.SN,MRK,76982.0,0
2025-04-24,MRKCL.SN,MRK,76982.0,0
2025-04-25,MRKCL.SN,MRK,76982.0,0
2025-04-28,MRKCL.SN,MRK,76982.0,0
2025-04-29,MRKCL.SN,MRK,76982.0,0
2025-04-30,MRKCL.SN,MRK,76982.0,0
2025-05-02,MRKCL.SN,MRK,76982.0,7
2025-05-05,MRKCL.SN,MRK,76982.0,0
2025-05-06,MRKCL.SN,MRK,76982.0,12
2025-05-07,MRKCL.SN,MRK,76982.0,0
2025-05-08,MRKCL.SN,MRK,76982.0,0
2025-05-09,MRKCL.SN,MRK,76982.0,35
2025-05-12,MRKCL.SN,MRK,76982.0,0
2025-05-13,MRKCL.SN,MRK,76982.0,0
2025-05-14,MRKCL.SN,MRK,76982.0,34
2025-05-15,MRKCL.SN,MRK,76982.0,0
2025-05-16,MRKCL.SN,MRK,76982.0,0
2025-05-19,MRKCL.SN,MRK,76982.0,0
2025-05-20,MRKCL.SN,MRK,76982.0,0
2025-05-22,MRKCL.SN,MRK,76982.0,0
2025-05-23,MRKCL.SN,MRK,76982.0,0
2025-05-26,MRKCL.SN,MRK,76982.0,0
2025-05-27,MRKCL.SN,MRK,76982.0,13
2025-05-28,MRKCL.SN,MRK,76982.0,0
2025-05-29,MRKCL.SN,MRK,76982.0,0
2025-05-30,MRKCL.SN,MRK,76982.0,0
2025-06-02,MRKCL.SN,MRK,76982.0,0
2025-06-03,MRKCL.SN,MRK,76982.0,0
2025-06-04,MRKCL.SN,MRK,76982.0,0
2025-06-05,MRKCL.SN,MRK,76982.0,0
2025-06-06,MRKCL.SN,MRK,76982.0,0
2025-06-09,MRKCL.SN,MRK,76982.0,0
2025-06-10,MRKCL.SN,MRK,76982.0,25
2025-06-11,MRKCL.SN,MRK,76982.0,0
2025-06-12,MRKCL.SN,MRK,76982.0,0
2025-06-13,MRKCL.SN,MRK,76982.0,14
2025-06-16,MRKCL.SN,MRK,76982.0,0
2025-06-17,MRKCL.SN,MRK,76982.0,0
2025-06-18,MRKCL.SN,MRK,76982.0,0
2025-06-19,MRKCL.SN,MRK,76982.0,0
2025-06-23,MRKCL.SN,MRK,76982.0,0
2025-06-24,MRKCL.SN,MRK,76982.0,0
2025-06-25,MRKCL.SN,MRK,76982.0,5
2025-06-26,MRKCL.SN,MRK,76982.0,0
2025-06-27,MRKCL.SN,MRK,76982.0,0
2025-06-30,MRKCL.SN,MRK,76982.0,0
2025-07-01,MRKCL.SN,MRK,76982.0,0
2025-07-02,MRKCL.SN,MRK,76982.0,5
2025-07-03,MRKCL.SN,MRK,76982.0,0
2025-07-04,MRKCL.SN,MRK,76982.0,0
2025-07-07,MRKCL.SN,MRK,76219.0,547
2025-07-08,MRKCL.SN,MRK,76219.0,2
2025-07-09,MRKCL.SN,MRK,76219.0,0
2025-07-10,MRKCL.SN,MRK,76219.0,0
2025-07-11,MRKCL.SN,MRK,76219.0,0
2025-07-14,MRKCL.SN,MRK,76219.0,0
2025-07-15,MRKCL.SN,MRK,76219.0,0
2025-07-17,MRKCL.SN,MRK,76219.0,0
2025-07-18,MRKCL.SN,MRK,76219.0,0
2025-07-21,MRKCL.SN,MRK,76219.0,0
2025-07-22,MRKCL.SN,MRK,76219.0,0
2025-07-23,MRKCL.SN,MRK,76219.0,0
2025-07-24,MRKCL.SN,MRK,76219.0,0
2025-07-25,MRKCL.SN,MRK,76219.0,0
2025-07-28,MRKCL.SN,MRK,76219.0,0
2025-07-29,MRKCL.SN,MRK,76219.0,11
2025-07-30,MRKCL.SN,MRK,76219.0,0
2025-07-31,MRKCL.SN,MRK,76219.0,0
2025-08-01,MRKCL.SN,MRK,76219.0,0
2025-08-04,MRKCL.SN,MRK,76219.0,0
2025-08-05,MRKCL.SN,MRK,76219.0,0
2025-08-06,MRKCL.SN,MRK,76219.0,0
2025-08-07,MRKCL.SN,MRK,76219.0,0
2025-08-08,MRKCL.SN,MRK,76219.0,0
2025-08-11,MRKCL.SN,MRK,76219.0,0
2025-08-12,MRKCL.SN,MRK,76219.0,0
2025-08-13,MRKCL.SN,MRK,76219.0,0
2025-08-14,MRKCL.SN,MRK,76219.0,0
2025-08-18,MRKCL.SN,MRK,76219.0,0
2025-08-19,MRKCL.SN,MRK,76219.0,0
2025-08-20,MRKCL.SN,MRK,76219.0,0
2025-08-21,MRKCL.SN,MRK,76219.0,0
2025-08-22,MRKCL.SN,MRK,76219.0,0
2025-08-25,MRKCL.SN,MRK,76219.0,0
2025-08-26,MRKCL.SN,MRK,76219.0,0
2025-08-27,MRKCL.SN,MRK,76219.0,0
2025-08-28,MRKCL.SN,MRK,76219.0,0
2025-08-29,MRKCL.SN,MRK,76219.0,0
2025-09-01,MRKCL.SN,MRK,76219.0,0
2025-09-02,MRKCL.SN,MRK,76219.0,0
2025-09-03,MRKCL.SN,MRK,76219.0,0
2025-09-04,MRKCL.SN,MRK,76219.0,0
2025-09-05,MRKCL.SN,MRK,76219.0,0
2025-09-08,MRKCL.SN,MRK,76219.0,1
2025-09-09,MRKCL.SN,MRK,76219.0,0
2025-09-10,MRKCL.SN,MRK,76219.0,0
2025-09-11,MRKCL.SN,MRK,76219.0,0
2025-09-12,MRKCL.SN,MRK,76219.0,0
2025-09-15,MRKCL.SN,MRK,76219.0,0
2025-09-16,MRKCL.SN,MRK,76219.0,0
2025-09-17,MRKCL.SN,MRK,76219.0,0
2025-09-22,MRKCL.SN,MRK,76219.0,0
2025-09-23,MRKCL.SN,MRK,76219.0,0
2025-09-24,MRKCL.SN,MRK,76219.0,0
2025-09-25,MRKCL.SN,MRK,76219.0,0
2025-09-26,MRKCL.SN,MRK,76219.0,0
2025-09-29,MRKCL.SN,MRK,76219.0,0
2025-09-30,MRKCL.SN,MRK,76219.0,0
2025-10-01,MRKCL.SN,MRK,76219.0,0
2025-10-02,MRKCL.SN,MRK,76219.0,0
2025-10-03,MRKCL.SN,MRK,76219.0,66
2025-10-06,MRKCL.SN,MRK,76219.0,27
2025-10-07,MRKCL.SN,MRK,76219.0,2
2025-10-08,MRKCL.SN,MRK,76219.0,0
2025-10-09,MRKCL.SN,MRK,76219.0,0
2025-10-10,MRKCL.SN,MRK,76219.0,0
2025-10-13,MRKCL.SN,MRK,76219.0,0
2025-10-14,MRKCL.SN,MRK,76219.0,0
2025-10-15,MRKCL.SN,MRK,76219.0,0
2025-10-16,MRKCL.SN,MRK,76219.0,0
2025-10-17,MRKCL.SN,MRK,76219.0,0
2025-10-20,MRKCL.SN,MRK,76219.0,0
2025-10-21,MRKCL.SN,MRK,76219.0,0
2025-10-22,MRKCL.SN,MRK,76219.0,0
2025-10-23,MRKCL.SN,MRK,76219.0,0
2025-10-24,MRKCL.SN,MRK,76219.0,0
2025-10-27,MRKCL.SN,MRK,76219.0,0
2025-10-28,MRKCL.SN,MRK,76219.0,0
2025-10-29,MRKCL.SN,MRK,76219.0,0
2025-10-30,MRKCL.SN,MRK,76219.0,0
2025-11-03,MRKCL.SN,MRK,76219.0,0
2025-11-04,MRKCL.SN,MRK,76219.0,0
2025-11-05,MRKCL.SN,MRK,76219.0,0
2025-11-06,MRKCL.SN,MRK,76219.0,9
2025-11-07,MRKCL.SN,MRK,76219.0,0
2025-11-10,MRKCL.SN,MRK,76219.0,0
2025-11-11,MRKCL.SN,MRK,76219.0,0
2025-11-12,MRKCL.SN,MRK,76219.0,0
2025-11-13,MRKCL.SN,MRK,76219.0,0
2025-11-14,MRKCL.SN,MRK,76219.0,0
2025-11-17,MRKCL.SN,MRK,76219.0,0
2025-11-18,MRKCL.SN,MRK,76219.0,0
2025-11-19,MRKCL.SN,MRK,76219.0,0
2025-11-20,MRKCL.SN,MRK,76219.0,0
2025-11-21,MRKCL.SN,MRK,76219.0,0
2025-11-24,MRKCL.SN,MRK,76219.0,0
2025-11-25,MRKCL.SN,MRK,76219.0,40
2025-11-26,MRKCL.SN,MRK,76219.0,0
2025-11-27,MRKCL.SN,MRK,76219.0,0
2025-11-28,MRKCL.SN,MRK,76219.0,0
2025-12-01,MRKCL.SN,MRK,76219.0,0
2025-12-02,MRKCL.SN,MRK,93799.0,17217
2025-12-03,MRKCL.SN,MRK,93799.0,27
2025-12-04,MRKCL.SN,MRK,93799.0,7
2025-12-05,MRKCL.SN,MRK,93799.0,6
2025-12-09,MRKCL.SN,MRK,90290.0,255
2025-12-10,MRKCL.SN,MRK,89571.0,117
2025-12-11,MRKCL.SN,MRK,89571.0,11
2025-12-12,MRKCL.SN,MRK,89571.0,11
2025-12-15,MRKCL.SN,MRK,89571.0,10
2025-12-16,MRKCL.SN,MRK,89571.0,4
2025-12-17,MRKCL.SN,MRK,89571.0,14
2025-12-18,MRKCL.SN,MRK,89571.0,60
2025-12-19,MRKCL.SN,MRK,89571.0,71
2025-12-22,MRKCL.SN,MRK,89571.0,0
2025-12-23,MRKCL.SN,MRK,89571.0,29
2025-12-24,MRKCL.SN,MRK,89571.0,21
2025-12-26,MRKCL.SN,MRK,89571.0,19
2025-12-29,MRKCL.SN,MRK,89571.0,33
2025-12-30,MRKCL.SN,MRK,89571.0,0
2026-01-02,MRKCL.SN,MRK,89571.0,0
2026-01-05,MRKCL.SN,MRK,89571.0,74
2026-01-06,MRKCL.SN,MRK,89571.0,16
2026-01-07,MRKCL.SN,MRK,98296.0,82
2026-01-08,MRKCL.SN,MRK,99400.0,91
2026-01-09,MRKCL.SN,MRK,99400.0,22
2026-01-12,MRKCL.SN,MRK,99400.0,30
2026-01-13,MRKCL.SN,MRK,99400.0,70
2026-01-14,MRKCL.SN,MRK,96600.0,199
2026-01-15,MRKCL.SN,MRK,98100.0,132
2026-01-16,MRKCL.SN,MRK,98100.0,74
2026-01-19,MRKCL.SN,MRK,98100.0,0
2026-01-20,MRKCL.SN,MRK,95800.0,277
2026-01-21,MRKCL.SN,MRK,95800.0,22
2026-01-22,MRKCL.SN,MRK,95800.0,40
2026-01-23,MRKCL.SN,MRK,95800.0,0
2026-01-26,MRKCL.SN,MRK,95800.0,21
2026-01-27,MRKCL.SN,MRK,95800.0,36
2026-01-28,MRKCL.SN,MRK,95800.0,4
2026-01-29,MRKCL.SN,MRK,95800.0,16
2026-01-30,MRKCL.SN,MRK,95800.0,34
2026-02-02,MRKCL.SN,MRK,96862.0,141
2026-02-03,MRKCL.SN,MRK,98000.0,161
2026-02-04,MRKCL.SN,MRK,98000.0,20
2026-02-05,MRKCL.SN,MRK,105700.0,16502
2026-02-06,MRKCL.SN,MRK,105700.0,40
2026-02-09,MRKCL.SN,MRK,105700.0,0
2026-02-10,MRKCL.SN,MRK,105700.0,0
2026-02-11,MRKCL.SN,MRK,105700.0,0
2026-02-12,MRKCL.SN,MRK,105700.0,0
2026-02-13,MRKCL.SN,MRK,105700.0,62
2026-02-16,MRKCL.SN,MRK,105700.0,0
2026-02-17,MRKCL.SN,MRK,105700.0,0
2026-02-18,MRKCL.SN,MRK,105700.0,0
2026-02-19,MRKCL.SN,MRK,105700.0,0
2026-02-20,MRKCL.SN,MRK,105700.0,0
2026-02-23,MRKCL.SN,MRK,105700.0,0
2026-02-24,MRKCL.SN,MRK,105700.0,0
2026-02-25,MRKCL.SN,MRK,105700.0,0
2026-02-26,MRKCL.SN,MRK,105700.0,0
2026-02-27,MRKCL.SN,MRK,105700.0,0
2026-03-02,MRKCL.SN,MRK,105700.0,0
2026-03-03,MRKCL.SN,MRK,105700.0,1
2026-03-04,MRKCL.SN,MRK,105700.0,0
2026-03-05,MRKCL.SN,MRK,105700.0,0
2026-03-06,MRKCL.SN,MRK,105700.0,0
2026-03-09,MRKCL.SN,MRK,105700.0,0
2026-03-10,MRKCL.SN,MRK,105700.0,0
2026-03-11,MRKCL.SN,MRK,105700.0,0
2026-03-12,MRKCL.SN,MRK,105700.0,0
2026-03-13,MRKCL.SN,MRK,105700.0,0
2026-03-16,MRKCL.SN,MRK,105700.0,0
2026-03-17,MRKCL.SN,MRK,105700.0,0
2026-03-18,MRKCL.SN,MRK,105700.0,0
2026-03-19,MRKCL.SN,MRK,105700.0,0
2026-03-20,MRKCL.SN,MRK,105700.0,0
2026-03-23,MRKCL.SN,MRK,105700.0,0
2026-03-24,MRKCL.SN,MRK,105700.0,0
2026-03-25,MRKCL.SN,MRK,105700.0,0
2026-03-26,MRKCL.SN,MRK,105700.0,0
2026-03-27,MRKCL.SN,MRK,105700.0,0
2026-03-30,MRKCL.SN,MRK,105700.0,0
2026-03-31,MRKCL.SN,MRK,105700.0,0
2026-04-01,MRKCL.SN,MRK,105700.0,0
2026-04-02,MRKCL.SN,MRK,105700.0,0
2026-04-06,MRKCL.SN,MRK,105700.0,0
2026-04-07,MRKCL.SN,MRK,105700.0,0
2026-04-08,MRKCL.SN,MRK,105700.0,0
2026-04-09,MRKCL.SN,MRK,105700.0,0
2026-04-10,MRKCL.SN,MRK,105700.0,0
2026-04-13,MRKCL.SN,MRK,105700.0,0
2026-04-14,MRKCL.SN,MRK,105700.0,0
2026-04-15,MRKCL.SN,MRK,105700.0,0
2026-04-16,MRKCL.SN,MRK,105700.0,0
2026-04-17,MRKCL.SN,MRK,105700.0,0
2026-04-20,MRKCL.SN,MRK,105700.0,0
2026-04-21,MRKCL.SN,MRK,105700.0,0
2026-04-22,MRKCL.SN,MRK,105700.0,0
2026-04-23,MRKCL.SN,MRK,105700.0,0
2026-04-24,MRKCL.SN,MRK,105700.0,0
2026-04-27,MRKCL.SN,MRK,105700.0,0
2026-04-28,MRKCL.SN,MRK,105700.0,0
2026-04-29,MRKCL.SN,MRK,105700.0,0
2026-04-30,MRKCL.SN,MRK,105700.0,1
2026-05-04,MRKCL.SN,MRK,105700.0,0
2026-05-05,MRKCL.SN,MRK,105700.0,0
2026-05-06,MRKCL.SN,MRK,105700.0,0
2026-05-07,MRKCL.SN,MRK,105700.0,0
2026-05-08,MRKCL.SN,MRK,105700.0,0
2026-05-11,MRKCL.SN,MRK,105700.0,0
2026-05-12,MRKCL.SN,MRK,105700.0,0
2026-05-13,MRKCL.SN,MRK,105700.0,0
2026-05-14,MRKCL.SN,MRK,105700.0,0
2026-05-15,MRKCL.SN,MRK,105700.0,0
2026-05-18,MRKCL.SN,MRK,105700.0,1
2026-05-19,MRKCL.SN,MRK,105700.0,66
2026-05-20,MRKCL.SN,MRK,105700.0,18
2026-05-22,MRKCL.SN,MRK,105700.0,0
2026-05-25,MRKCL.SN,MRK,105700.0,0
2026-05-26,MRKCL.SN,MRK,105700.0,0
2026-05-27,MRKCL.SN,MRK,105700.0,0
2026-05-28,MRKCL.SN,MRK,105700.0,0
2026-05-29,MRKCL.SN,MRK,105700.0,0
2026-06-01,MRKCL.SN,MRK,105700.0,0
2026-06-02,MRKCL.SN,MRK,105700.0,0
2026-06-03,MRKCL.SN,MRK,105700.0,0
2026-06-04,MRKCL.SN,MRK,105700.0,0
2026-06-05,MRKCL.SN,MRK,105700.0,0
2026-06-08,MRKCL.SN,MRK,105700.0,0
2026-06-09,MRKCL.SN,MRK,105700.0,0
2026-06-10,MRKCL.SN,MRK,105700.0,0
2026-06-11,MRKCL.SN,MRK,105700.0,0
2026-06-12,MRKCL.SN,MRK,105700.0,0
2026-06-15,MRKCL.SN,MRK,105700.0,0
2026-06-16,MRKCL.SN,MRK,105700.0,0
2026-06-17,MRKCL.SN,MRK,105700.0,0
2026-06-18,MRKCL.SN,MRK,105700.0,0
2026-06-19,MRKCL.SN,MRK,105700.0,0
2026-06-22,MRKCL.SN,MRK,105700.0,0
2026-06-23,MRKCL.SN,MRK,105700.0,0
2026-06-24,MRKCL.SN,MRK,105700.0,0
2026-06-25,MRKCL.SN,MRK,105700.0,0
2026-06-26,MRKCL.SN,MRK,105700.0,0
2026-06-30,MRKCL.SN,MRK,105700.0,0
2026-07-01,MRKCL.SN,MRK,105700.0,10
2026-07-02,MRKCL.SN,MRK,105700.0,0
2026-07-03,MRKCL.SN,MRK,105700.0,0
2026-07-06,MRKCL.SN,MRK,105700.0,10
2026-07-07,MRKCL.SN,MRK,105700.0,13
2026-07-08,MRKCL.SN,MRK,105700.0,0
2026-07-09,MRKCL.SN,MRK,116370.0,95
2026-07-10,MRKCL.SN,MRK,116370.0,33
2026-07-13,MRKCL.SN,MRK,116370.0,19
2026-07-14,MRKCL.SN,MRK,116370.0,0
2026-07-15,MRKCL.SN,MRK,116370.0,0
2026-07-17,MRKCL.SN,MRK,116370.0,0
2026-07-20,MRKCL.SN,MRK,116370.0,0
2026-07-21,MRKCL.SN,MRK,116070.0,7
2026-07-22,MRKCL.SN,MRK,116070.0,0
2026-07-23,MRKCL.SN,MRK,116070.0,0
2026-07-24,MRKCL.SN,MRK,116070.0,0
2026-07-27,MRKCL.SN,MRK,116070.0,11
2026-07-28,MRKCL.SN,MRK,123900.0,10
2026-07-29,MRKCL.SN,MRK,123900.0,0
2026-07-30,MRKCL.SN,MRK,123900.0,0
2026-07-31,MRKCL.SN,MRK,123900.0,0
2026-08-03,MRKCL.SN,MRK,123900.0,0
2026-08-04,MRKCL.SN,MRK,118170.0,0
2026-08-05,MRKCL.SN,MRK,118170.0,0
2026-08-06,MRKCL.SN,MRK,118170.0,0
2026-08-07,MRKCL.SN,MRK,118170.0,0
2026-08-10,MRKCL.SN,MRK,118170.0,0
2026-08-11,MRKCL.SN,MRK,119960.0,0
2026-08-12,MRKCL.SN,MRK,119960.0,0
2026-08-13,MRKCL.SN,MRK,119960.0,0
2026-08-14,MRKCL.SN,MRK,119960.0,0
2026-08-17,MRKCL.SN,MRK,119960.0,0
2026-08-18,MRKCL.SN,MRK,124300.0,0
2026-08-19,MRKCL.SN,MRK,124300.0,0
2026-08-20,MRKCL.SN,MRK,124300.0,0
2026-08-21,MRKCL.SN,MRK,124300.0,0
2026-08-24,MRKCL.SN,MRK,124300.0,0
2026-08-25,MRKCL.SN,MRK,137800.0,0
2026-08-26,MRKCL.SN,MRK,137800.0,0
2026-08-27,MRKCL.SN,MRK,137800.0,0
2026-08-28,MRKCL.SN,MRK,137800.0,0
2026-08-31,MRKCL.SN,MRK,137800.0,0
2026-09-01,MRKCL.SN,MRK,137800.0,0
2026-09-02,MRKCL.SN,MRK,137800.0,0
2026-09-03,MRKCL.SN,MRK,137800.0,0
2026-09-04,MRKCL.SN,MRK,137800.0,0
2026-09-07,MRKCL.SN,MRK,137800.0,0
2026-09-08,MRKCL.SN,MRK,137800.0,0
2026-09-09,MRKCL.SN,MRK,137980.0,0
2026-09-10,MRKCL.SN,MRK,137980.0,0
2026-09-11,MRKCL.SN,MRK,137980.0,0
2026-09-14,MRKCL.SN,MRK,137980.0,2
2026-09-15,MRKCL.SN,MRK,138700.0,0
2026-09-16,MRKCL.SN,MRK,138700.0,0
2026-09-17,MRKCL.SN,MRK,138700.0,0
2026-09-21,MRKCL.SN,MRK,138700.0,0
2024-09-23,MSCL.SN,MS,79100.0,0
2024-09-24,MSCL.SN,MS,79100.0,0
2024-09-25,MSCL.SN,MS,79100.0,0
2024-09-26,MSCL.SN,MS,79100.0,0
2024-09-27,MSCL.SN,MS,79100.0,0
2024-09-30,MSCL.SN,MS,79100.0,0
2024-10-01,MSCL.SN,MS,79100.0,0
2024-10-02,MSCL.SN,MS,79100.0,0
2024-10-03,MSCL.SN,MS,79100.0,0
2024-10-04,MSCL.SN,MS,79100.0,0
2024-10-07,MSCL.SN,MS,79100.0,0
2024-10-08,MSCL.SN,MS,79100.0,0
2024-10-09,MSCL.SN,MS,79100.0,0
2024-10-10,MSCL.SN,MS,79100.0,0
2024-10-11,MSCL.SN,MS,79100.0,0
2024-10-14,MSCL.SN,MS,79100.0,0
2024-10-15,MSCL.SN,MS,79100.0,0
2024-10-16,MSCL.SN,MS,79100.0,0
2024-10-17,MSCL.SN,MS,79100.0,0
2024-10-18,MSCL.SN,MS,79100.0,0
2024-10-21,MSCL.SN,MS,79100.0,0
2024-10-22,MSCL.SN,MS,79100.0,0
2024-10-23,MSCL.SN,MS,79100.0,12
2024-10-24,MSCL.SN,MS,79100.0,2
2024-10-25,MSCL.SN,MS,79100.0,0
2024-10-28,MSCL.SN,MS,79100.0,0
2024-10-29,MSCL.SN,MS,79100.0,0
2024-10-30,MSCL.SN,MS,79100.0,0
2024-11-04,MSCL.SN,MS,79100.0,0
2024-11-05,MSCL.SN,MS,79100.0,0
2024-11-06,MSCL.SN,MS,79100.0,0
2024-11-07,MSCL.SN,MS,79100.0,0
2024-11-08,MSCL.SN,MS,79100.0,1
2024-11-11,MSCL.SN,MS,79100.0,0
2024-11-12,MSCL.SN,MS,79100.0,0
2024-11-13,MSCL.SN,MS,79100.0,6
2024-11-14,MSCL.SN,MS,79100.0,0
2024-11-15,MSCL.SN,MS,79100.0,0
2024-11-18,MSCL.SN,MS,79100.0,0
2024-11-19,MSCL.SN,MS,79100.0,0
2024-11-20,MSCL.SN,MS,79100.0,0
2024-11-21,MSCL.SN,MS,79100.0,0
2024-11-22,MSCL.SN,MS,79100.0,2
2024-11-25,MSCL.SN,MS,79100.0,0
2024-11-26,MSCL.SN,MS,79100.0,0
2024-11-27,MSCL.SN,MS,79100.0,0
2024-11-28,MSCL.SN,MS,79100.0,0
2024-11-29,MSCL.SN,MS,79100.0,0
2024-12-02,MSCL.SN,MS,79100.0,5
2024-12-03,MSCL.SN,MS,79100.0,0
2024-12-04,MSCL.SN,MS,79100.0,0
2024-12-05,MSCL.SN,MS,79100.0,0
2024-12-06,MSCL.SN,MS,79100.0,3
2024-12-09,MSCL.SN,MS,79100.0,0
2024-12-10,MSCL.SN,MS,79100.0,0
2024-12-11,MSCL.SN,MS,79100.0,0
2024-12-12,MSCL.SN,MS,79100.0,0
2024-12-13,MSCL.SN,MS,79100.0,0
2024-12-16,MSCL.SN,MS,79100.0,0
2024-12-17,MSCL.SN,MS,79100.0,3
2024-12-18,MSCL.SN,MS,79100.0,0
2024-12-19,MSCL.SN,MS,79100.0,0
2024-12-20,MSCL.SN,MS,79100.0,0
2024-12-23,MSCL.SN,MS,79100.0,0
2024-12-24,MSCL.SN,MS,79100.0,0
2024-12-26,MSCL.SN,MS,79100.0,0
2024-12-27,MSCL.SN,MS,79100.0,0
2024-12-30,MSCL.SN,MS,79100.0,0
2025-01-02,MSCL.SN,MS,79100.0,0
2025-01-03,MSCL.SN,MS,79100.0,0
2025-01-06,MSCL.SN,MS,79100.0,0
2025-01-07,MSCL.SN,MS,79100.0,0
2025-01-08,MSCL.SN,MS,79100.0,0
2025-01-09,MSCL.SN,MS,79100.0,0
2025-01-10,MSCL.SN,MS,79100.0,0
2025-01-13,MSCL.SN,MS,79100.0,0
2025-01-14,MSCL.SN,MS,79100.0,0
2025-01-15,MSCL.SN,MS,79100.0,0
2025-01-16,MSCL.SN,MS,79100.0,0
2025-01-17,MSCL.SN,MS,79100.0,0
2025-01-20,MSCL.SN,MS,79100.0,0
2025-01-21,MSCL.SN,MS,79100.0,0
2025-01-22,MSCL.SN,MS,79100.0,0
2025-01-23,MSCL.SN,MS,79100.0,0
2025-01-24,MSCL.SN,MS,79100.0,0
2025-01-27,MSCL.SN,MS,79100.0,2
2025-01-28,MSCL.SN,MS,79100.0,0
2025-01-29,MSCL.SN,MS,79100.0,0
2025-01-30,MSCL.SN,MS,79100.0,0
2025-01-31,MSCL.SN,MS,79100.0,0
2025-02-03,MSCL.SN,MS,79100.0,0
2025-02-04,MSCL.SN,MS,79100.0,2
2025-02-05,MSCL.SN,MS,79100.0,0
2025-02-06,MSCL.SN,MS,79100.0,0
2025-02-07,MSCL.SN,MS,79100.0,18
2025-02-10,MSCL.SN,MS,79100.0,1
2025-02-11,MSCL.SN,MS,79100.0,0
2025-02-12,MSCL.SN,MS,79100.0,4
2025-02-13,MSCL.SN,MS,79100.0,0
2025-02-14,MSCL.SN,MS,79100.0,0
2025-02-17,MSCL.SN,MS,79100.0,0
2025-02-18,MSCL.SN,MS,79100.0,50
2025-02-19,MSCL.SN,MS,79100.0,4
2025-02-20,MSCL.SN,MS,79100.0,0
2025-02-21,MSCL.SN,MS,79100.0,5
2025-02-24,MSCL.SN,MS,79100.0,0
2025-02-25,MSCL.SN,MS,79100.0,0
2025-02-26,MSCL.SN,MS,79100.0,0
2025-02-27,MSCL.SN,MS,79100.0,0
2025-02-28,MSCL.SN,MS,79100.0,0
2025-03-03,MSCL.SN,MS,79100.0,10
2025-03-04,MSCL.SN,MS,79100.0,2
2025-03-05,MSCL.SN,MS,79100.0,0
2025-03-06,MSCL.SN,MS,79100.0,2
2025-03-07,MSCL.SN,MS,79100.0,0
2025-03-10,MSCL.SN,MS,79100.0,0
2025-03-11,MSCL.SN,MS,79100.0,0
2025-03-12,MSCL.SN,MS,79100.0,0
2025-03-13,MSCL.SN,MS,79100.0,0
2025-03-14,MSCL.SN,MS,79100.0,0
2025-03-17,MSCL.SN,MS,79100.0,0
2025-03-18,MSCL.SN,MS,79100.0,0
2025-03-19,MSCL.SN,MS,79100.0,0
2025-03-20,MSCL.SN,MS,79100.0,0
2025-03-21,MSCL.SN,MS,79100.0,0
2025-03-24,MSCL.SN,MS,79100.0,0
2025-03-25,MSCL.SN,MS,79100.0,0
2025-03-26,MSCL.SN,MS,79100.0,0
2025-03-27,MSCL.SN,MS,79100.0,0
2025-03-28,MSCL.SN,MS,79100.0,0
2025-03-31,MSCL.SN,MS,79100.0,0
2025-04-01,MSCL.SN,MS,79100.0,0
2025-04-02,MSCL.SN,MS,79100.0,0
2025-04-03,MSCL.SN,MS,79100.0,0
2025-04-04,MSCL.SN,MS,79100.0,0
2025-04-07,MSCL.SN,MS,79100.0,0
2025-04-08,MSCL.SN,MS,79100.0,0
2025-04-09,MSCL.SN,MS,79100.0,0
2025-04-10,MSCL.SN,MS,79100.0,0
2025-04-11,MSCL.SN,MS,79100.0,0
2025-04-14,MSCL.SN,MS,79100.0,0
2025-04-15,MSCL.SN,MS,79100.0,0
2025-04-16,MSCL.SN,MS,79100.0,0
2025-04-17,MSCL.SN,MS,79100.0,0
2025-04-21,MSCL.SN,MS,79100.0,0
2025-04-22,MSCL.SN,MS,79100.0,0
2025-04-23,MSCL.SN,MS,79100.0,0
2025-04-24,MSCL.SN,MS,79100.0,0
2025-04-25,MSCL.SN,MS,79100.0,0
2025-04-28,MSCL.SN,MS,79100.0,0
2025-04-29,MSCL.SN,MS,79100.0,0
2025-04-30,MSCL.SN,MS,79100.0,0
2025-05-02,MSCL.SN,MS,79100.0,0
2025-05-05,MSCL.SN,MS,79100.0,0
2025-05-06,MSCL.SN,MS,79100.0,0
2025-05-07,MSCL.SN,MS,79100.0,0
2025-05-08,MSCL.SN,MS,79100.0,0
2025-05-09,MSCL.SN,MS,79100.0,0
2025-05-12,MSCL.SN,MS,79100.0,0
2025-05-13,MSCL.SN,MS,79100.0,0
2025-05-14,MSCL.SN,MS,122720.0,100
2025-05-15,MSCL.SN,MS,122720.0,0
2025-05-16,MSCL.SN,MS,122720.0,0
2025-05-19,MSCL.SN,MS,122720.0,0
2025-05-20,MSCL.SN,MS,122720.0,0
2025-05-22,MSCL.SN,MS,122720.0,0
2025-05-23,MSCL.SN,MS,122720.0,0
2025-05-26,MSCL.SN,MS,122720.0,0
2025-05-27,MSCL.SN,MS,122720.0,0
2025-05-28,MSCL.SN,MS,122720.0,0
2025-05-29,MSCL.SN,MS,122720.0,0
2025-05-30,MSCL.SN,MS,122720.0,0
2025-06-02,MSCL.SN,MS,122720.0,0
2025-06-03,MSCL.SN,MS,122720.0,0
2025-06-04,MSCL.SN,MS,122720.0,0
2025-06-05,MSCL.SN,MS,122720.0,0
2025-06-06,MSCL.SN,MS,122720.0,0
2025-06-09,MSCL.SN,MS,122720.0,0
2025-06-10,MSCL.SN,MS,122720.0,0
2025-06-11,MSCL.SN,MS,122720.0,0
2025-06-12,MSCL.SN,MS,122720.0,0
2025-06-13,MSCL.SN,MS,122720.0,0
2025-06-16,MSCL.SN,MS,122720.0,0
2025-06-17,MSCL.SN,MS,122720.0,0
2025-06-18,MSCL.SN,MS,122720.0,0
2025-06-19,MSCL.SN,MS,122720.0,0
2025-06-23,MSCL.SN,MS,122720.0,0
2025-06-24,MSCL.SN,MS,122720.0,0
2025-06-25,MSCL.SN,MS,122720.0,0
2025-06-26,MSCL.SN,MS,122720.0,0
2025-06-27,MSCL.SN,MS,122720.0,0
2025-06-30,MSCL.SN,MS,122720.0,0
2025-07-01,MSCL.SN,MS,122720.0,0
2025-07-02,MSCL.SN,MS,122720.0,0
2025-07-03,MSCL.SN,MS,122720.0,0
2025-07-04,MSCL.SN,MS,122720.0,0
2025-07-07,MSCL.SN,MS,122720.0,0
2025-07-08,MSCL.SN,MS,122720.0,0
2025-07-09,MSCL.SN,MS,122720.0,0
2025-07-10,MSCL.SN,MS,122720.0,0
2025-07-11,MSCL.SN,MS,122720.0,0
2025-07-14,MSCL.SN,MS,122720.0,0
2025-07-15,MSCL.SN,MS,122720.0,0
2025-07-17,MSCL.SN,MS,122720.0,0
2025-07-18,MSCL.SN,MS,122720.0,0
2025-07-21,MSCL.SN,MS,122720.0,0
2025-07-22,MSCL.SN,MS,122720.0,0
2025-07-23,MSCL.SN,MS,122720.0,0
2025-07-24,MSCL.SN,MS,122720.0,0
2025-07-25,MSCL.SN,MS,122720.0,0
2025-07-28,MSCL.SN,MS,122720.0,0
2025-07-29,MSCL.SN,MS,122720.0,0
2025-07-30,MSCL.SN,MS,122720.0,0
2025-07-31,MSCL.SN,MS,122720.0,0
2025-08-01,MSCL.SN,MS,122720.0,0
2025-08-04,MSCL.SN,MS,122720.0,0
2025-08-05,MSCL.SN,MS,122720.0,0
2025-08-06,MSCL.SN,MS,122720.0,0
2025-08-07,MSCL.SN,MS,122720.0,0
2025-08-08,MSCL.SN,MS,122720.0,0
2025-08-11,MSCL.SN,MS,122720.0,0
2025-08-12,MSCL.SN,MS,122720.0,0
2025-08-13,MSCL.SN,MS,122720.0,0
2025-08-14,MSCL.SN,MS,122720.0,0
2025-08-18,MSCL.SN,MS,122720.0,0
2025-08-19,MSCL.SN,MS,122720.0,0
2025-08-20,MSCL.SN,MS,122720.0,0
2025-08-21,MSCL.SN,MS,122720.0,0
2025-08-22,MSCL.SN,MS,122720.0,0
2025-08-25,MSCL.SN,MS,122720.0,0
2025-08-26,MSCL.SN,MS,122720.0,0
2025-08-27,MSCL.SN,MS,122720.0,0
2025-08-28,MSCL.SN,MS,122720.0,5
2025-08-29,MSCL.SN,MS,122720.0,0
2025-09-01,MSCL.SN,MS,122720.0,0
2025-09-02,MSCL.SN,MS,122720.0,6
2025-09-03,MSCL.SN,MS,122720.0,0
2025-09-04,MSCL.SN,MS,122720.0,0
2025-09-05,MSCL.SN,MS,122720.0,0
2025-09-08,MSCL.SN,MS,122720.0,0
2025-09-09,MSCL.SN,MS,122720.0,0
2025-09-10,MSCL.SN,MS,122720.0,0
2025-09-11,MSCL.SN,MS,122720.0,0
2025-09-12,MSCL.SN,MS,122720.0,1
2025-09-15,MSCL.SN,MS,122720.0,0
2025-09-16,MSCL.SN,MS,122720.0,0
2025-09-17,MSCL.SN,MS,122720.0,0
2025-09-22,MSCL.SN,MS,122720.0,0
2025-09-23,MSCL.SN,MS,122720.0,0
2025-09-24,MSCL.SN,MS,122720.0,0
2025-09-25,MSCL.SN,MS,122720.0,0
2025-09-26,MSCL.SN,MS,122720.0,0
2025-09-29,MSCL.SN,MS,122720.0,0
2025-09-30,MSCL.SN,MS,122720.0,0
2025-10-01,MSCL.SN,MS,122720.0,0
2025-10-02,MSCL.SN,MS,122720.0,0
2025-10-03,MSCL.SN,MS,122720.0,0
2025-10-06,MSCL.SN,MS,122720.0,0
2025-10-07,MSCL.SN,MS,122720.0,0
2025-10-08,MSCL.SN,MS,122720.0,0
2025-10-09,MSCL.SN,MS,122720.0,0
2025-10-10,MSCL.SN,MS,122720.0,0
2025-10-13,MSCL.SN,MS,122720.0,0
2025-10-14,MSCL.SN,MS,122720.0,0
2025-10-15,MSCL.SN,MS,122720.0,0
2025-10-16,MSCL.SN,MS,122720.0,0
2025-10-17,MSCL.SN,MS,122720.0,0
2025-10-20,MSCL.SN,MS,122720.0,0
2025-10-21,MSCL.SN,MS,122720.0,0
2025-10-22,MSCL.SN,MS,122720.0,0
2025-10-23,MSCL.SN,MS,122720.0,0
2025-10-24,MSCL.SN,MS,122720.0,0
2025-10-27,MSCL.SN,MS,122720.0,0
2025-10-28,MSCL.SN,MS,122720.0,0
2025-10-29,MSCL.SN,MS,122720.0,0
2025-10-30,MSCL.SN,MS,122720.0,0
2025-11-03,MSCL.SN,MS,122720.0,0
2025-11-04,MSCL.SN,MS,122720.0,0
2025-11-05,MSCL.SN,MS,122720.0,0
2025-11-06,MSCL.SN,MS,122720.0,0
2025-11-07,MSCL.SN,MS,122720.0,0
2025-11-10,MSCL.SN,MS,122720.0,0
2025-11-11,MSCL.SN,MS,122720.0,0
2025-11-12,MSCL.SN,MS,122720.0,0
2025-11-13,MSCL.SN,MS,122720.0,0
2025-11-14,MSCL.SN,MS,122720.0,0
2025-11-17,MSCL.SN,MS,122720.0,0
2025-11-18,MSCL.SN,MS,122720.0,0
2025-11-19,MSCL.SN,MS,148002.0,63
2025-11-20,MSCL.SN,MS,148002.0,0
2025-11-21,MSCL.SN,MS,148002.0,0
2025-11-24,MSCL.SN,MS,148002.0,0
2025-11-25,MSCL.SN,MS,148002.0,0
2025-11-26,MSCL.SN,MS,148002.0,0
2025-11-27,MSCL.SN,MS,148002.0,0
2025-11-28,MSCL.SN,MS,148002.0,0
2025-12-01,MSCL.SN,MS,148002.0,0
2025-12-02,MSCL.SN,MS,148002.0,0
2025-12-03,MSCL.SN,MS,148002.0,0
2025-12-04,MSCL.SN,MS,148002.0,0
2025-12-05,MSCL.SN,MS,148002.0,0
2025-12-09,MSCL.SN,MS,148002.0,0
2025-12-10,MSCL.SN,MS,148002.0,0
2025-12-11,MSCL.SN,MS,148002.0,0
2025-12-12,MSCL.SN,MS,148002.0,0
2025-12-15,MSCL.SN,MS,148002.0,0
2025-12-16,MSCL.SN,MS,148002.0,0
2025-12-17,MSCL.SN,MS,148002.0,0
2025-12-18,MSCL.SN,MS,148002.0,0
2025-12-19,MSCL.SN,MS,148002.0,0
2025-12-22,MSCL.SN,MS,148002.0,0
2025-12-23,MSCL.SN,MS,148002.0,0
2025-12-24,MSCL.SN,MS,148002.0,0
2025-12-26,MSCL.SN,MS,148002.0,0
2025-12-29,MSCL.SN,MS,148002.0,0
2025-12-30,MSCL.SN,MS,148002.0,0
2026-01-02,MSCL.SN,MS,148002.0,0
2026-01-05,MSCL.SN,MS,148002.0,0
2026-01-06,MSCL.SN,MS,148002.0,0
2026-01-07,MSCL.SN,MS,148002.0,0
2026-01-08,MSCL.SN,MS,148002.0,0
2026-01-09,MSCL.SN,MS,148002.0,0
2026-01-12,MSCL.SN,MS,148002.0,0
2026-01-13,MSCL.SN,MS,148002.0,0
2026-01-14,MSCL.SN,MS,148002.0,0
2026-01-15,MSCL.SN,MS,148002.0,0
2026-01-16,MSCL.SN,MS,148002.0,0
2026-01-19,MSCL.SN,MS,148002.0,0
2026-01-20,MSCL.SN,MS,148002.0,0
2026-01-21,MSCL.SN,MS,148002.0,0
2026-01-22,MSCL.SN,MS,148002.0,0
2026-01-23,MSCL.SN,MS,148002.0,0
2026-01-26,MSCL.SN,MS,148002.0,0
2026-01-27,MSCL.SN,MS,148002.0,0
2026-01-28,MSCL.SN,MS,148002.0,0
2026-01-29,MSCL.SN,MS,148002.0,0
2026-01-30,MSCL.SN,MS,148002.0,0
2026-02-02,MSCL.SN,MS,148002.0,0
2026-02-03,MSCL.SN,MS,148002.0,0
2026-02-04,MSCL.SN,MS,148002.0,0
2026-02-05,MSCL.SN,MS,148002.0,0
2026-02-06,MSCL.SN,MS,148002.0,0
2026-02-09,MSCL.SN,MS,148002.0,0
2026-02-10,MSCL.SN,MS,148002.0,0
2026-02-11,MSCL.SN,MS,148002.0,0
2026-02-12,MSCL.SN,MS,148002.0,0
2026-02-13,MSCL.SN,MS,148002.0,0
2026-02-16,MSCL.SN,MS,148002.0,0
2026-02-17,MSCL.SN,MS,148002.0,0
2026-02-18,MSCL.SN,MS,148002.0,0
2026-02-19,MSCL.SN,MS,148002.0,0
2026-02-20,MSCL.SN,MS,148002.0,0
2026-02-23,MSCL.SN,MS,148002.0,0
2026-02-24,MSCL.SN,MS,148002.0,0
2026-02-25,MSCL.SN,MS,148002.0,0
2026-02-26,MSCL.SN,MS,148002.0,0
2026-02-27,MSCL.SN,MS,148002.0,0
2026-03-02,MSCL.SN,MS,148002.0,0
2026-03-03,MSCL.SN,MS,148002.0,0
2026-03-04,MSCL.SN,MS,148002.0,0
2026-03-05,MSCL.SN,MS,148002.0,0
2026-03-06,MSCL.SN,MS,148002.0,0
2026-03-09,MSCL.SN,MS,148002.0,0
2026-03-10,MSCL.SN,MS,148002.0,0
2026-03-11,MSCL.SN,MS,148002.0,0
2026-03-12,MSCL.SN,MS,148002.0,0
2026-03-13,MSCL.SN,MS,148002.0,0
2026-03-16,MSCL.SN,MS,148002.0,0
2026-03-17,MSCL.SN,MS,148002.0,0
2026-03-18,MSCL.SN,MS,148002.0,0
2026-03-19,MSCL.SN,MS,148002.0,0
2026-03-20,MSCL.SN,MS,148002.0,0
2026-03-23,MSCL.SN,MS,148002.0,0
2026-03-24,MSCL.SN,MS,148002.0,0
2026-03-25,MSCL.SN,MS,148002.0,0
2026-03-26,MSCL.SN,MS,148002.0,0
2026-03-27,MSCL.SN,MS,148002.0,0
2026-03-30,MSCL.SN,MS,148002.0,0
2026-03-31,MSCL.SN,MS,148002.0,0
2026-04-01,MSCL.SN,MS,148002.0,0
2026-04-02,MSCL.SN,MS,148002.0,0
2026-04-06,MSCL.SN,MS,148002.0,0
2026-04-07,MSCL.SN,MS,148002.0,0
2026-04-08,MSCL.SN,MS,148002.0,0
2026-04-09,MSCL.SN,MS,148002.0,0
2026-04-10,MSCL.SN,MS,148002.0,0
2026-04-13,MSCL.SN,MS,148002.0,0
2026-04-14,MSCL.SN,MS,148002.0,0
2026-04-15,MSCL.SN,MS,148002.0,0
2026-04-16,MSCL.SN,MS,148002.0,0
2026-04-17,MSCL.SN,MS,148002.0,0
2026-04-20,MSCL.SN,MS,148002.0,0
2026-04-21,MSCL.SN,MS,148002.0,0
2026-04-22,MSCL.SN,MS,148002.0,0
2026-04-23,MSCL.SN,MS,148002.0,0
2026-04-24,MSCL.SN,MS,148002.0,0
2026-04-27,MSCL.SN,MS,148002.0,0
2026-04-28,MSCL.SN,MS,148002.0,0
2026-04-29,MSCL.SN,MS,148002.0,0
2026-04-30,MSCL.SN,MS,148002.0,0
2026-05-04,MSCL.SN,MS,148002.0,0
2026-05-05,MSCL.SN,MS,148002.0,0
2026-05-06,MSCL.SN,MS,148002.0,0
2026-05-07,MSCL.SN,MS,148002.0,0
2026-05-08,MSCL.SN,MS,148002.0,0
2026-05-11,MSCL.SN,MS,148002.0,0
2026-05-12,MSCL.SN,MS,148002.0,0
2026-05-13,MSCL.SN,MS,148002.0,0
2026-05-14,MSCL.SN,MS,148002.0,0
2026-05-15,MSCL.SN,MS,148002.0,0
2026-05-18,MSCL.SN,MS,148002.0,0
2026-05-19,MSCL.SN,MS,148002.0,0
2026-05-20,MSCL.SN,MS,148002.0,0
2026-05-22,MSCL.SN,MS,148002.0,0
2026-05-25,MSCL.SN,MS,148002.0,0
2026-05-26,MSCL.SN,MS,148002.0,0
2026-05-27,MSCL.SN,MS,148002.0,0
2026-05-28,MSCL.SN,MS,148002.0,0
2026-05-29,MSCL.SN,MS,148002.0,0
2026-06-01,MSCL.SN,MS,148002.0,0
2026-06-02,MSCL.SN,MS,148002.0,0
2026-06-03,MSCL.SN,MS,148002.0,0
2026-06-04,MSCL.SN,MS,148002.0,0
2026-06-05,MSCL.SN,MS,148002.0,0
2026-06-08,MSCL.SN,MS,148002.0,0
2026-06-09,MSCL.SN,MS,148002.0,0
2026-06-10,MSCL.SN,MS,148002.0,0
2026-06-11,MSCL.SN,MS,148002.0,0
2026-06-12,MSCL.SN,MS,148002.0,0
2026-06-15,MSCL.SN,MS,148002.0,0
2026-06-16,MSCL.SN,MS,148002.0,0
2026-06-17,MSCL.SN,MS,148002.0,0
2026-06-18,MSCL.SN,MS,148002.0,0
2026-06-19,MSCL.SN,MS,148002.0,0
2026-06-22,MSCL.SN,MS,148002.0,0
2026-06-23,MSCL.SN,MS,148002.0,0
2026-06-24,MSCL.SN,MS,148002.0,0
2026-06-25,MSCL.SN,MS,148002.0,0
2026-06-26,MSCL.SN,MS,148002.0,0
2026-06-30,MSCL.SN,MS,148002.0,0
2026-07-01,MSCL.SN,MS,148002.0,0
2026-07-02,MSCL.SN,MS,148002.0,0
2026-07-03,MSCL.SN,MS,148002.0,0
2026-07-06,MSCL.SN,MS,148002.0,0
2026-07-07,MSCL.SN,MS,148002.0,0
2026-07-08,MSCL.SN,MS,148002.0,0
2026-07-09,MSCL.SN,MS,148002.0,0
2026-07-10,MSCL.SN,MS,148002.0,0
2026-07-13,MSCL.SN,MS,148002.0,0
2026-07-14,MSCL.SN,MS,148002.0,0
2026-07-15,MSCL.SN,MS,148002.0,0
2026-07-17,MSCL.SN,MS,148002.0,0
2026-07-20,MSCL.SN,MS,148002.0,0
2026-07-21,MSCL.SN,MS,196810.0,0
2026-07-22,MSCL.SN,MS,196810.0,0
2026-07-23,MSCL.SN,MS,196810.0,0
2026-07-24,MSCL.SN,MS,196810.0,0
2026-07-27,MSCL.SN,MS,196810.0,0
2026-07-28,MSCL.SN,MS,202420.0,0
2026-07-29,MSCL.SN,MS,202420.0,0
2026-07-30,MSCL.SN,MS,202420.0,0
2026-07-31,MSCL.SN,MS,202420.0,0
2026-08-03,MSCL.SN,MS,202420.0,0
2026-08-04,MSCL.SN,MS,195360.0,0
2026-08-05,MSCL.SN,MS,195360.0,0
2026-08-06,MSCL.SN,MS,195360.0,0
2026-08-07,MSCL.SN,MS,195360.0,0
2026-08-10,MSCL.SN,MS,195360.0,0
2026-08-11,MSCL.SN,MS,197310.0,0
2026-08-12,MSCL.SN,MS,197310.0,0
2026-08-13,MSCL.SN,MS,197310.0,0
2026-08-14,MSCL.SN,MS,197310.0,0
2026-08-17,MSCL.SN,MS,197310.0,0
2026-08-18,MSCL.SN,MS,199490.0,0
2026-08-19,MSCL.SN,MS,199490.0,0
2026-08-20,MSCL.SN,MS,199490.0,0
2026-08-21,MSCL.SN,MS,199490.0,0
2026-08-24,MSCL.SN,MS,199490.0,0
2026-08-25,MSCL.SN,MS,195810.0,0
2026-08-26,MSCL.SN,MS,195810.0,0
2026-08-27,MSCL.SN,MS,195810.0,0
2026-08-28,MSCL.SN,MS,195810.0,0
2026-08-31,MSCL.SN,MS,195810.0,0
2026-09-01,MSCL.SN,MS,195810.0,0
2026-09-02,MSCL.SN,MS,195810.0,0
2026-09-03,MSCL.SN,MS,195810.0,0
2026-09-04,MSCL.SN,MS,195810.0,0
2026-09-07,MSCL.SN,MS,195810.0,0
2026-09-08,MSCL.SN,MS,195810.0,1
2026-09-09,MSCL.SN,MS,200580.0,0
2026-09-10,MSCL.SN,MS,200580.0,0
2026-09-11,MSCL.SN,MS,200580.0,0
2026-09-14,MSCL.SN,MS,200580.0,0
2026-09-15,MSCL.SN,MS,197810.0,0
2026-09-16,MSCL.SN,MS,197810.0,0
2026-09-17,MSCL.SN,MS,197810.0,0
2026-09-21,MSCL.SN,MS,197810.0,0
2024-09-23,MSFTCL.SN,MSFT,402000.0,70
2024-09-24,MSFTCL.SN,MSFT,402000.0,2
2024-09-25,MSFTCL.SN,MSFT,402000.0,5
2024-09-26,MSFTCL.SN,MSFT,402000.0,2
2024-09-27,MSFTCL.SN,MSFT,385000.0,53
2024-09-30,MSFTCL.SN,MSFT,385000.0,17
2024-10-01,MSFTCL.SN,MSFT,385000.0,10
2024-10-02,MSFTCL.SN,MSFT,379962.0,37
2024-10-03,MSFTCL.SN,MSFT,379962.0,16
2024-10-04,MSFTCL.SN,MSFT,379962.0,4
2024-10-07,MSFTCL.SN,MSFT,384651.0,32
2024-10-08,MSFTCL.SN,MSFT,384651.0,8
2024-10-09,MSFTCL.SN,MSFT,384651.0,0
2024-10-10,MSFTCL.SN,MSFT,384651.0,18
2024-10-11,MSFTCL.SN,MSFT,384651.0,0
2024-10-14,MSFTCL.SN,MSFT,384651.0,0
2024-10-15,MSFTCL.SN,MSFT,384651.0,3
2024-10-16,MSFTCL.SN,MSFT,391248.0,28
2024-10-17,MSFTCL.SN,MSFT,391248.0,4
2024-10-18,MSFTCL.SN,MSFT,391248.0,0
2024-10-21,MSFTCL.SN,MSFT,391248.0,18
2024-10-22,MSFTCL.SN,MSFT,391248.0,16
2024-10-23,MSFTCL.SN,MSFT,401500.0,38
2024-10-24,MSFTCL.SN,MSFT,403015.0,20
2024-10-25,MSFTCL.SN,MSFT,408615.0,26
2024-10-28,MSFTCL.SN,MSFT,408615.0,8
2024-10-29,MSFTCL.SN,MSFT,408615.0,15
2024-10-30,MSFTCL.SN,MSFT,420026.0,25
2024-11-04,MSFTCL.SN,MSFT,391100.0,34
2024-11-05,MSFTCL.SN,MSFT,394900.0,30
2024-11-06,MSFTCL.SN,MSFT,401400.0,65
2024-11-07,MSFTCL.SN,MSFT,404356.0,26
2024-11-08,MSFTCL.SN,MSFT,411826.0,31
2024-11-11,MSFTCL.SN,MSFT,410805.0,92
2024-11-12,MSFTCL.SN,MSFT,414290.0,165
2024-11-13,MSFTCL.SN,MSFT,415321.0,23
2024-11-14,MSFTCL.SN,MSFT,414100.0,31
2024-11-15,MSFTCL.SN,MSFT,408795.0,26
2024-11-18,MSFTCL.SN,MSFT,408795.0,15
2024-11-19,MSFTCL.SN,MSFT,404030.0,64
2024-11-20,MSFTCL.SN,MSFT,404030.0,0
2024-11-21,MSFTCL.SN,MSFT,405800.0,44
2024-11-22,MSFTCL.SN,MSFT,408315.0,20
2024-11-25,MSFTCL.SN,MSFT,410350.0,20
2024-11-26,MSFTCL.SN,MSFT,417900.0,59
2024-11-27,MSFTCL.SN,MSFT,419090.0,55
2024-11-28,MSFTCL.SN,MSFT,419090.0,0
2024-11-29,MSFTCL.SN,MSFT,413907.0,71
2024-12-02,MSFTCL.SN,MSFT,423230.0,85
2024-12-03,MSFTCL.SN,MSFT,419765.0,23
2024-12-04,MSFTCL.SN,MSFT,427975.0,34
2024-12-05,MSFTCL.SN,MSFT,426000.0,61
2024-12-06,MSFTCL.SN,MSFT,433474.0,38
2024-12-09,MSFTCL.SN,MSFT,426000.0,17
2024-12-10,MSFTCL.SN,MSFT,436224.0,23
2024-12-11,MSFTCL.SN,MSFT,439577.0,34
2024-12-12,MSFTCL.SN,MSFT,440000.0,87
2024-12-13,MSFTCL.SN,MSFT,440000.0,16
2024-12-16,MSFTCL.SN,MSFT,445700.0,18
2024-12-17,MSFTCL.SN,MSFT,445700.0,0
2024-12-18,MSFTCL.SN,MSFT,445700.0,16
2024-12-19,MSFTCL.SN,MSFT,437879.0,20
2024-12-20,MSFTCL.SN,MSFT,437879.0,1
2024-12-23,MSFTCL.SN,MSFT,437879.0,11
2024-12-24,MSFTCL.SN,MSFT,432400.0,21
2024-12-26,MSFTCL.SN,MSFT,435774.0,19
2024-12-27,MSFTCL.SN,MSFT,426081.0,288
2024-12-30,MSFTCL.SN,MSFT,426081.0,14
2025-01-02,MSFTCL.SN,MSFT,422557.0,26
2025-01-03,MSFTCL.SN,MSFT,430441.0,19
2025-01-06,MSFTCL.SN,MSFT,436555.0,33
2025-01-07,MSFTCL.SN,MSFT,429067.0,35
2025-01-08,MSFTCL.SN,MSFT,429067.0,13
2025-01-09,MSFTCL.SN,MSFT,429067.0,0
2025-01-10,MSFTCL.SN,MSFT,424600.0,31
2025-01-13,MSFTCL.SN,MSFT,420960.0,68
2025-01-14,MSFTCL.SN,MSFT,418767.0,21
2025-01-15,MSFTCL.SN,MSFT,429830.0,29
2025-01-16,MSFTCL.SN,MSFT,429830.0,1
2025-01-17,MSFTCL.SN,MSFT,429830.0,3
2025-01-20,MSFTCL.SN,MSFT,429830.0,0
2025-01-21,MSFTCL.SN,MSFT,432150.0,82
2025-01-22,MSFTCL.SN,MSFT,440143.0,23
2025-01-23,MSFTCL.SN,MSFT,440143.0,16
2025-01-24,MSFTCL.SN,MSFT,438785.0,40
2025-01-27,MSFTCL.SN,MSFT,423995.0,45
2025-01-28,MSFTCL.SN,MSFT,423995.0,15
2025-01-29,MSFTCL.SN,MSFT,443926.0,52
2025-01-30,MSFTCL.SN,MSFT,415703.0,30
2025-01-31,MSFTCL.SN,MSFT,411578.0,27
2025-02-03,MSFTCL.SN,MSFT,404000.0,723
2025-02-04,MSFTCL.SN,MSFT,405388.0,57
2025-02-05,MSFTCL.SN,MSFT,400433.0,51
2025-02-06,MSFTCL.SN,MSFT,400433.0,8
2025-02-07,MSFTCL.SN,MSFT,398450.0,36
2025-02-10,MSFTCL.SN,MSFT,398450.0,2
2025-02-11,MSFTCL.SN,MSFT,398450.0,0
2025-02-12,MSFTCL.SN,MSFT,388700.0,39
2025-02-13,MSFTCL.SN,MSFT,388700.0,15
2025-02-14,MSFTCL.SN,MSFT,384787.0,30
2025-02-17,MSFTCL.SN,MSFT,384787.0,0
2025-02-18,MSFTCL.SN,MSFT,389175.0,21
2025-02-19,MSFTCL.SN,MSFT,390300.0,50
2025-02-20,MSFTCL.SN,MSFT,390300.0,18
2025-02-21,MSFTCL.SN,MSFT,390300.0,3
2025-02-24,MSFTCL.SN,MSFT,383279.0,32
2025-02-25,MSFTCL.SN,MSFT,383279.0,9
2025-02-26,MSFTCL.SN,MSFT,383279.0,19
2025-02-27,MSFTCL.SN,MSFT,383279.0,14
2025-02-28,MSFTCL.SN,MSFT,383279.0,5
2025-03-03,MSFTCL.SN,MSFT,379763.0,59
2025-03-04,MSFTCL.SN,MSFT,365325.0,27
2025-03-05,MSFTCL.SN,MSFT,368452.0,61
2025-03-06,MSFTCL.SN,MSFT,368452.0,10
2025-03-07,MSFTCL.SN,MSFT,365000.0,230
2025-03-10,MSFTCL.SN,MSFT,365000.0,9
2025-03-11,MSFTCL.SN,MSFT,365000.0,8
2025-03-12,MSFTCL.SN,MSFT,365000.0,2
2025-03-13,MSFTCL.SN,MSFT,360000.0,50
2025-03-14,MSFTCL.SN,MSFT,361500.0,28
2025-03-17,MSFTCL.SN,MSFT,361500.0,4
2025-03-18,MSFTCL.SN,MSFT,361500.0,3
2025-03-19,MSFTCL.SN,MSFT,361500.0,2
2025-03-20,MSFTCL.SN,MSFT,361500.0,0
2025-03-21,MSFTCL.SN,MSFT,361500.0,6
2025-03-24,MSFTCL.SN,MSFT,361500.0,5
2025-03-25,MSFTCL.SN,MSFT,361500.0,14
2025-03-26,MSFTCL.SN,MSFT,363745.0,99
2025-03-27,MSFTCL.SN,MSFT,363745.0,5
2025-03-28,MSFTCL.SN,MSFT,363040.0,47
2025-03-31,MSFTCL.SN,MSFT,363040.0,8
2025-04-01,MSFTCL.SN,MSFT,363040.0,5
2025-04-02,MSFTCL.SN,MSFT,363040.0,0
2025-04-03,MSFTCL.SN,MSFT,363040.0,10
2025-04-04,MSFTCL.SN,MSFT,363040.0,5
2025-04-07,MSFTCL.SN,MSFT,357475.0,34
2025-04-08,MSFTCL.SN,MSFT,359940.0,33
2025-04-09,MSFTCL.SN,MSFT,363901.0,22
2025-04-10,MSFTCL.SN,MSFT,363901.0,20
2025-04-11,MSFTCL.SN,MSFT,363901.0,5
2025-04-14,MSFTCL.SN,MSFT,363901.0,9
2025-04-15,MSFTCL.SN,MSFT,363901.0,6
2025-04-16,MSFTCL.SN,MSFT,363901.0,18
2025-04-17,MSFTCL.SN,MSFT,363901.0,4
2025-04-21,MSFTCL.SN,MSFT,363901.0,20
2025-04-22,MSFTCL.SN,MSFT,363901.0,17
2025-04-23,MSFTCL.SN,MSFT,358900.0,66
2025-04-24,MSFTCL.SN,MSFT,360715.0,26
2025-04-25,MSFTCL.SN,MSFT,360715.0,3
2025-04-28,MSFTCL.SN,MSFT,360715.0,10
2025-04-29,MSFTCL.SN,MSFT,373965.0,21
2025-04-30,MSFTCL.SN,MSFT,373965.0,15
2025-05-02,MSFTCL.SN,MSFT,411310.0,44
2025-05-05,MSFTCL.SN,MSFT,410683.0,21
2025-05-06,MSFTCL.SN,MSFT,410683.0,11
2025-05-07,MSFTCL.SN,MSFT,406700.0,40
2025-05-08,MSFTCL.SN,MSFT,413513.0,132
2025-05-09,MSFTCL.SN,MSFT,413513.0,2
2025-05-12,MSFTCL.SN,MSFT,417000.0,26
2025-05-13,MSFTCL.SN,MSFT,417000.0,1
2025-05-14,MSFTCL.SN,MSFT,417000.0,9
2025-05-15,MSFTCL.SN,MSFT,417000.0,6
2025-05-16,MSFTCL.SN,MSFT,417000.0,9
2025-05-19,MSFTCL.SN,MSFT,417000.0,0
2025-05-20,MSFTCL.SN,MSFT,432900.0,35
2025-05-22,MSFTCL.SN,MSFT,431785.0,35
2025-05-23,MSFTCL.SN,MSFT,431785.0,0
2025-05-26,MSFTCL.SN,MSFT,431785.0,0
2025-05-27,MSFTCL.SN,MSFT,430471.0,21
2025-05-28,MSFTCL.SN,MSFT,430471.0,13
2025-05-29,MSFTCL.SN,MSFT,431700.0,35
2025-05-30,MSFTCL.SN,MSFT,431700.0,6
2025-06-02,MSFTCL.SN,MSFT,432617.0,267
2025-06-03,MSFTCL.SN,MSFT,432617.0,5
2025-06-04,MSFTCL.SN,MSFT,434536.0,25
2025-06-05,MSFTCL.SN,MSFT,434536.0,14
2025-06-06,MSFTCL.SN,MSFT,441180.0,86
2025-06-09,MSFTCL.SN,MSFT,441461.0,19
2025-06-10,MSFTCL.SN,MSFT,441461.0,14
2025-06-11,MSFTCL.SN,MSFT,441461.0,14
2025-06-12,MSFTCL.SN,MSFT,445011.0,19
2025-06-13,MSFTCL.SN,MSFT,445011.0,11
2025-06-16,MSFTCL.SN,MSFT,449500.0,26
2025-06-17,MSFTCL.SN,MSFT,450276.0,71
2025-06-18,MSFTCL.SN,MSFT,450000.0,62
2025-06-19,MSFTCL.SN,MSFT,450000.0,0
2025-06-23,MSFTCL.SN,MSFT,456329.0,22
2025-06-24,MSFTCL.SN,MSFT,456329.0,1
2025-06-25,MSFTCL.SN,MSFT,460397.0,30
2025-06-26,MSFTCL.SN,MSFT,462234.0,47
2025-06-27,MSFTCL.SN,MSFT,465000.0,43
2025-06-30,MSFTCL.SN,MSFT,465000.0,14
2025-07-01,MSFTCL.SN,MSFT,465000.0,4
2025-07-02,MSFTCL.SN,MSFT,465000.0,8
2025-07-03,MSFTCL.SN,MSFT,465000.0,11
2025-07-04,MSFTCL.SN,MSFT,465000.0,0
2025-07-07,MSFTCL.SN,MSFT,466000.0,63
2025-07-08,MSFTCL.SN,MSFT,466000.0,12
2025-07-09,MSFTCL.SN,MSFT,466000.0,15
2025-07-10,MSFTCL.SN,MSFT,466000.0,2
2025-07-11,MSFTCL.SN,MSFT,466000.0,13
2025-07-14,MSFTCL.SN,MSFT,486347.0,25
2025-07-15,MSFTCL.SN,MSFT,486347.0,3
2025-07-17,MSFTCL.SN,MSFT,495575.0,31
2025-07-18,MSFTCL.SN,MSFT,495575.0,11
2025-07-21,MSFTCL.SN,MSFT,486286.0,41
2025-07-22,MSFTCL.SN,MSFT,485703.0,26
2025-07-23,MSFTCL.SN,MSFT,485703.0,2
2025-07-24,MSFTCL.SN,MSFT,486460.0,23
2025-07-25,MSFTCL.SN,MSFT,495713.0,23
2025-07-28,MSFTCL.SN,MSFT,498605.0,53
2025-07-29,MSFTCL.SN,MSFT,499676.0,34
2025-07-30,MSFTCL.SN,MSFT,503100.0,30
2025-07-31,MSFTCL.SN,MSFT,520400.0,48
2025-08-01,MSFTCL.SN,MSFT,506277.0,57
2025-08-04,MSFTCL.SN,MSFT,519535.0,34
2025-08-05,MSFTCL.SN,MSFT,516803.0,226
2025-08-06,MSFTCL.SN,MSFT,516450.0,42
2025-08-07,MSFTCL.SN,MSFT,506761.0,19
2025-08-08,MSFTCL.SN,MSFT,505996.0,32
2025-08-11,MSFTCL.SN,MSFT,505996.0,11
2025-08-12,MSFTCL.SN,MSFT,507130.0,54
2025-08-13,MSFTCL.SN,MSFT,503500.0,56
2025-08-14,MSFTCL.SN,MSFT,505584.0,30
2025-08-18,MSFTCL.SN,MSFT,497410.0,32
2025-08-19,MSFTCL.SN,MSFT,491778.0,28
2025-08-20,MSFTCL.SN,MSFT,490293.0,27
2025-08-21,MSFTCL.SN,MSFT,490293.0,4
2025-08-22,MSFTCL.SN,MSFT,488950.0,45
2025-08-25,MSFTCL.SN,MSFT,488950.0,9
2025-08-26,MSFTCL.SN,MSFT,488950.0,16
2025-08-27,MSFTCL.SN,MSFT,488950.0,13
2025-08-28,MSFTCL.SN,MSFT,490847.0,40
2025-08-29,MSFTCL.SN,MSFT,490847.0,2
2025-09-01,MSFTCL.SN,MSFT,490847.0,0
2025-09-02,MSFTCL.SN,MSFT,490022.0,132
2025-09-03,MSFTCL.SN,MSFT,488650.0,47
2025-09-04,MSFTCL.SN,MSFT,494190.0,56
2025-09-05,MSFTCL.SN,MSFT,478414.0,89
2025-09-08,MSFTCL.SN,MSFT,485670.0,26
2025-09-09,MSFTCL.SN,MSFT,485670.0,5
2025-09-10,MSFTCL.SN,MSFT,485670.0,9
2025-09-11,MSFTCL.SN,MSFT,485670.0,10
2025-09-12,MSFTCL.SN,MSFT,487141.0,17
2025-09-15,MSFTCL.SN,MSFT,487141.0,15
2025-09-16,MSFTCL.SN,MSFT,487682.0,92
2025-09-17,MSFTCL.SN,MSFT,484484.0,25
2025-09-22,MSFTCL.SN,MSFT,484484.0,15
2025-09-23,MSFTCL.SN,MSFT,489527.0,37
2025-09-24,MSFTCL.SN,MSFT,489527.0,7
2025-09-25,MSFTCL.SN,MSFT,489672.0,72
2025-09-26,MSFTCL.SN,MSFT,494562.0,53
2025-09-29,MSFTCL.SN,MSFT,494562.0,7
2025-09-30,MSFTCL.SN,MSFT,494562.0,6
2025-10-01,MSFTCL.SN,MSFT,494377.0,34
2025-10-02,MSFTCL.SN,MSFT,497352.0,23
2025-10-03,MSFTCL.SN,MSFT,501817.0,25
2025-10-06,MSFTCL.SN,MSFT,505117.0,40
2025-10-07,MSFTCL.SN,MSFT,504631.0,43
2025-10-08,MSFTCL.SN,MSFT,504631.0,3
2025-10-09,MSFTCL.SN,MSFT,504631.0,2
2025-10-10,MSFTCL.SN,MSFT,504631.0,11
2025-10-13,MSFTCL.SN,MSFT,504631.0,3
2025-10-14,MSFTCL.SN,MSFT,490902.0,37
2025-10-15,MSFTCL.SN,MSFT,494148.0,23
2025-10-16,MSFTCL.SN,MSFT,492518.0,17
2025-10-17,MSFTCL.SN,MSFT,492518.0,13
2025-10-20,MSFTCL.SN,MSFT,492518.0,12
2025-10-21,MSFTCL.SN,MSFT,491706.0,18
2025-10-22,MSFTCL.SN,MSFT,498232.0,87
2025-10-23,MSFTCL.SN,MSFT,498232.0,3
2025-10-24,MSFTCL.SN,MSFT,493625.0,20
2025-10-27,MSFTCL.SN,MSFT,493625.0,6
2025-10-28,MSFTCL.SN,MSFT,493625.0,6
2025-10-29,MSFTCL.SN,MSFT,506195.0,17
2025-10-30,MSFTCL.SN,MSFT,506195.0,6
2025-11-03,MSFTCL.SN,MSFT,486235.0,54
2025-11-04,MSFTCL.SN,MSFT,486863.0,37
2025-11-05,MSFTCL.SN,MSFT,484364.0,74
2025-11-06,MSFTCL.SN,MSFT,484364.0,7
2025-11-07,MSFTCL.SN,MSFT,470256.0,63
2025-11-10,MSFTCL.SN,MSFT,470256.0,13
2025-11-11,MSFTCL.SN,MSFT,470256.0,0
2025-11-12,MSFTCL.SN,MSFT,470330.0,73
2025-11-13,MSFTCL.SN,MSFT,470571.0,30
2025-11-14,MSFTCL.SN,MSFT,471688.0,21
2025-11-17,MSFTCL.SN,MSFT,471688.0,0
2025-11-18,MSFTCL.SN,MSFT,461456.0,50
2025-11-19,MSFTCL.SN,MSFT,456580.0,77
2025-11-20,MSFTCL.SN,MSFT,451820.0,29
2025-11-21,MSFTCL.SN,MSFT,446379.0,105
2025-11-24,MSFTCL.SN,MSFT,446379.0,13
2025-11-25,MSFTCL.SN,MSFT,444646.0,132
2025-11-26,MSFTCL.SN,MSFT,444646.0,14
2025-11-27,MSFTCL.SN,MSFT,444646.0,0
2025-11-28,MSFTCL.SN,MSFT,456649.0,19
2025-12-01,MSFTCL.SN,MSFT,453099.0,65
2025-12-02,MSFTCL.SN,MSFT,456004.0,151
2025-12-03,MSFTCL.SN,MSFT,443764.0,21
2025-12-04,MSFTCL.SN,MSFT,440307.0,19
2025-12-05,MSFTCL.SN,MSFT,440307.0,4
2025-12-09,MSFTCL.SN,MSFT,455071.0,37
2025-12-10,MSFTCL.SN,MSFT,444337.0,63
2025-12-11,MSFTCL.SN,MSFT,444337.0,7
2025-12-12,MSFTCL.SN,MSFT,444337.0,2
2025-12-15,MSFTCL.SN,MSFT,444337.0,5
2025-12-16,MSFTCL.SN,MSFT,444337.0,9
2025-12-17,MSFTCL.SN,MSFT,444337.0,3
2025-12-18,MSFTCL.SN,MSFT,444337.0,11
2025-12-19,MSFTCL.SN,MSFT,444337.0,13
2025-12-22,MSFTCL.SN,MSFT,444337.0,2
2025-12-23,MSFTCL.SN,MSFT,444337.0,7
2025-12-24,MSFTCL.SN,MSFT,444337.0,6
2025-12-26,MSFTCL.SN,MSFT,444337.0,4
2025-12-29,MSFTCL.SN,MSFT,444337.0,7
2025-12-30,MSFTCL.SN,MSFT,444337.0,4
2026-01-02,MSFTCL.SN,MSFT,444337.0,0
2026-01-05,MSFTCL.SN,MSFT,430000.0,23
2026-01-06,MSFTCL.SN,MSFT,430000.0,0
2026-01-07,MSFTCL.SN,MSFT,430000.0,14
2026-01-08,MSFTCL.SN,MSFT,429500.0,22
2026-01-09,MSFTCL.SN,MSFT,428037.0,291
2026-01-12,MSFTCL.SN,MSFT,428037.0,7
2026-01-13,MSFTCL.SN,MSFT,419810.0,22
2026-01-14,MSFTCL.SN,MSFT,404500.0,42
2026-01-15,MSFTCL.SN,MSFT,407100.0,32
2026-01-16,MSFTCL.SN,MSFT,407100.0,12
2026-01-19,MSFTCL.SN,MSFT,407100.0,0
2026-01-20,MSFTCL.SN,MSFT,399300.0,45
2026-01-21,MSFTCL.SN,MSFT,399300.0,6
2026-01-22,MSFTCL.SN,MSFT,399300.0,10
2026-01-23,MSFTCL.SN,MSFT,405900.0,24
2026-01-26,MSFTCL.SN,MSFT,405900.0,10
2026-01-27,MSFTCL.SN,MSFT,405900.0,8
2026-01-28,MSFTCL.SN,MSFT,405900.0,1
2026-01-29,MSFTCL.SN,MSFT,364980.0,64
2026-01-30,MSFTCL.SN,MSFT,373000.0,47
2026-02-02,MSFTCL.SN,MSFT,365800.0,35
2026-02-03,MSFTCL.SN,MSFT,359704.0,25
2026-02-04,MSFTCL.SN,MSFT,359704.0,5
2026-02-05,MSFTCL.SN,MSFT,347843.0,422
2026-02-06,MSFTCL.SN,MSFT,344082.0,3705
2026-02-09,MSFTCL.SN,MSFT,344082.0,15
2026-02-10,MSFTCL.SN,MSFT,358000.0,137
2026-02-11,MSFTCL.SN,MSFT,351237.0,53
2026-02-12,MSFTCL.SN,MSFT,351237.0,6
2026-02-13,MSFTCL.SN,MSFT,351237.0,0
2026-02-16,MSFTCL.SN,MSFT,351237.0,0
2026-02-17,MSFTCL.SN,MSFT,345300.0,198
2026-02-18,MSFTCL.SN,MSFT,346065.0,46
2026-02-19,MSFTCL.SN,MSFT,346065.0,2
2026-02-20,MSFTCL.SN,MSFT,346065.0,8
2026-02-23,MSFTCL.SN,MSFT,346065.0,15
2026-02-24,MSFTCL.SN,MSFT,332313.0,31
2026-02-25,MSFTCL.SN,MSFT,332313.0,6
2026-02-26,MSFTCL.SN,MSFT,332313.0,5
2026-02-27,MSFTCL.SN,MSFT,332313.0,3
2026-03-02,MSFTCL.SN,MSFT,351000.0,551
2026-03-03,MSFTCL.SN,MSFT,351000.0,15
2026-03-04,MSFTCL.SN,MSFT,351000.0,17
2026-03-05,MSFTCL.SN,MSFT,351000.0,5
2026-03-06,MSFTCL.SN,MSFT,351000.0,12
2026-03-09,MSFTCL.SN,MSFT,371441.0,39
2026-03-10,MSFTCL.SN,MSFT,360300.0,45
2026-03-11,MSFTCL.SN,MSFT,360300.0,17
2026-03-12,MSFTCL.SN,MSFT,368800.0,50
2026-03-13,MSFTCL.SN,MSFT,364280.0,48
2026-03-16,MSFTCL.SN,MSFT,364280.0,13
2026-03-17,MSFTCL.SN,MSFT,364280.0,13
2026-03-18,MSFTCL.SN,MSFT,364280.0,18
2026-03-19,MSFTCL.SN,MSFT,355924.0,26
2026-03-20,MSFTCL.SN,MSFT,355300.0,31
2026-03-23,MSFTCL.SN,MSFT,349471.0,105
2026-03-24,MSFTCL.SN,MSFT,342186.0,31
2026-03-25,MSFTCL.SN,MSFT,339871.0,78
2026-03-26,MSFTCL.SN,MSFT,340238.0,56
2026-03-27,MSFTCL.SN,MSFT,333600.0,59
2026-03-30,MSFTCL.SN,MSFT,336593.0,54
2026-03-31,MSFTCL.SN,MSFT,336593.0,9
2026-04-01,MSFTCL.SN,MSFT,340700.0,149
2026-04-02,MSFTCL.SN,MSFT,338986.0,26
2026-04-06,MSFTCL.SN,MSFT,342020.0,127
2026-04-07,MSFTCL.SN,MSFT,341747.0,117
2026-04-08,MSFTCL.SN,MSFT,338370.0,96
2026-04-09,MSFTCL.SN,MSFT,330320.0,30
2026-04-10,MSFTCL.SN,MSFT,332739.0,493
2026-04-13,MSFTCL.SN,MSFT,341374.0,127
2026-04-14,MSFTCL.SN,MSFT,341374.0,14
2026-04-15,MSFTCL.SN,MSFT,361299.0,29
2026-04-16,MSFTCL.SN,MSFT,361299.0,1
2026-04-17,MSFTCL.SN,MSFT,371277.0,31
2026-04-20,MSFTCL.SN,MSFT,371277.0,3
2026-04-21,MSFTCL.SN,MSFT,371277.0,13
2026-04-22,MSFTCL.SN,MSFT,371277.0,3
2026-04-23,MSFTCL.SN,MSFT,371467.0,43
2026-04-24,MSFTCL.SN,MSFT,371467.0,3
2026-04-27,MSFTCL.SN,MSFT,380137.0,27
2026-04-28,MSFTCL.SN,MSFT,379591.0,30
2026-04-29,MSFTCL.SN,MSFT,379591.0,18
2026-04-30,MSFTCL.SN,MSFT,365480.0,44
2026-05-04,MSFTCL.SN,MSFT,365480.0,3
2026-05-05,MSFTCL.SN,MSFT,365480.0,8
2026-05-06,MSFTCL.SN,MSFT,365480.0,5
2026-05-07,MSFTCL.SN,MSFT,378400.0,85
2026-05-08,MSFTCL.SN,MSFT,372697.0,336
2026-05-11,MSFTCL.SN,MSFT,370010.0,52
2026-05-12,MSFTCL.SN,MSFT,370010.0,1
2026-05-13,MSFTCL.SN,MSFT,370010.0,1
2026-05-14,MSFTCL.SN,MSFT,367367.0,25
2026-05-15,MSFTCL.SN,MSFT,386470.0,21
2026-05-18,MSFTCL.SN,MSFT,386470.0,6
2026-05-19,MSFTCL.SN,MSFT,386470.0,14
2026-05-20,MSFTCL.SN,MSFT,386470.0,13
2026-05-22,MSFTCL.SN,MSFT,386470.0,0
2026-05-25,MSFTCL.SN,MSFT,386470.0,12
2026-05-26,MSFTCL.SN,MSFT,375300.0,232
2026-05-27,MSFTCL.SN,MSFT,375300.0,12
2026-05-28,MSFTCL.SN,MSFT,380242.0,28
2026-05-29,MSFTCL.SN,MSFT,380242.0,15
2026-06-01,MSFTCL.SN,MSFT,408470.0,98
2026-06-02,MSFTCL.SN,MSFT,395573.0,22
2026-06-03,MSFTCL.SN,MSFT,380070.0,560
2026-06-04,MSFTCL.SN,MSFT,380070.0,15
2026-06-05,MSFTCL.SN,MSFT,380000.0,38
2026-06-08,MSFTCL.SN,MSFT,381400.0,57
2026-06-09,MSFTCL.SN,MSFT,381400.0,19
2026-06-10,MSFTCL.SN,MSFT,385000.0,54
2026-06-11,MSFTCL.SN,MSFT,351000.0,99
2026-06-12,MSFTCL.SN,MSFT,351000.0,18
2026-06-15,MSFTCL.SN,MSFT,353547.0,60
2026-06-16,MSFTCL.SN,MSFT,353547.0,2
2026-06-17,MSFTCL.SN,MSFT,341000.0,85
2026-06-18,MSFTCL.SN,MSFT,341000.0,0
2026-06-19,MSFTCL.SN,MSFT,341000.0,0
2026-06-22,MSFTCL.SN,MSFT,337000.0,94
2026-06-23,MSFTCL.SN,MSFT,337000.0,13
2026-06-24,MSFTCL.SN,MSFT,337000.0,9
2026-06-25,MSFTCL.SN,MSFT,337000.0,6
2026-06-26,MSFTCL.SN,MSFT,344000.0,30
2026-06-30,MSFTCL.SN,MSFT,344200.0,55
2026-07-01,MSFTCL.SN,MSFT,358408.0,98
2026-07-02,MSFTCL.SN,MSFT,358408.0,0
2026-07-03,MSFTCL.SN,MSFT,358408.0,0
2026-07-06,MSFTCL.SN,MSFT,358408.0,8
2026-07-07,MSFTCL.SN,MSFT,358408.0,0
2026-07-08,MSFTCL.SN,MSFT,358408.0,9
2026-07-09,MSFTCL.SN,MSFT,353000.0,39
2026-07-10,MSFTCL.SN,MSFT,353000.0,3
2026-07-13,MSFTCL.SN,MSFT,364623.0,62
2026-07-14,MSFTCL.SN,MSFT,358305.0,40
2026-07-15,MSFTCL.SN,MSFT,358305.0,0
2026-07-17,MSFTCL.SN,MSFT,370700.0,55
2026-07-20,MSFTCL.SN,MSFT,376020.0,3
2026-07-21,MSFTCL.SN,MSFT,380000.0,10
2026-07-22,MSFTCL.SN,MSFT,380000.0,3
2026-07-23,MSFTCL.SN,MSFT,380000.0,0
2026-07-24,MSFTCL.SN,MSFT,380000.0,0
2026-07-27,MSFTCL.SN,MSFT,380000.0,0
2026-07-28,MSFTCL.SN,MSFT,367080.0,0
2026-07-29,MSFTCL.SN,MSFT,368000.0,10
2026-07-30,MSFTCL.SN,MSFT,371000.0,99
2026-07-31,MSFTCL.SN,MSFT,427000.0,16
2026-08-03,MSFTCL.SN,MSFT,427000.0,26
2026-08-04,MSFTCL.SN,MSFT,449940.0,37
2026-08-05,MSFTCL.SN,MSFT,449940.0,23
2026-08-06,MSFTCL.SN,MSFT,450000.0,49
2026-08-07,MSFTCL.SN,MSFT,450000.0,9
2026-08-10,MSFTCL.SN,MSFT,450000.0,2
2026-08-11,MSFTCL.SN,MSFT,463700.0,0
2026-08-12,MSFTCL.SN,MSFT,463700.0,16
2026-08-13,MSFTCL.SN,MSFT,463700.0,0
2026-08-14,MSFTCL.SN,MSFT,463700.0,0
2026-08-17,MSFTCL.SN,MSFT,463700.0,0
2026-08-18,MSFTCL.SN,MSFT,439130.0,0
2026-08-19,MSFTCL.SN,MSFT,447500.0,4
2026-08-20,MSFTCL.SN,MSFT,447500.0,0
2026-08-21,MSFTCL.SN,MSFT,447500.0,0
2026-08-24,MSFTCL.SN,MSFT,447500.0,0
2026-08-25,MSFTCL.SN,MSFT,445710.0,0
2026-08-26,MSFTCL.SN,MSFT,445710.0,0
2026-08-27,MSFTCL.SN,MSFT,445710.0,0
2026-08-28,MSFTCL.SN,MSFT,445710.0,5
2026-08-31,MSFTCL.SN,MSFT,445710.0,0
2026-09-01,MSFTCL.SN,MSFT,471300.0,7
2026-09-02,MSFTCL.SN,MSFT,471300.0,0
2026-09-03,MSFTCL.SN,MSFT,477150.0,8
2026-09-04,MSFTCL.SN,MSFT,477150.0,0
2026-09-07,MSFTCL.SN,MSFT,477150.0,0
2026-09-08,MSFTCL.SN,MSFT,455020.0,4
2026-09-09,MSFTCL.SN,MSFT,479150.0,2
2026-09-10,MSFTCL.SN,MSFT,479150.0,0
2026-09-11,MSFTCL.SN,MSFT,450000.0,3
2026-09-14,MSFTCL.SN,MSFT,450000.0,0
2026-09-15,MSFTCL.SN,MSFT,483950.0,0
2026-09-16,MSFTCL.SN,MSFT,483950.0,0
2026-09-17,MSFTCL.SN,MSFT,483950.0,0
2026-09-21,MSFTCL.SN,MSFT,483950.0,0
2024-09-23,NKECL.SN,NKE,70594.0,55
2024-09-24,NKECL.SN,NKE,70594.0,0
2024-09-25,NKECL.SN,NKE,80000.0,113
2024-09-26,NKECL.SN,NKE,80946.0,293
2024-09-27,NKECL.SN,NKE,80946.0,0
2024-09-30,NKECL.SN,NKE,80946.0,1
2024-10-01,NKECL.SN,NKE,80946.0,11
2024-10-02,NKECL.SN,NKE,80946.0,15
2024-10-03,NKECL.SN,NKE,80946.0,0
2024-10-04,NKECL.SN,NKE,80946.0,0
2024-10-07,NKECL.SN,NKE,80946.0,0
2024-10-08,NKECL.SN,NKE,80946.0,2
2024-10-09,NKECL.SN,NKE,80946.0,0
2024-10-10,NKECL.SN,NKE,80946.0,0
2024-10-11,NKECL.SN,NKE,80946.0,0
2024-10-14,NKECL.SN,NKE,80946.0,0
2024-10-15,NKECL.SN,NKE,80946.0,0
2024-10-16,NKECL.SN,NKE,80946.0,31
2024-10-17,NKECL.SN,NKE,80946.0,0
2024-10-18,NKECL.SN,NKE,80946.0,0
2024-10-21,NKECL.SN,NKE,80946.0,0
2024-10-22,NKECL.SN,NKE,80946.0,0
2024-10-23,NKECL.SN,NKE,80946.0,0
2024-10-24,NKECL.SN,NKE,80946.0,0
2024-10-25,NKECL.SN,NKE,80946.0,0
2024-10-28,NKECL.SN,NKE,80946.0,0
2024-10-29,NKECL.SN,NKE,80946.0,1
2024-10-30,NKECL.SN,NKE,80946.0,0
2024-11-04,NKECL.SN,NKE,80946.0,0
2024-11-05,NKECL.SN,NKE,80946.0,0
2024-11-06,NKECL.SN,NKE,80946.0,50
2024-11-07,NKECL.SN,NKE,80946.0,50
2024-11-08,NKECL.SN,NKE,80946.0,27
2024-11-11,NKECL.SN,NKE,80946.0,0
2024-11-12,NKECL.SN,NKE,80946.0,0
2024-11-13,NKECL.SN,NKE,80946.0,0
2024-11-14,NKECL.SN,NKE,80946.0,0
2024-11-15,NKECL.SN,NKE,74835.0,146
2024-11-18,NKECL.SN,NKE,74835.0,0
2024-11-19,NKECL.SN,NKE,74835.0,0
2024-11-20,NKECL.SN,NKE,74835.0,13
2024-11-21,NKECL.SN,NKE,74835.0,66
2024-11-22,NKECL.SN,NKE,74835.0,64
2024-11-25,NKECL.SN,NKE,74835.0,0
2024-11-26,NKECL.SN,NKE,74835.0,0
2024-11-27,NKECL.SN,NKE,74835.0,0
2024-11-28,NKECL.SN,NKE,74835.0,0
2024-11-29,NKECL.SN,NKE,74835.0,13
2024-12-02,NKECL.SN,NKE,74835.0,0
2024-12-03,NKECL.SN,NKE,74835.0,0
2024-12-04,NKECL.SN,NKE,74835.0,7
2024-12-05,NKECL.SN,NKE,74835.0,0
2024-12-06,NKECL.SN,NKE,74835.0,5
2024-12-09,NKECL.SN,NKE,74835.0,6
2024-12-10,NKECL.SN,NKE,74835.0,7
2024-12-11,NKECL.SN,NKE,74835.0,0
2024-12-12,NKECL.SN,NKE,74835.0,0
2024-12-13,NKECL.SN,NKE,74835.0,7
2024-12-16,NKECL.SN,NKE,74835.0,0
2024-12-17,NKECL.SN,NKE,74835.0,0
2024-12-18,NKECL.SN,NKE,74835.0,33
2024-12-19,NKECL.SN,NKE,74835.0,0
2024-12-20,NKECL.SN,NKE,74835.0,0
2024-12-23,NKECL.SN,NKE,74835.0,8
2024-12-24,NKECL.SN,NKE,74835.0,10
2024-12-26,NKECL.SN,NKE,74835.0,0
2024-12-27,NKECL.SN,NKE,74835.0,3
2024-12-30,NKECL.SN,NKE,74835.0,30
2025-01-02,NKECL.SN,NKE,75346.0,155
2025-01-03,NKECL.SN,NKE,75346.0,0
2025-01-06,NKECL.SN,NKE,75346.0,20
2025-01-07,NKECL.SN,NKE,75346.0,19
2025-01-08,NKECL.SN,NKE,75346.0,90
2025-01-09,NKECL.SN,NKE,75346.0,0
2025-01-10,NKECL.SN,NKE,75346.0,0
2025-01-13,NKECL.SN,NKE,75346.0,20
2025-01-14,NKECL.SN,NKE,75346.0,40
2025-01-15,NKECL.SN,NKE,75346.0,34
2025-01-16,NKECL.SN,NKE,75346.0,0
2025-01-17,NKECL.SN,NKE,75346.0,2
2025-01-20,NKECL.SN,NKE,75346.0,0
2025-01-21,NKECL.SN,NKE,75346.0,8
2025-01-22,NKECL.SN,NKE,75346.0,34
2025-01-23,NKECL.SN,NKE,75346.0,0
2025-01-24,NKECL.SN,NKE,72750.0,190
2025-01-27,NKECL.SN,NKE,72750.0,0
2025-01-28,NKECL.SN,NKE,72750.0,0
2025-01-29,NKECL.SN,NKE,72750.0,0
2025-01-30,NKECL.SN,NKE,72750.0,0
2025-01-31,NKECL.SN,NKE,72750.0,0
2025-02-03,NKECL.SN,NKE,72750.0,8
2025-02-04,NKECL.SN,NKE,72750.0,0
2025-02-05,NKECL.SN,NKE,72750.0,0
2025-02-06,NKECL.SN,NKE,72750.0,0
2025-02-07,NKECL.SN,NKE,72750.0,74
2025-02-10,NKECL.SN,NKE,72750.0,0
2025-02-11,NKECL.SN,NKE,72750.0,0
2025-02-12,NKECL.SN,NKE,72750.0,0
2025-02-13,NKECL.SN,NKE,72750.0,0
2025-02-14,NKECL.SN,NKE,72750.0,4
2025-02-17,NKECL.SN,NKE,72750.0,0
2025-02-18,NKECL.SN,NKE,72750.0,0
2025-02-19,NKECL.SN,NKE,72750.0,0
2025-02-20,NKECL.SN,NKE,72750.0,0
2025-02-21,NKECL.SN,NKE,72750.0,3
2025-02-24,NKECL.SN,NKE,72750.0,12
2025-02-25,NKECL.SN,NKE,72750.0,0
2025-02-26,NKECL.SN,NKE,77280.0,174
2025-02-27,NKECL.SN,NKE,77280.0,0
2025-02-28,NKECL.SN,NKE,77280.0,0
2025-03-03,NKECL.SN,NKE,77280.0,0
2025-03-04,NKECL.SN,NKE,77280.0,0
2025-03-05,NKECL.SN,NKE,77280.0,0
2025-03-06,NKECL.SN,NKE,77280.0,0
2025-03-07,NKECL.SN,NKE,77280.0,0
2025-03-10,NKECL.SN,NKE,77280.0,0
2025-03-11,NKECL.SN,NKE,77280.0,0
2025-03-12,NKECL.SN,NKE,77280.0,0
2025-03-13,NKECL.SN,NKE,77280.0,19
2025-03-14,NKECL.SN,NKE,77280.0,0
2025-03-17,NKECL.SN,NKE,77280.0,0
2025-03-18,NKECL.SN,NKE,77280.0,5
2025-03-19,NKECL.SN,NKE,77280.0,2
2025-03-20,NKECL.SN,NKE,77280.0,5
2025-03-21,NKECL.SN,NKE,77280.0,0
2025-03-24,NKECL.SN,NKE,77280.0,1
2025-03-25,NKECL.SN,NKE,77280.0,0
2025-03-26,NKECL.SN,NKE,77280.0,10
2025-03-27,NKECL.SN,NKE,77280.0,7
2025-03-28,NKECL.SN,NKE,77280.0,0
2025-03-31,NKECL.SN,NKE,77280.0,50
2025-04-01,NKECL.SN,NKE,77280.0,0
2025-04-02,NKECL.SN,NKE,77280.0,0
2025-04-03,NKECL.SN,NKE,77280.0,86
2025-04-04,NKECL.SN,NKE,77280.0,17
2025-04-07,NKECL.SN,NKE,77280.0,3
2025-04-08,NKECL.SN,NKE,77280.0,48
2025-04-09,NKECL.SN,NKE,77280.0,2
2025-04-10,NKECL.SN,NKE,77280.0,0
2025-04-11,NKECL.SN,NKE,77280.0,0
2025-04-14,NKECL.SN,NKE,77280.0,4
2025-04-15,NKECL.SN,NKE,77280.0,0
2025-04-16,NKECL.SN,NKE,77280.0,0
2025-04-17,NKECL.SN,NKE,77280.0,0
2025-04-21,NKECL.SN,NKE,77280.0,0
2025-04-22,NKECL.SN,NKE,77280.0,0
2025-04-23,NKECL.SN,NKE,77280.0,0
2025-04-24,NKECL.SN,NKE,77280.0,0
2025-04-25,NKECL.SN,NKE,77280.0,0
2025-04-28,NKECL.SN,NKE,77280.0,0
2025-04-29,NKECL.SN,NKE,77280.0,0
2025-04-30,NKECL.SN,NKE,77280.0,0
2025-05-02,NKECL.SN,NKE,77280.0,0
2025-05-05,NKECL.SN,NKE,77280.0,0
2025-05-06,NKECL.SN,NKE,77280.0,0
2025-05-07,NKECL.SN,NKE,77280.0,0
2025-05-08,NKECL.SN,NKE,77280.0,0
2025-05-09,NKECL.SN,NKE,77280.0,0
2025-05-12,NKECL.SN,NKE,77280.0,0
2025-05-13,NKECL.SN,NKE,77280.0,0
2025-05-14,NKECL.SN,NKE,77280.0,20
2025-05-15,NKECL.SN,NKE,77280.0,0
2025-05-16,NKECL.SN,NKE,77280.0,10
2025-05-19,NKECL.SN,NKE,77280.0,2
2025-05-20,NKECL.SN,NKE,77280.0,17
2025-05-22,NKECL.SN,NKE,77280.0,0
2025-05-23,NKECL.SN,NKE,77280.0,0
2025-05-26,NKECL.SN,NKE,77280.0,0
2025-05-27,NKECL.SN,NKE,77280.0,0
2025-05-28,NKECL.SN,NKE,77280.0,0
2025-05-29,NKECL.SN,NKE,77280.0,0
2025-05-30,NKECL.SN,NKE,77280.0,0
2025-06-02,NKECL.SN,NKE,77280.0,0
2025-06-03,NKECL.SN,NKE,77280.0,0
2025-06-04,NKECL.SN,NKE,77280.0,2
2025-06-05,NKECL.SN,NKE,77280.0,7
2025-06-06,NKECL.SN,NKE,77280.0,0
2025-06-09,NKECL.SN,NKE,77280.0,0
2025-06-10,NKECL.SN,NKE,77280.0,0
2025-06-11,NKECL.SN,NKE,77280.0,0
2025-06-12,NKECL.SN,NKE,77280.0,0
2025-06-13,NKECL.SN,NKE,77280.0,0
2025-06-16,NKECL.SN,NKE,77280.0,0
2025-06-17,NKECL.SN,NKE,77280.0,0
2025-06-18,NKECL.SN,NKE,77280.0,0
2025-06-19,NKECL.SN,NKE,77280.0,0
2025-06-23,NKECL.SN,NKE,77280.0,0
2025-06-24,NKECL.SN,NKE,77280.0,0
2025-06-25,NKECL.SN,NKE,77280.0,2
2025-06-26,NKECL.SN,NKE,77280.0,84
2025-06-27,NKECL.SN,NKE,67161.0,127
2025-06-30,NKECL.SN,NKE,67161.0,25
2025-07-01,NKECL.SN,NKE,67161.0,20
2025-07-02,NKECL.SN,NKE,67161.0,3
2025-07-03,NKECL.SN,NKE,67161.0,16
2025-07-04,NKECL.SN,NKE,67161.0,0
2025-07-07,NKECL.SN,NKE,67161.0,32
2025-07-08,NKECL.SN,NKE,67161.0,0
2025-07-09,NKECL.SN,NKE,67161.0,4
2025-07-10,NKECL.SN,NKE,71862.0,118
2025-07-11,NKECL.SN,NKE,71862.0,0
2025-07-14,NKECL.SN,NKE,71862.0,0
2025-07-15,NKECL.SN,NKE,71862.0,0
2025-07-17,NKECL.SN,NKE,71862.0,50
2025-07-18,NKECL.SN,NKE,71862.0,0
2025-07-21,NKECL.SN,NKE,71862.0,29
2025-07-22,NKECL.SN,NKE,71862.0,0
2025-07-23,NKECL.SN,NKE,71862.0,51
2025-07-24,NKECL.SN,NKE,71862.0,0
2025-07-25,NKECL.SN,NKE,71862.0,0
2025-07-28,NKECL.SN,NKE,71862.0,8
2025-07-29,NKECL.SN,NKE,71862.0,1
2025-07-30,NKECL.SN,NKE,71862.0,0
2025-07-31,NKECL.SN,NKE,71862.0,0
2025-08-01,NKECL.SN,NKE,71862.0,0
2025-08-04,NKECL.SN,NKE,71862.0,0
2025-08-05,NKECL.SN,NKE,71862.0,0
2025-08-06,NKECL.SN,NKE,71862.0,0
2025-08-07,NKECL.SN,NKE,71862.0,0
2025-08-08,NKECL.SN,NKE,71862.0,0
2025-08-11,NKECL.SN,NKE,71862.0,0
2025-08-12,NKECL.SN,NKE,71862.0,22
2025-08-13,NKECL.SN,NKE,71862.0,0
2025-08-14,NKECL.SN,NKE,71862.0,0
2025-08-18,NKECL.SN,NKE,71862.0,0
2025-08-19,NKECL.SN,NKE,71862.0,0
2025-08-20,NKECL.SN,NKE,71862.0,0
2025-08-21,NKECL.SN,NKE,71862.0,0
2025-08-22,NKECL.SN,NKE,71862.0,0
2025-08-25,NKECL.SN,NKE,71862.0,0
2025-08-26,NKECL.SN,NKE,71862.0,0
2025-08-27,NKECL.SN,NKE,71862.0,0
2025-08-28,NKECL.SN,NKE,71862.0,0
2025-08-29,NKECL.SN,NKE,71862.0,0
2025-09-01,NKECL.SN,NKE,71862.0,0
2025-09-02,NKECL.SN,NKE,71862.0,2
2025-09-03,NKECL.SN,NKE,71862.0,0
2025-09-04,NKECL.SN,NKE,71862.0,0
2025-09-05,NKECL.SN,NKE,71862.0,0
2025-09-08,NKECL.SN,NKE,71862.0,13
2025-09-09,NKECL.SN,NKE,71862.0,0
2025-09-10,NKECL.SN,NKE,71862.0,0
2025-09-11,NKECL.SN,NKE,71862.0,0
2025-09-12,NKECL.SN,NKE,71862.0,0
2025-09-15,NKECL.SN,NKE,71862.0,0
2025-09-16,NKECL.SN,NKE,71862.0,0
2025-09-17,NKECL.SN,NKE,71862.0,0
2025-09-22,NKECL.SN,NKE,71862.0,0
2025-09-23,NKECL.SN,NKE,71862.0,1
2025-09-24,NKECL.SN,NKE,71862.0,0
2025-09-25,NKECL.SN,NKE,71862.0,0
2025-09-26,NKECL.SN,NKE,71862.0,29
2025-09-29,NKECL.SN,NKE,71862.0,0
2025-09-30,NKECL.SN,NKE,71862.0,0
2025-10-01,NKECL.SN,NKE,71862.0,0
2025-10-02,NKECL.SN,NKE,71862.0,16
2025-10-03,NKECL.SN,NKE,71862.0,0
2025-10-06,NKECL.SN,NKE,71862.0,0
2025-10-07,NKECL.SN,NKE,71862.0,40
2025-10-08,NKECL.SN,NKE,71862.0,0
2025-10-09,NKECL.SN,NKE,71862.0,0
2025-10-10,NKECL.SN,NKE,71862.0,0
2025-10-13,NKECL.SN,NKE,71862.0,0
2025-10-14,NKECL.SN,NKE,71862.0,2
2025-10-15,NKECL.SN,NKE,71862.0,0
2025-10-16,NKECL.SN,NKE,71862.0,0
2025-10-17,NKECL.SN,NKE,71862.0,0
2025-10-20,NKECL.SN,NKE,71862.0,0
2025-10-21,NKECL.SN,NKE,65448.0,170
2025-10-22,NKECL.SN,NKE,65448.0,0
2025-10-23,NKECL.SN,NKE,65448.0,0
2025-10-24,NKECL.SN,NKE,65448.0,0
2025-10-27,NKECL.SN,NKE,65448.0,0
2025-10-28,NKECL.SN,NKE,65448.0,0
2025-10-29,NKECL.SN,NKE,65448.0,0
2025-10-30,NKECL.SN,NKE,65448.0,0
2025-11-03,NKECL.SN,NKE,65448.0,0
2025-11-04,NKECL.SN,NKE,65448.0,0
2025-11-05,NKECL.SN,NKE,65448.0,0
2025-11-06,NKECL.SN,NKE,65448.0,0
2025-11-07,NKECL.SN,NKE,65448.0,0
2025-11-10,NKECL.SN,NKE,65448.0,0
2025-11-11,NKECL.SN,NKE,65448.0,0
2025-11-12,NKECL.SN,NKE,65448.0,0
2025-11-13,NKECL.SN,NKE,65448.0,0
2025-11-14,NKECL.SN,NKE,65448.0,0
2025-11-17,NKECL.SN,NKE,65448.0,9
2025-11-18,NKECL.SN,NKE,65448.0,0
2025-11-19,NKECL.SN,NKE,65448.0,0
2025-11-20,NKECL.SN,NKE,65448.0,0
2025-11-21,NKECL.SN,NKE,65448.0,20
2025-11-24,NKECL.SN,NKE,65448.0,0
2025-11-25,NKECL.SN,NKE,65448.0,0
2025-11-26,NKECL.SN,NKE,65448.0,0
2025-11-27,NKECL.SN,NKE,65448.0,0
2025-11-28,NKECL.SN,NKE,65448.0,0
2025-12-01,NKECL.SN,NKE,65448.0,0
2025-12-02,NKECL.SN,NKE,65448.0,0
2025-12-03,NKECL.SN,NKE,65448.0,0
2025-12-04,NKECL.SN,NKE,65448.0,0
2025-12-05,NKECL.SN,NKE,65448.0,0
2025-12-09,NKECL.SN,NKE,65448.0,0
2025-12-10,NKECL.SN,NKE,65448.0,0
2025-12-11,NKECL.SN,NKE,65448.0,0
2025-12-12,NKECL.SN,NKE,65448.0,0
2025-12-15,NKECL.SN,NKE,65448.0,0
2025-12-16,NKECL.SN,NKE,65448.0,0
2025-12-17,NKECL.SN,NKE,65448.0,0
2025-12-18,NKECL.SN,NKE,65448.0,0
2025-12-19,NKECL.SN,NKE,65448.0,43
2025-12-22,NKECL.SN,NKE,65448.0,10
2025-12-23,NKECL.SN,NKE,65448.0,0
2025-12-24,NKECL.SN,NKE,65448.0,0
2025-12-26,NKECL.SN,NKE,65448.0,0
2025-12-29,NKECL.SN,NKE,65448.0,0
2025-12-30,NKECL.SN,NKE,65448.0,0
2026-01-02,NKECL.SN,NKE,65448.0,0
2026-01-05,NKECL.SN,NKE,65448.0,0
2026-01-06,NKECL.SN,NKE,65448.0,0
2026-01-07,NKECL.SN,NKE,65448.0,0
2026-01-08,NKECL.SN,NKE,65448.0,0
2026-01-09,NKECL.SN,NKE,65448.0,16
2026-01-12,NKECL.SN,NKE,65448.0,0
2026-01-13,NKECL.SN,NKE,65448.0,0
2026-01-14,NKECL.SN,NKE,65448.0,0
2026-01-15,NKECL.SN,NKE,65448.0,0
2026-01-16,NKECL.SN,NKE,65448.0,0
2026-01-19,NKECL.SN,NKE,65448.0,0
2026-01-20,NKECL.SN,NKE,65448.0,0
2026-01-21,NKECL.SN,NKE,65448.0,0
2026-01-22,NKECL.SN,NKE,65448.0,2
2026-01-23,NKECL.SN,NKE,65448.0,13
2026-01-26,NKECL.SN,NKE,65448.0,0
2026-01-27,NKECL.SN,NKE,65448.0,0
2026-01-28,NKECL.SN,NKE,65448.0,0
2026-01-29,NKECL.SN,NKE,65448.0,0
2026-01-30,NKECL.SN,NKE,65448.0,0
2026-02-02,NKECL.SN,NKE,65448.0,100
2026-02-03,NKECL.SN,NKE,65448.0,0
2026-02-04,NKECL.SN,NKE,65448.0,0
2026-02-05,NKECL.SN,NKE,65448.0,0
2026-02-06,NKECL.SN,NKE,65448.0,0
2026-02-09,NKECL.SN,NKE,65448.0,0
2026-02-10,NKECL.SN,NKE,65448.0,0
2026-02-11,NKECL.SN,NKE,53330.0,428
2026-02-12,NKECL.SN,NKE,53330.0,0
2026-02-13,NKECL.SN,NKE,53330.0,0
2026-02-16,NKECL.SN,NKE,53330.0,0
2026-02-17,NKECL.SN,NKE,53330.0,0
2026-02-18,NKECL.SN,NKE,53330.0,0
2026-02-19,NKECL.SN,NKE,53330.0,0
2026-02-20,NKECL.SN,NKE,53330.0,0
2026-02-23,NKECL.SN,NKE,53330.0,0
2026-02-24,NKECL.SN,NKE,53330.0,0
2026-02-25,NKECL.SN,NKE,53330.0,0
2026-02-26,NKECL.SN,NKE,53330.0,0
2026-02-27,NKECL.SN,NKE,53330.0,0
2026-03-02,NKECL.SN,NKE,53330.0,0
2026-03-03,NKECL.SN,NKE,53330.0,0
2026-03-04,NKECL.SN,NKE,53330.0,0
2026-03-05,NKECL.SN,NKE,53330.0,0
2026-03-06,NKECL.SN,NKE,53330.0,0
2026-03-09,NKECL.SN,NKE,53330.0,0
2026-03-10,NKECL.SN,NKE,53330.0,0
2026-03-11,NKECL.SN,NKE,53330.0,0
2026-03-12,NKECL.SN,NKE,53330.0,0
2026-03-13,NKECL.SN,NKE,53330.0,0
2026-03-16,NKECL.SN,NKE,53330.0,0
2026-03-17,NKECL.SN,NKE,53330.0,0
2026-03-18,NKECL.SN,NKE,53330.0,2
2026-03-19,NKECL.SN,NKE,53330.0,0
2026-03-20,NKECL.SN,NKE,53330.0,0
2026-03-23,NKECL.SN,NKE,53330.0,0
2026-03-24,NKECL.SN,NKE,53330.0,0
2026-03-25,NKECL.SN,NKE,53330.0,0
2026-03-26,NKECL.SN,NKE,53330.0,0
2026-03-27,NKECL.SN,NKE,53330.0,0
2026-03-30,NKECL.SN,NKE,53330.0,0
2026-03-31,NKECL.SN,NKE,53330.0,0
2026-04-01,NKECL.SN,NKE,53330.0,10
2026-04-02,NKECL.SN,NKE,53330.0,0
2026-04-06,NKECL.SN,NKE,53330.0,0
2026-04-07,NKECL.SN,NKE,53330.0,3
2026-04-08,NKECL.SN,NKE,53330.0,0
2026-04-09,NKECL.SN,NKE,53330.0,0
2026-04-10,NKECL.SN,NKE,53330.0,0
2026-04-13,NKECL.SN,NKE,53330.0,127
2026-04-14,NKECL.SN,NKE,53330.0,0
2026-04-15,NKECL.SN,NKE,53330.0,15
2026-04-16,NKECL.SN,NKE,53330.0,0
2026-04-17,NKECL.SN,NKE,53330.0,0
2026-04-20,NKECL.SN,NKE,53330.0,0
2026-04-21,NKECL.SN,NKE,53330.0,0
2026-04-22,NKECL.SN,NKE,53330.0,0
2026-04-23,NKECL.SN,NKE,53330.0,0
2026-04-24,NKECL.SN,NKE,53330.0,0
2026-04-27,NKECL.SN,NKE,53330.0,4
2026-04-28,NKECL.SN,NKE,53330.0,0
2026-04-29,NKECL.SN,NKE,53330.0,0
2026-04-30,NKECL.SN,NKE,53330.0,4
2026-05-04,NKECL.SN,NKE,53330.0,0
2026-05-05,NKECL.SN,NKE,53330.0,0
2026-05-06,NKECL.SN,NKE,53330.0,25
2026-05-07,NKECL.SN,NKE,53330.0,20
2026-05-08,NKECL.SN,NKE,53330.0,2
2026-05-11,NKECL.SN,NKE,53330.0,7
2026-05-12,NKECL.SN,NKE,53330.0,0
2026-05-13,NKECL.SN,NKE,53330.0,9
2026-05-14,NKECL.SN,NKE,37900.0,1309
2026-05-15,NKECL.SN,NKE,37900.0,2
2026-05-18,NKECL.SN,NKE,37900.0,0
2026-05-19,NKECL.SN,NKE,37900.0,0
2026-05-20,NKECL.SN,NKE,37900.0,0
2026-05-22,NKECL.SN,NKE,37900.0,0
2026-05-25,NKECL.SN,NKE,37900.0,0
2026-05-26,NKECL.SN,NKE,37900.0,24
2026-05-27,NKECL.SN,NKE,37900.0,12
2026-05-28,NKECL.SN,NKE,37900.0,0
2026-05-29,NKECL.SN,NKE,37900.0,0
2026-06-01,NKECL.SN,NKE,37900.0,0
2026-06-02,NKECL.SN,NKE,37900.0,2
2026-06-03,NKECL.SN,NKE,37900.0,0
2026-06-04,NKECL.SN,NKE,37900.0,0
2026-06-05,NKECL.SN,NKE,37900.0,0
2026-06-08,NKECL.SN,NKE,37900.0,0
2026-06-09,NKECL.SN,NKE,37900.0,0
2026-06-10,NKECL.SN,NKE,37900.0,2
2026-06-11,NKECL.SN,NKE,37900.0,0
2026-06-12,NKECL.SN,NKE,37900.0,0
2026-06-15,NKECL.SN,NKE,37900.0,0
2026-06-16,NKECL.SN,NKE,37900.0,0
2026-06-17,NKECL.SN,NKE,37900.0,0
2026-06-18,NKECL.SN,NKE,37900.0,0
2026-06-19,NKECL.SN,NKE,37900.0,0
2026-06-22,NKECL.SN,NKE,37900.0,0
2026-06-23,NKECL.SN,NKE,37900.0,0
2026-06-24,NKECL.SN,NKE,37900.0,24
2026-06-25,NKECL.SN,NKE,37900.0,0
2026-06-26,NKECL.SN,NKE,37900.0,0
2026-06-30,NKECL.SN,NKE,37900.0,20
2026-07-01,NKECL.SN,NKE,37900.0,2
2026-07-02,NKECL.SN,NKE,37900.0,0
2026-07-03,NKECL.SN,NKE,37900.0,0
2026-07-06,NKECL.SN,NKE,37900.0,0
2026-07-07,NKECL.SN,NKE,37900.0,0
2026-07-08,NKECL.SN,NKE,37900.0,0
2026-07-09,NKECL.SN,NKE,37900.0,0
2026-07-10,NKECL.SN,NKE,37900.0,0
2026-07-13,NKECL.SN,NKE,37900.0,0
2026-07-14,NKECL.SN,NKE,37900.0,0
2026-07-15,NKECL.SN,NKE,37900.0,0
2026-07-17,NKECL.SN,NKE,37900.0,0
2026-07-20,NKECL.SN,NKE,37900.0,3
2026-07-21,NKECL.SN,NKE,40558.0,0
2026-07-22,NKECL.SN,NKE,40558.0,0
2026-07-23,NKECL.SN,NKE,40000.0,94
2026-07-24,NKECL.SN,NKE,40000.0,0
2026-07-27,NKECL.SN,NKE,40000.0,0
2026-07-28,NKECL.SN,NKE,39755.0,0
2026-07-29,NKECL.SN,NKE,39755.0,0
2026-07-30,NKECL.SN,NKE,39755.0,0
2026-07-31,NKECL.SN,NKE,39755.0,0
2026-08-03,NKECL.SN,NKE,39755.0,0
2026-08-04,NKECL.SN,NKE,37960.0,62
2026-08-05,NKECL.SN,NKE,37960.0,36
2026-08-06,NKECL.SN,NKE,37960.0,0
2026-08-07,NKECL.SN,NKE,37960.0,0
2026-08-10,NKECL.SN,NKE,37960.0,0
2026-08-11,NKECL.SN,NKE,38585.0,0
2026-08-12,NKECL.SN,NKE,38585.0,0
2026-08-13,NKECL.SN,NKE,38585.0,0
2026-08-14,NKECL.SN,NKE,38585.0,0
2026-08-17,NKECL.SN,NKE,38585.0,0
2026-08-18,NKECL.SN,NKE,35736.0,0
2026-08-19,NKECL.SN,NKE,35736.0,0
2026-08-20,NKECL.SN,NKE,35736.0,0
2026-08-21,NKECL.SN,NKE,35736.0,0
2026-08-24,NKECL.SN,NKE,35736.0,0
2026-08-25,NKECL.SN,NKE,37272.0,0
2026-08-26,NKECL.SN,NKE,37272.0,0
2026-08-27,NKECL.SN,NKE,37272.0,0
2026-08-28,NKECL.SN,NKE,37272.0,0
2026-08-31,NKECL.SN,NKE,37272.0,0
2026-09-01,NKECL.SN,NKE,37272.0,0
2026-09-02,NKECL.SN,NKE,37272.0,0
2026-09-03,NKECL.SN,NKE,37272.0,0
2026-09-04,NKECL.SN,NKE,37272.0,0
2026-09-07,NKECL.SN,NKE,37272.0,0
2026-09-08,NKECL.SN,NKE,37272.0,21
2026-09-09,NKECL.SN,NKE,35270.0,0
2026-09-10,NKECL.SN,NKE,35270.0,0
2026-09-11,NKECL.SN,NKE,35270.0,0
2026-09-14,NKECL.SN,NKE,35270.0,0
2026-09-15,NKECL.SN,NKE,35476.0,0
2026-09-16,NKECL.SN,NKE,35476.0,0
2026-09-17,NKECL.SN,NKE,35476.0,0
2026-09-21,NKECL.SN,NKE,35476.0,0
2026-09-15,NVDACL.SN,NVDA,216470.0,5
2024-09-23,PFECL.SN,PFE,28095.0,0
2024-09-24,PFECL.SN,PFE,28095.0,20
2024-09-25,PFECL.SN,PFE,28095.0,0
2024-09-26,PFECL.SN,PFE,28095.0,0
2024-09-27,PFECL.SN,PFE,28095.0,0
2024-09-30,PFECL.SN,PFE,28095.0,50
2024-10-01,PFECL.SN,PFE,28095.0,0
2024-10-02,PFECL.SN,PFE,28095.0,0
2024-10-03,PFECL.SN,PFE,28095.0,0
2024-10-04,PFECL.SN,PFE,28095.0,0
2024-10-07,PFECL.SN,PFE,28095.0,0
2024-10-08,PFECL.SN,PFE,28095.0,0
2024-10-09,PFECL.SN,PFE,28095.0,3
2024-10-10,PFECL.SN,PFE,28095.0,0
2024-10-11,PFECL.SN,PFE,28095.0,0
2024-10-14,PFECL.SN,PFE,28095.0,0
2024-10-15,PFECL.SN,PFE,28095.0,0
2024-10-16,PFECL.SN,PFE,28095.0,0
2024-10-17,PFECL.SN,PFE,28095.0,0
2024-10-18,PFECL.SN,PFE,28095.0,0
2024-10-21,PFECL.SN,PFE,28095.0,0
2024-10-22,PFECL.SN,PFE,28095.0,0
2024-10-23,PFECL.SN,PFE,28095.0,0
2024-10-24,PFECL.SN,PFE,28095.0,0
2024-10-25,PFECL.SN,PFE,28095.0,8
2024-10-28,PFECL.SN,PFE,28095.0,0
2024-10-29,PFECL.SN,PFE,28095.0,0
2024-10-30,PFECL.SN,PFE,28095.0,0
2024-11-04,PFECL.SN,PFE,28095.0,0
2024-11-05,PFECL.SN,PFE,28095.0,0
2024-11-06,PFECL.SN,PFE,28095.0,0
2024-11-07,PFECL.SN,PFE,28095.0,0
2024-11-08,PFECL.SN,PFE,28095.0,0
2024-11-11,PFECL.SN,PFE,28095.0,0
2024-11-12,PFECL.SN,PFE,28095.0,0
2024-11-13,PFECL.SN,PFE,28095.0,0
2024-11-14,PFECL.SN,PFE,28095.0,0
2024-11-15,PFECL.SN,PFE,28095.0,0
2024-11-18,PFECL.SN,PFE,28095.0,0
2024-11-19,PFECL.SN,PFE,28095.0,0
2024-11-20,PFECL.SN,PFE,28095.0,2
2024-11-21,PFECL.SN,PFE,28095.0,0
2024-11-22,PFECL.SN,PFE,28095.0,63
2024-11-25,PFECL.SN,PFE,28095.0,42
2024-11-26,PFECL.SN,PFE,28095.0,0
2024-11-27,PFECL.SN,PFE,28095.0,0
2024-11-28,PFECL.SN,PFE,28095.0,0
2024-11-29,PFECL.SN,PFE,28095.0,0
2024-12-02,PFECL.SN,PFE,28095.0,0
2024-12-03,PFECL.SN,PFE,28095.0,0
2024-12-04,PFECL.SN,PFE,28095.0,0
2024-12-05,PFECL.SN,PFE,28095.0,0
2024-12-06,PFECL.SN,PFE,28095.0,0
2024-12-09,PFECL.SN,PFE,28095.0,0
2024-12-10,PFECL.SN,PFE,28095.0,0
2024-12-11,PFECL.SN,PFE,28095.0,0
2024-12-12,PFECL.SN,PFE,28095.0,0
2024-12-13,PFECL.SN,PFE,28095.0,0
2024-12-16,PFECL.SN,PFE,28095.0,0
2024-12-17,PFECL.SN,PFE,28095.0,0
2024-12-18,PFECL.SN,PFE,28095.0,0
2024-12-19,PFECL.SN,PFE,28095.0,3
2024-12-20,PFECL.SN,PFE,28095.0,0
2024-12-23,PFECL.SN,PFE,28095.0,0
2024-12-24,PFECL.SN,PFE,28095.0,0
2024-12-26,PFECL.SN,PFE,28095.0,0
2024-12-27,PFECL.SN,PFE,26500.0,317
2024-12-30,PFECL.SN,PFE,26500.0,3
2025-01-02,PFECL.SN,PFE,26500.0,0
2025-01-03,PFECL.SN,PFE,26500.0,0
2025-01-06,PFECL.SN,PFE,26500.0,0
2025-01-07,PFECL.SN,PFE,26500.0,1
2025-01-08,PFECL.SN,PFE,26500.0,0
2025-01-09,PFECL.SN,PFE,26500.0,0
2025-01-10,PFECL.SN,PFE,26500.0,0
2025-01-13,PFECL.SN,PFE,26500.0,0
2025-01-14,PFECL.SN,PFE,26500.0,0
2025-01-15,PFECL.SN,PFE,26500.0,0
2025-01-16,PFECL.SN,PFE,26500.0,0
2025-01-17,PFECL.SN,PFE,26500.0,0
2025-01-20,PFECL.SN,PFE,26500.0,0
2025-01-21,PFECL.SN,PFE,26500.0,0
2025-01-22,PFECL.SN,PFE,26500.0,0
2025-01-23,PFECL.SN,PFE,26500.0,0
2025-01-24,PFECL.SN,PFE,26500.0,0
2025-01-27,PFECL.SN,PFE,26500.0,0
2025-01-28,PFECL.SN,PFE,26500.0,1
2025-01-29,PFECL.SN,PFE,26500.0,0
2025-01-30,PFECL.SN,PFE,26500.0,0
2025-01-31,PFECL.SN,PFE,26500.0,0
2025-02-03,PFECL.SN,PFE,26500.0,0
2025-02-04,PFECL.SN,PFE,26500.0,0
2025-02-05,PFECL.SN,PFE,26500.0,0
2025-02-06,PFECL.SN,PFE,26500.0,0
2025-02-07,PFECL.SN,PFE,26500.0,0
2025-02-10,PFECL.SN,PFE,26500.0,20
2025-02-11,PFECL.SN,PFE,26500.0,0
2025-02-12,PFECL.SN,PFE,26500.0,0
2025-02-13,PFECL.SN,PFE,26500.0,0
2025-02-14,PFECL.SN,PFE,26500.0,0
2025-02-17,PFECL.SN,PFE,26500.0,0
2025-02-18,PFECL.SN,PFE,26500.0,0
2025-02-19,PFECL.SN,PFE,26500.0,0
2025-02-20,PFECL.SN,PFE,26500.0,0
2025-02-21,PFECL.SN,PFE,26500.0,0
2025-02-24,PFECL.SN,PFE,26500.0,0
2025-02-25,PFECL.SN,PFE,26500.0,0
2025-02-26,PFECL.SN,PFE,26500.0,0
2025-02-27,PFECL.SN,PFE,26500.0,0
2025-02-28,PFECL.SN,PFE,26500.0,0
2025-03-03,PFECL.SN,PFE,26500.0,0
2025-03-04,PFECL.SN,PFE,26500.0,0
2025-03-05,PFECL.SN,PFE,26500.0,0
2025-03-06,PFECL.SN,PFE,26500.0,0
2025-03-07,PFECL.SN,PFE,26500.0,63
2025-03-10,PFECL.SN,PFE,26500.0,0
2025-03-11,PFECL.SN,PFE,26500.0,0
2025-03-12,PFECL.SN,PFE,26500.0,0
2025-03-13,PFECL.SN,PFE,26500.0,0
2025-03-14,PFECL.SN,PFE,26500.0,0
2025-03-17,PFECL.SN,PFE,26500.0,0
2025-03-18,PFECL.SN,PFE,26500.0,0
2025-03-19,PFECL.SN,PFE,26500.0,0
2025-03-20,PFECL.SN,PFE,26500.0,0
2025-03-21,PFECL.SN,PFE,26500.0,0
2025-03-24,PFECL.SN,PFE,26500.0,0
2025-03-25,PFECL.SN,PFE,26500.0,0
2025-03-26,PFECL.SN,PFE,26500.0,0
2025-03-27,PFECL.SN,PFE,26500.0,0
2025-03-28,PFECL.SN,PFE,26500.0,0
2025-03-31,PFECL.SN,PFE,26500.0,0
2025-04-01,PFECL.SN,PFE,26500.0,4
2025-04-02,PFECL.SN,PFE,26500.0,0
2025-04-03,PFECL.SN,PFE,26500.0,0
2025-04-04,PFECL.SN,PFE,26500.0,0
2025-04-07,PFECL.SN,PFE,26500.0,20
2025-04-08,PFECL.SN,PFE,26500.0,3
2025-04-09,PFECL.SN,PFE,26500.0,0
2025-04-10,PFECL.SN,PFE,26500.0,0
2025-04-11,PFECL.SN,PFE,26500.0,0
2025-04-14,PFECL.SN,PFE,26500.0,0
2025-04-15,PFECL.SN,PFE,26500.0,0
2025-04-16,PFECL.SN,PFE,26500.0,0
2025-04-17,PFECL.SN,PFE,26500.0,0
2025-04-21,PFECL.SN,PFE,26500.0,0
2025-04-22,PFECL.SN,PFE,26500.0,0
2025-04-23,PFECL.SN,PFE,26500.0,0
2025-04-24,PFECL.SN,PFE,26500.0,0
2025-04-25,PFECL.SN,PFE,26500.0,0
2025-04-28,PFECL.SN,PFE,26500.0,0
2025-04-29,PFECL.SN,PFE,26500.0,0
2025-04-30,PFECL.SN,PFE,26500.0,0
2025-05-02,PFECL.SN,PFE,26500.0,29
2025-05-05,PFECL.SN,PFE,26500.0,0
2025-05-06,PFECL.SN,PFE,26500.0,0
2025-05-07,PFECL.SN,PFE,26500.0,0
2025-05-08,PFECL.SN,PFE,26500.0,0
2025-05-09,PFECL.SN,PFE,26500.0,0
2025-05-12,PFECL.SN,PFE,26500.0,0
2025-05-13,PFECL.SN,PFE,26500.0,0
2025-05-14,PFECL.SN,PFE,26500.0,3
2025-05-15,PFECL.SN,PFE,26500.0,0
2025-05-16,PFECL.SN,PFE,26500.0,0
2025-05-19,PFECL.SN,PFE,26500.0,0
2025-05-20,PFECL.SN,PFE,26500.0,0
2025-05-22,PFECL.SN,PFE,26500.0,56
2025-05-23,PFECL.SN,PFE,26500.0,0
2025-05-26,PFECL.SN,PFE,26500.0,0
2025-05-27,PFECL.SN,PFE,26500.0,0
2025-05-28,PFECL.SN,PFE,26500.0,0
2025-05-29,PFECL.SN,PFE,26500.0,0
2025-05-30,PFECL.SN,PFE,26500.0,0
2025-06-02,PFECL.SN,PFE,26500.0,0
2025-06-03,PFECL.SN,PFE,26500.0,0
2025-06-04,PFECL.SN,PFE,26500.0,0
2025-06-05,PFECL.SN,PFE,26500.0,0
2025-06-06,PFECL.SN,PFE,26500.0,18
2025-06-09,PFECL.SN,PFE,26500.0,2
2025-06-10,PFECL.SN,PFE,26500.0,0
2025-06-11,PFECL.SN,PFE,26500.0,0
2025-06-12,PFECL.SN,PFE,26500.0,0
2025-06-13,PFECL.SN,PFE,26500.0,0
2025-06-16,PFECL.SN,PFE,26500.0,0
2025-06-17,PFECL.SN,PFE,23200.0,1355
2025-06-18,PFECL.SN,PFE,23200.0,0
2025-06-19,PFECL.SN,PFE,23200.0,0
2025-06-23,PFECL.SN,PFE,23200.0,0
2025-06-24,PFECL.SN,PFE,23200.0,0
2025-06-25,PFECL.SN,PFE,23200.0,0
2025-06-26,PFECL.SN,PFE,23200.0,0
2025-06-27,PFECL.SN,PFE,23200.0,0
2025-06-30,PFECL.SN,PFE,23200.0,0
2025-07-01,PFECL.SN,PFE,23200.0,0
2025-07-02,PFECL.SN,PFE,23200.0,10
2025-07-03,PFECL.SN,PFE,23200.0,0
2025-07-04,PFECL.SN,PFE,23200.0,0
2025-07-07,PFECL.SN,PFE,23200.0,5
2025-07-08,PFECL.SN,PFE,23200.0,0
2025-07-09,PFECL.SN,PFE,23200.0,202
2025-07-10,PFECL.SN,PFE,23200.0,0
2025-07-11,PFECL.SN,PFE,23200.0,0
2025-07-14,PFECL.SN,PFE,23200.0,0
2025-07-15,PFECL.SN,PFE,23200.0,0
2025-07-17,PFECL.SN,PFE,23200.0,0
2025-07-18,PFECL.SN,PFE,23200.0,0
2025-07-21,PFECL.SN,PFE,23200.0,0
2025-07-22,PFECL.SN,PFE,23200.0,0
2025-07-23,PFECL.SN,PFE,23200.0,0
2025-07-24,PFECL.SN,PFE,23200.0,0
2025-07-25,PFECL.SN,PFE,23200.0,0
2025-07-28,PFECL.SN,PFE,23200.0,0
2025-07-29,PFECL.SN,PFE,23200.0,0
2025-07-30,PFECL.SN,PFE,23200.0,0
2025-07-31,PFECL.SN,PFE,23200.0,0
2025-08-01,PFECL.SN,PFE,23200.0,0
2025-08-04,PFECL.SN,PFE,23200.0,4
2025-08-05,PFECL.SN,PFE,23200.0,0
2025-08-06,PFECL.SN,PFE,23200.0,0
2025-08-07,PFECL.SN,PFE,23200.0,74
2025-08-08,PFECL.SN,PFE,23200.0,0
2025-08-11,PFECL.SN,PFE,23200.0,0
2025-08-12,PFECL.SN,PFE,23200.0,0
2025-08-13,PFECL.SN,PFE,23200.0,0
2025-08-14,PFECL.SN,PFE,23200.0,0
2025-08-18,PFECL.SN,PFE,23200.0,0
2025-08-19,PFECL.SN,PFE,23200.0,0
2025-08-20,PFECL.SN,PFE,23200.0,20
2025-08-21,PFECL.SN,PFE,23200.0,11
2025-08-22,PFECL.SN,PFE,23200.0,0
2025-08-25,PFECL.SN,PFE,23200.0,0
2025-08-26,PFECL.SN,PFE,23200.0,0
2025-08-27,PFECL.SN,PFE,23200.0,0
2025-08-28,PFECL.SN,PFE,23200.0,0
2025-08-29,PFECL.SN,PFE,23200.0,0
2025-09-01,PFECL.SN,PFE,23200.0,0
2025-09-02,PFECL.SN,PFE,23200.0,0
2025-09-03,PFECL.SN,PFE,23200.0,0
2025-09-04,PFECL.SN,PFE,23200.0,0
2025-09-05,PFECL.SN,PFE,23200.0,0
2025-09-08,PFECL.SN,PFE,23200.0,0
2025-09-09,PFECL.SN,PFE,23200.0,0
2025-09-10,PFECL.SN,PFE,23200.0,0
2025-09-11,PFECL.SN,PFE,23200.0,0
2025-09-12,PFECL.SN,PFE,23200.0,0
2025-09-15,PFECL.SN,PFE,23200.0,0
2025-09-16,PFECL.SN,PFE,23200.0,0
2025-09-17,PFECL.SN,PFE,23200.0,0
2025-09-22,PFECL.SN,PFE,23200.0,0
2025-09-23,PFECL.SN,PFE,23200.0,0
2025-09-24,PFECL.SN,PFE,23200.0,0
2025-09-25,PFECL.SN,PFE,23200.0,0
2025-09-26,PFECL.SN,PFE,23200.0,0
2025-09-29,PFECL.SN,PFE,23200.0,0
2025-09-30,PFECL.SN,PFE,23200.0,0
2025-10-01,PFECL.SN,PFE,23200.0,20
2025-10-02,PFECL.SN,PFE,23200.0,3
2025-10-03,PFECL.SN,PFE,23200.0,0
2025-10-06,PFECL.SN,PFE,23200.0,100
2025-10-07,PFECL.SN,PFE,23200.0,0
2025-10-08,PFECL.SN,PFE,23200.0,0
2025-10-09,PFECL.SN,PFE,23200.0,0
2025-10-10,PFECL.SN,PFE,23200.0,0
2025-10-13,PFECL.SN,PFE,23200.0,0
2025-10-14,PFECL.SN,PFE,23200.0,0
2025-10-15,PFECL.SN,PFE,23200.0,0
2025-10-16,PFECL.SN,PFE,23200.0,0
2025-10-17,PFECL.SN,PFE,23200.0,28
2025-10-20,PFECL.SN,PFE,23200.0,0
2025-10-21,PFECL.SN,PFE,23200.0,0
2025-10-22,PFECL.SN,PFE,23200.0,0
2025-10-23,PFECL.SN,PFE,23200.0,0
2025-10-24,PFECL.SN,PFE,23200.0,0
2025-10-27,PFECL.SN,PFE,23200.0,0
2025-10-28,PFECL.SN,PFE,23200.0,0
2025-10-29,PFECL.SN,PFE,23200.0,0
2025-10-30,PFECL.SN,PFE,23200.0,2
2025-11-03,PFECL.SN,PFE,23200.0,0
2025-11-04,PFECL.SN,PFE,23200.0,0
2025-11-05,PFECL.SN,PFE,23200.0,0
2025-11-06,PFECL.SN,PFE,23200.0,32
2025-11-07,PFECL.SN,PFE,23200.0,0
2025-11-10,PFECL.SN,PFE,23200.0,0
2025-11-11,PFECL.SN,PFE,23200.0,0
2025-11-12,PFECL.SN,PFE,23200.0,0
2025-11-13,PFECL.SN,PFE,23200.0,0
2025-11-14,PFECL.SN,PFE,23200.0,0
2025-11-17,PFECL.SN,PFE,23200.0,0
2025-11-18,PFECL.SN,PFE,23200.0,0
2025-11-19,PFECL.SN,PFE,23200.0,29
2025-11-20,PFECL.SN,PFE,23200.0,0
2025-11-21,PFECL.SN,PFE,23200.0,8
2025-11-24,PFECL.SN,PFE,23200.0,0
2025-11-25,PFECL.SN,PFE,23200.0,0
2025-11-26,PFECL.SN,PFE,23200.0,0
2025-11-27,PFECL.SN,PFE,23200.0,0
2025-11-28,PFECL.SN,PFE,23200.0,0
2025-12-01,PFECL.SN,PFE,24500.0,324
2025-12-02,PFECL.SN,PFE,24500.0,0
2025-12-03,PFECL.SN,PFE,24500.0,204
2025-12-04,PFECL.SN,PFE,24500.0,0
2025-12-05,PFECL.SN,PFE,24500.0,0
2025-12-09,PFECL.SN,PFE,24500.0,0
2025-12-10,PFECL.SN,PFE,24500.0,0
2025-12-11,PFECL.SN,PFE,24500.0,0
2025-12-12,PFECL.SN,PFE,24500.0,0
2025-12-15,PFECL.SN,PFE,24500.0,0
2025-12-16,PFECL.SN,PFE,24500.0,0
2025-12-17,PFECL.SN,PFE,24500.0,0
2025-12-18,PFECL.SN,PFE,24500.0,0
2025-12-19,PFECL.SN,PFE,24500.0,0
2025-12-22,PFECL.SN,PFE,24500.0,85
2025-12-23,PFECL.SN,PFE,24500.0,0
2025-12-24,PFECL.SN,PFE,24500.0,0
2025-12-26,PFECL.SN,PFE,24500.0,0
2025-12-29,PFECL.SN,PFE,24500.0,0
2025-12-30,PFECL.SN,PFE,24500.0,15
2026-01-02,PFECL.SN,PFE,24500.0,0
2026-01-05,PFECL.SN,PFE,24500.0,0
2026-01-06,PFECL.SN,PFE,24500.0,0
2026-01-07,PFECL.SN,PFE,24500.0,0
2026-01-08,PFECL.SN,PFE,24500.0,0
2026-01-09,PFECL.SN,PFE,24500.0,2
2026-01-12,PFECL.SN,PFE,24500.0,0
2026-01-13,PFECL.SN,PFE,24500.0,12
2026-01-14,PFECL.SN,PFE,24500.0,24
2026-01-15,PFECL.SN,PFE,24500.0,0
2026-01-16,PFECL.SN,PFE,24500.0,0
2026-01-19,PFECL.SN,PFE,24500.0,0
2026-01-20,PFECL.SN,PFE,24500.0,0
2026-01-21,PFECL.SN,PFE,24500.0,0
2026-01-22,PFECL.SN,PFE,24500.0,4
2026-01-23,PFECL.SN,PFE,24500.0,0
2026-01-26,PFECL.SN,PFE,24500.0,0
2026-01-27,PFECL.SN,PFE,24500.0,0
2026-01-28,PFECL.SN,PFE,24500.0,0
2026-01-29,PFECL.SN,PFE,24500.0,0
2026-01-30,PFECL.SN,PFE,24500.0,0
2026-02-02,PFECL.SN,PFE,24500.0,0
2026-02-03,PFECL.SN,PFE,24500.0,0
2026-02-04,PFECL.SN,PFE,24500.0,0
2026-02-05,PFECL.SN,PFE,24500.0,42
2026-02-06,PFECL.SN,PFE,24500.0,208
2026-02-09,PFECL.SN,PFE,24500.0,0
2026-02-10,PFECL.SN,PFE,24500.0,0
2026-02-11,PFECL.SN,PFE,24500.0,0
2026-02-12,PFECL.SN,PFE,24500.0,0
2026-02-13,PFECL.SN,PFE,24500.0,0
2026-02-16,PFECL.SN,PFE,24500.0,0
2026-02-17,PFECL.SN,PFE,24500.0,0
2026-02-18,PFECL.SN,PFE,24500.0,0
2026-02-19,PFECL.SN,PFE,24500.0,0
2026-02-20,PFECL.SN,PFE,24500.0,0
2026-02-23,PFECL.SN,PFE,24500.0,0
2026-02-24,PFECL.SN,PFE,24500.0,0
2026-02-25,PFECL.SN,PFE,24500.0,0
2026-02-26,PFECL.SN,PFE,24500.0,0
2026-02-27,PFECL.SN,PFE,24500.0,0
2026-03-02,PFECL.SN,PFE,24500.0,0
2026-03-03,PFECL.SN,PFE,24500.0,0
2026-03-04,PFECL.SN,PFE,24500.0,0
2026-03-05,PFECL.SN,PFE,24500.0,0
2026-03-06,PFECL.SN,PFE,24500.0,0
2026-03-09,PFECL.SN,PFE,24500.0,0
2026-03-10,PFECL.SN,PFE,24500.0,3
2026-03-11,PFECL.SN,PFE,24500.0,0
2026-03-12,PFECL.SN,PFE,24500.0,0
2026-03-13,PFECL.SN,PFE,24500.0,0
2026-03-16,PFECL.SN,PFE,24500.0,0
2026-03-17,PFECL.SN,PFE,24500.0,85
2026-03-18,PFECL.SN,PFE,24500.0,0
2026-03-19,PFECL.SN,PFE,24500.0,0
2026-03-20,PFECL.SN,PFE,24500.0,0
2026-03-23,PFECL.SN,PFE,24500.0,0
2026-03-24,PFECL.SN,PFE,24500.0,0
2026-03-25,PFECL.SN,PFE,24500.0,0
2026-03-26,PFECL.SN,PFE,24500.0,0
2026-03-27,PFECL.SN,PFE,24500.0,0
2026-03-30,PFECL.SN,PFE,24500.0,0
2026-03-31,PFECL.SN,PFE,24500.0,0
2026-04-01,PFECL.SN,PFE,24500.0,0
2026-04-02,PFECL.SN,PFE,24500.0,0
2026-04-06,PFECL.SN,PFE,24500.0,0
2026-04-07,PFECL.SN,PFE,24500.0,0
2026-04-08,PFECL.SN,PFE,24500.0,40
2026-04-09,PFECL.SN,PFE,24500.0,0
2026-04-10,PFECL.SN,PFE,24500.0,0
2026-04-13,PFECL.SN,PFE,24500.0,0
2026-04-14,PFECL.SN,PFE,24500.0,0
2026-04-15,PFECL.SN,PFE,24500.0,20
2026-04-16,PFECL.SN,PFE,24500.0,0
2026-04-17,PFECL.SN,PFE,24500.0,0
2026-04-20,PFECL.SN,PFE,24500.0,0
2026-04-21,PFECL.SN,PFE,24500.0,0
2026-04-22,PFECL.SN,PFE,24500.0,0
2026-04-23,PFECL.SN,PFE,24500.0,121
2026-04-24,PFECL.SN,PFE,24500.0,0
2026-04-27,PFECL.SN,PFE,24500.0,4
2026-04-28,PFECL.SN,PFE,24500.0,0
2026-04-29,PFECL.SN,PFE,24500.0,0
2026-04-30,PFECL.SN,PFE,24500.0,0
2026-05-04,PFECL.SN,PFE,24500.0,0
2026-05-05,PFECL.SN,PFE,24500.0,3
2026-05-06,PFECL.SN,PFE,24500.0,0
2026-05-07,PFECL.SN,PFE,24500.0,0
2026-05-08,PFECL.SN,PFE,24500.0,0
2026-05-11,PFECL.SN,PFE,24500.0,0
2026-05-12,PFECL.SN,PFE,24500.0,0
2026-05-13,PFECL.SN,PFE,24500.0,0
2026-05-14,PFECL.SN,PFE,24500.0,0
2026-05-15,PFECL.SN,PFE,24500.0,0
2026-05-18,PFECL.SN,PFE,24500.0,0
2026-05-19,PFECL.SN,PFE,24500.0,0
2026-05-20,PFECL.SN,PFE,24500.0,0
2026-05-22,PFECL.SN,PFE,24500.0,0
2026-05-25,PFECL.SN,PFE,24500.0,0
2026-05-26,PFECL.SN,PFE,24500.0,0
2026-05-27,PFECL.SN,PFE,24500.0,0
2026-05-28,PFECL.SN,PFE,24500.0,8
2026-05-29,PFECL.SN,PFE,24500.0,1
2026-06-01,PFECL.SN,PFE,24500.0,3
2026-06-02,PFECL.SN,PFE,24500.0,0
2026-06-03,PFECL.SN,PFE,24500.0,0
2026-06-04,PFECL.SN,PFE,24500.0,0
2026-06-05,PFECL.SN,PFE,24500.0,0
2026-06-08,PFECL.SN,PFE,24500.0,0
2026-06-09,PFECL.SN,PFE,24500.0,0
2026-06-10,PFECL.SN,PFE,24500.0,0
2026-06-11,PFECL.SN,PFE,24500.0,0
2026-06-12,PFECL.SN,PFE,24500.0,0
2026-06-15,PFECL.SN,PFE,24500.0,0
2026-06-16,PFECL.SN,PFE,24500.0,0
2026-06-17,PFECL.SN,PFE,24500.0,0
2026-06-18,PFECL.SN,PFE,24500.0,0
2026-06-19,PFECL.SN,PFE,24500.0,0
2026-06-22,PFECL.SN,PFE,24500.0,0
2026-06-23,PFECL.SN,PFE,24500.0,16
2026-06-24,PFECL.SN,PFE,24500.0,0
2026-06-25,PFECL.SN,PFE,24500.0,0
2026-06-26,PFECL.SN,PFE,24500.0,0
2026-06-30,PFECL.SN,PFE,24500.0,0
2026-07-01,PFECL.SN,PFE,24500.0,6
2026-07-02,PFECL.SN,PFE,24500.0,0
2026-07-03,PFECL.SN,PFE,24500.0,0
2026-07-06,PFECL.SN,PFE,24500.0,0
2026-07-07,PFECL.SN,PFE,24500.0,0
2026-07-08,PFECL.SN,PFE,24500.0,0
2026-07-09,PFECL.SN,PFE,24500.0,4
2026-07-10,PFECL.SN,PFE,24500.0,0
2026-07-13,PFECL.SN,PFE,24500.0,0
2026-07-14,PFECL.SN,PFE,24500.0,0
2026-07-15,PFECL.SN,PFE,24500.0,0
2026-07-17,PFECL.SN,PFE,24500.0,0
2026-07-20,PFECL.SN,PFE,24500.0,0
2026-07-21,PFECL.SN,PFE,23092.0,0
2026-07-22,PFECL.SN,PFE,23092.0,0
2026-07-23,PFECL.SN,PFE,23092.0,0
2026-07-24,PFECL.SN,PFE,23092.0,0
2026-07-27,PFECL.SN,PFE,23092.0,0
2026-07-28,PFECL.SN,PFE,23274.0,0
2026-07-29,PFECL.SN,PFE,23274.0,0
2026-07-30,PFECL.SN,PFE,23274.0,0
2026-07-31,PFECL.SN,PFE,23274.0,0
2026-08-03,PFECL.SN,PFE,23274.0,0
2026-08-04,PFECL.SN,PFE,23150.0,0
2026-08-05,PFECL.SN,PFE,23150.0,0
2026-08-06,PFECL.SN,PFE,23150.0,0
2026-08-07,PFECL.SN,PFE,23150.0,0
2026-08-10,PFECL.SN,PFE,23150.0,0
2026-08-11,PFECL.SN,PFE,24786.0,0
2026-08-12,PFECL.SN,PFE,24786.0,0
2026-08-13,PFECL.SN,PFE,24786.0,0
2026-08-14,PFECL.SN,PFE,24786.0,0
2026-08-17,PFECL.SN,PFE,24786.0,0
2026-08-18,PFECL.SN,PFE,24564.0,0
2026-08-19,PFECL.SN,PFE,24564.0,0
2026-08-20,PFECL.SN,PFE,24564.0,0
2026-08-21,PFECL.SN,PFE,24564.0,0
2026-08-24,PFECL.SN,PFE,24564.0,0
2026-08-25,PFECL.SN,PFE,25582.0,0
2026-08-26,PFECL.SN,PFE,25582.0,0
2026-08-27,PFECL.SN,PFE,25582.0,0
2026-08-28,PFECL.SN,PFE,25582.0,0
2026-08-31,PFECL.SN,PFE,25582.0,0
2026-09-01,PFECL.SN,PFE,25582.0,0
2026-09-02,PFECL.SN,PFE,25582.0,0
2026-09-03,PFECL.SN,PFE,25582.0,0
2026-09-04,PFECL.SN,PFE,25582.0,0
2026-09-07,PFECL.SN,PFE,25582.0,0
2026-09-08,PFECL.SN,PFE,25582.0,0
2026-09-09,PFECL.SN,PFE,25783.0,0
2026-09-10,PFECL.SN,PFE,25783.0,0
2026-09-11,PFECL.SN,PFE,25783.0,0
2026-09-14,PFECL.SN,PFE,25783.0,0
2026-09-15,PFECL.SN,PFE,26543.0,0
2026-09-16,PFECL.SN,PFE,26543.0,0
2026-09-17,PFECL.SN,PFE,26543.0,0
2026-09-21,PFECL.SN,PFE,26543.0,0
2024-09-23,SBUXCL.SN,SBUX,86341.0,0
2024-09-24,SBUXCL.SN,SBUX,86341.0,5
2024-09-25,SBUXCL.SN,SBUX,86341.0,0
2024-09-26,SBUXCL.SN,SBUX,86341.0,0
2024-09-27,SBUXCL.SN,SBUX,86341.0,0
2024-09-30,SBUXCL.SN,SBUX,86341.0,0
2024-10-01,SBUXCL.SN,SBUX,86341.0,0
2024-10-02,SBUXCL.SN,SBUX,86341.0,0
2024-10-03,SBUXCL.SN,SBUX,86341.0,0
2024-10-04,SBUXCL.SN,SBUX,86341.0,0
2024-10-07,SBUXCL.SN,SBUX,86341.0,0
2024-10-08,SBUXCL.SN,SBUX,86341.0,0
2024-10-09,SBUXCL.SN,SBUX,86341.0,0
2024-10-10,SBUXCL.SN,SBUX,86341.0,0
2024-10-11,SBUXCL.SN,SBUX,86341.0,0
2024-10-14,SBUXCL.SN,SBUX,86341.0,0
2024-10-15,SBUXCL.SN,SBUX,86341.0,0
2024-10-16,SBUXCL.SN,SBUX,86341.0,0
2024-10-17,SBUXCL.SN,SBUX,86341.0,0
2024-10-18,SBUXCL.SN,SBUX,86341.0,0
2024-10-21,SBUXCL.SN,SBUX,86341.0,0
2024-10-22,SBUXCL.SN,SBUX,86341.0,0
2024-10-23,SBUXCL.SN,SBUX,86341.0,0
2024-10-24,SBUXCL.SN,SBUX,86341.0,0
2024-10-25,SBUXCL.SN,SBUX,86341.0,0
2024-10-28,SBUXCL.SN,SBUX,86341.0,0
2024-10-29,SBUXCL.SN,SBUX,86341.0,0
2024-10-30,SBUXCL.SN,SBUX,86341.0,0
2024-11-04,SBUXCL.SN,SBUX,86341.0,0
2024-11-05,SBUXCL.SN,SBUX,86341.0,0
2024-11-06,SBUXCL.SN,SBUX,86341.0,0
2024-11-07,SBUXCL.SN,SBUX,86341.0,1
2024-11-08,SBUXCL.SN,SBUX,86341.0,0
2024-11-11,SBUXCL.SN,SBUX,86341.0,0
2024-11-12,SBUXCL.SN,SBUX,86341.0,0
2024-11-13,SBUXCL.SN,SBUX,86341.0,0
2024-11-14,SBUXCL.SN,SBUX,86341.0,0
2024-11-15,SBUXCL.SN,SBUX,86341.0,0
2024-11-18,SBUXCL.SN,SBUX,86341.0,0
2024-11-19,SBUXCL.SN,SBUX,86341.0,0
2024-11-20,SBUXCL.SN,SBUX,86341.0,0
2024-11-21,SBUXCL.SN,SBUX,86341.0,0
2024-11-22,SBUXCL.SN,SBUX,86341.0,0
2024-11-25,SBUXCL.SN,SBUX,86341.0,0
2024-11-26,SBUXCL.SN,SBUX,86341.0,0
2024-11-27,SBUXCL.SN,SBUX,86341.0,0
2024-11-28,SBUXCL.SN,SBUX,86341.0,0
2024-11-29,SBUXCL.SN,SBUX,86341.0,0
2024-12-02,SBUXCL.SN,SBUX,86341.0,1
2024-12-03,SBUXCL.SN,SBUX,86341.0,0
2024-12-04,SBUXCL.SN,SBUX,86341.0,0
2024-12-05,SBUXCL.SN,SBUX,86341.0,0
2024-12-06,SBUXCL.SN,SBUX,86341.0,0
2024-12-09,SBUXCL.SN,SBUX,86341.0,0
2024-12-10,SBUXCL.SN,SBUX,86341.0,0
2024-12-11,SBUXCL.SN,SBUX,86341.0,1
2024-12-12,SBUXCL.SN,SBUX,86341.0,0
2024-12-13,SBUXCL.SN,SBUX,86341.0,0
2024-12-16,SBUXCL.SN,SBUX,86341.0,0
2024-12-17,SBUXCL.SN,SBUX,86341.0,0
2024-12-18,SBUXCL.SN,SBUX,86341.0,0
2024-12-19,SBUXCL.SN,SBUX,86341.0,0
2024-12-20,SBUXCL.SN,SBUX,86341.0,0
2024-12-23,SBUXCL.SN,SBUX,86341.0,0
2024-12-24,SBUXCL.SN,SBUX,86341.0,21
2024-12-26,SBUXCL.SN,SBUX,86341.0,0
2024-12-27,SBUXCL.SN,SBUX,86341.0,0
2024-12-30,SBUXCL.SN,SBUX,86341.0,0
2025-01-02,SBUXCL.SN,SBUX,86341.0,0
2025-01-03,SBUXCL.SN,SBUX,86341.0,0
2025-01-06,SBUXCL.SN,SBUX,86341.0,1
2025-01-07,SBUXCL.SN,SBUX,86341.0,0
2025-01-08,SBUXCL.SN,SBUX,86341.0,0
2025-01-09,SBUXCL.SN,SBUX,86341.0,0
2025-01-10,SBUXCL.SN,SBUX,86341.0,0
2025-01-13,SBUXCL.SN,SBUX,86341.0,0
2025-01-14,SBUXCL.SN,SBUX,86341.0,0
2025-01-15,SBUXCL.SN,SBUX,86341.0,0
2025-01-16,SBUXCL.SN,SBUX,86341.0,0
2025-01-17,SBUXCL.SN,SBUX,86341.0,0
2025-01-20,SBUXCL.SN,SBUX,86341.0,0
2025-01-21,SBUXCL.SN,SBUX,86341.0,0
2025-01-22,SBUXCL.SN,SBUX,86341.0,0
2025-01-23,SBUXCL.SN,SBUX,86341.0,0
2025-01-24,SBUXCL.SN,SBUX,86341.0,0
2025-01-27,SBUXCL.SN,SBUX,86341.0,0
2025-01-28,SBUXCL.SN,SBUX,86341.0,0
2025-01-29,SBUXCL.SN,SBUX,86341.0,0
2025-01-30,SBUXCL.SN,SBUX,86341.0,0
2025-01-31,SBUXCL.SN,SBUX,86341.0,0
2025-02-03,SBUXCL.SN,SBUX,86341.0,0
2025-02-04,SBUXCL.SN,SBUX,86341.0,2
2025-02-05,SBUXCL.SN,SBUX,86341.0,0
2025-02-06,SBUXCL.SN,SBUX,86341.0,0
2025-02-07,SBUXCL.SN,SBUX,86341.0,0
2025-02-10,SBUXCL.SN,SBUX,86341.0,0
2025-02-11,SBUXCL.SN,SBUX,86341.0,0
2025-02-12,SBUXCL.SN,SBUX,86341.0,0
2025-02-13,SBUXCL.SN,SBUX,86341.0,0
2025-02-14,SBUXCL.SN,SBUX,86341.0,0
2025-02-17,SBUXCL.SN,SBUX,86341.0,0
2025-02-18,SBUXCL.SN,SBUX,86341.0,0
2025-02-19,SBUXCL.SN,SBUX,86341.0,0
2025-02-20,SBUXCL.SN,SBUX,86341.0,0
2025-02-21,SBUXCL.SN,SBUX,86341.0,0
2025-02-24,SBUXCL.SN,SBUX,86341.0,0
2025-02-25,SBUXCL.SN,SBUX,86341.0,0
2025-02-26,SBUXCL.SN,SBUX,86341.0,0
2025-02-27,SBUXCL.SN,SBUX,86341.0,0
2025-02-28,SBUXCL.SN,SBUX,86341.0,0
2025-03-03,SBUXCL.SN,SBUX,86341.0,0
2025-03-04,SBUXCL.SN,SBUX,86341.0,0
2025-03-05,SBUXCL.SN,SBUX,86341.0,0
2025-03-06,SBUXCL.SN,SBUX,86341.0,0
2025-03-07,SBUXCL.SN,SBUX,86341.0,1
2025-03-10,SBUXCL.SN,SBUX,86341.0,0
2025-03-11,SBUXCL.SN,SBUX,86341.0,0
2025-03-12,SBUXCL.SN,SBUX,86341.0,0
2025-03-13,SBUXCL.SN,SBUX,86341.0,0
2025-03-14,SBUXCL.SN,SBUX,86341.0,0
2025-03-17,SBUXCL.SN,SBUX,86341.0,11
2025-03-18,SBUXCL.SN,SBUX,86341.0,0
2025-03-19,SBUXCL.SN,SBUX,86341.0,0
2025-03-20,SBUXCL.SN,SBUX,86341.0,0
2025-03-21,SBUXCL.SN,SBUX,86341.0,0
2025-03-24,SBUXCL.SN,SBUX,86341.0,0
2025-03-25,SBUXCL.SN,SBUX,86341.0,0
2025-03-26,SBUXCL.SN,SBUX,86341.0,0
2025-03-27,SBUXCL.SN,SBUX,86341.0,0
2025-03-28,SBUXCL.SN,SBUX,86341.0,0
2025-03-31,SBUXCL.SN,SBUX,86341.0,0
2025-04-01,SBUXCL.SN,SBUX,86341.0,0
2025-04-02,SBUXCL.SN,SBUX,86341.0,0
2025-04-03,SBUXCL.SN,SBUX,86341.0,0
2025-04-04,SBUXCL.SN,SBUX,86341.0,0
2025-04-07,SBUXCL.SN,SBUX,86341.0,0
2025-04-08,SBUXCL.SN,SBUX,86341.0,0
2025-04-09,SBUXCL.SN,SBUX,86341.0,0
2025-04-10,SBUXCL.SN,SBUX,86341.0,0
2025-04-11,SBUXCL.SN,SBUX,86341.0,0
2025-04-14,SBUXCL.SN,SBUX,86341.0,0
2025-04-15,SBUXCL.SN,SBUX,86341.0,0
2025-04-16,SBUXCL.SN,SBUX,86341.0,0
2025-04-17,SBUXCL.SN,SBUX,86341.0,0
2025-04-21,SBUXCL.SN,SBUX,86341.0,0
2025-04-22,SBUXCL.SN,SBUX,86341.0,0
2025-04-23,SBUXCL.SN,SBUX,86341.0,1
2025-04-24,SBUXCL.SN,SBUX,86341.0,0
2025-04-25,SBUXCL.SN,SBUX,86341.0,0
2025-04-28,SBUXCL.SN,SBUX,86341.0,0
2025-04-29,SBUXCL.SN,SBUX,86341.0,0
2025-04-30,SBUXCL.SN,SBUX,86341.0,0
2025-05-02,SBUXCL.SN,SBUX,86341.0,0
2025-05-05,SBUXCL.SN,SBUX,86341.0,0
2025-05-06,SBUXCL.SN,SBUX,86341.0,0
2025-05-07,SBUXCL.SN,SBUX,86341.0,0
2025-05-08,SBUXCL.SN,SBUX,86341.0,0
2025-05-09,SBUXCL.SN,SBUX,86341.0,0
2025-05-12,SBUXCL.SN,SBUX,86341.0,0
2025-05-13,SBUXCL.SN,SBUX,86341.0,0
2025-05-14,SBUXCL.SN,SBUX,86341.0,0
2025-05-15,SBUXCL.SN,SBUX,86341.0,0
2025-05-16,SBUXCL.SN,SBUX,86341.0,0
2025-05-19,SBUXCL.SN,SBUX,86341.0,0
2025-05-20,SBUXCL.SN,SBUX,86341.0,0
2025-05-22,SBUXCL.SN,SBUX,86341.0,0
2025-05-23,SBUXCL.SN,SBUX,86341.0,5
2025-05-26,SBUXCL.SN,SBUX,86341.0,0
2025-05-27,SBUXCL.SN,SBUX,86341.0,0
2025-05-28,SBUXCL.SN,SBUX,86341.0,1
2025-05-29,SBUXCL.SN,SBUX,86341.0,0
2025-05-30,SBUXCL.SN,SBUX,86341.0,0
2025-06-02,SBUXCL.SN,SBUX,86341.0,0
2025-06-03,SBUXCL.SN,SBUX,86341.0,0
2025-06-04,SBUXCL.SN,SBUX,86341.0,0
2025-06-05,SBUXCL.SN,SBUX,86341.0,0
2025-06-06,SBUXCL.SN,SBUX,86341.0,0
2025-06-09,SBUXCL.SN,SBUX,86341.0,0
2025-06-10,SBUXCL.SN,SBUX,86341.0,0
2025-06-11,SBUXCL.SN,SBUX,86341.0,0
2025-06-12,SBUXCL.SN,SBUX,86341.0,0
2025-06-13,SBUXCL.SN,SBUX,86341.0,0
2025-06-16,SBUXCL.SN,SBUX,86341.0,0
2025-06-17,SBUXCL.SN,SBUX,86341.0,0
2025-06-18,SBUXCL.SN,SBUX,86341.0,0
2025-06-19,SBUXCL.SN,SBUX,86341.0,0
2025-06-23,SBUXCL.SN,SBUX,86341.0,0
2025-06-24,SBUXCL.SN,SBUX,86341.0,0
2025-06-25,SBUXCL.SN,SBUX,86341.0,0
2025-06-26,SBUXCL.SN,SBUX,86341.0,0
2025-06-27,SBUXCL.SN,SBUX,86341.0,0
2025-06-30,SBUXCL.SN,SBUX,86341.0,0
2025-07-01,SBUXCL.SN,SBUX,86341.0,3
2025-07-02,SBUXCL.SN,SBUX,86341.0,0
2025-07-03,SBUXCL.SN,SBUX,86341.0,0
2025-07-04,SBUXCL.SN,SBUX,86341.0,0
2025-07-07,SBUXCL.SN,SBUX,86341.0,0
2025-07-08,SBUXCL.SN,SBUX,86341.0,0
2025-07-09,SBUXCL.SN,SBUX,86341.0,0
2025-07-10,SBUXCL.SN,SBUX,86341.0,0
2025-07-11,SBUXCL.SN,SBUX,86341.0,0
2025-07-14,SBUXCL.SN,SBUX,86341.0,0
2025-07-15,SBUXCL.SN,SBUX,86341.0,0
2025-07-17,SBUXCL.SN,SBUX,86341.0,0
2025-07-18,SBUXCL.SN,SBUX,86341.0,0
2025-07-21,SBUXCL.SN,SBUX,86341.0,0
2025-07-22,SBUXCL.SN,SBUX,86341.0,0
2025-07-23,SBUXCL.SN,SBUX,86341.0,0
2025-07-24,SBUXCL.SN,SBUX,86341.0,0
2025-07-25,SBUXCL.SN,SBUX,86341.0,0
2025-07-28,SBUXCL.SN,SBUX,86341.0,0
2025-07-29,SBUXCL.SN,SBUX,86341.0,0
2025-07-30,SBUXCL.SN,SBUX,86341.0,0
2025-07-31,SBUXCL.SN,SBUX,86341.0,0
2025-08-01,SBUXCL.SN,SBUX,86341.0,0
2025-08-04,SBUXCL.SN,SBUX,86341.0,0
2025-08-05,SBUXCL.SN,SBUX,86341.0,0
2025-08-06,SBUXCL.SN,SBUX,86341.0,0
2025-08-07,SBUXCL.SN,SBUX,86341.0,0
2025-08-08,SBUXCL.SN,SBUX,86341.0,0
2025-08-11,SBUXCL.SN,SBUX,86341.0,0
2025-08-12,SBUXCL.SN,SBUX,86341.0,0
2025-08-13,SBUXCL.SN,SBUX,86341.0,0
2025-08-14,SBUXCL.SN,SBUX,86341.0,0
2025-08-18,SBUXCL.SN,SBUX,86341.0,0
2025-08-19,SBUXCL.SN,SBUX,86341.0,0
2025-08-20,SBUXCL.SN,SBUX,86341.0,0
2025-08-21,SBUXCL.SN,SBUX,86341.0,0
2025-08-22,SBUXCL.SN,SBUX,86341.0,0
2025-08-25,SBUXCL.SN,SBUX,86341.0,0
2025-08-26,SBUXCL.SN,SBUX,86341.0,10
2025-08-27,SBUXCL.SN,SBUX,86341.0,0
2025-08-28,SBUXCL.SN,SBUX,86341.0,0
2025-08-29,SBUXCL.SN,SBUX,86341.0,0
2025-09-01,SBUXCL.SN,SBUX,86341.0,0
2025-09-02,SBUXCL.SN,SBUX,86341.0,10
2025-09-03,SBUXCL.SN,SBUX,86341.0,0
2025-09-04,SBUXCL.SN,SBUX,86341.0,0
2025-09-05,SBUXCL.SN,SBUX,86341.0,0
2025-09-08,SBUXCL.SN,SBUX,86341.0,0
2025-09-09,SBUXCL.SN,SBUX,86341.0,0
2025-09-10,SBUXCL.SN,SBUX,86341.0,0
2025-09-11,SBUXCL.SN,SBUX,86341.0,0
2025-09-12,SBUXCL.SN,SBUX,86341.0,0
2025-09-15,SBUXCL.SN,SBUX,86341.0,0
2025-09-16,SBUXCL.SN,SBUX,86341.0,0
2025-09-17,SBUXCL.SN,SBUX,86341.0,0
2025-09-22,SBUXCL.SN,SBUX,86341.0,0
2025-09-23,SBUXCL.SN,SBUX,86341.0,15
2025-09-24,SBUXCL.SN,SBUX,86341.0,0
2025-09-25,SBUXCL.SN,SBUX,86341.0,0
2025-09-26,SBUXCL.SN,SBUX,86341.0,0
2025-09-29,SBUXCL.SN,SBUX,86341.0,0
2025-09-30,SBUXCL.SN,SBUX,86341.0,0
2025-10-01,SBUXCL.SN,SBUX,86341.0,0
2025-10-02,SBUXCL.SN,SBUX,86341.0,0
2025-10-03,SBUXCL.SN,SBUX,86341.0,0
2025-10-06,SBUXCL.SN,SBUX,79258.0,143
2025-10-07,SBUXCL.SN,SBUX,79258.0,0
2025-10-08,SBUXCL.SN,SBUX,79258.0,0
2025-10-09,SBUXCL.SN,SBUX,79258.0,0
2025-10-10,SBUXCL.SN,SBUX,79258.0,0
2025-10-13,SBUXCL.SN,SBUX,79258.0,0
2025-10-14,SBUXCL.SN,SBUX,79258.0,0
2025-10-15,SBUXCL.SN,SBUX,79258.0,0
2025-10-16,SBUXCL.SN,SBUX,79258.0,0
2025-10-17,SBUXCL.SN,SBUX,79258.0,0
2025-10-20,SBUXCL.SN,SBUX,79258.0,0
2025-10-21,SBUXCL.SN,SBUX,79258.0,10
2025-10-22,SBUXCL.SN,SBUX,79258.0,0
2025-10-23,SBUXCL.SN,SBUX,79258.0,0
2025-10-24,SBUXCL.SN,SBUX,79258.0,0
2025-10-27,SBUXCL.SN,SBUX,79258.0,0
2025-10-28,SBUXCL.SN,SBUX,79258.0,0
2025-10-29,SBUXCL.SN,SBUX,79258.0,0
2025-10-30,SBUXCL.SN,SBUX,79258.0,20
2025-11-03,SBUXCL.SN,SBUX,79258.0,0
2025-11-04,SBUXCL.SN,SBUX,79258.0,0
2025-11-05,SBUXCL.SN,SBUX,79258.0,0
2025-11-06,SBUXCL.SN,SBUX,79258.0,0
2025-11-07,SBUXCL.SN,SBUX,79258.0,0
2025-11-10,SBUXCL.SN,SBUX,79258.0,0
2025-11-11,SBUXCL.SN,SBUX,79258.0,0
2025-11-12,SBUXCL.SN,SBUX,79258.0,0
2025-11-13,SBUXCL.SN,SBUX,79258.0,0
2025-11-14,SBUXCL.SN,SBUX,79258.0,0
2025-11-17,SBUXCL.SN,SBUX,79258.0,0
2025-11-18,SBUXCL.SN,SBUX,79258.0,0
2025-11-19,SBUXCL.SN,SBUX,79258.0,0
2025-11-20,SBUXCL.SN,SBUX,79258.0,0
2025-11-21,SBUXCL.SN,SBUX,79258.0,0
2025-11-24,SBUXCL.SN,SBUX,79258.0,0
2025-11-25,SBUXCL.SN,SBUX,79258.0,0
2025-11-26,SBUXCL.SN,SBUX,79258.0,0
2025-11-27,SBUXCL.SN,SBUX,79258.0,0
2025-11-28,SBUXCL.SN,SBUX,79258.0,0
2025-12-01,SBUXCL.SN,SBUX,79258.0,0
2025-12-02,SBUXCL.SN,SBUX,79258.0,0
2025-12-03,SBUXCL.SN,SBUX,79258.0,0
2025-12-04,SBUXCL.SN,SBUX,79258.0,0
2025-12-05,SBUXCL.SN,SBUX,79258.0,0
2025-12-09,SBUXCL.SN,SBUX,79258.0,0
2025-12-10,SBUXCL.SN,SBUX,79258.0,0
2025-12-11,SBUXCL.SN,SBUX,79258.0,0
2025-12-12,SBUXCL.SN,SBUX,79258.0,0
2025-12-15,SBUXCL.SN,SBUX,79258.0,0
2025-12-16,SBUXCL.SN,SBUX,79258.0,0
2025-12-17,SBUXCL.SN,SBUX,79258.0,0
2025-12-18,SBUXCL.SN,SBUX,79258.0,0
2025-12-19,SBUXCL.SN,SBUX,79258.0,0
2025-12-22,SBUXCL.SN,SBUX,79258.0,0
2025-12-23,SBUXCL.SN,SBUX,79258.0,0
2025-12-24,SBUXCL.SN,SBUX,79258.0,0
2025-12-26,SBUXCL.SN,SBUX,79258.0,0
2025-12-29,SBUXCL.SN,SBUX,79258.0,0
2025-12-30,SBUXCL.SN,SBUX,79258.0,0
2026-01-02,SBUXCL.SN,SBUX,79258.0,0
2026-01-05,SBUXCL.SN,SBUX,79258.0,0
2026-01-06,SBUXCL.SN,SBUX,79258.0,0
2026-01-07,SBUXCL.SN,SBUX,79258.0,0
2026-01-08,SBUXCL.SN,SBUX,79258.0,0
2026-01-09,SBUXCL.SN,SBUX,79258.0,0
2026-01-12,SBUXCL.SN,SBUX,79258.0,0
2026-01-13,SBUXCL.SN,SBUX,79258.0,0
2026-01-14,SBUXCL.SN,SBUX,79258.0,0
2026-01-15,SBUXCL.SN,SBUX,79258.0,28
2026-01-16,SBUXCL.SN,SBUX,79258.0,0
2026-01-19,SBUXCL.SN,SBUX,79258.0,0
2026-01-20,SBUXCL.SN,SBUX,79258.0,0
2026-01-21,SBUXCL.SN,SBUX,79258.0,0
2026-01-22,SBUXCL.SN,SBUX,79258.0,0
2026-01-23,SBUXCL.SN,SBUX,79258.0,0
2026-01-26,SBUXCL.SN,SBUX,79258.0,0
2026-01-27,SBUXCL.SN,SBUX,79258.0,0
2026-01-28,SBUXCL.SN,SBUX,79258.0,0
2026-01-29,SBUXCL.SN,SBUX,79258.0,0
2026-01-30,SBUXCL.SN,SBUX,79258.0,0
2026-02-02,SBUXCL.SN,SBUX,79258.0,0
2026-02-03,SBUXCL.SN,SBUX,79258.0,0
2026-02-04,SBUXCL.SN,SBUX,79258.0,0
2026-02-05,SBUXCL.SN,SBUX,79258.0,0
2026-02-06,SBUXCL.SN,SBUX,79258.0,0
2026-02-09,SBUXCL.SN,SBUX,79258.0,0
2026-02-10,SBUXCL.SN,SBUX,79258.0,0
2026-02-11,SBUXCL.SN,SBUX,79258.0,0
2026-02-12,SBUXCL.SN,SBUX,79258.0,0
2026-02-13,SBUXCL.SN,SBUX,79258.0,0
2026-02-16,SBUXCL.SN,SBUX,79258.0,0
2026-02-17,SBUXCL.SN,SBUX,79258.0,0
2026-02-18,SBUXCL.SN,SBUX,79258.0,0
2026-02-19,SBUXCL.SN,SBUX,79258.0,0
2026-02-20,SBUXCL.SN,SBUX,79258.0,0
2026-02-23,SBUXCL.SN,SBUX,79258.0,0
2026-02-24,SBUXCL.SN,SBUX,79258.0,0
2026-02-25,SBUXCL.SN,SBUX,79258.0,0
2026-02-26,SBUXCL.SN,SBUX,79258.0,0
2026-02-27,SBUXCL.SN,SBUX,79258.0,0
2026-03-02,SBUXCL.SN,SBUX,79258.0,0
2026-03-03,SBUXCL.SN,SBUX,79258.0,0
2026-03-04,SBUXCL.SN,SBUX,79258.0,0
2026-03-05,SBUXCL.SN,SBUX,79258.0,0
2026-03-06,SBUXCL.SN,SBUX,79258.0,0
2026-03-09,SBUXCL.SN,SBUX,79258.0,0
2026-03-10,SBUXCL.SN,SBUX,79258.0,0
2026-03-11,SBUXCL.SN,SBUX,79258.0,0
2026-03-12,SBUXCL.SN,SBUX,79258.0,0
2026-03-13,SBUXCL.SN,SBUX,79258.0,0
2026-03-16,SBUXCL.SN,SBUX,79258.0,0
2026-03-17,SBUXCL.SN,SBUX,79258.0,0
2026-03-18,SBUXCL.SN,SBUX,79258.0,0
2026-03-19,SBUXCL.SN,SBUX,79258.0,0
2026-03-20,SBUXCL.SN,SBUX,79258.0,0
2026-03-23,SBUXCL.SN,SBUX,79258.0,0
2026-03-24,SBUXCL.SN,SBUX,79258.0,0
2026-03-25,SBUXCL.SN,SBUX,79258.0,0
2026-03-26,SBUXCL.SN,SBUX,79258.0,0
2026-03-27,SBUXCL.SN,SBUX,79258.0,0
2026-03-30,SBUXCL.SN,SBUX,79258.0,5
2026-03-31,SBUXCL.SN,SBUX,79258.0,0
2026-04-01,SBUXCL.SN,SBUX,79258.0,0
2026-04-02,SBUXCL.SN,SBUX,79258.0,0
2026-04-06,SBUXCL.SN,SBUX,79258.0,0
2026-04-07,SBUXCL.SN,SBUX,79258.0,0
2026-04-08,SBUXCL.SN,SBUX,79258.0,0
2026-04-09,SBUXCL.SN,SBUX,79258.0,0
2026-04-10,SBUXCL.SN,SBUX,79258.0,0
2026-04-13,SBUXCL.SN,SBUX,79258.0,0
2026-04-14,SBUXCL.SN,SBUX,79258.0,0
2026-04-15,SBUXCL.SN,SBUX,79258.0,0
2026-04-16,SBUXCL.SN,SBUX,79258.0,0
2026-04-17,SBUXCL.SN,SBUX,79258.0,0
2026-04-20,SBUXCL.SN,SBUX,79258.0,0
2026-04-21,SBUXCL.SN,SBUX,79258.0,0
2026-04-22,SBUXCL.SN,SBUX,79258.0,0
2026-04-23,SBUXCL.SN,SBUX,79258.0,0
2026-04-24,SBUXCL.SN,SBUX,79258.0,0
2026-04-27,SBUXCL.SN,SBUX,79258.0,0
2026-04-28,SBUXCL.SN,SBUX,79258.0,0
2026-04-29,SBUXCL.SN,SBUX,79258.0,0
2026-04-30,SBUXCL.SN,SBUX,79258.0,0
2026-05-04,SBUXCL.SN,SBUX,79258.0,0
2026-05-05,SBUXCL.SN,SBUX,79258.0,0
2026-05-06,SBUXCL.SN,SBUX,79258.0,0
2026-05-07,SBUXCL.SN,SBUX,79258.0,0
2026-05-08,SBUXCL.SN,SBUX,79258.0,0
2026-05-11,SBUXCL.SN,SBUX,79258.0,0
2026-05-12,SBUXCL.SN,SBUX,79258.0,0
2026-05-13,SBUXCL.SN,SBUX,79258.0,0
2026-05-14,SBUXCL.SN,SBUX,79258.0,0
2026-05-15,SBUXCL.SN,SBUX,79258.0,5
2026-05-18,SBUXCL.SN,SBUX,79258.0,0
2026-05-19,SBUXCL.SN,SBUX,79258.0,0
2026-05-20,SBUXCL.SN,SBUX,79258.0,0
2026-05-22,SBUXCL.SN,SBUX,79258.0,0
2026-05-25,SBUXCL.SN,SBUX,79258.0,0
2026-05-26,SBUXCL.SN,SBUX,79258.0,0
2026-05-27,SBUXCL.SN,SBUX,79258.0,0
2026-05-28,SBUXCL.SN,SBUX,79258.0,0
2026-05-29,SBUXCL.SN,SBUX,79258.0,0
2026-06-01,SBUXCL.SN,SBUX,79258.0,0
2026-06-02,SBUXCL.SN,SBUX,79258.0,0
2026-06-03,SBUXCL.SN,SBUX,79258.0,0
2026-06-04,SBUXCL.SN,SBUX,79258.0,0
2026-06-05,SBUXCL.SN,SBUX,79258.0,0
2026-06-08,SBUXCL.SN,SBUX,79258.0,0
2026-06-09,SBUXCL.SN,SBUX,79258.0,0
2026-06-10,SBUXCL.SN,SBUX,79258.0,0
2026-06-11,SBUXCL.SN,SBUX,79258.0,0
2026-06-12,SBUXCL.SN,SBUX,79258.0,0
2026-06-15,SBUXCL.SN,SBUX,79258.0,0
2026-06-16,SBUXCL.SN,SBUX,79258.0,0
2026-06-17,SBUXCL.SN,SBUX,79258.0,0
2026-06-18,SBUXCL.SN,SBUX,79258.0,0
2026-06-19,SBUXCL.SN,SBUX,79258.0,0
2026-06-22,SBUXCL.SN,SBUX,79258.0,0
2026-06-23,SBUXCL.SN,SBUX,79258.0,0
2026-06-24,SBUXCL.SN,SBUX,79258.0,0
2026-06-25,SBUXCL.SN,SBUX,79258.0,0
2026-06-26,SBUXCL.SN,SBUX,79258.0,0
2026-06-30,SBUXCL.SN,SBUX,79258.0,0
2026-07-01,SBUXCL.SN,SBUX,79258.0,0
2026-07-02,SBUXCL.SN,SBUX,79258.0,0
2026-07-03,SBUXCL.SN,SBUX,79258.0,0
2026-07-06,SBUXCL.SN,SBUX,79258.0,0
2026-07-07,SBUXCL.SN,SBUX,79258.0,0
2026-07-08,SBUXCL.SN,SBUX,79258.0,0
2026-07-09,SBUXCL.SN,SBUX,79258.0,0
2026-07-10,SBUXCL.SN,SBUX,79258.0,0
2026-07-13,SBUXCL.SN,SBUX,79258.0,0
2026-07-14,SBUXCL.SN,SBUX,79258.0,0
2026-07-15,SBUXCL.SN,SBUX,79258.0,0
2026-07-17,SBUXCL.SN,SBUX,79258.0,0
2026-07-20,SBUXCL.SN,SBUX,79258.0,0
2026-07-21,SBUXCL.SN,SBUX,97788.0,0
2026-07-22,SBUXCL.SN,SBUX,97788.0,0
2026-07-23,SBUXCL.SN,SBUX,97788.0,0
2026-07-24,SBUXCL.SN,SBUX,97788.0,0
2026-07-27,SBUXCL.SN,SBUX,97788.0,0
2026-07-28,SBUXCL.SN,SBUX,97783.0,0
2026-07-29,SBUXCL.SN,SBUX,97783.0,0
2026-07-30,SBUXCL.SN,SBUX,97783.0,0
2026-07-31,SBUXCL.SN,SBUX,97783.0,0
2026-08-03,SBUXCL.SN,SBUX,97783.0,0
2026-08-04,SBUXCL.SN,SBUX,95606.0,0
2026-08-05,SBUXCL.SN,SBUX,95606.0,0
2026-08-06,SBUXCL.SN,SBUX,95606.0,0
2026-08-07,SBUXCL.SN,SBUX,95606.0,0
2026-08-10,SBUXCL.SN,SBUX,95606.0,0
2026-08-11,SBUXCL.SN,SBUX,95891.0,0
2026-08-12,SBUXCL.SN,SBUX,95891.0,0
2026-08-13,SBUXCL.SN,SBUX,95891.0,0
2026-08-14,SBUXCL.SN,SBUX,95891.0,0
2026-08-17,SBUXCL.SN,SBUX,95891.0,0
2026-08-18,SBUXCL.SN,SBUX,98659.0,0
2026-08-19,SBUXCL.SN,SBUX,98659.0,0
2026-08-20,SBUXCL.SN,SBUX,98659.0,0
2026-08-21,SBUXCL.SN,SBUX,98659.0,0
2026-08-24,SBUXCL.SN,SBUX,98659.0,0
2026-08-25,SBUXCL.SN,SBUX,98315.0,0
2026-08-26,SBUXCL.SN,SBUX,98315.0,0
2026-08-27,SBUXCL.SN,SBUX,98315.0,0
2026-08-28,SBUXCL.SN,SBUX,98315.0,0
2026-08-31,SBUXCL.SN,SBUX,98315.0,0
2026-09-01,SBUXCL.SN,SBUX,98315.0,0
2026-09-02,SBUXCL.SN,SBUX,98315.0,0
2026-09-03,SBUXCL.SN,SBUX,98315.0,0
2026-09-04,SBUXCL.SN,SBUX,98315.0,0
2026-09-07,SBUXCL.SN,SBUX,98315.0,0
2026-09-08,SBUXCL.SN,SBUX,98315.0,0
2026-09-09,SBUXCL.SN,SBUX,94539.0,0
2026-09-10,SBUXCL.SN,SBUX,94539.0,0
2026-09-11,SBUXCL.SN,SBUX,94539.0,0
2026-09-14,SBUXCL.SN,SBUX,94539.0,0
2026-09-15,SBUXCL.SN,SBUX,94862.0,0
2026-09-16,SBUXCL.SN,SBUX,94862.0,0
2026-09-17,SBUXCL.SN,SBUX,94862.0,0
2026-09-21,SBUXCL.SN,SBUX,94862.0,0
2024-09-23,TGTCL.SN,TGT,134000.0,0
2024-09-24,TGTCL.SN,TGT,134000.0,0
2024-09-25,TGTCL.SN,TGT,134000.0,0
2024-09-26,TGTCL.SN,TGT,134000.0,0
2024-09-27,TGTCL.SN,TGT,134000.0,0
2024-09-30,TGTCL.SN,TGT,134000.0,0
2024-10-01,TGTCL.SN,TGT,134000.0,0
2024-10-02,TGTCL.SN,TGT,134000.0,0
2024-10-03,TGTCL.SN,TGT,134000.0,0
2024-10-04,TGTCL.SN,TGT,134000.0,0
2024-10-07,TGTCL.SN,TGT,134000.0,0
2024-10-08,TGTCL.SN,TGT,134000.0,0
2024-10-09,TGTCL.SN,TGT,134000.0,0
2024-10-10,TGTCL.SN,TGT,134000.0,0
2024-10-11,TGTCL.SN,TGT,134000.0,0
2024-10-14,TGTCL.SN,TGT,134000.0,0
2024-10-15,TGTCL.SN,TGT,134000.0,0
2024-10-16,TGTCL.SN,TGT,134000.0,2
2024-10-17,TGTCL.SN,TGT,134000.0,0
2024-10-18,TGTCL.SN,TGT,134000.0,0
2024-10-21,TGTCL.SN,TGT,134000.0,0
2024-10-22,TGTCL.SN,TGT,134000.0,0
2024-10-23,TGTCL.SN,TGT,134000.0,0
2024-10-24,TGTCL.SN,TGT,134000.0,0
2024-10-25,TGTCL.SN,TGT,134000.0,0
2024-10-28,TGTCL.SN,TGT,134000.0,0
2024-10-29,TGTCL.SN,TGT,134000.0,0
2024-10-30,TGTCL.SN,TGT,134000.0,0
2024-11-04,TGTCL.SN,TGT,134000.0,0
2024-11-05,TGTCL.SN,TGT,134000.0,0
2024-11-06,TGTCL.SN,TGT,134000.0,3
2024-11-07,TGTCL.SN,TGT,134000.0,0
2024-11-08,TGTCL.SN,TGT,134000.0,0
2024-11-11,TGTCL.SN,TGT,134000.0,0
2024-11-12,TGTCL.SN,TGT,153480.0,323
2024-11-13,TGTCL.SN,TGT,153480.0,0
2024-11-14,TGTCL.SN,TGT,153480.0,0
2024-11-15,TGTCL.SN,TGT,153480.0,0
2024-11-18,TGTCL.SN,TGT,153480.0,0
2024-11-19,TGTCL.SN,TGT,153480.0,0
2024-11-20,TGTCL.SN,TGT,153480.0,51
2024-11-21,TGTCL.SN,TGT,153480.0,50
2024-11-22,TGTCL.SN,TGT,153480.0,0
2024-11-25,TGTCL.SN,TGT,153480.0,0
2024-11-26,TGTCL.SN,TGT,125280.0,79
2024-11-27,TGTCL.SN,TGT,125280.0,0
2024-11-28,TGTCL.SN,TGT,125280.0,0
2024-11-29,TGTCL.SN,TGT,125280.0,0
2024-12-02,TGTCL.SN,TGT,125280.0,0
2024-12-03,TGTCL.SN,TGT,125280.0,0
2024-12-04,TGTCL.SN,TGT,125280.0,0
2024-12-05,TGTCL.SN,TGT,125280.0,0
2024-12-06,TGTCL.SN,TGT,125280.0,0
2024-12-09,TGTCL.SN,TGT,125280.0,0
2024-12-10,TGTCL.SN,TGT,125280.0,0
2024-12-11,TGTCL.SN,TGT,125280.0,0
2024-12-12,TGTCL.SN,TGT,125280.0,0
2024-12-13,TGTCL.SN,TGT,125280.0,0
2024-12-16,TGTCL.SN,TGT,125280.0,0
2024-12-17,TGTCL.SN,TGT,125280.0,0
2024-12-18,TGTCL.SN,TGT,125280.0,0
2024-12-19,TGTCL.SN,TGT,125280.0,0
2024-12-20,TGTCL.SN,TGT,125280.0,0
2024-12-23,TGTCL.SN,TGT,125280.0,0
2024-12-24,TGTCL.SN,TGT,125280.0,0
2024-12-26,TGTCL.SN,TGT,125280.0,0
2024-12-27,TGTCL.SN,TGT,125280.0,0
2024-12-30,TGTCL.SN,TGT,125280.0,0
2025-01-02,TGTCL.SN,TGT,125280.0,0
2025-01-03,TGTCL.SN,TGT,125280.0,0
2025-01-06,TGTCL.SN,TGT,125280.0,0
2025-01-07,TGTCL.SN,TGT,125280.0,0
2025-01-08,TGTCL.SN,TGT,125280.0,0
2025-01-09,TGTCL.SN,TGT,125280.0,0
2025-01-10,TGTCL.SN,TGT,125280.0,0
2025-01-13,TGTCL.SN,TGT,125280.0,0
2025-01-14,TGTCL.SN,TGT,125280.0,0
2025-01-15,TGTCL.SN,TGT,125280.0,0
2025-01-16,TGTCL.SN,TGT,125280.0,0
2025-01-17,TGTCL.SN,TGT,125280.0,0
2025-01-20,TGTCL.SN,TGT,125280.0,0
2025-01-21,TGTCL.SN,TGT,125280.0,0
2025-01-22,TGTCL.SN,TGT,125280.0,0
2025-01-23,TGTCL.SN,TGT,125280.0,0
2025-01-24,TGTCL.SN,TGT,125280.0,0
2025-01-27,TGTCL.SN,TGT,125280.0,0
2025-01-28,TGTCL.SN,TGT,125280.0,0
2025-01-29,TGTCL.SN,TGT,125280.0,0
2025-01-30,TGTCL.SN,TGT,125280.0,0
2025-01-31,TGTCL.SN,TGT,125280.0,0
2025-02-03,TGTCL.SN,TGT,125280.0,0
2025-02-04,TGTCL.SN,TGT,125280.0,0
2025-02-05,TGTCL.SN,TGT,125280.0,0
2025-02-06,TGTCL.SN,TGT,125280.0,0
2025-02-07,TGTCL.SN,TGT,125280.0,0
2025-02-10,TGTCL.SN,TGT,125280.0,2
2025-02-11,TGTCL.SN,TGT,125280.0,0
2025-02-12,TGTCL.SN,TGT,125280.0,5
2025-02-13,TGTCL.SN,TGT,125280.0,0
2025-02-14,TGTCL.SN,TGT,125280.0,0
2025-02-17,TGTCL.SN,TGT,125280.0,0
2025-02-18,TGTCL.SN,TGT,125280.0,0
2025-02-19,TGTCL.SN,TGT,125280.0,0
2025-02-20,TGTCL.SN,TGT,125280.0,0
2025-02-21,TGTCL.SN,TGT,125280.0,0
2025-02-24,TGTCL.SN,TGT,125280.0,0
2025-02-25,TGTCL.SN,TGT,125280.0,0
2025-02-26,TGTCL.SN,TGT,125280.0,0
2025-02-27,TGTCL.SN,TGT,125280.0,0
2025-02-28,TGTCL.SN,TGT,125280.0,0
2025-03-03,TGTCL.SN,TGT,119490.0,82
2025-03-04,TGTCL.SN,TGT,119490.0,8
2025-03-05,TGTCL.SN,TGT,119490.0,0
2025-03-06,TGTCL.SN,TGT,119490.0,0
2025-03-07,TGTCL.SN,TGT,119490.0,0
2025-03-10,TGTCL.SN,TGT,119490.0,4
2025-03-11,TGTCL.SN,TGT,119490.0,0
2025-03-12,TGTCL.SN,TGT,119490.0,12
2025-03-13,TGTCL.SN,TGT,119490.0,0
2025-03-14,TGTCL.SN,TGT,119490.0,42
2025-03-17,TGTCL.SN,TGT,119490.0,9
2025-03-18,TGTCL.SN,TGT,119490.0,42
2025-03-19,TGTCL.SN,TGT,119490.0,0
2025-03-20,TGTCL.SN,TGT,119490.0,0
2025-03-21,TGTCL.SN,TGT,119490.0,0
2025-03-24,TGTCL.SN,TGT,119490.0,0
2025-03-25,TGTCL.SN,TGT,98025.0,1022
2025-03-26,TGTCL.SN,TGT,98025.0,0
2025-03-27,TGTCL.SN,TGT,98025.0,30
2025-03-28,TGTCL.SN,TGT,98025.0,0
2025-03-31,TGTCL.SN,TGT,98025.0,0
2025-04-01,TGTCL.SN,TGT,98025.0,0
2025-04-02,TGTCL.SN,TGT,98025.0,6
2025-04-03,TGTCL.SN,TGT,98025.0,73
2025-04-04,TGTCL.SN,TGT,98025.0,0
2025-04-07,TGTCL.SN,TGT,98025.0,55
2025-04-08,TGTCL.SN,TGT,98025.0,0
2025-04-09,TGTCL.SN,TGT,98025.0,0
2025-04-10,TGTCL.SN,TGT,98025.0,0
2025-04-11,TGTCL.SN,TGT,98025.0,0
2025-04-14,TGTCL.SN,TGT,98025.0,0
2025-04-15,TGTCL.SN,TGT,98025.0,0
2025-04-16,TGTCL.SN,TGT,98025.0,0
2025-04-17,TGTCL.SN,TGT,98025.0,0
2025-04-21,TGTCL.SN,TGT,98025.0,0
2025-04-22,TGTCL.SN,TGT,98025.0,0
2025-04-23,TGTCL.SN,TGT,98025.0,0
2025-04-24,TGTCL.SN,TGT,98025.0,8
2025-04-25,TGTCL.SN,TGT,98025.0,85
2025-04-28,TGTCL.SN,TGT,98025.0,0
2025-04-29,TGTCL.SN,TGT,98025.0,0
2025-04-30,TGTCL.SN,TGT,98025.0,0
2025-05-02,TGTCL.SN,TGT,98025.0,0
2025-05-05,TGTCL.SN,TGT,98025.0,11
2025-05-06,TGTCL.SN,TGT,98025.0,12
2025-05-07,TGTCL.SN,TGT,98025.0,0
2025-05-08,TGTCL.SN,TGT,98025.0,0
2025-05-09,TGTCL.SN,TGT,98025.0,0
2025-05-12,TGTCL.SN,TGT,98025.0,0
2025-05-13,TGTCL.SN,TGT,98025.0,0
2025-05-14,TGTCL.SN,TGT,98025.0,0
2025-05-15,TGTCL.SN,TGT,98025.0,0
2025-05-16,TGTCL.SN,TGT,98025.0,0
2025-05-19,TGTCL.SN,TGT,98025.0,0
2025-05-20,TGTCL.SN,TGT,98025.0,0
2025-05-22,TGTCL.SN,TGT,98025.0,0
2025-05-23,TGTCL.SN,TGT,98025.0,0
2025-05-26,TGTCL.SN,TGT,98025.0,0
2025-05-27,TGTCL.SN,TGT,98025.0,0
2025-05-28,TGTCL.SN,TGT,98025.0,0
2025-05-29,TGTCL.SN,TGT,98025.0,0
2025-05-30,TGTCL.SN,TGT,98025.0,0
2025-06-02,TGTCL.SN,TGT,98025.0,0
2025-06-03,TGTCL.SN,TGT,98025.0,0
2025-06-04,TGTCL.SN,TGT,98025.0,0
2025-06-05,TGTCL.SN,TGT,98025.0,0
2025-06-06,TGTCL.SN,TGT,98025.0,34
2025-06-09,TGTCL.SN,TGT,98025.0,0
2025-06-10,TGTCL.SN,TGT,98025.0,0
2025-06-11,TGTCL.SN,TGT,98025.0,0
2025-06-12,TGTCL.SN,TGT,98025.0,0
2025-06-13,TGTCL.SN,TGT,98025.0,0
2025-06-16,TGTCL.SN,TGT,98025.0,0
2025-06-17,TGTCL.SN,TGT,98025.0,0
2025-06-18,TGTCL.SN,TGT,98025.0,0
2025-06-19,TGTCL.SN,TGT,98025.0,0
2025-06-23,TGTCL.SN,TGT,98025.0,7
2025-06-24,TGTCL.SN,TGT,98025.0,0
2025-06-25,TGTCL.SN,TGT,98025.0,0
2025-06-26,TGTCL.SN,TGT,98025.0,0
2025-06-27,TGTCL.SN,TGT,98025.0,0
2025-06-30,TGTCL.SN,TGT,98025.0,0
2025-07-01,TGTCL.SN,TGT,98025.0,20
2025-07-02,TGTCL.SN,TGT,98025.0,0
2025-07-03,TGTCL.SN,TGT,98025.0,0
2025-07-04,TGTCL.SN,TGT,98025.0,0
2025-07-07,TGTCL.SN,TGT,98025.0,0
2025-07-08,TGTCL.SN,TGT,98025.0,0
2025-07-09,TGTCL.SN,TGT,98025.0,0
2025-07-10,TGTCL.SN,TGT,98025.0,0
2025-07-11,TGTCL.SN,TGT,98025.0,0
2025-07-14,TGTCL.SN,TGT,98025.0,0
2025-07-15,TGTCL.SN,TGT,98025.0,0
2025-07-17,TGTCL.SN,TGT,98025.0,0
2025-07-18,TGTCL.SN,TGT,98025.0,0
2025-07-21,TGTCL.SN,TGT,98025.0,0
2025-07-22,TGTCL.SN,TGT,98025.0,0
2025-07-23,TGTCL.SN,TGT,98025.0,0
2025-07-24,TGTCL.SN,TGT,98025.0,0
2025-07-25,TGTCL.SN,TGT,98025.0,0
2025-07-28,TGTCL.SN,TGT,98025.0,0
2025-07-29,TGTCL.SN,TGT,98025.0,12
2025-07-30,TGTCL.SN,TGT,98025.0,0
2025-07-31,TGTCL.SN,TGT,98025.0,0
2025-08-01,TGTCL.SN,TGT,98025.0,0
2025-08-04,TGTCL.SN,TGT,98025.0,0
2025-08-05,TGTCL.SN,TGT,98025.0,3
2025-08-06,TGTCL.SN,TGT,98025.0,0
2025-08-07,TGTCL.SN,TGT,98025.0,0
2025-08-08,TGTCL.SN,TGT,98025.0,0
2025-08-11,TGTCL.SN,TGT,98025.0,0
2025-08-12,TGTCL.SN,TGT,98025.0,0
2025-08-13,TGTCL.SN,TGT,98025.0,0
2025-08-14,TGTCL.SN,TGT,98025.0,0
2025-08-18,TGTCL.SN,TGT,98025.0,0
2025-08-19,TGTCL.SN,TGT,98025.0,0
2025-08-20,TGTCL.SN,TGT,98025.0,0
2025-08-21,TGTCL.SN,TGT,98025.0,0
2025-08-22,TGTCL.SN,TGT,98025.0,0
2025-08-25,TGTCL.SN,TGT,98025.0,2
2025-08-26,TGTCL.SN,TGT,98025.0,0
2025-08-27,TGTCL.SN,TGT,98025.0,0
2025-08-28,TGTCL.SN,TGT,98025.0,0
2025-08-29,TGTCL.SN,TGT,98025.0,0
2025-09-01,TGTCL.SN,TGT,98025.0,0
2025-09-02,TGTCL.SN,TGT,98025.0,0
2025-09-03,TGTCL.SN,TGT,98025.0,0
2025-09-04,TGTCL.SN,TGT,98025.0,0
2025-09-05,TGTCL.SN,TGT,98025.0,0
2025-09-08,TGTCL.SN,TGT,98025.0,0
2025-09-09,TGTCL.SN,TGT,98025.0,0
2025-09-10,TGTCL.SN,TGT,98025.0,0
2025-09-11,TGTCL.SN,TGT,98025.0,0
2025-09-12,TGTCL.SN,TGT,98025.0,0
2025-09-15,TGTCL.SN,TGT,98025.0,0
2025-09-16,TGTCL.SN,TGT,98025.0,0
2025-09-17,TGTCL.SN,TGT,98025.0,0
2025-09-22,TGTCL.SN,TGT,98025.0,0
2025-09-23,TGTCL.SN,TGT,98025.0,0
2025-09-24,TGTCL.SN,TGT,98025.0,0
2025-09-25,TGTCL.SN,TGT,98025.0,0
2025-09-26,TGTCL.SN,TGT,98025.0,23
2025-09-29,TGTCL.SN,TGT,98025.0,0
2025-09-30,TGTCL.SN,TGT,98025.0,0
2025-10-01,TGTCL.SN,TGT,98025.0,0
2025-10-02,TGTCL.SN,TGT,98025.0,0
2025-10-03,TGTCL.SN,TGT,98025.0,0
2025-10-06,TGTCL.SN,TGT,98025.0,0
2025-10-07,TGTCL.SN,TGT,98025.0,0
2025-10-08,TGTCL.SN,TGT,98025.0,0
2025-10-09,TGTCL.SN,TGT,98025.0,0
2025-10-10,TGTCL.SN,TGT,98025.0,0
2025-10-13,TGTCL.SN,TGT,98025.0,0
2025-10-14,TGTCL.SN,TGT,98025.0,0
2025-10-15,TGTCL.SN,TGT,98025.0,0
2025-10-16,TGTCL.SN,TGT,98025.0,0
2025-10-17,TGTCL.SN,TGT,98025.0,0
2025-10-20,TGTCL.SN,TGT,98025.0,0
2025-10-21,TGTCL.SN,TGT,98025.0,53
2025-10-22,TGTCL.SN,TGT,98025.0,0
2025-10-23,TGTCL.SN,TGT,98025.0,0
2025-10-24,TGTCL.SN,TGT,98025.0,0
2025-10-27,TGTCL.SN,TGT,98025.0,0
2025-10-28,TGTCL.SN,TGT,98025.0,0
2025-10-29,TGTCL.SN,TGT,98025.0,0
2025-10-30,TGTCL.SN,TGT,98025.0,0
2025-11-03,TGTCL.SN,TGT,98025.0,0
2025-11-04,TGTCL.SN,TGT,98025.0,0
2025-11-05,TGTCL.SN,TGT,98025.0,0
2025-11-06,TGTCL.SN,TGT,98025.0,0
2025-11-07,TGTCL.SN,TGT,98025.0,0
2025-11-10,TGTCL.SN,TGT,98025.0,0
2025-11-11,TGTCL.SN,TGT,98025.0,0
2025-11-12,TGTCL.SN,TGT,98025.0,0
2025-11-13,TGTCL.SN,TGT,98025.0,0
2025-11-14,TGTCL.SN,TGT,98025.0,0
2025-11-17,TGTCL.SN,TGT,98025.0,0
2025-11-18,TGTCL.SN,TGT,98025.0,0
2025-11-19,TGTCL.SN,TGT,98025.0,0
2025-11-20,TGTCL.SN,TGT,98025.0,0
2025-11-21,TGTCL.SN,TGT,98025.0,0
2025-11-24,TGTCL.SN,TGT,98025.0,0
2025-11-25,TGTCL.SN,TGT,98025.0,0
2025-11-26,TGTCL.SN,TGT,98025.0,0
2025-11-27,TGTCL.SN,TGT,98025.0,0
2025-11-28,TGTCL.SN,TGT,98025.0,0
2025-12-01,TGTCL.SN,TGT,98025.0,0
2025-12-02,TGTCL.SN,TGT,98025.0,0
2025-12-03,TGTCL.SN,TGT,98025.0,0
2025-12-04,TGTCL.SN,TGT,98025.0,0
2025-12-05,TGTCL.SN,TGT,98025.0,11
2025-12-09,TGTCL.SN,TGT,98025.0,0
2025-12-10,TGTCL.SN,TGT,98025.0,0
2025-12-11,TGTCL.SN,TGT,98025.0,0
2025-12-12,TGTCL.SN,TGT,98025.0,0
2025-12-15,TGTCL.SN,TGT,98025.0,0
2025-12-16,TGTCL.SN,TGT,98025.0,0
2025-12-17,TGTCL.SN,TGT,98025.0,0
2025-12-18,TGTCL.SN,TGT,98025.0,0
2025-12-19,TGTCL.SN,TGT,98025.0,0
2025-12-22,TGTCL.SN,TGT,98025.0,0
2025-12-23,TGTCL.SN,TGT,98025.0,0
2025-12-24,TGTCL.SN,TGT,98025.0,0
2025-12-26,TGTCL.SN,TGT,98025.0,0
2025-12-29,TGTCL.SN,TGT,98025.0,0
2025-12-30,TGTCL.SN,TGT,98025.0,0
2026-01-02,TGTCL.SN,TGT,98025.0,0
2026-01-05,TGTCL.SN,TGT,98025.0,0
2026-01-06,TGTCL.SN,TGT,98025.0,0
2026-01-07,TGTCL.SN,TGT,98025.0,0
2026-01-08,TGTCL.SN,TGT,98025.0,0
2026-01-09,TGTCL.SN,TGT,98025.0,0
2026-01-12,TGTCL.SN,TGT,98025.0,0
2026-01-13,TGTCL.SN,TGT,98025.0,0
2026-01-14,TGTCL.SN,TGT,98025.0,0
2026-01-15,TGTCL.SN,TGT,98025.0,0
2026-01-16,TGTCL.SN,TGT,98025.0,0
2026-01-19,TGTCL.SN,TGT,98025.0,0
2026-01-20,TGTCL.SN,TGT,98025.0,0
2026-01-21,TGTCL.SN,TGT,98025.0,0
2026-01-22,TGTCL.SN,TGT,98025.0,0
2026-01-23,TGTCL.SN,TGT,98025.0,0
2026-01-26,TGTCL.SN,TGT,98025.0,0
2026-01-27,TGTCL.SN,TGT,98025.0,0
2026-01-28,TGTCL.SN,TGT,98025.0,0
2026-01-29,TGTCL.SN,TGT,98025.0,0
2026-01-30,TGTCL.SN,TGT,98025.0,0
2026-02-02,TGTCL.SN,TGT,98025.0,0
2026-02-03,TGTCL.SN,TGT,98025.0,0
2026-02-04,TGTCL.SN,TGT,98025.0,0
2026-02-05,TGTCL.SN,TGT,98025.0,0
2026-02-06,TGTCL.SN,TGT,98025.0,0
2026-02-09,TGTCL.SN,TGT,98025.0,0
2026-02-10,TGTCL.SN,TGT,98025.0,11
2026-02-11,TGTCL.SN,TGT,98025.0,0
2026-02-12,TGTCL.SN,TGT,98025.0,0
2026-02-13,TGTCL.SN,TGT,98025.0,0
2026-02-16,TGTCL.SN,TGT,98025.0,0
2026-02-17,TGTCL.SN,TGT,98025.0,0
2026-02-18,TGTCL.SN,TGT,98025.0,0
2026-02-19,TGTCL.SN,TGT,98025.0,0
2026-02-20,TGTCL.SN,TGT,98025.0,0
2026-02-23,TGTCL.SN,TGT,98025.0,0
2026-02-24,TGTCL.SN,TGT,98025.0,0
2026-02-25,TGTCL.SN,TGT,98025.0,0
2026-02-26,TGTCL.SN,TGT,98025.0,0
2026-02-27,TGTCL.SN,TGT,98025.0,0
2026-03-02,TGTCL.SN,TGT,98025.0,0
2026-03-03,TGTCL.SN,TGT,98025.0,0
2026-03-04,TGTCL.SN,TGT,98025.0,0
2026-03-05,TGTCL.SN,TGT,98025.0,0
2026-03-06,TGTCL.SN,TGT,98025.0,0
2026-03-09,TGTCL.SN,TGT,98025.0,0
2026-03-10,TGTCL.SN,TGT,98025.0,0
2026-03-11,TGTCL.SN,TGT,98025.0,0
2026-03-12,TGTCL.SN,TGT,98025.0,0
2026-03-13,TGTCL.SN,TGT,98025.0,0
2026-03-16,TGTCL.SN,TGT,98025.0,0
2026-03-17,TGTCL.SN,TGT,98025.0,0
2026-03-18,TGTCL.SN,TGT,98025.0,0
2026-03-19,TGTCL.SN,TGT,98025.0,0
2026-03-20,TGTCL.SN,TGT,98025.0,0
2026-03-23,TGTCL.SN,TGT,98025.0,0
2026-03-24,TGTCL.SN,TGT,98025.0,0
2026-03-25,TGTCL.SN,TGT,98025.0,0
2026-03-26,TGTCL.SN,TGT,98025.0,0
2026-03-27,TGTCL.SN,TGT,98025.0,0
2026-03-30,TGTCL.SN,TGT,98025.0,0
2026-03-31,TGTCL.SN,TGT,98025.0,0
2026-04-01,TGTCL.SN,TGT,98025.0,0
2026-04-02,TGTCL.SN,TGT,98025.0,0
2026-04-06,TGTCL.SN,TGT,98025.0,0
2026-04-07,TGTCL.SN,TGT,98025.0,0
2026-04-08,TGTCL.SN,TGT,98025.0,0
2026-04-09,TGTCL.SN,TGT,98025.0,0
2026-04-10,TGTCL.SN,TGT,98025.0,0
2026-04-13,TGTCL.SN,TGT,98025.0,0
2026-04-14,TGTCL.SN,TGT,98025.0,0
2026-04-15,TGTCL.SN,TGT,98025.0,0
2026-04-16,TGTCL.SN,TGT,98025.0,0
2026-04-17,TGTCL.SN,TGT,98025.0,0
2026-04-20,TGTCL.SN,TGT,98025.0,0
2026-04-21,TGTCL.SN,TGT,98025.0,0
2026-04-22,TGTCL.SN,TGT,98025.0,0
2026-04-23,TGTCL.SN,TGT,98025.0,0
2026-04-24,TGTCL.SN,TGT,98025.0,0
2026-04-27,TGTCL.SN,TGT,98025.0,0
2026-04-28,TGTCL.SN,TGT,98025.0,0
2026-04-29,TGTCL.SN,TGT,98025.0,0
2026-04-30,TGTCL.SN,TGT,98025.0,0
2026-05-04,TGTCL.SN,TGT,98025.0,0
2026-05-05,TGTCL.SN,TGT,98025.0,0
2026-05-06,TGTCL.SN,TGT,98025.0,0
2026-05-07,TGTCL.SN,TGT,98025.0,0
2026-05-08,TGTCL.SN,TGT,98025.0,0
2026-05-11,TGTCL.SN,TGT,98025.0,0
2026-05-12,TGTCL.SN,TGT,98025.0,0
2026-05-13,TGTCL.SN,TGT,98025.0,0
2026-05-14,TGTCL.SN,TGT,98025.0,0
2026-05-15,TGTCL.SN,TGT,98025.0,0
2026-05-18,TGTCL.SN,TGT,98025.0,0
2026-05-19,TGTCL.SN,TGT,98025.0,0
2026-05-20,TGTCL.SN,TGT,98025.0,2
2026-05-22,TGTCL.SN,TGT,98025.0,0
2026-05-25,TGTCL.SN,TGT,98025.0,0
2026-05-26,TGTCL.SN,TGT,98025.0,0
2026-05-27,TGTCL.SN,TGT,98025.0,0
2026-05-28,TGTCL.SN,TGT,98025.0,0
2026-05-29,TGTCL.SN,TGT,98025.0,0
2026-06-01,TGTCL.SN,TGT,98025.0,0
2026-06-02,TGTCL.SN,TGT,98025.0,0
2026-06-03,TGTCL.SN,TGT,98025.0,0
2026-06-04,TGTCL.SN,TGT,98025.0,0
2026-06-05,TGTCL.SN,TGT,98025.0,0
2026-06-08,TGTCL.SN,TGT,98025.0,0
2026-06-09,TGTCL.SN,TGT,98025.0,0
2026-06-10,TGTCL.SN,TGT,98025.0,0
2026-06-11,TGTCL.SN,TGT,98025.0,0
2026-06-12,TGTCL.SN,TGT,98025.0,1
2026-06-15,TGTCL.SN,TGT,98025.0,0
2026-06-16,TGTCL.SN,TGT,98025.0,0
2026-06-17,TGTCL.SN,TGT,98025.0,1
2026-06-18,TGTCL.SN,TGT,98025.0,0
2026-06-19,TGTCL.SN,TGT,98025.0,0
2026-06-22,TGTCL.SN,TGT,98025.0,0
2026-06-23,TGTCL.SN,TGT,98025.0,0
2026-06-24,TGTCL.SN,TGT,98025.0,0
2026-06-25,TGTCL.SN,TGT,98025.0,0
2026-06-26,TGTCL.SN,TGT,98025.0,0
2026-06-30,TGTCL.SN,TGT,98025.0,0
2026-07-01,TGTCL.SN,TGT,98025.0,0
2026-07-02,TGTCL.SN,TGT,98025.0,0
2026-07-03,TGTCL.SN,TGT,98025.0,0
2026-07-06,TGTCL.SN,TGT,98025.0,0
2026-07-07,TGTCL.SN,TGT,98025.0,0
2026-07-08,TGTCL.SN,TGT,98025.0,0
2026-07-09,TGTCL.SN,TGT,98025.0,0
2026-07-10,TGTCL.SN,TGT,98025.0,0
2026-07-13,TGTCL.SN,TGT,98025.0,0
2026-07-14,TGTCL.SN,TGT,98025.0,0
2026-07-15,TGTCL.SN,TGT,98025.0,0
2026-07-17,TGTCL.SN,TGT,98025.0,0
2026-07-20,TGTCL.SN,TGT,98025.0,0
2026-07-21,TGTCL.SN,TGT,130240.0,0
2026-07-22,TGTCL.SN,TGT,130240.0,0
2026-07-23,TGTCL.SN,TGT,130240.0,0
2026-07-24,TGTCL.SN,TGT,130240.0,0
2026-07-27,TGTCL.SN,TGT,130240.0,0
2026-07-28,TGTCL.SN,TGT,132400.0,0
2026-07-29,TGTCL.SN,TGT,132400.0,0
2026-07-30,TGTCL.SN,TGT,132400.0,0
2026-07-31,TGTCL.SN,TGT,132400.0,0
2026-08-03,TGTCL.SN,TGT,132400.0,0
2026-08-04,TGTCL.SN,TGT,138130.0,0
2026-08-05,TGTCL.SN,TGT,138130.0,0
2026-08-06,TGTCL.SN,TGT,138130.0,0
2026-08-07,TGTCL.SN,TGT,138130.0,0
2026-08-10,TGTCL.SN,TGT,138130.0,0
2026-08-11,TGTCL.SN,TGT,139300.0,323
2026-08-12,TGTCL.SN,TGT,139300.0,0
2026-08-13,TGTCL.SN,TGT,139300.0,0
2026-08-14,TGTCL.SN,TGT,139300.0,0
2026-08-17,TGTCL.SN,TGT,139300.0,0
2026-08-18,TGTCL.SN,TGT,138050.0,0
2026-08-19,TGTCL.SN,TGT,138050.0,0
2026-08-20,TGTCL.SN,TGT,138050.0,0
2026-08-21,TGTCL.SN,TGT,138050.0,0
2026-08-24,TGTCL.SN,TGT,138050.0,0
2026-08-25,TGTCL.SN,TGT,155390.0,0
2026-08-26,TGTCL.SN,TGT,155390.0,0
2026-08-27,TGTCL.SN,TGT,155390.0,0
2026-08-28,TGTCL.SN,TGT,155390.0,0
2026-08-31,TGTCL.SN,TGT,155390.0,0
2026-09-01,TGTCL.SN,TGT,155390.0,0
2026-09-02,TGTCL.SN,TGT,155390.0,0
2026-09-03,TGTCL.SN,TGT,155390.0,0
2026-09-04,TGTCL.SN,TGT,155390.0,0
2026-09-07,TGTCL.SN,TGT,155390.0,0
2026-09-08,TGTCL.SN,TGT,155390.0,0
2026-09-09,TGTCL.SN,TGT,150620.0,0
2026-09-10,TGTCL.SN,TGT,150620.0,0
2026-09-11,TGTCL.SN,TGT,150620.0,0
2026-09-14,TGTCL.SN,TGT,150620.0,0
2026-09-15,TGTCL.SN,TGT,151960.0,0
2026-09-16,TGTCL.SN,TGT,151960.0,0
2026-09-17,TGTCL.SN,TGT,151960.0,0
2026-09-21,TGTCL.SN,TGT,151960.0,0
2024-09-23,UNHCL.SN,UNH,566550.0,0
2024-09-24,UNHCL.SN,UNH,566550.0,1
2024-09-25,UNHCL.SN,UNH,566550.0,3
2024-09-26,UNHCL.SN,UNH,566550.0,1
2024-09-27,UNHCL.SN,UNH,566550.0,12
2024-09-30,UNHCL.SN,UNH,566550.0,6
2024-10-01,UNHCL.SN,UNH,566550.0,3
2024-10-02,UNHCL.SN,UNH,538900.0,17
2024-10-03,UNHCL.SN,UNH,538900.0,7
2024-10-04,UNHCL.SN,UNH,538900.0,3
2024-10-07,UNHCL.SN,UNH,538900.0,5
2024-10-08,UNHCL.SN,UNH,538900.0,4
2024-10-09,UNHCL.SN,UNH,538900.0,0
2024-10-10,UNHCL.SN,UNH,538900.0,4
2024-10-11,UNHCL.SN,UNH,538900.0,0
2024-10-14,UNHCL.SN,UNH,538900.0,0
2024-10-15,UNHCL.SN,UNH,538900.0,2
2024-10-16,UNHCL.SN,UNH,539587.0,15
2024-10-17,UNHCL.SN,UNH,539587.0,2
2024-10-18,UNHCL.SN,UNH,539587.0,0
2024-10-21,UNHCL.SN,UNH,548387.0,15
2024-10-22,UNHCL.SN,UNH,548387.0,3
2024-10-23,UNHCL.SN,UNH,536300.0,19
2024-10-24,UNHCL.SN,UNH,536300.0,10
2024-10-25,UNHCL.SN,UNH,536300.0,14
2024-10-28,UNHCL.SN,UNH,536300.0,6
2024-10-29,UNHCL.SN,UNH,536300.0,5
2024-10-30,UNHCL.SN,UNH,536300.0,4
2024-11-04,UNHCL.SN,UNH,533200.0,355
2024-11-05,UNHCL.SN,UNH,533200.0,0
2024-11-06,UNHCL.SN,UNH,568700.0,19
2024-11-07,UNHCL.SN,UNH,568700.0,0
2024-11-08,UNHCL.SN,UNH,568700.0,0
2024-11-11,UNHCL.SN,UNH,568700.0,4
2024-11-12,UNHCL.SN,UNH,568700.0,0
2024-11-13,UNHCL.SN,UNH,568700.0,0
2024-11-14,UNHCL.SN,UNH,568700.0,0
2024-11-15,UNHCL.SN,UNH,568700.0,0
2024-11-18,UNHCL.SN,UNH,568700.0,0
2024-11-19,UNHCL.SN,UNH,568700.0,0
2024-11-20,UNHCL.SN,UNH,568700.0,0
2024-11-21,UNHCL.SN,UNH,568700.0,0
2024-11-22,UNHCL.SN,UNH,568700.0,0
2024-11-25,UNHCL.SN,UNH,568700.0,0
2024-11-26,UNHCL.SN,UNH,568700.0,0
2024-11-27,UNHCL.SN,UNH,568700.0,0
2024-11-28,UNHCL.SN,UNH,568700.0,0
2024-11-29,UNHCL.SN,UNH,568700.0,0
2024-12-02,UNHCL.SN,UNH,568700.0,0
2024-12-03,UNHCL.SN,UNH,568700.0,0
2024-12-04,UNHCL.SN,UNH,568700.0,0
2024-12-05,UNHCL.SN,UNH,568700.0,0
2024-12-06,UNHCL.SN,UNH,568700.0,0
2024-12-09,UNHCL.SN,UNH,568700.0,0
2024-12-10,UNHCL.SN,UNH,568700.0,0
2024-12-11,UNHCL.SN,UNH,568700.0,0
2024-12-12,UNHCL.SN,UNH,568700.0,0
2024-12-13,UNHCL.SN,UNH,568700.0,0
2024-12-16,UNHCL.SN,UNH,568700.0,0
2024-12-17,UNHCL.SN,UNH,568700.0,0
2024-12-18,UNHCL.SN,UNH,568700.0,0
2024-12-19,UNHCL.SN,UNH,568700.0,6
2024-12-20,UNHCL.SN,UNH,568700.0,0
2024-12-23,UNHCL.SN,UNH,568700.0,0
2024-12-24,UNHCL.SN,UNH,568700.0,0
2024-12-26,UNHCL.SN,UNH,568700.0,0
2024-12-27,UNHCL.SN,UNH,568700.0,11
2024-12-30,UNHCL.SN,UNH,568700.0,0
2025-01-02,UNHCL.SN,UNH,568700.0,0
2025-01-03,UNHCL.SN,UNH,568700.0,0
2025-01-06,UNHCL.SN,UNH,524000.0,1405
2025-01-07,UNHCL.SN,UNH,524000.0,9
2025-01-08,UNHCL.SN,UNH,522420.0,15
2025-01-09,UNHCL.SN,UNH,522420.0,0
2025-01-10,UNHCL.SN,UNH,538400.0,18
2025-01-13,UNHCL.SN,UNH,549931.0,58
2025-01-14,UNHCL.SN,UNH,543959.0,17
2025-01-15,UNHCL.SN,UNH,546525.0,19
2025-01-16,UNHCL.SN,UNH,546525.0,1
2025-01-17,UNHCL.SN,UNH,546525.0,0
2025-01-20,UNHCL.SN,UNH,546525.0,0
2025-01-21,UNHCL.SN,UNH,527349.0,50
2025-01-22,UNHCL.SN,UNH,517923.0,22
2025-01-23,UNHCL.SN,UNH,523860.0,16
2025-01-24,UNHCL.SN,UNH,523077.0,54
2025-01-27,UNHCL.SN,UNH,538382.0,38
2025-01-28,UNHCL.SN,UNH,538382.0,12
2025-01-29,UNHCL.SN,UNH,538382.0,3
2025-01-30,UNHCL.SN,UNH,536126.0,19
2025-01-31,UNHCL.SN,UNH,539000.0,20
2025-02-03,UNHCL.SN,UNH,537900.0,727
2025-02-04,UNHCL.SN,UNH,537900.0,14
2025-02-05,UNHCL.SN,UNH,519715.0,82
2025-02-06,UNHCL.SN,UNH,519715.0,10
2025-02-07,UNHCL.SN,UNH,512218.0,27
2025-02-10,UNHCL.SN,UNH,512218.0,0
2025-02-11,UNHCL.SN,UNH,512218.0,5
2025-02-12,UNHCL.SN,UNH,505700.0,59
2025-02-13,UNHCL.SN,UNH,505100.0,23
2025-02-14,UNHCL.SN,UNH,499000.0,48
2025-02-17,UNHCL.SN,UNH,499000.0,0
2025-02-18,UNHCL.SN,UNH,483000.0,25
2025-02-19,UNHCL.SN,UNH,483000.0,6
2025-02-20,UNHCL.SN,UNH,480862.0,29
2025-02-21,UNHCL.SN,UNH,430371.0,27
2025-02-24,UNHCL.SN,UNH,430371.0,4
2025-02-25,UNHCL.SN,UNH,430371.0,16
2025-02-26,UNHCL.SN,UNH,443711.0,19
2025-02-27,UNHCL.SN,UNH,452795.0,25
2025-02-28,UNHCL.SN,UNH,452795.0,3
2025-03-03,UNHCL.SN,UNH,452795.0,4
2025-03-04,UNHCL.SN,UNH,445400.0,2770
2025-03-05,UNHCL.SN,UNH,445400.0,0
2025-03-06,UNHCL.SN,UNH,445400.0,0
2025-03-07,UNHCL.SN,UNH,445400.0,0
2025-03-10,UNHCL.SN,UNH,445400.0,0
2025-03-11,UNHCL.SN,UNH,445400.0,0
2025-03-12,UNHCL.SN,UNH,445400.0,0
2025-03-13,UNHCL.SN,UNH,445400.0,0
2025-03-14,UNHCL.SN,UNH,445400.0,0
2025-03-17,UNHCL.SN,UNH,445400.0,0
2025-03-18,UNHCL.SN,UNH,445400.0,0
2025-03-19,UNHCL.SN,UNH,445400.0,0
2025-03-20,UNHCL.SN,UNH,445400.0,0
2025-03-21,UNHCL.SN,UNH,445400.0,0
2025-03-24,UNHCL.SN,UNH,445400.0,0
2025-03-25,UNHCL.SN,UNH,445400.0,0
2025-03-26,UNHCL.SN,UNH,445400.0,1
2025-03-27,UNHCL.SN,UNH,445400.0,0
2025-03-28,UNHCL.SN,UNH,445400.0,0
2025-03-31,UNHCL.SN,UNH,445400.0,0
2025-04-01,UNHCL.SN,UNH,445400.0,0
2025-04-02,UNHCL.SN,UNH,445400.0,0
2025-04-03,UNHCL.SN,UNH,445400.0,5
2025-04-04,UNHCL.SN,UNH,445400.0,0
2025-04-07,UNHCL.SN,UNH,445400.0,0
2025-04-08,UNHCL.SN,UNH,445400.0,0
2025-04-09,UNHCL.SN,UNH,445400.0,2
2025-04-10,UNHCL.SN,UNH,445400.0,4
2025-04-11,UNHCL.SN,UNH,445400.0,0
2025-04-14,UNHCL.SN,UNH,445400.0,0
2025-04-15,UNHCL.SN,UNH,445400.0,0
2025-04-16,UNHCL.SN,UNH,445400.0,0
2025-04-17,UNHCL.SN,UNH,445400.0,0
2025-04-21,UNHCL.SN,UNH,445400.0,2
2025-04-22,UNHCL.SN,UNH,445400.0,0
2025-04-23,UNHCL.SN,UNH,445400.0,1
2025-04-24,UNHCL.SN,UNH,445400.0,9
2025-04-25,UNHCL.SN,UNH,445400.0,0
2025-04-28,UNHCL.SN,UNH,445400.0,0
2025-04-29,UNHCL.SN,UNH,445400.0,0
2025-04-30,UNHCL.SN,UNH,445400.0,0
2025-05-02,UNHCL.SN,UNH,445400.0,0
2025-05-05,UNHCL.SN,UNH,445400.0,0
2025-05-06,UNHCL.SN,UNH,445400.0,0
2025-05-07,UNHCL.SN,UNH,445400.0,7
2025-05-08,UNHCL.SN,UNH,445400.0,0
2025-05-09,UNHCL.SN,UNH,445400.0,7
2025-05-12,UNHCL.SN,UNH,445400.0,3
2025-05-13,UNHCL.SN,UNH,445400.0,18
2025-05-14,UNHCL.SN,UNH,445400.0,13
2025-05-15,UNHCL.SN,UNH,238330.0,42
2025-05-16,UNHCL.SN,UNH,258527.0,49
2025-05-19,UNHCL.SN,UNH,258527.0,7
2025-05-20,UNHCL.SN,UNH,258527.0,12
2025-05-22,UNHCL.SN,UNH,284276.0,32
2025-05-23,UNHCL.SN,UNH,284276.0,3
2025-05-26,UNHCL.SN,UNH,284276.0,0
2025-05-27,UNHCL.SN,UNH,284276.0,8
2025-05-28,UNHCL.SN,UNH,284276.0,12
2025-05-29,UNHCL.SN,UNH,284276.0,7
2025-05-30,UNHCL.SN,UNH,284276.0,0
2025-06-02,UNHCL.SN,UNH,284276.0,0
2025-06-03,UNHCL.SN,UNH,284276.0,0
2025-06-04,UNHCL.SN,UNH,284276.0,0
2025-06-05,UNHCL.SN,UNH,277110.0,1278
2025-06-06,UNHCL.SN,UNH,277110.0,0
2025-06-09,UNHCL.SN,UNH,277110.0,0
2025-06-10,UNHCL.SN,UNH,277110.0,0
2025-06-11,UNHCL.SN,UNH,277110.0,12
2025-06-12,UNHCL.SN,UNH,277110.0,0
2025-06-13,UNHCL.SN,UNH,277110.0,0
2025-06-16,UNHCL.SN,UNH,277110.0,0
2025-06-17,UNHCL.SN,UNH,277110.0,0
2025-06-18,UNHCL.SN,UNH,277110.0,0
2025-06-19,UNHCL.SN,UNH,277110.0,0
2025-06-23,UNHCL.SN,UNH,277110.0,0
2025-06-24,UNHCL.SN,UNH,277110.0,0
2025-06-25,UNHCL.SN,UNH,284884.0,103
2025-06-26,UNHCL.SN,UNH,283920.0,87
2025-06-27,UNHCL.SN,UNH,283920.0,0
2025-06-30,UNHCL.SN,UNH,283920.0,4
2025-07-01,UNHCL.SN,UNH,283920.0,10
2025-07-02,UNHCL.SN,UNH,283920.0,0
2025-07-03,UNHCL.SN,UNH,283920.0,0
2025-07-04,UNHCL.SN,UNH,283920.0,0
2025-07-07,UNHCL.SN,UNH,283920.0,0
2025-07-08,UNHCL.SN,UNH,283920.0,0
2025-07-09,UNHCL.SN,UNH,283920.0,0
2025-07-10,UNHCL.SN,UNH,283920.0,0
2025-07-11,UNHCL.SN,UNH,283920.0,0
2025-07-14,UNHCL.SN,UNH,283920.0,0
2025-07-15,UNHCL.SN,UNH,283920.0,0
2025-07-17,UNHCL.SN,UNH,283920.0,4
2025-07-18,UNHCL.SN,UNH,283920.0,0
2025-07-21,UNHCL.SN,UNH,283920.0,1
2025-07-22,UNHCL.SN,UNH,283920.0,0
2025-07-23,UNHCL.SN,UNH,283920.0,0
2025-07-24,UNHCL.SN,UNH,283920.0,0
2025-07-25,UNHCL.SN,UNH,283920.0,0
2025-07-28,UNHCL.SN,UNH,283920.0,0
2025-07-29,UNHCL.SN,UNH,283920.0,21
2025-07-30,UNHCL.SN,UNH,283920.0,8
2025-07-31,UNHCL.SN,UNH,283920.0,0
2025-08-01,UNHCL.SN,UNH,283920.0,0
2025-08-04,UNHCL.SN,UNH,283920.0,0
2025-08-05,UNHCL.SN,UNH,283920.0,0
2025-08-06,UNHCL.SN,UNH,283920.0,1
2025-08-07,UNHCL.SN,UNH,283920.0,0
2025-08-08,UNHCL.SN,UNH,283920.0,7
2025-08-11,UNHCL.SN,UNH,283920.0,0
2025-08-12,UNHCL.SN,UNH,283920.0,0
2025-08-13,UNHCL.SN,UNH,283920.0,0
2025-08-14,UNHCL.SN,UNH,283920.0,0
2025-08-18,UNHCL.SN,UNH,302426.0,145
2025-08-19,UNHCL.SN,UNH,293099.0,58
2025-08-20,UNHCL.SN,UNH,293099.0,24
2025-08-21,UNHCL.SN,UNH,293099.0,4
2025-08-22,UNHCL.SN,UNH,293099.0,0
2025-08-25,UNHCL.SN,UNH,293099.0,0
2025-08-26,UNHCL.SN,UNH,293099.0,7
2025-08-27,UNHCL.SN,UNH,293099.0,0
2025-08-28,UNHCL.SN,UNH,293099.0,0
2025-08-29,UNHCL.SN,UNH,293099.0,0
2025-09-01,UNHCL.SN,UNH,293099.0,0
2025-09-02,UNHCL.SN,UNH,293099.0,21
2025-09-03,UNHCL.SN,UNH,293099.0,1
2025-09-04,UNHCL.SN,UNH,293099.0,4
2025-09-05,UNHCL.SN,UNH,293099.0,0
2025-09-08,UNHCL.SN,UNH,310120.0,92
2025-09-09,UNHCL.SN,UNH,310120.0,0
2025-09-10,UNHCL.SN,UNH,310120.0,0
2025-09-11,UNHCL.SN,UNH,310120.0,2
2025-09-12,UNHCL.SN,UNH,310120.0,22
2025-09-15,UNHCL.SN,UNH,310120.0,0
2025-09-16,UNHCL.SN,UNH,310120.0,0
2025-09-17,UNHCL.SN,UNH,325500.0,50
2025-09-22,UNHCL.SN,UNH,325500.0,0
2025-09-23,UNHCL.SN,UNH,325500.0,11
2025-09-24,UNHCL.SN,UNH,325500.0,0
2025-09-25,UNHCL.SN,UNH,325500.0,7
2025-09-26,UNHCL.SN,UNH,325500.0,4
2025-09-29,UNHCL.SN,UNH,325500.0,0
2025-09-30,UNHCL.SN,UNH,325500.0,0
2025-10-01,UNHCL.SN,UNH,325500.0,0
2025-10-02,UNHCL.SN,UNH,325500.0,8
2025-10-03,UNHCL.SN,UNH,325500.0,2
2025-10-06,UNHCL.SN,UNH,325500.0,0
2025-10-07,UNHCL.SN,UNH,325500.0,1
2025-10-08,UNHCL.SN,UNH,325500.0,0
2025-10-09,UNHCL.SN,UNH,325500.0,0
2025-10-10,UNHCL.SN,UNH,325500.0,0
2025-10-13,UNHCL.SN,UNH,325500.0,0
2025-10-14,UNHCL.SN,UNH,346531.0,24
2025-10-15,UNHCL.SN,UNH,346531.0,0
2025-10-16,UNHCL.SN,UNH,346531.0,0
2025-10-17,UNHCL.SN,UNH,346531.0,0
2025-10-20,UNHCL.SN,UNH,346531.0,0
2025-10-21,UNHCL.SN,UNH,351430.0,36
2025-10-22,UNHCL.SN,UNH,351430.0,0
2025-10-23,UNHCL.SN,UNH,351430.0,0
2025-10-24,UNHCL.SN,UNH,351430.0,0
2025-10-27,UNHCL.SN,UNH,351430.0,0
2025-10-28,UNHCL.SN,UNH,351430.0,0
2025-10-29,UNHCL.SN,UNH,351430.0,0
2025-10-30,UNHCL.SN,UNH,351430.0,0
2025-11-03,UNHCL.SN,UNH,351430.0,0
2025-11-04,UNHCL.SN,UNH,351430.0,0
2025-11-05,UNHCL.SN,UNH,351430.0,0
2025-11-06,UNHCL.SN,UNH,351430.0,0
2025-11-07,UNHCL.SN,UNH,351430.0,0
2025-11-10,UNHCL.SN,UNH,351430.0,0
2025-11-11,UNHCL.SN,UNH,351430.0,0
2025-11-12,UNHCL.SN,UNH,351430.0,0
2025-11-13,UNHCL.SN,UNH,310000.0,50
2025-11-14,UNHCL.SN,UNH,310000.0,0
2025-11-17,UNHCL.SN,UNH,310000.0,0
2025-11-18,UNHCL.SN,UNH,310000.0,0
2025-11-19,UNHCL.SN,UNH,310000.0,0
2025-11-20,UNHCL.SN,UNH,310000.0,6
2025-11-21,UNHCL.SN,UNH,299000.0,42
2025-11-24,UNHCL.SN,UNH,299000.0,0
2025-11-25,UNHCL.SN,UNH,299000.0,0
2025-11-26,UNHCL.SN,UNH,299000.0,0
2025-11-27,UNHCL.SN,UNH,299000.0,0
2025-11-28,UNHCL.SN,UNH,299000.0,0
2025-12-01,UNHCL.SN,UNH,299000.0,0
2025-12-02,UNHCL.SN,UNH,299000.0,0
2025-12-03,UNHCL.SN,UNH,299000.0,0
2025-12-04,UNHCL.SN,UNH,299000.0,0
2025-12-05,UNHCL.SN,UNH,299000.0,0
2025-12-09,UNHCL.SN,UNH,299000.0,0
2025-12-10,UNHCL.SN,UNH,299000.0,0
2025-12-11,UNHCL.SN,UNH,299000.0,0
2025-12-12,UNHCL.SN,UNH,299000.0,0
2025-12-15,UNHCL.SN,UNH,299000.0,0
2025-12-16,UNHCL.SN,UNH,299000.0,0
2025-12-17,UNHCL.SN,UNH,299000.0,2
2025-12-18,UNHCL.SN,UNH,299000.0,0
2025-12-19,UNHCL.SN,UNH,299000.0,0
2025-12-22,UNHCL.SN,UNH,299000.0,0
2025-12-23,UNHCL.SN,UNH,299000.0,0
2025-12-24,UNHCL.SN,UNH,299000.0,0
2025-12-26,UNHCL.SN,UNH,299000.0,0
2025-12-29,UNHCL.SN,UNH,299000.0,0
2025-12-30,UNHCL.SN,UNH,299000.0,0
2026-01-02,UNHCL.SN,UNH,299000.0,0
2026-01-05,UNHCL.SN,UNH,299000.0,0
2026-01-06,UNHCL.SN,UNH,299000.0,0
2026-01-07,UNHCL.SN,UNH,299000.0,0
2026-01-08,UNHCL.SN,UNH,299000.0,0
2026-01-09,UNHCL.SN,UNH,299000.0,0
2026-01-12,UNHCL.SN,UNH,299000.0,0
2026-01-13,UNHCL.SN,UNH,299000.0,12
2026-01-14,UNHCL.SN,UNH,299000.0,0
2026-01-15,UNHCL.SN,UNH,299000.0,0
2026-01-16,UNHCL.SN,UNH,299000.0,0
2026-01-19,UNHCL.SN,UNH,299000.0,0
2026-01-20,UNHCL.SN,UNH,299000.0,0
2026-01-21,UNHCL.SN,UNH,299000.0,0
2026-01-22,UNHCL.SN,UNH,299000.0,0
2026-01-23,UNHCL.SN,UNH,299000.0,0
2026-01-26,UNHCL.SN,UNH,299000.0,0
2026-01-27,UNHCL.SN,UNH,299000.0,4
2026-01-28,UNHCL.SN,UNH,299000.0,8
2026-01-29,UNHCL.SN,UNH,299000.0,0
2026-01-30,UNHCL.SN,UNH,299000.0,0
2026-02-02,UNHCL.SN,UNH,299000.0,0
2026-02-03,UNHCL.SN,UNH,299000.0,3
2026-02-04,UNHCL.SN,UNH,299000.0,4
2026-02-05,UNHCL.SN,UNH,299000.0,0
2026-02-06,UNHCL.SN,UNH,299000.0,0
2026-02-09,UNHCL.SN,UNH,299000.0,0
2026-02-10,UNHCL.SN,UNH,299000.0,0
2026-02-11,UNHCL.SN,UNH,299000.0,0
2026-02-12,UNHCL.SN,UNH,299000.0,0
2026-02-13,UNHCL.SN,UNH,299000.0,7
2026-02-16,UNHCL.SN,UNH,299000.0,0
2026-02-17,UNHCL.SN,UNH,299000.0,0
2026-02-18,UNHCL.SN,UNH,299000.0,0
2026-02-19,UNHCL.SN,UNH,299000.0,0
2026-02-20,UNHCL.SN,UNH,299000.0,0
2026-02-23,UNHCL.SN,UNH,299000.0,0
2026-02-24,UNHCL.SN,UNH,299000.0,0
2026-02-25,UNHCL.SN,UNH,299000.0,0
2026-02-26,UNHCL.SN,UNH,299000.0,0
2026-02-27,UNHCL.SN,UNH,299000.0,0
2026-03-02,UNHCL.SN,UNH,299000.0,0
2026-03-03,UNHCL.SN,UNH,299000.0,0
2026-03-04,UNHCL.SN,UNH,299000.0,0
2026-03-05,UNHCL.SN,UNH,299000.0,0
2026-03-06,UNHCL.SN,UNH,299000.0,0
2026-03-09,UNHCL.SN,UNH,299000.0,4
2026-03-10,UNHCL.SN,UNH,299000.0,0
2026-03-11,UNHCL.SN,UNH,299000.0,0
2026-03-12,UNHCL.SN,UNH,299000.0,0
2026-03-13,UNHCL.SN,UNH,299000.0,0
2026-03-16,UNHCL.SN,UNH,299000.0,0
2026-03-17,UNHCL.SN,UNH,299000.0,7
2026-03-18,UNHCL.SN,UNH,299000.0,0
2026-03-19,UNHCL.SN,UNH,299000.0,0
2026-03-20,UNHCL.SN,UNH,299000.0,0
2026-03-23,UNHCL.SN,UNH,299000.0,0
2026-03-24,UNHCL.SN,UNH,299000.0,0
2026-03-25,UNHCL.SN,UNH,299000.0,0
2026-03-26,UNHCL.SN,UNH,299000.0,0
2026-03-27,UNHCL.SN,UNH,299000.0,0
2026-03-30,UNHCL.SN,UNH,299000.0,0
2026-03-31,UNHCL.SN,UNH,299000.0,0
2026-04-01,UNHCL.SN,UNH,299000.0,1
2026-04-02,UNHCL.SN,UNH,299000.0,0
2026-04-06,UNHCL.SN,UNH,299000.0,0
2026-04-07,UNHCL.SN,UNH,299000.0,0
2026-04-08,UNHCL.SN,UNH,299000.0,0
2026-04-09,UNHCL.SN,UNH,299000.0,0
2026-04-10,UNHCL.SN,UNH,299000.0,0
2026-04-13,UNHCL.SN,UNH,299000.0,0
2026-04-14,UNHCL.SN,UNH,299000.0,0
2026-04-15,UNHCL.SN,UNH,299000.0,0
2026-04-16,UNHCL.SN,UNH,299000.0,0
2026-04-17,UNHCL.SN,UNH,299000.0,0
2026-04-20,UNHCL.SN,UNH,299000.0,0
2026-04-21,UNHCL.SN,UNH,299000.0,0
2026-04-22,UNHCL.SN,UNH,299000.0,0
2026-04-23,UNHCL.SN,UNH,299000.0,0
2026-04-24,UNHCL.SN,UNH,299000.0,0
2026-04-27,UNHCL.SN,UNH,299000.0,0
2026-04-28,UNHCL.SN,UNH,299000.0,0
2026-04-29,UNHCL.SN,UNH,299000.0,0
2026-04-30,UNHCL.SN,UNH,299000.0,0
2026-05-04,UNHCL.SN,UNH,299000.0,0
2026-05-05,UNHCL.SN,UNH,299000.0,0
2026-05-06,UNHCL.SN,UNH,299000.0,0
2026-05-07,UNHCL.SN,UNH,299000.0,0
2026-05-08,UNHCL.SN,UNH,299000.0,1
2026-05-11,UNHCL.SN,UNH,299000.0,0
2026-05-12,UNHCL.SN,UNH,299000.0,15
2026-05-13,UNHCL.SN,UNH,299000.0,15
2026-05-14,UNHCL.SN,UNH,299000.0,0
2026-05-15,UNHCL.SN,UNH,299000.0,0
2026-05-18,UNHCL.SN,UNH,299000.0,0
2026-05-19,UNHCL.SN,UNH,299000.0,1
2026-05-20,UNHCL.SN,UNH,299000.0,0
2026-05-22,UNHCL.SN,UNH,299000.0,0
2026-05-25,UNHCL.SN,UNH,299000.0,0
2026-05-26,UNHCL.SN,UNH,299000.0,0
2026-05-27,UNHCL.SN,UNH,299000.0,0
2026-05-28,UNHCL.SN,UNH,299000.0,0
2026-05-29,UNHCL.SN,UNH,299000.0,0
2026-06-01,UNHCL.SN,UNH,299000.0,0
2026-06-02,UNHCL.SN,UNH,299000.0,0
2026-06-03,UNHCL.SN,UNH,299000.0,0
2026-06-04,UNHCL.SN,UNH,299000.0,0
2026-06-05,UNHCL.SN,UNH,299000.0,0
2026-06-08,UNHCL.SN,UNH,299000.0,11
2026-06-09,UNHCL.SN,UNH,299000.0,0
2026-06-10,UNHCL.SN,UNH,299000.0,6
2026-06-11,UNHCL.SN,UNH,299000.0,4
2026-06-12,UNHCL.SN,UNH,299000.0,0
2026-06-15,UNHCL.SN,UNH,299000.0,0
2026-06-16,UNHCL.SN,UNH,299000.0,0
2026-06-17,UNHCL.SN,UNH,299000.0,0
2026-06-18,UNHCL.SN,UNH,299000.0,0
2026-06-19,UNHCL.SN,UNH,299000.0,0
2026-06-22,UNHCL.SN,UNH,299000.0,0
2026-06-23,UNHCL.SN,UNH,370000.0,25
2026-06-24,UNHCL.SN,UNH,370000.0,0
2026-06-25,UNHCL.SN,UNH,370000.0,0
2026-06-26,UNHCL.SN,UNH,370000.0,0
2026-06-30,UNHCL.SN,UNH,370000.0,4
2026-07-01,UNHCL.SN,UNH,370000.0,2
2026-07-02,UNHCL.SN,UNH,370000.0,0
2026-07-03,UNHCL.SN,UNH,370000.0,0
2026-07-06,UNHCL.SN,UNH,370000.0,0
2026-07-07,UNHCL.SN,UNH,370000.0,0
2026-07-08,UNHCL.SN,UNH,370000.0,0
2026-07-09,UNHCL.SN,UNH,370000.0,0
2026-07-10,UNHCL.SN,UNH,370000.0,0
2026-07-13,UNHCL.SN,UNH,370000.0,0
2026-07-14,UNHCL.SN,UNH,370000.0,0
2026-07-15,UNHCL.SN,UNH,370000.0,0
2026-07-17,UNHCL.SN,UNH,370000.0,5
2026-07-20,UNHCL.SN,UNH,370000.0,0
2026-07-21,UNHCL.SN,UNH,393310.0,0
2026-07-22,UNHCL.SN,UNH,393310.0,0
2026-07-23,UNHCL.SN,UNH,405000.0,14
2026-07-24,UNHCL.SN,UNH,405000.0,0
2026-07-27,UNHCL.SN,UNH,405000.0,0
2026-07-28,UNHCL.SN,UNH,394000.0,0
2026-07-29,UNHCL.SN,UNH,394000.0,0
2026-07-30,UNHCL.SN,UNH,394000.0,0
2026-07-31,UNHCL.SN,UNH,394000.0,0
2026-08-03,UNHCL.SN,UNH,394000.0,0
2026-08-04,UNHCL.SN,UNH,384160.0,0
2026-08-05,UNHCL.SN,UNH,384160.0,0
2026-08-06,UNHCL.SN,UNH,384160.0,0
2026-08-07,UNHCL.SN,UNH,384160.0,0
2026-08-10,UNHCL.SN,UNH,384160.0,0
2026-08-11,UNHCL.SN,UNH,374530.0,0
2026-08-12,UNHCL.SN,UNH,374530.0,0
2026-08-13,UNHCL.SN,UNH,374530.0,0
2026-08-14,UNHCL.SN,UNH,374530.0,0
2026-08-17,UNHCL.SN,UNH,374530.0,0
2026-08-18,UNHCL.SN,UNH,361670.0,0
2026-08-19,UNHCL.SN,UNH,361670.0,0
2026-08-20,UNHCL.SN,UNH,361670.0,0
2026-08-21,UNHCL.SN,UNH,361670.0,0
2026-08-24,UNHCL.SN,UNH,361670.0,0
2026-08-25,UNHCL.SN,UNH,364720.0,0
2026-08-26,UNHCL.SN,UNH,364720.0,0
2026-08-27,UNHCL.SN,UNH,364720.0,0
2026-08-28,UNHCL.SN,UNH,364720.0,0
2026-08-31,UNHCL.SN,UNH,364720.0,0
2026-09-01,UNHCL.SN,UNH,364720.0,0
2026-09-02,UNHCL.SN,UNH,364720.0,0
2026-09-03,UNHCL.SN,UNH,364720.0,0
2026-09-04,UNHCL.SN,UNH,364720.0,0
2026-09-07,UNHCL.SN,UNH,364720.0,0
2026-09-08,UNHCL.SN,UNH,364720.0,0
2026-09-09,UNHCL.SN,UNH,372300.0,0
2026-09-10,UNHCL.SN,UNH,372300.0,0
2026-09-11,UNHCL.SN,UNH,372300.0,0
2026-09-14,UNHCL.SN,UNH,372300.0,0
2026-09-15,UNHCL.SN,UNH,367260.0,0
2026-09-16,UNHCL.SN,UNH,367260.0,0
2026-09-17,UNHCL.SN,UNH,367260.0,0
2026-09-21,UNHCL.SN,UNH,367260.0,0
2024-09-23,UPSCL.SN,UPS,149286.0,0
2024-09-24,UPSCL.SN,UPS,149286.0,0
2024-09-25,UPSCL.SN,UPS,149286.0,0
2024-09-26,UPSCL.SN,UPS,149286.0,0
2024-09-27,UPSCL.SN,UPS,149286.0,0
2024-09-30,UPSCL.SN,UPS,149286.0,0
2024-10-01,UPSCL.SN,UPS,149286.0,0
2024-10-02,UPSCL.SN,UPS,149286.0,0
2024-10-03,UPSCL.SN,UPS,149286.0,0
2024-10-04,UPSCL.SN,UPS,149286.0,0
2024-10-07,UPSCL.SN,UPS,149286.0,0
2024-10-08,UPSCL.SN,UPS,149286.0,0
2024-10-09,UPSCL.SN,UPS,149286.0,0
2024-10-10,UPSCL.SN,UPS,149286.0,0
2024-10-11,UPSCL.SN,UPS,149286.0,0
2024-10-14,UPSCL.SN,UPS,149286.0,0
2024-10-15,UPSCL.SN,UPS,149286.0,0
2024-10-16,UPSCL.SN,UPS,149286.0,0
2024-10-17,UPSCL.SN,UPS,149286.0,0
2024-10-18,UPSCL.SN,UPS,149286.0,0
2024-10-21,UPSCL.SN,UPS,149286.0,0
2024-10-22,UPSCL.SN,UPS,149286.0,0
2024-10-23,UPSCL.SN,UPS,149286.0,0
2024-10-24,UPSCL.SN,UPS,149286.0,0
2024-10-25,UPSCL.SN,UPS,149286.0,0
2024-10-28,UPSCL.SN,UPS,149286.0,0
2024-10-29,UPSCL.SN,UPS,149286.0,0
2024-10-30,UPSCL.SN,UPS,149286.0,0
2024-11-04,UPSCL.SN,UPS,149286.0,0
2024-11-05,UPSCL.SN,UPS,149286.0,0
2024-11-06,UPSCL.SN,UPS,149286.0,0
2024-11-07,UPSCL.SN,UPS,149286.0,0
2024-11-08,UPSCL.SN,UPS,149286.0,0
2024-11-11,UPSCL.SN,UPS,149286.0,0
2024-11-12,UPSCL.SN,UPS,149286.0,0
2024-11-13,UPSCL.SN,UPS,149286.0,0
2024-11-14,UPSCL.SN,UPS,149286.0,0
2024-11-15,UPSCL.SN,UPS,149286.0,0
2024-11-18,UPSCL.SN,UPS,149286.0,0
2024-11-19,UPSCL.SN,UPS,149286.0,0
2024-11-20,UPSCL.SN,UPS,149286.0,0
2024-11-21,UPSCL.SN,UPS,149286.0,0
2024-11-22,UPSCL.SN,UPS,149286.0,0
2024-11-25,UPSCL.SN,UPS,149286.0,0
2024-11-26,UPSCL.SN,UPS,149286.0,0
2024-11-27,UPSCL.SN,UPS,149286.0,0
2024-11-28,UPSCL.SN,UPS,149286.0,0
2024-11-29,UPSCL.SN,UPS,149286.0,0
2024-12-02,UPSCL.SN,UPS,149286.0,0
2024-12-03,UPSCL.SN,UPS,149286.0,0
2024-12-04,UPSCL.SN,UPS,149286.0,0
2024-12-05,UPSCL.SN,UPS,149286.0,0
2024-12-06,UPSCL.SN,UPS,149286.0,0
2024-12-09,UPSCL.SN,UPS,149286.0,0
2024-12-10,UPSCL.SN,UPS,149286.0,0
2024-12-11,UPSCL.SN,UPS,149286.0,0
2024-12-12,UPSCL.SN,UPS,149286.0,0
2024-12-13,UPSCL.SN,UPS,149286.0,0
2024-12-16,UPSCL.SN,UPS,149286.0,0
2024-12-17,UPSCL.SN,UPS,149286.0,0
2024-12-18,UPSCL.SN,UPS,149286.0,0
2024-12-19,UPSCL.SN,UPS,149286.0,0
2024-12-20,UPSCL.SN,UPS,149286.0,0
2024-12-23,UPSCL.SN,UPS,149286.0,0
2024-12-24,UPSCL.SN,UPS,149286.0,0
2024-12-26,UPSCL.SN,UPS,149286.0,0
2024-12-27,UPSCL.SN,UPS,149286.0,6
2024-12-30,UPSCL.SN,UPS,149286.0,0
2025-01-02,UPSCL.SN,UPS,149286.0,0
2025-01-03,UPSCL.SN,UPS,149286.0,0
2025-01-06,UPSCL.SN,UPS,149286.0,0
2025-01-07,UPSCL.SN,UPS,149286.0,0
2025-01-08,UPSCL.SN,UPS,149286.0,0
2025-01-09,UPSCL.SN,UPS,149286.0,0
2025-01-10,UPSCL.SN,UPS,149286.0,0
2025-01-13,UPSCL.SN,UPS,149286.0,0
2025-01-14,UPSCL.SN,UPS,149286.0,0
2025-01-15,UPSCL.SN,UPS,149286.0,0
2025-01-16,UPSCL.SN,UPS,149286.0,0
2025-01-17,UPSCL.SN,UPS,149286.0,0
2025-01-20,UPSCL.SN,UPS,149286.0,0
2025-01-21,UPSCL.SN,UPS,149286.0,0
2025-01-22,UPSCL.SN,UPS,149286.0,0
2025-01-23,UPSCL.SN,UPS,149286.0,0
2025-01-24,UPSCL.SN,UPS,149286.0,0
2025-01-27,UPSCL.SN,UPS,149286.0,0
2025-01-28,UPSCL.SN,UPS,149286.0,0
2025-01-29,UPSCL.SN,UPS,149286.0,0
2025-01-30,UPSCL.SN,UPS,149286.0,5
2025-01-31,UPSCL.SN,UPS,149286.0,0
2025-02-03,UPSCL.SN,UPS,149286.0,0
2025-02-04,UPSCL.SN,UPS,149286.0,0
2025-02-05,UPSCL.SN,UPS,149286.0,0
2025-02-06,UPSCL.SN,UPS,149286.0,0
2025-02-07,UPSCL.SN,UPS,149286.0,0
2025-02-10,UPSCL.SN,UPS,149286.0,0
2025-02-11,UPSCL.SN,UPS,149286.0,0
2025-02-12,UPSCL.SN,UPS,149286.0,0
2025-02-13,UPSCL.SN,UPS,149286.0,0
2025-02-14,UPSCL.SN,UPS,149286.0,0
2025-02-17,UPSCL.SN,UPS,149286.0,0
2025-02-18,UPSCL.SN,UPS,149286.0,0
2025-02-19,UPSCL.SN,UPS,149286.0,0
2025-02-20,UPSCL.SN,UPS,149286.0,0
2025-02-21,UPSCL.SN,UPS,149286.0,0
2025-02-24,UPSCL.SN,UPS,149286.0,0
2025-02-25,UPSCL.SN,UPS,149286.0,0
2025-02-26,UPSCL.SN,UPS,149286.0,0
2025-02-27,UPSCL.SN,UPS,149286.0,0
2025-02-28,UPSCL.SN,UPS,149286.0,0
2025-03-03,UPSCL.SN,UPS,149286.0,0
2025-03-04,UPSCL.SN,UPS,149286.0,0
2025-03-05,UPSCL.SN,UPS,149286.0,0
2025-03-06,UPSCL.SN,UPS,149286.0,0
2025-03-07,UPSCL.SN,UPS,149286.0,0
2025-03-10,UPSCL.SN,UPS,149286.0,0
2025-03-11,UPSCL.SN,UPS,149286.0,0
2025-03-12,UPSCL.SN,UPS,149286.0,0
2025-03-13,UPSCL.SN,UPS,149286.0,0
2025-03-14,UPSCL.SN,UPS,149286.0,0
2025-03-17,UPSCL.SN,UPS,149286.0,0
2025-03-18,UPSCL.SN,UPS,149286.0,0
2025-03-19,UPSCL.SN,UPS,149286.0,0
2025-03-20,UPSCL.SN,UPS,149286.0,0
2025-03-21,UPSCL.SN,UPS,149286.0,0
2025-03-24,UPSCL.SN,UPS,149286.0,0
2025-03-25,UPSCL.SN,UPS,149286.0,0
2025-03-26,UPSCL.SN,UPS,149286.0,0
2025-03-27,UPSCL.SN,UPS,149286.0,0
2025-03-28,UPSCL.SN,UPS,149286.0,0
2025-03-31,UPSCL.SN,UPS,149286.0,0
2025-04-01,UPSCL.SN,UPS,149286.0,0
2025-04-02,UPSCL.SN,UPS,149286.0,0
2025-04-03,UPSCL.SN,UPS,149286.0,0
2025-04-04,UPSCL.SN,UPS,149286.0,0
2025-04-07,UPSCL.SN,UPS,149286.0,0
2025-04-08,UPSCL.SN,UPS,149286.0,0
2025-04-09,UPSCL.SN,UPS,149286.0,0
2025-04-10,UPSCL.SN,UPS,149286.0,0
2025-04-11,UPSCL.SN,UPS,149286.0,0
2025-04-14,UPSCL.SN,UPS,149286.0,0
2025-04-15,UPSCL.SN,UPS,149286.0,0
2025-04-16,UPSCL.SN,UPS,149286.0,0
2025-04-17,UPSCL.SN,UPS,149286.0,0
2025-04-21,UPSCL.SN,UPS,149286.0,0
2025-04-22,UPSCL.SN,UPS,149286.0,0
2025-04-23,UPSCL.SN,UPS,149286.0,0
2025-04-24,UPSCL.SN,UPS,149286.0,0
2025-04-25,UPSCL.SN,UPS,149286.0,0
2025-04-28,UPSCL.SN,UPS,149286.0,0
2025-04-29,UPSCL.SN,UPS,149286.0,0
2025-04-30,UPSCL.SN,UPS,149286.0,0
2025-05-02,UPSCL.SN,UPS,149286.0,0
2025-05-05,UPSCL.SN,UPS,149286.0,0
2025-05-06,UPSCL.SN,UPS,149286.0,0
2025-05-07,UPSCL.SN,UPS,149286.0,0
2025-05-08,UPSCL.SN,UPS,149286.0,0
2025-05-09,UPSCL.SN,UPS,149286.0,0
2025-05-12,UPSCL.SN,UPS,149286.0,0
2025-05-13,UPSCL.SN,UPS,149286.0,0
2025-05-14,UPSCL.SN,UPS,149286.0,1
2025-05-15,UPSCL.SN,UPS,149286.0,0
2025-05-16,UPSCL.SN,UPS,149286.0,0
2025-05-19,UPSCL.SN,UPS,149286.0,1
2025-05-20,UPSCL.SN,UPS,149286.0,0
2025-05-22,UPSCL.SN,UPS,149286.0,0
2025-05-23,UPSCL.SN,UPS,149286.0,0
2025-05-26,UPSCL.SN,UPS,149286.0,0
2025-05-27,UPSCL.SN,UPS,149286.0,0
2025-05-28,UPSCL.SN,UPS,149286.0,0
2025-05-29,UPSCL.SN,UPS,149286.0,0
2025-05-30,UPSCL.SN,UPS,149286.0,0
2025-06-02,UPSCL.SN,UPS,149286.0,0
2025-06-03,UPSCL.SN,UPS,149286.0,0
2025-06-04,UPSCL.SN,UPS,149286.0,0
2025-06-05,UPSCL.SN,UPS,149286.0,0
2025-06-06,UPSCL.SN,UPS,149286.0,0
2025-06-09,UPSCL.SN,UPS,149286.0,0
2025-06-10,UPSCL.SN,UPS,149286.0,0
2025-06-11,UPSCL.SN,UPS,149286.0,0
2025-06-12,UPSCL.SN,UPS,149286.0,0
2025-06-13,UPSCL.SN,UPS,149286.0,0
2025-06-16,UPSCL.SN,UPS,149286.0,0
2025-06-17,UPSCL.SN,UPS,149286.0,0
2025-06-18,UPSCL.SN,UPS,149286.0,0
2025-06-19,UPSCL.SN,UPS,149286.0,0
2025-06-23,UPSCL.SN,UPS,149286.0,0
2025-06-24,UPSCL.SN,UPS,149286.0,0
2025-06-25,UPSCL.SN,UPS,149286.0,0
2025-06-26,UPSCL.SN,UPS,149286.0,0
2025-06-27,UPSCL.SN,UPS,149286.0,0
2025-06-30,UPSCL.SN,UPS,149286.0,0
2025-07-01,UPSCL.SN,UPS,149286.0,0
2025-07-02,UPSCL.SN,UPS,149286.0,0
2025-07-03,UPSCL.SN,UPS,149286.0,0
2025-07-04,UPSCL.SN,UPS,149286.0,0
2025-07-07,UPSCL.SN,UPS,149286.0,0
2025-07-08,UPSCL.SN,UPS,149286.0,0
2025-07-09,UPSCL.SN,UPS,149286.0,0
2025-07-10,UPSCL.SN,UPS,149286.0,0
2025-07-11,UPSCL.SN,UPS,149286.0,0
2025-07-14,UPSCL.SN,UPS,149286.0,0
2025-07-15,UPSCL.SN,UPS,149286.0,0
2025-07-17,UPSCL.SN,UPS,149286.0,0
2025-07-18,UPSCL.SN,UPS,149286.0,0
2025-07-21,UPSCL.SN,UPS,149286.0,0
2025-07-22,UPSCL.SN,UPS,149286.0,0
2025-07-23,UPSCL.SN,UPS,149286.0,0
2025-07-24,UPSCL.SN,UPS,149286.0,0
2025-07-25,UPSCL.SN,UPS,149286.0,0
2025-07-28,UPSCL.SN,UPS,149286.0,0
2025-07-29,UPSCL.SN,UPS,149286.0,0
2025-07-30,UPSCL.SN,UPS,149286.0,0
2025-07-31,UPSCL.SN,UPS,149286.0,0
2025-08-01,UPSCL.SN,UPS,149286.0,0
2025-08-04,UPSCL.SN,UPS,149286.0,0
2025-08-05,UPSCL.SN,UPS,149286.0,0
2025-08-06,UPSCL.SN,UPS,149286.0,0
2025-08-07,UPSCL.SN,UPS,149286.0,0
2025-08-08,UPSCL.SN,UPS,149286.0,0
2025-08-11,UPSCL.SN,UPS,149286.0,0
2025-08-12,UPSCL.SN,UPS,149286.0,0
2025-08-13,UPSCL.SN,UPS,149286.0,0
2025-08-14,UPSCL.SN,UPS,149286.0,0
2025-08-18,UPSCL.SN,UPS,149286.0,0
2025-08-19,UPSCL.SN,UPS,149286.0,0
2025-08-20,UPSCL.SN,UPS,149286.0,0
2025-08-21,UPSCL.SN,UPS,149286.0,0
2025-08-22,UPSCL.SN,UPS,149286.0,0
2025-08-25,UPSCL.SN,UPS,149286.0,0
2025-08-26,UPSCL.SN,UPS,149286.0,0
2025-08-27,UPSCL.SN,UPS,149286.0,0
2025-08-28,UPSCL.SN,UPS,149286.0,0
2025-08-29,UPSCL.SN,UPS,149286.0,0
2025-09-01,UPSCL.SN,UPS,149286.0,0
2025-09-02,UPSCL.SN,UPS,149286.0,0
2025-09-03,UPSCL.SN,UPS,149286.0,0
2025-09-04,UPSCL.SN,UPS,149286.0,0
2025-09-05,UPSCL.SN,UPS,149286.0,0
2025-09-08,UPSCL.SN,UPS,149286.0,0
2025-09-09,UPSCL.SN,UPS,149286.0,0
2025-09-10,UPSCL.SN,UPS,149286.0,0
2025-09-11,UPSCL.SN,UPS,149286.0,0
2025-09-12,UPSCL.SN,UPS,149286.0,0
2025-09-15,UPSCL.SN,UPS,149286.0,0
2025-09-16,UPSCL.SN,UPS,149286.0,0
2025-09-17,UPSCL.SN,UPS,149286.0,0
2025-09-22,UPSCL.SN,UPS,149286.0,0
2025-09-23,UPSCL.SN,UPS,149286.0,0
2025-09-24,UPSCL.SN,UPS,149286.0,0
2025-09-25,UPSCL.SN,UPS,149286.0,0
2025-09-26,UPSCL.SN,UPS,149286.0,0
2025-09-29,UPSCL.SN,UPS,149286.0,0
2025-09-30,UPSCL.SN,UPS,149286.0,0
2025-10-01,UPSCL.SN,UPS,149286.0,0
2025-10-02,UPSCL.SN,UPS,149286.0,0
2025-10-03,UPSCL.SN,UPS,84600.0,155
2025-10-06,UPSCL.SN,UPS,84600.0,0
2025-10-07,UPSCL.SN,UPS,84600.0,0
2025-10-08,UPSCL.SN,UPS,84600.0,0
2025-10-09,UPSCL.SN,UPS,84600.0,0
2025-10-10,UPSCL.SN,UPS,84600.0,0
2025-10-13,UPSCL.SN,UPS,84600.0,0
2025-10-14,UPSCL.SN,UPS,84600.0,0
2025-10-15,UPSCL.SN,UPS,84600.0,0
2025-10-16,UPSCL.SN,UPS,84600.0,0
2025-10-17,UPSCL.SN,UPS,84600.0,0
2025-10-20,UPSCL.SN,UPS,84600.0,0
2025-10-21,UPSCL.SN,UPS,84600.0,0
2025-10-22,UPSCL.SN,UPS,84600.0,0
2025-10-23,UPSCL.SN,UPS,84600.0,0
2025-10-24,UPSCL.SN,UPS,84600.0,0
2025-10-27,UPSCL.SN,UPS,84600.0,0
2025-10-28,UPSCL.SN,UPS,84600.0,0
2025-10-29,UPSCL.SN,UPS,84600.0,61
2025-10-30,UPSCL.SN,UPS,84600.0,0
2025-11-03,UPSCL.SN,UPS,84600.0,0
2025-11-04,UPSCL.SN,UPS,84600.0,0
2025-11-05,UPSCL.SN,UPS,84600.0,0
2025-11-06,UPSCL.SN,UPS,84600.0,0
2025-11-07,UPSCL.SN,UPS,84600.0,0
2025-11-10,UPSCL.SN,UPS,84600.0,0
2025-11-11,UPSCL.SN,UPS,84600.0,0
2025-11-12,UPSCL.SN,UPS,84600.0,0
2025-11-13,UPSCL.SN,UPS,84600.0,0
2025-11-14,UPSCL.SN,UPS,84600.0,0
2025-11-17,UPSCL.SN,UPS,84600.0,0
2025-11-18,UPSCL.SN,UPS,84600.0,0
2025-11-19,UPSCL.SN,UPS,84600.0,0
2025-11-20,UPSCL.SN,UPS,84600.0,0
2025-11-21,UPSCL.SN,UPS,84600.0,0
2025-11-24,UPSCL.SN,UPS,84600.0,4
2025-11-25,UPSCL.SN,UPS,84600.0,0
2025-11-26,UPSCL.SN,UPS,84600.0,0
2025-11-27,UPSCL.SN,UPS,84600.0,0
2025-11-28,UPSCL.SN,UPS,84600.0,0
2025-12-01,UPSCL.SN,UPS,84600.0,0
2025-12-02,UPSCL.SN,UPS,84600.0,0
2025-12-03,UPSCL.SN,UPS,84600.0,1
2025-12-04,UPSCL.SN,UPS,84600.0,0
2025-12-05,UPSCL.SN,UPS,84600.0,0
2025-12-09,UPSCL.SN,UPS,84600.0,0
2025-12-10,UPSCL.SN,UPS,84600.0,0
2025-12-11,UPSCL.SN,UPS,84600.0,0
2025-12-12,UPSCL.SN,UPS,84600.0,5
2025-12-15,UPSCL.SN,UPS,84600.0,12
2025-12-16,UPSCL.SN,UPS,84600.0,0
2025-12-17,UPSCL.SN,UPS,84600.0,0
2025-12-18,UPSCL.SN,UPS,84600.0,0
2025-12-19,UPSCL.SN,UPS,84600.0,0
2025-12-22,UPSCL.SN,UPS,84600.0,0
2025-12-23,UPSCL.SN,UPS,84600.0,0
2025-12-24,UPSCL.SN,UPS,84600.0,0
2025-12-26,UPSCL.SN,UPS,84600.0,0
2025-12-29,UPSCL.SN,UPS,84600.0,0
2025-12-30,UPSCL.SN,UPS,84600.0,0
2026-01-02,UPSCL.SN,UPS,84600.0,0
2026-01-05,UPSCL.SN,UPS,84600.0,0
2026-01-06,UPSCL.SN,UPS,84600.0,35
2026-01-07,UPSCL.SN,UPS,84600.0,0
2026-01-08,UPSCL.SN,UPS,84600.0,0
2026-01-09,UPSCL.SN,UPS,84600.0,0
2026-01-12,UPSCL.SN,UPS,84600.0,0
2026-01-13,UPSCL.SN,UPS,84600.0,0
2026-01-14,UPSCL.SN,UPS,84600.0,0
2026-01-15,UPSCL.SN,UPS,84600.0,0
2026-01-16,UPSCL.SN,UPS,84600.0,0
2026-01-19,UPSCL.SN,UPS,84600.0,0
2026-01-20,UPSCL.SN,UPS,84600.0,0
2026-01-21,UPSCL.SN,UPS,84600.0,0
2026-01-22,UPSCL.SN,UPS,84600.0,0
2026-01-23,UPSCL.SN,UPS,84600.0,0
2026-01-26,UPSCL.SN,UPS,84600.0,0
2026-01-27,UPSCL.SN,UPS,84600.0,0
2026-01-28,UPSCL.SN,UPS,84600.0,0
2026-01-29,UPSCL.SN,UPS,84600.0,0
2026-01-30,UPSCL.SN,UPS,84600.0,0
2026-02-02,UPSCL.SN,UPS,84600.0,0
2026-02-03,UPSCL.SN,UPS,84600.0,0
2026-02-04,UPSCL.SN,UPS,84600.0,0
2026-02-05,UPSCL.SN,UPS,84600.0,0
2026-02-06,UPSCL.SN,UPS,84600.0,0
2026-02-09,UPSCL.SN,UPS,84600.0,0
2026-02-10,UPSCL.SN,UPS,84600.0,0
2026-02-11,UPSCL.SN,UPS,84600.0,0
2026-02-12,UPSCL.SN,UPS,84600.0,0
2026-02-13,UPSCL.SN,UPS,84600.0,0
2026-02-16,UPSCL.SN,UPS,84600.0,0
2026-02-17,UPSCL.SN,UPS,84600.0,0
2026-02-18,UPSCL.SN,UPS,84600.0,0
2026-02-19,UPSCL.SN,UPS,84600.0,0
2026-02-20,UPSCL.SN,UPS,84600.0,0
2026-02-23,UPSCL.SN,UPS,84600.0,0
2026-02-24,UPSCL.SN,UPS,84600.0,0
2026-02-25,UPSCL.SN,UPS,84600.0,0
2026-02-26,UPSCL.SN,UPS,84600.0,0
2026-02-27,UPSCL.SN,UPS,84600.0,0
2026-03-02,UPSCL.SN,UPS,84600.0,0
2026-03-03,UPSCL.SN,UPS,84600.0,0
2026-03-04,UPSCL.SN,UPS,84600.0,0
2026-03-05,UPSCL.SN,UPS,84600.0,0
2026-03-06,UPSCL.SN,UPS,84600.0,0
2026-03-09,UPSCL.SN,UPS,84600.0,0
2026-03-10,UPSCL.SN,UPS,84600.0,0
2026-03-11,UPSCL.SN,UPS,84600.0,0
2026-03-12,UPSCL.SN,UPS,84600.0,0
2026-03-13,UPSCL.SN,UPS,84600.0,0
2026-03-16,UPSCL.SN,UPS,84600.0,0
2026-03-17,UPSCL.SN,UPS,84600.0,0
2026-03-18,UPSCL.SN,UPS,84600.0,0
2026-03-19,UPSCL.SN,UPS,84600.0,0
2026-03-20,UPSCL.SN,UPS,84600.0,0
2026-03-23,UPSCL.SN,UPS,84600.0,0
2026-03-24,UPSCL.SN,UPS,84600.0,0
2026-03-25,UPSCL.SN,UPS,84600.0,0
2026-03-26,UPSCL.SN,UPS,84600.0,0
2026-03-27,UPSCL.SN,UPS,84600.0,0
2026-03-30,UPSCL.SN,UPS,84600.0,0
2026-03-31,UPSCL.SN,UPS,84600.0,0
2026-04-01,UPSCL.SN,UPS,84600.0,0
2026-04-02,UPSCL.SN,UPS,84600.0,0
2026-04-06,UPSCL.SN,UPS,84600.0,0
2026-04-07,UPSCL.SN,UPS,84600.0,0
2026-04-08,UPSCL.SN,UPS,84600.0,0
2026-04-09,UPSCL.SN,UPS,84600.0,0
2026-04-10,UPSCL.SN,UPS,84600.0,0
2026-04-13,UPSCL.SN,UPS,84600.0,0
2026-04-14,UPSCL.SN,UPS,84600.0,0
2026-04-15,UPSCL.SN,UPS,84600.0,0
2026-04-16,UPSCL.SN,UPS,84600.0,0
2026-04-17,UPSCL.SN,UPS,84600.0,0
2026-04-20,UPSCL.SN,UPS,84600.0,0
2026-04-21,UPSCL.SN,UPS,84600.0,0
2026-04-22,UPSCL.SN,UPS,84600.0,0
2026-04-23,UPSCL.SN,UPS,84600.0,0
2026-04-24,UPSCL.SN,UPS,84600.0,0
2026-04-27,UPSCL.SN,UPS,84600.0,0
2026-04-28,UPSCL.SN,UPS,84600.0,0
2026-04-29,UPSCL.SN,UPS,84600.0,0
2026-04-30,UPSCL.SN,UPS,84600.0,0
2026-05-04,UPSCL.SN,UPS,84600.0,0
2026-05-05,UPSCL.SN,UPS,84600.0,0
2026-05-06,UPSCL.SN,UPS,84600.0,0
2026-05-07,UPSCL.SN,UPS,84600.0,0
2026-05-08,UPSCL.SN,UPS,84600.0,0
2026-05-11,UPSCL.SN,UPS,92000.0,107
2026-05-12,UPSCL.SN,UPS,92000.0,0
2026-05-13,UPSCL.SN,UPS,92000.0,0
2026-05-14,UPSCL.SN,UPS,92000.0,0
2026-05-15,UPSCL.SN,UPS,92000.0,0
2026-05-18,UPSCL.SN,UPS,92000.0,0
2026-05-19,UPSCL.SN,UPS,92000.0,0
2026-05-20,UPSCL.SN,UPS,92000.0,0
2026-05-22,UPSCL.SN,UPS,92000.0,0
2026-05-25,UPSCL.SN,UPS,92000.0,0
2026-05-26,UPSCL.SN,UPS,92000.0,0
2026-05-27,UPSCL.SN,UPS,92000.0,0
2026-05-28,UPSCL.SN,UPS,92000.0,0
2026-05-29,UPSCL.SN,UPS,92000.0,0
2026-06-01,UPSCL.SN,UPS,92000.0,0
2026-06-02,UPSCL.SN,UPS,92000.0,0
2026-06-03,UPSCL.SN,UPS,92000.0,0
2026-06-04,UPSCL.SN,UPS,92000.0,0
2026-06-05,UPSCL.SN,UPS,92000.0,0
2026-06-08,UPSCL.SN,UPS,92000.0,0
2026-06-09,UPSCL.SN,UPS,92000.0,0
2026-06-10,UPSCL.SN,UPS,92000.0,0
2026-06-11,UPSCL.SN,UPS,92000.0,0
2026-06-12,UPSCL.SN,UPS,92000.0,0
2026-06-15,UPSCL.SN,UPS,92000.0,0
2026-06-16,UPSCL.SN,UPS,92000.0,0
2026-06-17,UPSCL.SN,UPS,92000.0,0
2026-06-18,UPSCL.SN,UPS,92000.0,0
2026-06-19,UPSCL.SN,UPS,92000.0,0
2026-06-22,UPSCL.SN,UPS,92000.0,0
2026-06-23,UPSCL.SN,UPS,92000.0,0
2026-06-24,UPSCL.SN,UPS,92000.0,0
2026-06-25,UPSCL.SN,UPS,92000.0,0
2026-06-26,UPSCL.SN,UPS,92000.0,0
2026-06-30,UPSCL.SN,UPS,92000.0,0
2026-07-01,UPSCL.SN,UPS,92000.0,0
2026-07-02,UPSCL.SN,UPS,92000.0,0
2026-07-03,UPSCL.SN,UPS,92000.0,0
2026-07-06,UPSCL.SN,UPS,92000.0,0
2026-07-07,UPSCL.SN,UPS,92000.0,0
2026-07-08,UPSCL.SN,UPS,92000.0,0
2026-07-09,UPSCL.SN,UPS,92000.0,0
2026-07-10,UPSCL.SN,UPS,92000.0,0
2026-07-13,UPSCL.SN,UPS,92000.0,0
2026-07-14,UPSCL.SN,UPS,92000.0,0
2026-07-15,UPSCL.SN,UPS,92000.0,0
2026-07-17,UPSCL.SN,UPS,92000.0,0
2026-07-20,UPSCL.SN,UPS,92000.0,0
2026-07-21,UPSCL.SN,UPS,105570.0,0
2026-07-22,UPSCL.SN,UPS,105570.0,0
2026-07-23,UPSCL.SN,UPS,105570.0,0
2026-07-24,UPSCL.SN,UPS,105570.0,0
2026-07-27,UPSCL.SN,UPS,105570.0,0
2026-07-28,UPSCL.SN,UPS,106560.0,0
2026-07-29,UPSCL.SN,UPS,106560.0,0
2026-07-30,UPSCL.SN,UPS,106560.0,0
2026-07-31,UPSCL.SN,UPS,106560.0,0
2026-08-03,UPSCL.SN,UPS,106560.0,0
2026-08-04,UPSCL.SN,UPS,98843.0,0
2026-08-05,UPSCL.SN,UPS,98843.0,0
2026-08-06,UPSCL.SN,UPS,98843.0,0
2026-08-07,UPSCL.SN,UPS,98843.0,0
2026-08-10,UPSCL.SN,UPS,98843.0,0
2026-08-11,UPSCL.SN,UPS,95955.0,0
2026-08-12,UPSCL.SN,UPS,95955.0,0
2026-08-13,UPSCL.SN,UPS,95955.0,0
2026-08-14,UPSCL.SN,UPS,95955.0,0
2026-08-17,UPSCL.SN,UPS,95955.0,0
2026-08-18,UPSCL.SN,UPS,93266.0,0
2026-08-19,UPSCL.SN,UPS,93266.0,0
2026-08-20,UPSCL.SN,UPS,93266.0,0
2026-08-21,UPSCL.SN,UPS,93266.0,0
2026-08-24,UPSCL.SN,UPS,93266.0,0
2026-08-25,UPSCL.SN,UPS,93952.0,0
2026-08-26,UPSCL.SN,UPS,93952.0,0
2026-08-27,UPSCL.SN,UPS,93952.0,0
2026-08-28,UPSCL.SN,UPS,93952.0,0
2026-08-31,UPSCL.SN,UPS,93952.0,0
2026-09-01,UPSCL.SN,UPS,93952.0,0
2026-09-02,UPSCL.SN,UPS,93952.0,0
2026-09-03,UPSCL.SN,UPS,93952.0,0
2026-09-04,UPSCL.SN,UPS,93952.0,0
2026-09-07,UPSCL.SN,UPS,93952.0,0
2026-09-08,UPSCL.SN,UPS,93952.0,0
2026-09-09,UPSCL.SN,UPS,93320.0,0
2026-09-10,UPSCL.SN,UPS,93320.0,0
2026-09-11,UPSCL.SN,UPS,93320.0,0
2026-09-14,UPSCL.SN,UPS,93320.0,0
2026-09-15,UPSCL.SN,UPS,98109.0,0
2026-09-16,UPSCL.SN,UPS,98109.0,0
2026-09-17,UPSCL.SN,UPS,98109.0,0
2026-09-21,UPSCL.SN,UPS,98109.0,0
2024-09-23,VCL.SN,V,264241.0,0
2024-09-24,VCL.SN,V,264241.0,2
2024-09-25,VCL.SN,V,264241.0,6
2024-09-26,VCL.SN,V,264241.0,2
2024-09-27,VCL.SN,V,248950.0,48
2024-09-30,VCL.SN,V,246450.0,42
2024-10-01,VCL.SN,V,246450.0,12
2024-10-02,VCL.SN,V,250830.0,61
2024-10-03,VCL.SN,V,250830.0,17
2024-10-04,VCL.SN,V,250830.0,5
2024-10-07,VCL.SN,V,250830.0,12
2024-10-08,VCL.SN,V,250830.0,8
2024-10-09,VCL.SN,V,250830.0,0
2024-10-10,VCL.SN,V,250830.0,9
2024-10-11,VCL.SN,V,250830.0,0
2024-10-14,VCL.SN,V,250830.0,1
2024-10-15,VCL.SN,V,250830.0,4
2024-10-16,VCL.SN,V,250830.0,26
2024-10-17,VCL.SN,V,250830.0,4
2024-10-18,VCL.SN,V,250830.0,0
2024-10-21,VCL.SN,V,250830.0,21
2024-10-22,VCL.SN,V,250830.0,6
2024-10-23,VCL.SN,V,269400.0,42
2024-10-24,VCL.SN,V,269400.0,17
2024-10-25,VCL.SN,V,269400.0,26
2024-10-28,VCL.SN,V,269400.0,8
2024-10-29,VCL.SN,V,269400.0,10
2024-10-30,VCL.SN,V,269400.0,8
2024-11-04,VCL.SN,V,280047.0,35
2024-11-05,VCL.SN,V,280047.0,26
2024-11-06,VCL.SN,V,294400.0,71
2024-11-07,VCL.SN,V,294400.0,23
2024-11-08,VCL.SN,V,301757.0,28
2024-11-11,VCL.SN,V,301757.0,12
2024-11-12,VCL.SN,V,304400.0,60
2024-11-13,VCL.SN,V,304400.0,17
2024-11-14,VCL.SN,V,303300.0,65
2024-11-15,VCL.SN,V,303300.0,21
2024-11-18,VCL.SN,V,303300.0,13
2024-11-19,VCL.SN,V,303300.0,12
2024-11-20,VCL.SN,V,303300.0,0
2024-11-21,VCL.SN,V,302256.0,39
2024-11-22,VCL.SN,V,302256.0,17
2024-11-25,VCL.SN,V,302256.0,0
2024-11-26,VCL.SN,V,307000.0,50
2024-11-27,VCL.SN,V,307000.0,11
2024-11-28,VCL.SN,V,307000.0,0
2024-11-29,VCL.SN,V,308364.0,64
2024-12-02,VCL.SN,V,307200.0,1178
2024-12-03,VCL.SN,V,307200.0,0
2024-12-04,VCL.SN,V,307200.0,0
2024-12-05,VCL.SN,V,307200.0,0
2024-12-06,VCL.SN,V,307200.0,0
2024-12-09,VCL.SN,V,307200.0,0
2024-12-10,VCL.SN,V,307200.0,0
2024-12-11,VCL.SN,V,307200.0,0
2024-12-12,VCL.SN,V,307200.0,0
2024-12-13,VCL.SN,V,307200.0,0
2024-12-16,VCL.SN,V,307200.0,0
2024-12-17,VCL.SN,V,307200.0,0
2024-12-18,VCL.SN,V,307200.0,0
2024-12-19,VCL.SN,V,307200.0,0
2024-12-20,VCL.SN,V,307200.0,0
2024-12-23,VCL.SN,V,307200.0,0
2024-12-24,VCL.SN,V,307200.0,0
2024-12-26,VCL.SN,V,307200.0,0
2024-12-27,VCL.SN,V,307200.0,0
2024-12-30,VCL.SN,V,307200.0,0
2025-01-02,VCL.SN,V,307200.0,0
2025-01-03,VCL.SN,V,307200.0,0
2025-01-06,VCL.SN,V,307200.0,0
2025-01-07,VCL.SN,V,307200.0,0
2025-01-08,VCL.SN,V,307200.0,0
2025-01-09,VCL.SN,V,307200.0,0
2025-01-10,VCL.SN,V,307200.0,1
2025-01-13,VCL.SN,V,307200.0,0
2025-01-14,VCL.SN,V,307200.0,0
2025-01-15,VCL.SN,V,307200.0,0
2025-01-16,VCL.SN,V,307200.0,0
2025-01-17,VCL.SN,V,307200.0,0
2025-01-20,VCL.SN,V,307200.0,0
2025-01-21,VCL.SN,V,307200.0,15
2025-01-22,VCL.SN,V,307200.0,0
2025-01-23,VCL.SN,V,307200.0,0
2025-01-24,VCL.SN,V,307200.0,0
2025-01-27,VCL.SN,V,307200.0,0
2025-01-28,VCL.SN,V,307200.0,1
2025-01-29,VCL.SN,V,307200.0,0
2025-01-30,VCL.SN,V,307200.0,0
2025-01-31,VCL.SN,V,307200.0,20
2025-02-03,VCL.SN,V,307200.0,0
2025-02-04,VCL.SN,V,307200.0,0
2025-02-05,VCL.SN,V,307200.0,0
2025-02-06,VCL.SN,V,307200.0,0
2025-02-07,VCL.SN,V,307200.0,0
2025-02-10,VCL.SN,V,307200.0,0
2025-02-11,VCL.SN,V,307200.0,0
2025-02-12,VCL.SN,V,307200.0,0
2025-02-13,VCL.SN,V,307200.0,0
2025-02-14,VCL.SN,V,307200.0,0
2025-02-17,VCL.SN,V,307200.0,0
2025-02-18,VCL.SN,V,307200.0,0
2025-02-19,VCL.SN,V,307200.0,0
2025-02-20,VCL.SN,V,307200.0,3
2025-02-21,VCL.SN,V,307200.0,0
2025-02-24,VCL.SN,V,307200.0,0
2025-02-25,VCL.SN,V,307200.0,0
2025-02-26,VCL.SN,V,307200.0,0
2025-02-27,VCL.SN,V,307200.0,0
2025-02-28,VCL.SN,V,307200.0,0
2025-03-03,VCL.SN,V,307200.0,0
2025-03-04,VCL.SN,V,307200.0,0
2025-03-05,VCL.SN,V,307200.0,0
2025-03-06,VCL.SN,V,307200.0,0
2025-03-07,VCL.SN,V,307200.0,0
2025-03-10,VCL.SN,V,307200.0,0
2025-03-11,VCL.SN,V,307200.0,0
2025-03-12,VCL.SN,V,307200.0,0
2025-03-13,VCL.SN,V,307200.0,0
2025-03-14,VCL.SN,V,307200.0,0
2025-03-17,VCL.SN,V,307200.0,0
2025-03-18,VCL.SN,V,307200.0,0
2025-03-19,VCL.SN,V,307200.0,0
2025-03-20,VCL.SN,V,307200.0,0
2025-03-21,VCL.SN,V,307200.0,0
2025-03-24,VCL.SN,V,307200.0,0
2025-03-25,VCL.SN,V,307200.0,0
2025-03-26,VCL.SN,V,307200.0,0
2025-03-27,VCL.SN,V,307200.0,0
2025-03-28,VCL.SN,V,307200.0,0
2025-03-31,VCL.SN,V,307200.0,0
2025-04-01,VCL.SN,V,307200.0,0
2025-04-02,VCL.SN,V,307200.0,0
2025-04-03,VCL.SN,V,307200.0,0
2025-04-04,VCL.SN,V,307200.0,0
2025-04-07,VCL.SN,V,307200.0,1
2025-04-08,VCL.SN,V,307200.0,0
2025-04-09,VCL.SN,V,307200.0,0
2025-04-10,VCL.SN,V,307200.0,0
2025-04-11,VCL.SN,V,307200.0,0
2025-04-14,VCL.SN,V,307200.0,0
2025-04-15,VCL.SN,V,307200.0,0
2025-04-16,VCL.SN,V,307200.0,0
2025-04-17,VCL.SN,V,307200.0,0
2025-04-21,VCL.SN,V,307200.0,0
2025-04-22,VCL.SN,V,307200.0,0
2025-04-23,VCL.SN,V,307200.0,0
2025-04-24,VCL.SN,V,307200.0,0
2025-04-25,VCL.SN,V,307200.0,0
2025-04-28,VCL.SN,V,307200.0,0
2025-04-29,VCL.SN,V,307200.0,0
2025-04-30,VCL.SN,V,307200.0,0
2025-05-02,VCL.SN,V,307200.0,0
2025-05-05,VCL.SN,V,307200.0,0
2025-05-06,VCL.SN,V,307200.0,0
2025-05-07,VCL.SN,V,307200.0,0
2025-05-08,VCL.SN,V,307200.0,0
2025-05-09,VCL.SN,V,307200.0,0
2025-05-12,VCL.SN,V,307200.0,0
2025-05-13,VCL.SN,V,307200.0,0
2025-05-14,VCL.SN,V,307200.0,0
2025-05-15,VCL.SN,V,307200.0,0
2025-05-16,VCL.SN,V,307200.0,0
2025-05-19,VCL.SN,V,307200.0,0
2025-05-20,VCL.SN,V,307200.0,0
2025-05-22,VCL.SN,V,307200.0,0
2025-05-23,VCL.SN,V,307200.0,0
2025-05-26,VCL.SN,V,307200.0,0
2025-05-27,VCL.SN,V,307200.0,0
2025-05-28,VCL.SN,V,307200.0,0
2025-05-29,VCL.SN,V,307200.0,0
2025-05-30,VCL.SN,V,307200.0,0
2025-06-02,VCL.SN,V,307200.0,0
2025-06-03,VCL.SN,V,307200.0,0
2025-06-04,VCL.SN,V,307200.0,0
2025-06-05,VCL.SN,V,307200.0,0
2025-06-06,VCL.SN,V,307200.0,0
2025-06-09,VCL.SN,V,307200.0,0
2025-06-10,VCL.SN,V,307200.0,0
2025-06-11,VCL.SN,V,307200.0,0
2025-06-12,VCL.SN,V,307200.0,2
2025-06-13,VCL.SN,V,307200.0,9
2025-06-16,VCL.SN,V,307200.0,0
2025-06-17,VCL.SN,V,307200.0,0
2025-06-18,VCL.SN,V,307200.0,0
2025-06-19,VCL.SN,V,307200.0,0
2025-06-23,VCL.SN,V,307200.0,0
2025-06-24,VCL.SN,V,307200.0,0
2025-06-25,VCL.SN,V,327197.0,27
2025-06-26,VCL.SN,V,327197.0,0
2025-06-27,VCL.SN,V,327197.0,0
2025-06-30,VCL.SN,V,327197.0,13
2025-07-01,VCL.SN,V,327197.0,0
2025-07-02,VCL.SN,V,327197.0,0
2025-07-03,VCL.SN,V,327197.0,0
2025-07-04,VCL.SN,V,327197.0,0
2025-07-07,VCL.SN,V,327197.0,0
2025-07-08,VCL.SN,V,327197.0,6
2025-07-09,VCL.SN,V,327197.0,0
2025-07-10,VCL.SN,V,327197.0,0
2025-07-11,VCL.SN,V,327197.0,0
2025-07-14,VCL.SN,V,327197.0,0
2025-07-15,VCL.SN,V,327197.0,0
2025-07-17,VCL.SN,V,327197.0,0
2025-07-18,VCL.SN,V,327197.0,6
2025-07-21,VCL.SN,V,327197.0,1
2025-07-22,VCL.SN,V,327197.0,0
2025-07-23,VCL.SN,V,327197.0,0
2025-07-24,VCL.SN,V,327197.0,0
2025-07-25,VCL.SN,V,327197.0,0
2025-07-28,VCL.SN,V,327197.0,0
2025-07-29,VCL.SN,V,327197.0,0
2025-07-30,VCL.SN,V,346000.0,46
2025-07-31,VCL.SN,V,346000.0,0
2025-08-01,VCL.SN,V,330800.0,3156
2025-08-04,VCL.SN,V,330800.0,0
2025-08-05,VCL.SN,V,326000.0,38
2025-08-06,VCL.SN,V,326000.0,22
2025-08-07,VCL.SN,V,325482.0,34
2025-08-08,VCL.SN,V,325482.0,6
2025-08-11,VCL.SN,V,325482.0,0
2025-08-12,VCL.SN,V,324881.0,32
2025-08-13,VCL.SN,V,327368.0,55
2025-08-14,VCL.SN,V,331800.0,39
2025-08-18,VCL.SN,V,331800.0,11
2025-08-19,VCL.SN,V,331800.0,19
2025-08-20,VCL.SN,V,331800.0,12
2025-08-21,VCL.SN,V,331800.0,5
2025-08-22,VCL.SN,V,331800.0,9
2025-08-25,VCL.SN,V,331800.0,7
2025-08-26,VCL.SN,V,331800.0,12
2025-08-27,VCL.SN,V,331800.0,10
2025-08-28,VCL.SN,V,331800.0,15
2025-08-29,VCL.SN,V,331800.0,0
2025-09-01,VCL.SN,V,331800.0,0
2025-09-02,VCL.SN,V,340400.0,3611
2025-09-03,VCL.SN,V,336700.0,101
2025-09-04,VCL.SN,V,343269.0,37
2025-09-05,VCL.SN,V,332440.0,65
2025-09-08,VCL.SN,V,331738.0,24
2025-09-09,VCL.SN,V,331738.0,0
2025-09-10,VCL.SN,V,331738.0,8
2025-09-11,VCL.SN,V,331738.0,18
2025-09-12,VCL.SN,V,331738.0,7
2025-09-15,VCL.SN,V,331738.0,12
2025-09-16,VCL.SN,V,331738.0,22
2025-09-17,VCL.SN,V,328300.0,25
2025-09-22,VCL.SN,V,328300.0,3
2025-09-23,VCL.SN,V,328300.0,11
2025-09-24,VCL.SN,V,328300.0,0
2025-09-25,VCL.SN,V,323993.0,197
2025-09-26,VCL.SN,V,326011.0,554
2025-09-29,VCL.SN,V,326011.0,6
2025-09-30,VCL.SN,V,326011.0,8
2025-10-01,VCL.SN,V,334421.0,28
2025-10-02,VCL.SN,V,334421.0,12
2025-10-03,VCL.SN,V,339521.0,40
2025-10-06,VCL.SN,V,336166.0,45
2025-10-07,VCL.SN,V,341202.0,95
2025-10-08,VCL.SN,V,341202.0,0
2025-10-09,VCL.SN,V,341202.0,7
2025-10-10,VCL.SN,V,341202.0,0
2025-10-13,VCL.SN,V,341202.0,8
2025-10-14,VCL.SN,V,335300.0,107
2025-10-15,VCL.SN,V,333104.0,32
2025-10-16,VCL.SN,V,333104.0,11
2025-10-17,VCL.SN,V,325805.0,37
2025-10-20,VCL.SN,V,324889.0,31
2025-10-21,VCL.SN,V,331650.0,24
2025-10-22,VCL.SN,V,328382.0,63
2025-10-23,VCL.SN,V,328382.0,10
2025-10-24,VCL.SN,V,328267.0,33
2025-10-27,VCL.SN,V,328267.0,20
2025-10-28,VCL.SN,V,328267.0,21
2025-10-29,VCL.SN,V,321840.0,37
2025-10-30,VCL.SN,V,321840.0,12
2025-11-03,VCL.SN,V,316189.0,171
2025-11-04,VCL.SN,V,316189.0,3
2025-11-05,VCL.SN,V,322000.0,391
2025-11-06,VCL.SN,V,322000.0,11
2025-11-07,VCL.SN,V,318000.0,32
2025-11-10,VCL.SN,V,318000.0,0
2025-11-11,VCL.SN,V,318000.0,0
2025-11-12,VCL.SN,V,320000.0,110
2025-11-13,VCL.SN,V,320000.0,0
2025-11-14,VCL.SN,V,306600.0,49
2025-11-17,VCL.SN,V,306600.0,0
2025-11-18,VCL.SN,V,306600.0,0
2025-11-19,VCL.SN,V,299300.0,40
2025-11-20,VCL.SN,V,302205.0,43
2025-11-21,VCL.SN,V,305486.0,154
2025-11-24,VCL.SN,V,305486.0,15
2025-11-25,VCL.SN,V,312700.0,91
2025-11-26,VCL.SN,V,311048.0,37
2025-11-27,VCL.SN,V,311048.0,0
2025-11-28,VCL.SN,V,310817.0,54
2025-12-01,VCL.SN,V,308239.0,172
2025-12-02,VCL.SN,V,308490.0,136
2025-12-03,VCL.SN,V,308490.0,11
2025-12-04,VCL.SN,V,308490.0,7
2025-12-05,VCL.SN,V,308490.0,5
2025-12-09,VCL.SN,V,303400.0,97
2025-12-10,VCL.SN,V,301971.0,78
2025-12-11,VCL.SN,V,301971.0,6
2025-12-12,VCL.SN,V,301971.0,8
2025-12-15,VCL.SN,V,318000.0,25
2025-12-16,VCL.SN,V,318000.0,0
2025-12-17,VCL.SN,V,318000.0,9
2025-12-18,VCL.SN,V,315260.0,30
2025-12-19,VCL.SN,V,316200.0,35
2025-12-22,VCL.SN,V,316200.0,0
2025-12-23,VCL.SN,V,316200.0,18
2025-12-24,VCL.SN,V,316200.0,13
2025-12-26,VCL.SN,V,316200.0,12
2025-12-29,VCL.SN,V,316200.0,19
2025-12-30,VCL.SN,V,316200.0,10
2026-01-02,VCL.SN,V,316200.0,0
2026-01-05,VCL.SN,V,316200.0,15
2026-01-06,VCL.SN,V,316200.0,1
2026-01-07,VCL.SN,V,317200.0,41
2026-01-08,VCL.SN,V,317700.0,58
2026-01-09,VCL.SN,V,317700.0,23
2026-01-12,VCL.SN,V,317700.0,21
2026-01-13,VCL.SN,V,292100.0,38
2026-01-14,VCL.SN,V,285620.0,80
2026-01-15,VCL.SN,V,290750.0,90
2026-01-16,VCL.SN,V,289500.0,37
2026-01-19,VCL.SN,V,289500.0,0
2026-01-20,VCL.SN,V,287810.0,144
2026-01-21,VCL.SN,V,287810.0,19
2026-01-22,VCL.SN,V,283476.0,48
2026-01-23,VCL.SN,V,283476.0,0
2026-01-26,VCL.SN,V,283476.0,18
2026-01-27,VCL.SN,V,283476.0,18
2026-01-28,VCL.SN,V,283476.0,0
2026-01-29,VCL.SN,V,283476.0,9
2026-01-30,VCL.SN,V,283476.0,27
2026-02-02,VCL.SN,V,286015.0,95
2026-02-03,VCL.SN,V,284333.0,30
2026-02-04,VCL.SN,V,284333.0,15
2026-02-05,VCL.SN,V,288900.0,71
2026-02-06,VCL.SN,V,285000.0,238
2026-02-09,VCL.SN,V,278420.0,40
2026-02-10,VCL.SN,V,281800.0,172
2026-02-11,VCL.SN,V,281800.0,17
2026-02-12,VCL.SN,V,281800.0,1
2026-02-13,VCL.SN,V,281800.0,3
2026-02-16,VCL.SN,V,281800.0,0
2026-02-17,VCL.SN,V,277706.0,201
2026-02-18,VCL.SN,V,277871.0,56
2026-02-19,VCL.SN,V,277871.0,0
2026-02-20,VCL.SN,V,277871.0,0
2026-02-23,VCL.SN,V,277871.0,17
2026-02-24,VCL.SN,V,264346.0,37
2026-02-25,VCL.SN,V,264346.0,4
2026-02-26,VCL.SN,V,264346.0,7
2026-02-27,VCL.SN,V,264346.0,4
2026-03-02,VCL.SN,V,281900.0,661
2026-03-03,VCL.SN,V,281900.0,20
2026-03-04,VCL.SN,V,281900.0,20
2026-03-05,VCL.SN,V,281900.0,6
2026-03-06,VCL.SN,V,281900.0,0
2026-03-09,VCL.SN,V,283931.0,43
2026-03-10,VCL.SN,V,280400.0,53
2026-03-11,VCL.SN,V,280400.0,22
2026-03-12,VCL.SN,V,281300.0,61
2026-03-13,VCL.SN,V,281300.0,3
2026-03-16,VCL.SN,V,281300.0,10
2026-03-17,VCL.SN,V,281300.0,16
2026-03-18,VCL.SN,V,281300.0,26
2026-03-19,VCL.SN,V,281300.0,19
2026-03-20,VCL.SN,V,279000.0,37
2026-03-23,VCL.SN,V,280000.0,208
2026-03-24,VCL.SN,V,278048.0,29
2026-03-25,VCL.SN,V,278048.0,26
2026-03-26,VCL.SN,V,280600.0,44
2026-03-27,VCL.SN,V,280600.0,10
2026-03-30,VCL.SN,V,278168.0,30
2026-03-31,VCL.SN,V,278168.0,11
2026-04-01,VCL.SN,V,272575.0,151
2026-04-02,VCL.SN,V,272575.0,28
2026-04-06,VCL.SN,V,272575.0,14
2026-04-07,VCL.SN,V,278500.0,142
2026-04-08,VCL.SN,V,278500.0,15
2026-04-09,VCL.SN,V,278500.0,26
2026-04-10,VCL.SN,V,270600.0,7562
2026-04-13,VCL.SN,V,270600.0,0
2026-04-14,VCL.SN,V,270600.0,0
2026-04-15,VCL.SN,V,270600.0,3
2026-04-16,VCL.SN,V,270600.0,3
2026-04-17,VCL.SN,V,270600.0,0
2026-04-20,VCL.SN,V,270600.0,5
2026-04-21,VCL.SN,V,270600.0,0
2026-04-22,VCL.SN,V,270600.0,20
2026-04-23,VCL.SN,V,270600.0,0
2026-04-24,VCL.SN,V,270600.0,0
2026-04-27,VCL.SN,V,270600.0,1
2026-04-28,VCL.SN,V,270600.0,6
2026-04-29,VCL.SN,V,303331.0,39
2026-04-30,VCL.SN,V,303331.0,5
2026-05-04,VCL.SN,V,303331.0,0
2026-05-05,VCL.SN,V,303331.0,0
2026-05-06,VCL.SN,V,303331.0,0
2026-05-07,VCL.SN,V,303331.0,0
2026-05-08,VCL.SN,V,303331.0,0
2026-05-11,VCL.SN,V,303331.0,0
2026-05-12,VCL.SN,V,303331.0,0
2026-05-13,VCL.SN,V,303331.0,0
2026-05-14,VCL.SN,V,303331.0,7
2026-05-15,VCL.SN,V,303331.0,0
2026-05-18,VCL.SN,V,303331.0,0
2026-05-19,VCL.SN,V,303331.0,0
2026-05-20,VCL.SN,V,303331.0,0
2026-05-22,VCL.SN,V,303331.0,0
2026-05-25,VCL.SN,V,303331.0,0
2026-05-26,VCL.SN,V,303331.0,0
2026-05-27,VCL.SN,V,303331.0,6
2026-05-28,VCL.SN,V,303331.0,0
2026-05-29,VCL.SN,V,303331.0,0
2026-06-01,VCL.SN,V,303331.0,4
2026-06-02,VCL.SN,V,282706.0,36
2026-06-03,VCL.SN,V,280000.0,176
2026-06-04,VCL.SN,V,280000.0,0
2026-06-05,VCL.SN,V,280000.0,0
2026-06-08,VCL.SN,V,280000.0,0
2026-06-09,VCL.SN,V,280000.0,0
2026-06-10,VCL.SN,V,280000.0,0
2026-06-11,VCL.SN,V,280000.0,0
2026-06-12,VCL.SN,V,280000.0,0
2026-06-15,VCL.SN,V,280000.0,0
2026-06-16,VCL.SN,V,280000.0,0
2026-06-17,VCL.SN,V,280000.0,0
2026-06-18,VCL.SN,V,280000.0,0
2026-06-19,VCL.SN,V,280000.0,0
2026-06-22,VCL.SN,V,280000.0,4
2026-06-23,VCL.SN,V,280000.0,0
2026-06-24,VCL.SN,V,280000.0,0
2026-06-25,VCL.SN,V,280000.0,3
2026-06-26,VCL.SN,V,280000.0,12
2026-06-30,VCL.SN,V,280000.0,5
2026-07-01,VCL.SN,V,320619.0,60
2026-07-02,VCL.SN,V,330000.0,35
2026-07-03,VCL.SN,V,330000.0,0
2026-07-06,VCL.SN,V,330000.0,0
2026-07-07,VCL.SN,V,330000.0,0
2026-07-08,VCL.SN,V,330000.0,0
2026-07-09,VCL.SN,V,330000.0,0
2026-07-10,VCL.SN,V,330000.0,3
2026-07-13,VCL.SN,V,330000.0,2
2026-07-14,VCL.SN,V,330000.0,0
2026-07-15,VCL.SN,V,330000.0,0
2026-07-17,VCL.SN,V,330000.0,0
2026-07-20,VCL.SN,V,330000.0,1
2026-07-21,VCL.SN,V,334580.0,20
2026-07-22,VCL.SN,V,334580.0,0
2026-07-23,VCL.SN,V,334580.0,0
2026-07-24,VCL.SN,V,334580.0,1
2026-07-27,VCL.SN,V,334580.0,0
2026-07-28,VCL.SN,V,344000.0,6
2026-07-29,VCL.SN,V,344000.0,1
2026-07-30,VCL.SN,V,344000.0,0
2026-07-31,VCL.SN,V,344000.0,0
2026-08-03,VCL.SN,V,344000.0,0
2026-08-04,VCL.SN,V,338000.0,3
2026-08-05,VCL.SN,V,336000.0,32
2026-08-06,VCL.SN,V,336000.0,0
2026-08-07,VCL.SN,V,337000.0,30
2026-08-10,VCL.SN,V,337000.0,0
2026-08-11,VCL.SN,V,331080.0,0
2026-08-12,VCL.SN,V,331080.0,0
2026-08-13,VCL.SN,V,331080.0,0
2026-08-14,VCL.SN,V,331080.0,0
2026-08-17,VCL.SN,V,331080.0,0
2026-08-18,VCL.SN,V,328050.0,0
2026-08-19,VCL.SN,V,328050.0,0
2026-08-20,VCL.SN,V,328050.0,0
2026-08-21,VCL.SN,V,328050.0,0
2026-08-24,VCL.SN,V,328050.0,0
2026-08-25,VCL.SN,V,349770.0,0
2026-08-26,VCL.SN,V,349770.0,0
2026-08-27,VCL.SN,V,349770.0,0
2026-08-28,VCL.SN,V,349770.0,0
2026-08-31,VCL.SN,V,349770.0,0
2026-09-01,VCL.SN,V,349770.0,0
2026-09-02,VCL.SN,V,349770.0,0
2026-09-03,VCL.SN,V,349770.0,0
2026-09-04,VCL.SN,V,349770.0,0
2026-09-07,VCL.SN,V,349770.0,0
2026-09-08,VCL.SN,V,349770.0,0
2026-09-09,VCL.SN,V,342260.0,0
2026-09-10,VCL.SN,V,342260.0,0
2026-09-11,VCL.SN,V,342260.0,0
2026-09-14,VCL.SN,V,342260.0,0
2026-09-15,VCL.SN,V,359340.0,0
2026-09-16,VCL.SN,V,359340.0,0
2026-09-17,VCL.SN,V,384490.0,3
2026-09-21,VCL.SN,V,384490.0,0
2024-09-23,WALMARTCL.SN,WMT,67240.0,0
2024-09-24,WALMARTCL.SN,WMT,67240.0,0
2024-09-25,WALMARTCL.SN,WMT,67240.0,24
2024-09-26,WALMARTCL.SN,WMT,67240.0,0
2024-09-27,WALMARTCL.SN,WMT,67240.0,10
2024-09-30,WALMARTCL.SN,WMT,67240.0,2
2024-10-01,WALMARTCL.SN,WMT,67240.0,0
2024-10-02,WALMARTCL.SN,WMT,67240.0,22
2024-10-03,WALMARTCL.SN,WMT,67240.0,54
2024-10-04,WALMARTCL.SN,WMT,67240.0,0
2024-10-07,WALMARTCL.SN,WMT,67240.0,1
2024-10-08,WALMARTCL.SN,WMT,67240.0,0
2024-10-09,WALMARTCL.SN,WMT,67240.0,2
2024-10-10,WALMARTCL.SN,WMT,67240.0,1
2024-10-11,WALMARTCL.SN,WMT,67240.0,0
2024-10-14,WALMARTCL.SN,WMT,67240.0,32
2024-10-15,WALMARTCL.SN,WMT,67240.0,2
2024-10-16,WALMARTCL.SN,WMT,67240.0,0
2024-10-17,WALMARTCL.SN,WMT,67240.0,0
2024-10-18,WALMARTCL.SN,WMT,67240.0,0
2024-10-21,WALMARTCL.SN,WMT,67240.0,0
2024-10-22,WALMARTCL.SN,WMT,67240.0,0
2024-10-23,WALMARTCL.SN,WMT,67240.0,10
2024-10-24,WALMARTCL.SN,WMT,67240.0,0
2024-10-25,WALMARTCL.SN,WMT,67240.0,0
2024-10-28,WALMARTCL.SN,WMT,67240.0,0
2024-10-29,WALMARTCL.SN,WMT,67240.0,0
2024-10-30,WALMARTCL.SN,WMT,67240.0,50
2024-11-04,WALMARTCL.SN,WMT,67240.0,10
2024-11-05,WALMARTCL.SN,WMT,67240.0,1
2024-11-06,WALMARTCL.SN,WMT,67240.0,1
2024-11-07,WALMARTCL.SN,WMT,67240.0,0
2024-11-08,WALMARTCL.SN,WMT,67240.0,4
2024-11-11,WALMARTCL.SN,WMT,67240.0,0
2024-11-12,WALMARTCL.SN,WMT,67240.0,10
2024-11-13,WALMARTCL.SN,WMT,67240.0,40
2024-11-14,WALMARTCL.SN,WMT,67240.0,10
2024-11-15,WALMARTCL.SN,WMT,67240.0,16
2024-11-18,WALMARTCL.SN,WMT,67240.0,37
2024-11-19,WALMARTCL.SN,WMT,67240.0,37
2024-11-20,WALMARTCL.SN,WMT,67240.0,5
2024-11-21,WALMARTCL.SN,WMT,67240.0,1
2024-11-22,WALMARTCL.SN,WMT,67240.0,7
2024-11-25,WALMARTCL.SN,WMT,67240.0,32
2024-11-26,WALMARTCL.SN,WMT,67240.0,0
2024-11-27,WALMARTCL.SN,WMT,67240.0,13
2024-11-28,WALMARTCL.SN,WMT,67240.0,0
2024-11-29,WALMARTCL.SN,WMT,67240.0,82
2024-12-02,WALMARTCL.SN,WMT,67240.0,44
2024-12-03,WALMARTCL.SN,WMT,67240.0,56
2024-12-04,WALMARTCL.SN,WMT,67240.0,0
2024-12-05,WALMARTCL.SN,WMT,67240.0,0
2024-12-06,WALMARTCL.SN,WMT,67240.0,25
2024-12-09,WALMARTCL.SN,WMT,93329.0,101
2024-12-10,WALMARTCL.SN,WMT,93329.0,10
2024-12-11,WALMARTCL.SN,WMT,93329.0,2
2024-12-12,WALMARTCL.SN,WMT,93329.0,30
2024-12-13,WALMARTCL.SN,WMT,93329.0,27
2024-12-16,WALMARTCL.SN,WMT,93807.0,108
2024-12-17,WALMARTCL.SN,WMT,93807.0,60
2024-12-18,WALMARTCL.SN,WMT,93807.0,46
2024-12-19,WALMARTCL.SN,WMT,93807.0,8
2024-12-20,WALMARTCL.SN,WMT,93807.0,12
2024-12-23,WALMARTCL.SN,WMT,93807.0,6
2024-12-24,WALMARTCL.SN,WMT,93807.0,6
2024-12-26,WALMARTCL.SN,WMT,93807.0,0
2024-12-27,WALMARTCL.SN,WMT,93807.0,0
2024-12-30,WALMARTCL.SN,WMT,90258.0,176
2025-01-02,WALMARTCL.SN,WMT,90258.0,32
2025-01-03,WALMARTCL.SN,WMT,90258.0,14
2025-01-06,WALMARTCL.SN,WMT,90258.0,6
2025-01-07,WALMARTCL.SN,WMT,90258.0,0
2025-01-08,WALMARTCL.SN,WMT,90258.0,6
2025-01-09,WALMARTCL.SN,WMT,90258.0,0
2025-01-10,WALMARTCL.SN,WMT,90258.0,66
2025-01-13,WALMARTCL.SN,WMT,90258.0,26
2025-01-14,WALMARTCL.SN,WMT,90258.0,0
2025-01-15,WALMARTCL.SN,WMT,90258.0,24
2025-01-16,WALMARTCL.SN,WMT,90258.0,0
2025-01-17,WALMARTCL.SN,WMT,90258.0,11
2025-01-20,WALMARTCL.SN,WMT,90258.0,0
2025-01-21,WALMARTCL.SN,WMT,90258.0,0
2025-01-22,WALMARTCL.SN,WMT,90258.0,2
2025-01-23,WALMARTCL.SN,WMT,90258.0,0
2025-01-24,WALMARTCL.SN,WMT,90258.0,24
2025-01-27,WALMARTCL.SN,WMT,90258.0,5
2025-01-28,WALMARTCL.SN,WMT,90258.0,7
2025-01-29,WALMARTCL.SN,WMT,90258.0,1
2025-01-30,WALMARTCL.SN,WMT,90258.0,18
2025-01-31,WALMARTCL.SN,WMT,90258.0,35
2025-02-03,WALMARTCL.SN,WMT,90258.0,8
2025-02-04,WALMARTCL.SN,WMT,90258.0,46
2025-02-05,WALMARTCL.SN,WMT,90258.0,15
2025-02-06,WALMARTCL.SN,WMT,90258.0,2
2025-02-07,WALMARTCL.SN,WMT,90258.0,0
2025-02-10,WALMARTCL.SN,WMT,90258.0,0
2025-02-11,WALMARTCL.SN,WMT,90258.0,10
2025-02-12,WALMARTCL.SN,WMT,90258.0,16
2025-02-13,WALMARTCL.SN,WMT,90258.0,50
2025-02-14,WALMARTCL.SN,WMT,90258.0,5
2025-02-17,WALMARTCL.SN,WMT,90258.0,0
2025-02-18,WALMARTCL.SN,WMT,97799.0,84
2025-02-19,WALMARTCL.SN,WMT,97799.0,0
2025-02-20,WALMARTCL.SN,WMT,97799.0,56
2025-02-21,WALMARTCL.SN,WMT,90162.0,357
2025-02-24,WALMARTCL.SN,WMT,89417.0,153
2025-02-25,WALMARTCL.SN,WMT,89417.0,33
2025-02-26,WALMARTCL.SN,WMT,89417.0,4
2025-02-27,WALMARTCL.SN,WMT,89417.0,0
2025-02-28,WALMARTCL.SN,WMT,89417.0,12
2025-03-03,WALMARTCL.SN,WMT,89417.0,54
2025-03-04,WALMARTCL.SN,WMT,89417.0,0
2025-03-05,WALMARTCL.SN,WMT,89417.0,8
2025-03-06,WALMARTCL.SN,WMT,89417.0,0
2025-03-07,WALMARTCL.SN,WMT,89417.0,1
2025-03-10,WALMARTCL.SN,WMT,85326.0,136
2025-03-11,WALMARTCL.SN,WMT,85326.0,14
2025-03-12,WALMARTCL.SN,WMT,80588.0,211
2025-03-13,WALMARTCL.SN,WMT,80188.0,655
2025-03-14,WALMARTCL.SN,WMT,79604.0,715
2025-03-17,WALMARTCL.SN,WMT,79604.0,16
2025-03-18,WALMARTCL.SN,WMT,80027.0,667
2025-03-19,WALMARTCL.SN,WMT,79285.0,222
2025-03-20,WALMARTCL.SN,WMT,79722.0,102
2025-03-21,WALMARTCL.SN,WMT,79722.0,1
2025-03-24,WALMARTCL.SN,WMT,79722.0,80
2025-03-25,WALMARTCL.SN,WMT,79722.0,2
2025-03-26,WALMARTCL.SN,WMT,79722.0,60
2025-03-27,WALMARTCL.SN,WMT,79722.0,57
2025-03-28,WALMARTCL.SN,WMT,79722.0,33
2025-03-31,WALMARTCL.SN,WMT,82880.0,103
2025-04-01,WALMARTCL.SN,WMT,84042.0,224
2025-04-02,WALMARTCL.SN,WMT,84042.0,2
2025-04-03,WALMARTCL.SN,WMT,84042.0,11
2025-04-04,WALMARTCL.SN,WMT,84042.0,40
2025-04-07,WALMARTCL.SN,WMT,84042.0,74
2025-04-08,WALMARTCL.SN,WMT,83789.0,120
2025-04-09,WALMARTCL.SN,WMT,83789.0,69
2025-04-10,WALMARTCL.SN,WMT,83789.0,68
2025-04-11,WALMARTCL.SN,WMT,83789.0,17
2025-04-14,WALMARTCL.SN,WMT,91541.0,156
2025-04-15,WALMARTCL.SN,WMT,91541.0,23
2025-04-16,WALMARTCL.SN,WMT,91541.0,40
2025-04-17,WALMARTCL.SN,WMT,89060.0,109
2025-04-21,WALMARTCL.SN,WMT,88645.0,147
2025-04-22,WALMARTCL.SN,WMT,88645.0,27
2025-04-23,WALMARTCL.SN,WMT,88645.0,10
2025-04-24,WALMARTCL.SN,WMT,88645.0,51
2025-04-25,WALMARTCL.SN,WMT,88645.0,23
2025-04-28,WALMARTCL.SN,WMT,89336.0,173
2025-04-29,WALMARTCL.SN,WMT,90665.0,112
2025-04-30,WALMARTCL.SN,WMT,90665.0,34
2025-05-02,WALMARTCL.SN,WMT,90665.0,78
2025-05-05,WALMARTCL.SN,WMT,90665.0,18
2025-05-06,WALMARTCL.SN,WMT,90665.0,0
2025-05-07,WALMARTCL.SN,WMT,90665.0,5
2025-05-08,WALMARTCL.SN,WMT,90665.0,12
2025-05-09,WALMARTCL.SN,WMT,90665.0,2
2025-05-12,WALMARTCL.SN,WMT,90665.0,48
2025-05-13,WALMARTCL.SN,WMT,90665.0,22
2025-05-14,WALMARTCL.SN,WMT,90665.0,0
2025-05-15,WALMARTCL.SN,WMT,88649.0,121
2025-05-16,WALMARTCL.SN,WMT,92448.0,207
2025-05-19,WALMARTCL.SN,WMT,92448.0,10
2025-05-20,WALMARTCL.SN,WMT,92448.0,14
2025-05-22,WALMARTCL.SN,WMT,91267.0,840
2025-05-23,WALMARTCL.SN,WMT,90567.0,196
2025-05-26,WALMARTCL.SN,WMT,90567.0,0
2025-05-27,WALMARTCL.SN,WMT,91855.0,268
2025-05-28,WALMARTCL.SN,WMT,91855.0,15
2025-05-29,WALMARTCL.SN,WMT,91855.0,16
2025-05-30,WALMARTCL.SN,WMT,91855.0,44
2025-06-02,WALMARTCL.SN,WMT,91855.0,5
2025-06-03,WALMARTCL.SN,WMT,91855.0,6
2025-06-04,WALMARTCL.SN,WMT,93721.0,244
2025-06-05,WALMARTCL.SN,WMT,93721.0,0
2025-06-06,WALMARTCL.SN,WMT,93721.0,23
2025-06-09,WALMARTCL.SN,WMT,93721.0,23
2025-06-10,WALMARTCL.SN,WMT,91178.0,118
2025-06-11,WALMARTCL.SN,WMT,89922.0,228
2025-06-12,WALMARTCL.SN,WMT,88053.0,167
2025-06-13,WALMARTCL.SN,WMT,88053.0,49
2025-06-16,WALMARTCL.SN,WMT,88053.0,83
2025-06-17,WALMARTCL.SN,WMT,88053.0,0
2025-06-18,WALMARTCL.SN,WMT,88053.0,26
2025-06-19,WALMARTCL.SN,WMT,88053.0,0
2025-06-23,WALMARTCL.SN,WMT,88053.0,13
2025-06-24,WALMARTCL.SN,WMT,88053.0,5
2025-06-25,WALMARTCL.SN,WMT,91370.0,182
2025-06-26,WALMARTCL.SN,WMT,91370.0,0
2025-06-27,WALMARTCL.SN,WMT,91370.0,42
2025-06-30,WALMARTCL.SN,WMT,91370.0,0
2025-07-01,WALMARTCL.SN,WMT,91370.0,42
2025-07-02,WALMARTCL.SN,WMT,91370.0,25
2025-07-03,WALMARTCL.SN,WMT,91047.0,160
2025-07-04,WALMARTCL.SN,WMT,91047.0,0
2025-07-07,WALMARTCL.SN,WMT,92455.0,128
2025-07-08,WALMARTCL.SN,WMT,92455.0,37
2025-07-09,WALMARTCL.SN,WMT,92332.0,117
2025-07-10,WALMARTCL.SN,WMT,92332.0,22
2025-07-11,WALMARTCL.SN,WMT,92332.0,9
2025-07-14,WALMARTCL.SN,WMT,92332.0,70
2025-07-15,WALMARTCL.SN,WMT,92332.0,11
2025-07-17,WALMARTCL.SN,WMT,92332.0,58
2025-07-18,WALMARTCL.SN,WMT,91731.0,546
2025-07-21,WALMARTCL.SN,WMT,91731.0,6
2025-07-22,WALMARTCL.SN,WMT,91731.0,0
2025-07-23,WALMARTCL.SN,WMT,91731.0,10
2025-07-24,WALMARTCL.SN,WMT,91861.0,443
2025-07-25,WALMARTCL.SN,WMT,93628.0,301
2025-07-28,WALMARTCL.SN,WMT,93628.0,50
2025-07-29,WALMARTCL.SN,WMT,95389.0,495
2025-07-30,WALMARTCL.SN,WMT,95389.0,67
2025-07-31,WALMARTCL.SN,WMT,95389.0,46
2025-08-01,WALMARTCL.SN,WMT,95389.0,25
2025-08-04,WALMARTCL.SN,WMT,95389.0,56
2025-08-05,WALMARTCL.SN,WMT,95389.0,17
2025-08-06,WALMARTCL.SN,WMT,95389.0,74
2025-08-07,WALMARTCL.SN,WMT,99501.0,543
2025-08-08,WALMARTCL.SN,WMT,99501.0,16
2025-08-11,WALMARTCL.SN,WMT,100318.0,91
2025-08-12,WALMARTCL.SN,WMT,99883.0,141
2025-08-13,WALMARTCL.SN,WMT,99883.0,2
2025-08-14,WALMARTCL.SN,WMT,99883.0,44
2025-08-18,WALMARTCL.SN,WMT,99883.0,25
2025-08-19,WALMARTCL.SN,WMT,99883.0,20
2025-08-20,WALMARTCL.SN,WMT,99883.0,45
2025-08-21,WALMARTCL.SN,WMT,99883.0,53
2025-08-22,WALMARTCL.SN,WMT,94771.0,279
2025-08-25,WALMARTCL.SN,WMT,94771.0,1
2025-08-26,WALMARTCL.SN,WMT,94771.0,62
2025-08-27,WALMARTCL.SN,WMT,94771.0,27
2025-08-28,WALMARTCL.SN,WMT,94771.0,17
2025-08-29,WALMARTCL.SN,WMT,94771.0,4
2025-09-01,WALMARTCL.SN,WMT,94771.0,0
2025-09-02,WALMARTCL.SN,WMT,94771.0,44
2025-09-03,WALMARTCL.SN,WMT,94771.0,1
2025-09-04,WALMARTCL.SN,WMT,94771.0,19
2025-09-05,WALMARTCL.SN,WMT,94771.0,0
2025-09-08,WALMARTCL.SN,WMT,97238.0,107
2025-09-09,WALMARTCL.SN,WMT,97238.0,0
2025-09-10,WALMARTCL.SN,WMT,97238.0,2
2025-09-11,WALMARTCL.SN,WMT,97238.0,0
2025-09-12,WALMARTCL.SN,WMT,97238.0,5
2025-09-15,WALMARTCL.SN,WMT,97238.0,10
2025-09-16,WALMARTCL.SN,WMT,97238.0,55
2025-09-17,WALMARTCL.SN,WMT,97238.0,3
2025-09-22,WALMARTCL.SN,WMT,97238.0,20
2025-09-23,WALMARTCL.SN,WMT,97238.0,9
2025-09-24,WALMARTCL.SN,WMT,98053.0,99
2025-09-25,WALMARTCL.SN,WMT,98735.0,87
2025-09-26,WALMARTCL.SN,WMT,98735.0,20
2025-09-29,WALMARTCL.SN,WMT,98735.0,0
2025-09-30,WALMARTCL.SN,WMT,98735.0,18
2025-10-01,WALMARTCL.SN,WMT,98735.0,41
2025-10-02,WALMARTCL.SN,WMT,98735.0,0
2025-10-03,WALMARTCL.SN,WMT,98735.0,0
2025-10-06,WALMARTCL.SN,WMT,98735.0,14
2025-10-07,WALMARTCL.SN,WMT,98735.0,0
2025-10-08,WALMARTCL.SN,WMT,98735.0,154
2025-10-09,WALMARTCL.SN,WMT,98735.0,12
2025-10-10,WALMARTCL.SN,WMT,98735.0,19
2025-10-13,WALMARTCL.SN,WMT,98735.0,0
2025-10-14,WALMARTCL.SN,WMT,100154.0,130
2025-10-15,WALMARTCL.SN,WMT,104225.0,303
2025-10-16,WALMARTCL.SN,WMT,104120.0,584
2025-10-17,WALMARTCL.SN,WMT,104120.0,1
2025-10-20,WALMARTCL.SN,WMT,104120.0,10
2025-10-21,WALMARTCL.SN,WMT,104120.0,6
2025-10-22,WALMARTCL.SN,WMT,104120.0,0
2025-10-23,WALMARTCL.SN,WMT,104120.0,40
2025-10-24,WALMARTCL.SN,WMT,104120.0,0
2025-10-27,WALMARTCL.SN,WMT,104120.0,7
2025-10-28,WALMARTCL.SN,WMT,104120.0,64
2025-10-29,WALMARTCL.SN,WMT,104120.0,23
2025-10-30,WALMARTCL.SN,WMT,104120.0,47
2025-11-03,WALMARTCL.SN,WMT,95008.0,134
2025-11-04,WALMARTCL.SN,WMT,95008.0,24
2025-11-05,WALMARTCL.SN,WMT,96755.0,105
2025-11-06,WALMARTCL.SN,WMT,96755.0,57
2025-11-07,WALMARTCL.SN,WMT,96755.0,0
2025-11-10,WALMARTCL.SN,WMT,96755.0,0
2025-11-11,WALMARTCL.SN,WMT,96755.0,3
2025-11-12,WALMARTCL.SN,WMT,96755.0,0
2025-11-13,WALMARTCL.SN,WMT,96755.0,0
2025-11-14,WALMARTCL.SN,WMT,96755.0,0
2025-11-17,WALMARTCL.SN,WMT,96755.0,5
2025-11-18,WALMARTCL.SN,WMT,95292.0,210
2025-11-19,WALMARTCL.SN,WMT,95292.0,11
2025-11-20,WALMARTCL.SN,WMT,95292.0,50
2025-11-21,WALMARTCL.SN,WMT,95292.0,0
2025-11-24,WALMARTCL.SN,WMT,95292.0,0
2025-11-25,WALMARTCL.SN,WMT,95292.0,25
2025-11-26,WALMARTCL.SN,WMT,95292.0,5
2025-11-27,WALMARTCL.SN,WMT,95292.0,0
2025-11-28,WALMARTCL.SN,WMT,95292.0,52
2025-12-01,WALMARTCL.SN,WMT,95292.0,33
2025-12-02,WALMARTCL.SN,WMT,95292.0,0
2025-12-03,WALMARTCL.SN,WMT,95292.0,7
2025-12-04,WALMARTCL.SN,WMT,95292.0,60
2025-12-05,WALMARTCL.SN,WMT,95292.0,10
2025-12-09,WALMARTCL.SN,WMT,95292.0,13
2025-12-10,WALMARTCL.SN,WMT,95292.0,12
2025-12-11,WALMARTCL.SN,WMT,95292.0,0
2025-12-12,WALMARTCL.SN,WMT,95292.0,0
2025-12-15,WALMARTCL.SN,WMT,95292.0,0
2025-12-16,WALMARTCL.SN,WMT,95292.0,35
2025-12-17,WALMARTCL.SN,WMT,95292.0,4
2025-12-18,WALMARTCL.SN,WMT,95292.0,0
2025-12-19,WALMARTCL.SN,WMT,95292.0,13
2025-12-22,WALMARTCL.SN,WMT,95292.0,0
2025-12-23,WALMARTCL.SN,WMT,95292.0,70
2025-12-24,WALMARTCL.SN,WMT,95292.0,0
2025-12-26,WALMARTCL.SN,WMT,95292.0,0
2025-12-29,WALMARTCL.SN,WMT,95292.0,26
2025-12-30,WALMARTCL.SN,WMT,101938.0,166
2026-01-02,WALMARTCL.SN,WMT,101938.0,36
2026-01-05,WALMARTCL.SN,WMT,101938.0,2
2026-01-06,WALMARTCL.SN,WMT,101350.0,80
2026-01-07,WALMARTCL.SN,WMT,101350.0,5
2026-01-08,WALMARTCL.SN,WMT,101350.0,0
2026-01-09,WALMARTCL.SN,WMT,101350.0,15
2026-01-12,WALMARTCL.SN,WMT,101350.0,32
2026-01-13,WALMARTCL.SN,WMT,101350.0,72
2026-01-14,WALMARTCL.SN,WMT,101350.0,1
2026-01-15,WALMARTCL.SN,WMT,101350.0,0
2026-01-16,WALMARTCL.SN,WMT,101350.0,49
2026-01-19,WALMARTCL.SN,WMT,101350.0,5
2026-01-20,WALMARTCL.SN,WMT,105980.0,87
2026-01-21,WALMARTCL.SN,WMT,105980.0,2
2026-01-22,WALMARTCL.SN,WMT,105980.0,0
2026-01-23,WALMARTCL.SN,WMT,105980.0,5
2026-01-26,WALMARTCL.SN,WMT,105980.0,0
2026-01-27,WALMARTCL.SN,WMT,105980.0,1
2026-01-28,WALMARTCL.SN,WMT,99308.0,336
2026-01-29,WALMARTCL.SN,WMT,99308.0,0
2026-01-30,WALMARTCL.SN,WMT,99308.0,25
2026-02-02,WALMARTCL.SN,WMT,104996.0,790
2026-02-03,WALMARTCL.SN,WMT,105654.0,359
2026-02-04,WALMARTCL.SN,WMT,110520.0,110
2026-02-05,WALMARTCL.SN,WMT,110520.0,0
2026-02-06,WALMARTCL.SN,WMT,109503.0,102
2026-02-09,WALMARTCL.SN,WMT,109503.0,43
2026-02-10,WALMARTCL.SN,WMT,109503.0,0
2026-02-11,WALMARTCL.SN,WMT,109503.0,0
2026-02-12,WALMARTCL.SN,WMT,109262.0,444
2026-02-13,WALMARTCL.SN,WMT,115610.0,275
2026-02-16,WALMARTCL.SN,WMT,115610.0,0
2026-02-17,WALMARTCL.SN,WMT,115610.0,0
2026-02-18,WALMARTCL.SN,WMT,115610.0,0
2026-02-19,WALMARTCL.SN,WMT,115610.0,31
2026-02-20,WALMARTCL.SN,WMT,115610.0,0
2026-02-23,WALMARTCL.SN,WMT,115610.0,2
2026-02-24,WALMARTCL.SN,WMT,115610.0,0
2026-02-25,WALMARTCL.SN,WMT,115610.0,0
2026-02-26,WALMARTCL.SN,WMT,115610.0,0
2026-02-27,WALMARTCL.SN,WMT,115610.0,31
2026-03-02,WALMARTCL.SN,WMT,111968.0,389
2026-03-03,WALMARTCL.SN,WMT,111968.0,61
2026-03-04,WALMARTCL.SN,WMT,114380.0,85
2026-03-05,WALMARTCL.SN,WMT,114380.0,15
2026-03-06,WALMARTCL.SN,WMT,114380.0,1
2026-03-09,WALMARTCL.SN,WMT,112950.0,92
2026-03-10,WALMARTCL.SN,WMT,112950.0,11
2026-03-11,WALMARTCL.SN,WMT,111997.0,84
2026-03-12,WALMARTCL.SN,WMT,111997.0,20
2026-03-13,WALMARTCL.SN,WMT,111997.0,0
2026-03-16,WALMARTCL.SN,WMT,111997.0,0
2026-03-17,WALMARTCL.SN,WMT,111997.0,14
2026-03-18,WALMARTCL.SN,WMT,111997.0,0
2026-03-19,WALMARTCL.SN,WMT,111997.0,0
2026-03-20,WALMARTCL.SN,WMT,111997.0,6
2026-03-23,WALMARTCL.SN,WMT,111997.0,0
2026-03-24,WALMARTCL.SN,WMT,111997.0,0
2026-03-25,WALMARTCL.SN,WMT,111997.0,0
2026-03-26,WALMARTCL.SN,WMT,111997.0,1
2026-03-27,WALMARTCL.SN,WMT,111997.0,0
2026-03-30,WALMARTCL.SN,WMT,111997.0,2
2026-03-31,WALMARTCL.SN,WMT,114450.0,155
2026-04-01,WALMARTCL.SN,WMT,114450.0,9
2026-04-02,WALMARTCL.SN,WMT,114450.0,0
2026-04-06,WALMARTCL.SN,WMT,114450.0,0
2026-04-07,WALMARTCL.SN,WMT,114450.0,24
2026-04-08,WALMARTCL.SN,WMT,110320.0,90
2026-04-09,WALMARTCL.SN,WMT,110320.0,0
2026-04-10,WALMARTCL.SN,WMT,110320.0,0
2026-04-13,WALMARTCL.SN,WMT,110320.0,0
2026-04-14,WALMARTCL.SN,WMT,110320.0,26
2026-04-15,WALMARTCL.SN,WMT,110320.0,16
2026-04-16,WALMARTCL.SN,WMT,110320.0,8
2026-04-17,WALMARTCL.SN,WMT,110320.0,8
2026-04-20,WALMARTCL.SN,WMT,110320.0,8
2026-04-21,WALMARTCL.SN,WMT,110320.0,20
2026-04-22,WALMARTCL.SN,WMT,115735.0,78
2026-04-23,WALMARTCL.SN,WMT,116668.0,87
2026-04-24,WALMARTCL.SN,WMT,116668.0,6
2026-04-27,WALMARTCL.SN,WMT,116668.0,4
2026-04-28,WALMARTCL.SN,WMT,116668.0,0
2026-04-29,WALMARTCL.SN,WMT,116668.0,1
2026-04-30,WALMARTCL.SN,WMT,116668.0,10
2026-05-04,WALMARTCL.SN,WMT,116668.0,0
2026-05-05,WALMARTCL.SN,WMT,116668.0,0
2026-05-06,WALMARTCL.SN,WMT,116668.0,14
2026-05-07,WALMARTCL.SN,WMT,116668.0,1
2026-05-08,WALMARTCL.SN,WMT,116668.0,0
2026-05-11,WALMARTCL.SN,WMT,114208.0,82
2026-05-12,WALMARTCL.SN,WMT,114208.0,6
2026-05-13,WALMARTCL.SN,WMT,114208.0,2
2026-05-14,WALMARTCL.SN,WMT,114208.0,0
2026-05-15,WALMARTCL.SN,WMT,114208.0,0
2026-05-18,WALMARTCL.SN,WMT,114208.0,50
2026-05-19,WALMARTCL.SN,WMT,114208.0,0
2026-05-20,WALMARTCL.SN,WMT,114208.0,0
2026-05-22,WALMARTCL.SN,WMT,114208.0,0
2026-05-25,WALMARTCL.SN,WMT,114208.0,0
2026-05-26,WALMARTCL.SN,WMT,105624.0,127
2026-05-27,WALMARTCL.SN,WMT,105641.0,246
2026-05-28,WALMARTCL.SN,WMT,105641.0,5
2026-05-29,WALMARTCL.SN,WMT,105641.0,68
2026-06-01,WALMARTCL.SN,WMT,105641.0,36
2026-06-02,WALMARTCL.SN,WMT,100659.0,102
2026-06-03,WALMARTCL.SN,WMT,100659.0,0
2026-06-04,WALMARTCL.SN,WMT,100659.0,0
2026-06-05,WALMARTCL.SN,WMT,100659.0,0
2026-06-08,WALMARTCL.SN,WMT,100659.0,0
2026-06-09,WALMARTCL.SN,WMT,100659.0,62
2026-06-10,WALMARTCL.SN,WMT,100659.0,0
2026-06-11,WALMARTCL.SN,WMT,100659.0,2
2026-06-12,WALMARTCL.SN,WMT,100659.0,0
2026-06-15,WALMARTCL.SN,WMT,100659.0,36
2026-06-16,WALMARTCL.SN,WMT,100659.0,15
2026-06-17,WALMARTCL.SN,WMT,100659.0,2
2026-06-18,WALMARTCL.SN,WMT,105800.0,991
2026-06-19,WALMARTCL.SN,WMT,105800.0,0
2026-06-22,WALMARTCL.SN,WMT,105800.0,0
2026-06-23,WALMARTCL.SN,WMT,105800.0,47
2026-06-24,WALMARTCL.SN,WMT,105800.0,0
2026-06-25,WALMARTCL.SN,WMT,105800.0,50
2026-06-26,WALMARTCL.SN,WMT,105800.0,0
2026-06-30,WALMARTCL.SN,WMT,105800.0,4
2026-07-01,WALMARTCL.SN,WMT,100030.0,212
2026-07-02,WALMARTCL.SN,WMT,100030.0,10
2026-07-03,WALMARTCL.SN,WMT,100030.0,0
2026-07-06,WALMARTCL.SN,WMT,100030.0,19
2026-07-07,WALMARTCL.SN,WMT,100030.0,0
2026-07-08,WALMARTCL.SN,WMT,100030.0,0
2026-07-09,WALMARTCL.SN,WMT,100030.0,20
2026-07-10,WALMARTCL.SN,WMT,100030.0,1
2026-07-13,WALMARTCL.SN,WMT,100030.0,4
2026-07-14,WALMARTCL.SN,WMT,100030.0,0
2026-07-15,WALMARTCL.SN,WMT,100030.0,0
2026-07-17,WALMARTCL.SN,WMT,100030.0,39
2026-07-20,WALMARTCL.SN,WMT,105500.0,29
2026-07-21,WALMARTCL.SN,WMT,103660.0,60
2026-07-22,WALMARTCL.SN,WMT,103660.0,1
2026-07-23,WALMARTCL.SN,WMT,102010.0,40
2026-07-24,WALMARTCL.SN,WMT,102010.0,0
2026-07-27,WALMARTCL.SN,WMT,105560.0,68
2026-07-28,WALMARTCL.SN,WMT,105420.0,4
2026-07-29,WALMARTCL.SN,WMT,105420.0,3
2026-07-30,WALMARTCL.SN,WMT,105420.0,0
2026-07-31,WALMARTCL.SN,WMT,103730.0,86
2026-08-03,WALMARTCL.SN,WMT,103730.0,1
2026-08-04,WALMARTCL.SN,WMT,102390.0,0
2026-08-05,WALMARTCL.SN,WMT,102780.0,48
2026-08-06,WALMARTCL.SN,WMT,102010.0,44
2026-08-07,WALMARTCL.SN,WMT,102140.0,863
2026-08-10,WALMARTCL.SN,WMT,102200.0,25
2026-08-11,WALMARTCL.SN,WMT,103230.0,8
2026-08-12,WALMARTCL.SN,WMT,103230.0,10
2026-08-13,WALMARTCL.SN,WMT,103230.0,0
2026-08-14,WALMARTCL.SN,WMT,103230.0,0
2026-08-17,WALMARTCL.SN,WMT,104350.0,95
2026-08-18,WALMARTCL.SN,WMT,104520.0,0
2026-08-19,WALMARTCL.SN,WMT,104520.0,0
2026-08-20,WALMARTCL.SN,WMT,96000.0,87
2026-08-21,WALMARTCL.SN,WMT,94550.0,191
2026-08-24,WALMARTCL.SN,WMT,94550.0,0
2026-08-25,WALMARTCL.SN,WMT,96080.0,56
2026-08-26,WALMARTCL.SN,WMT,96080.0,0
2026-08-27,WALMARTCL.SN,WMT,95860.0,10
2026-08-28,WALMARTCL.SN,WMT,95860.0,0
2026-08-31,WALMARTCL.SN,WMT,97910.0,570
2026-09-01,WALMARTCL.SN,WMT,97910.0,4
2026-09-02,WALMARTCL.SN,WMT,98700.0,238
2026-09-03,WALMARTCL.SN,WMT,98700.0,1
2026-09-04,WALMARTCL.SN,WMT,98700.0,1
2026-09-07,WALMARTCL.SN,WMT,98700.0,0
2026-09-08,WALMARTCL.SN,WMT,97858.0,55
2026-09-09,WALMARTCL.SN,WMT,98228.0,2
2026-09-10,WALMARTCL.SN,WMT,98228.0,6
2026-09-11,WALMARTCL.SN,WMT,98228.0,0
2026-09-14,WALMARTCL.SN,WMT,105150.0,10
2026-09-15,WALMARTCL.SN,WMT,103500.0,10
2026-09-16,WALMARTCL.SN,WMT,102990.0,10
2026-09-17,WALMARTCL.SN,WMT,102990.0,0
2026-09-21,WALMARTCL.SN,WMT,102990.0,0
2024-09-23,WFCCL.SN,WFC,37700.0,0
2024-09-24,WFCCL.SN,WFC,37700.0,0
2024-09-25,WFCCL.SN,WFC,37700.0,0
2024-09-26,WFCCL.SN,WFC,37700.0,0
2024-09-27,WFCCL.SN,WFC,37700.0,0
2024-09-30,WFCCL.SN,WFC,37700.0,0
2024-10-01,WFCCL.SN,WFC,37700.0,0
2024-10-02,WFCCL.SN,WFC,37700.0,0
2024-10-03,WFCCL.SN,WFC,37700.0,0
2024-10-04,WFCCL.SN,WFC,37700.0,0
2024-10-07,WFCCL.SN,WFC,37700.0,0
2024-10-08,WFCCL.SN,WFC,37700.0,0
2024-10-09,WFCCL.SN,WFC,37700.0,0
2024-10-10,WFCCL.SN,WFC,37700.0,0
2024-10-11,WFCCL.SN,WFC,37700.0,0
2024-10-14,WFCCL.SN,WFC,37700.0,0
2024-10-15,WFCCL.SN,WFC,37700.0,0
2024-10-16,WFCCL.SN,WFC,37700.0,0
2024-10-17,WFCCL.SN,WFC,37700.0,0
2024-10-18,WFCCL.SN,WFC,37700.0,60
2024-10-21,WFCCL.SN,WFC,37700.0,0
2024-10-22,WFCCL.SN,WFC,37700.0,0
2024-10-23,WFCCL.SN,WFC,37700.0,0
2024-10-24,WFCCL.SN,WFC,37700.0,0
2024-10-25,WFCCL.SN,WFC,37700.0,0
2024-10-28,WFCCL.SN,WFC,37700.0,0
2024-10-29,WFCCL.SN,WFC,37700.0,0
2024-10-30,WFCCL.SN,WFC,37700.0,0
2024-11-04,WFCCL.SN,WFC,37700.0,0
2024-11-05,WFCCL.SN,WFC,37700.0,0
2024-11-06,WFCCL.SN,WFC,37700.0,0
2024-11-07,WFCCL.SN,WFC,37700.0,0
2024-11-08,WFCCL.SN,WFC,37700.0,0
2024-11-11,WFCCL.SN,WFC,37700.0,0
2024-11-12,WFCCL.SN,WFC,37700.0,67
2024-11-13,WFCCL.SN,WFC,37700.0,0
2024-11-14,WFCCL.SN,WFC,37700.0,0
2024-11-15,WFCCL.SN,WFC,37700.0,0
2024-11-18,WFCCL.SN,WFC,37700.0,0
2024-11-19,WFCCL.SN,WFC,37700.0,0
2024-11-20,WFCCL.SN,WFC,37700.0,0
2024-11-21,WFCCL.SN,WFC,37700.0,0
2024-11-22,WFCCL.SN,WFC,37700.0,0
2024-11-25,WFCCL.SN,WFC,37700.0,0
2024-11-26,WFCCL.SN,WFC,37700.0,0
2024-11-27,WFCCL.SN,WFC,37700.0,3
2024-11-28,WFCCL.SN,WFC,37700.0,0
2024-11-29,WFCCL.SN,WFC,37700.0,0
2024-12-02,WFCCL.SN,WFC,37700.0,0
2024-12-03,WFCCL.SN,WFC,37700.0,70
2024-12-04,WFCCL.SN,WFC,37700.0,0
2024-12-05,WFCCL.SN,WFC,37700.0,0
2024-12-06,WFCCL.SN,WFC,37700.0,0
2024-12-09,WFCCL.SN,WFC,37700.0,0
2024-12-10,WFCCL.SN,WFC,37700.0,47
2024-12-11,WFCCL.SN,WFC,37700.0,0
2024-12-12,WFCCL.SN,WFC,37700.0,0
2024-12-13,WFCCL.SN,WFC,37700.0,15
2024-12-16,WFCCL.SN,WFC,37700.0,0
2024-12-17,WFCCL.SN,WFC,37700.0,0
2024-12-18,WFCCL.SN,WFC,37700.0,0
2024-12-19,WFCCL.SN,WFC,37700.0,0
2024-12-20,WFCCL.SN,WFC,37700.0,0
2024-12-23,WFCCL.SN,WFC,37700.0,0
2024-12-24,WFCCL.SN,WFC,37700.0,0
2024-12-26,WFCCL.SN,WFC,37700.0,0
2024-12-27,WFCCL.SN,WFC,37700.0,0
2024-12-30,WFCCL.SN,WFC,37700.0,0
2025-01-02,WFCCL.SN,WFC,37700.0,0
2025-01-03,WFCCL.SN,WFC,37700.0,0
2025-01-06,WFCCL.SN,WFC,37700.0,0
2025-01-07,WFCCL.SN,WFC,37700.0,0
2025-01-08,WFCCL.SN,WFC,37700.0,0
2025-01-09,WFCCL.SN,WFC,37700.0,0
2025-01-10,WFCCL.SN,WFC,37700.0,3
2025-01-13,WFCCL.SN,WFC,37700.0,0
2025-01-14,WFCCL.SN,WFC,37700.0,41
2025-01-15,WFCCL.SN,WFC,37700.0,0
2025-01-16,WFCCL.SN,WFC,37700.0,0
2025-01-17,WFCCL.SN,WFC,37700.0,0
2025-01-20,WFCCL.SN,WFC,37700.0,0
2025-01-21,WFCCL.SN,WFC,37700.0,80
2025-01-22,WFCCL.SN,WFC,37700.0,0
2025-01-23,WFCCL.SN,WFC,37700.0,0
2025-01-24,WFCCL.SN,WFC,37700.0,0
2025-01-27,WFCCL.SN,WFC,37700.0,0
2025-01-28,WFCCL.SN,WFC,37700.0,0
2025-01-29,WFCCL.SN,WFC,37700.0,0
2025-01-30,WFCCL.SN,WFC,37700.0,0
2025-01-31,WFCCL.SN,WFC,37700.0,0
2025-02-03,WFCCL.SN,WFC,37700.0,0
2025-02-04,WFCCL.SN,WFC,37700.0,0
2025-02-05,WFCCL.SN,WFC,37700.0,0
2025-02-06,WFCCL.SN,WFC,37700.0,0
2025-02-07,WFCCL.SN,WFC,37700.0,0
2025-02-10,WFCCL.SN,WFC,37700.0,0
2025-02-11,WFCCL.SN,WFC,37700.0,0
2025-02-12,WFCCL.SN,WFC,37700.0,0
2025-02-13,WFCCL.SN,WFC,37700.0,0
2025-02-14,WFCCL.SN,WFC,37700.0,0
2025-02-17,WFCCL.SN,WFC,37700.0,0
2025-02-18,WFCCL.SN,WFC,37700.0,3
2025-02-19,WFCCL.SN,WFC,37700.0,0
2025-02-20,WFCCL.SN,WFC,37700.0,0
2025-02-21,WFCCL.SN,WFC,37700.0,0
2025-02-24,WFCCL.SN,WFC,37700.0,0
2025-02-25,WFCCL.SN,WFC,37700.0,0
2025-02-26,WFCCL.SN,WFC,37700.0,0
2025-02-27,WFCCL.SN,WFC,37700.0,0
2025-02-28,WFCCL.SN,WFC,37700.0,0
2025-03-03,WFCCL.SN,WFC,37700.0,0
2025-03-04,WFCCL.SN,WFC,37700.0,0
2025-03-05,WFCCL.SN,WFC,37700.0,0
2025-03-06,WFCCL.SN,WFC,37700.0,3
2025-03-07,WFCCL.SN,WFC,37700.0,0
2025-03-10,WFCCL.SN,WFC,37700.0,0
2025-03-11,WFCCL.SN,WFC,37700.0,0
2025-03-12,WFCCL.SN,WFC,37700.0,0
2025-03-13,WFCCL.SN,WFC,37700.0,0
2025-03-14,WFCCL.SN,WFC,37700.0,0
2025-03-17,WFCCL.SN,WFC,37700.0,0
2025-03-18,WFCCL.SN,WFC,37700.0,0
2025-03-19,WFCCL.SN,WFC,37700.0,5
2025-03-20,WFCCL.SN,WFC,37700.0,0
2025-03-21,WFCCL.SN,WFC,37700.0,0
2025-03-24,WFCCL.SN,WFC,37700.0,0
2025-03-25,WFCCL.SN,WFC,37700.0,0
2025-03-26,WFCCL.SN,WFC,37700.0,0
2025-03-27,WFCCL.SN,WFC,37700.0,0
2025-03-28,WFCCL.SN,WFC,37700.0,0
2025-03-31,WFCCL.SN,WFC,37700.0,0
2025-04-01,WFCCL.SN,WFC,37700.0,3
2025-04-02,WFCCL.SN,WFC,37700.0,73
2025-04-03,WFCCL.SN,WFC,37700.0,1
2025-04-04,WFCCL.SN,WFC,37700.0,0
2025-04-07,WFCCL.SN,WFC,37700.0,0
2025-04-08,WFCCL.SN,WFC,37700.0,0
2025-04-09,WFCCL.SN,WFC,37700.0,0
2025-04-10,WFCCL.SN,WFC,37700.0,0
2025-04-11,WFCCL.SN,WFC,37700.0,0
2025-04-14,WFCCL.SN,WFC,37700.0,0
2025-04-15,WFCCL.SN,WFC,37700.0,0
2025-04-16,WFCCL.SN,WFC,37700.0,0
2025-04-17,WFCCL.SN,WFC,37700.0,0
2025-04-21,WFCCL.SN,WFC,37700.0,0
2025-04-22,WFCCL.SN,WFC,37700.0,0
2025-04-23,WFCCL.SN,WFC,64236.0,140
2025-04-24,WFCCL.SN,WFC,64236.0,0
2025-04-25,WFCCL.SN,WFC,64236.0,0
2025-04-28,WFCCL.SN,WFC,64236.0,0
2025-04-29,WFCCL.SN,WFC,64236.0,0
2025-04-30,WFCCL.SN,WFC,64236.0,0
2025-05-02,WFCCL.SN,WFC,64236.0,0
2025-05-05,WFCCL.SN,WFC,64236.0,0
2025-05-06,WFCCL.SN,WFC,64236.0,0
2025-05-07,WFCCL.SN,WFC,64236.0,0
2025-05-08,WFCCL.SN,WFC,64236.0,0
2025-05-09,WFCCL.SN,WFC,64236.0,0
2025-05-12,WFCCL.SN,WFC,64236.0,0
2025-05-13,WFCCL.SN,WFC,64236.0,0
2025-05-14,WFCCL.SN,WFC,64236.0,0
2025-05-15,WFCCL.SN,WFC,64236.0,0
2025-05-16,WFCCL.SN,WFC,64236.0,0
2025-05-19,WFCCL.SN,WFC,64236.0,0
2025-05-20,WFCCL.SN,WFC,64236.0,0
2025-05-22,WFCCL.SN,WFC,64236.0,0
2025-05-23,WFCCL.SN,WFC,64236.0,0
2025-05-26,WFCCL.SN,WFC,64236.0,0
2025-05-27,WFCCL.SN,WFC,64236.0,0
2025-05-28,WFCCL.SN,WFC,64236.0,2
2025-05-29,WFCCL.SN,WFC,64236.0,0
2025-05-30,WFCCL.SN,WFC,64236.0,0
2025-06-02,WFCCL.SN,WFC,64236.0,0
2025-06-03,WFCCL.SN,WFC,64236.0,0
2025-06-04,WFCCL.SN,WFC,64236.0,0
2025-06-05,WFCCL.SN,WFC,64236.0,0
2025-06-06,WFCCL.SN,WFC,64236.0,0
2025-06-09,WFCCL.SN,WFC,64236.0,0
2025-06-10,WFCCL.SN,WFC,64236.0,0
2025-06-11,WFCCL.SN,WFC,64236.0,0
2025-06-12,WFCCL.SN,WFC,64236.0,0
2025-06-13,WFCCL.SN,WFC,64236.0,0
2025-06-16,WFCCL.SN,WFC,64236.0,1
2025-06-17,WFCCL.SN,WFC,64236.0,0
2025-06-18,WFCCL.SN,WFC,64236.0,0
2025-06-19,WFCCL.SN,WFC,64236.0,0
2025-06-23,WFCCL.SN,WFC,64236.0,0
2025-06-24,WFCCL.SN,WFC,64236.0,0
2025-06-25,WFCCL.SN,WFC,64236.0,0
2025-06-26,WFCCL.SN,WFC,64236.0,0
2025-06-27,WFCCL.SN,WFC,64236.0,0
2025-06-30,WFCCL.SN,WFC,64236.0,0
2025-07-01,WFCCL.SN,WFC,64236.0,0
2025-07-02,WFCCL.SN,WFC,64236.0,0
2025-07-03,WFCCL.SN,WFC,64236.0,2
2025-07-04,WFCCL.SN,WFC,64236.0,0
2025-07-07,WFCCL.SN,WFC,64236.0,0
2025-07-08,WFCCL.SN,WFC,64236.0,0
2025-07-09,WFCCL.SN,WFC,64236.0,11
2025-07-10,WFCCL.SN,WFC,64236.0,0
2025-07-11,WFCCL.SN,WFC,64236.0,0
2025-07-14,WFCCL.SN,WFC,64236.0,0
2025-07-15,WFCCL.SN,WFC,64236.0,0
2025-07-17,WFCCL.SN,WFC,64236.0,0
2025-07-18,WFCCL.SN,WFC,64236.0,0
2025-07-21,WFCCL.SN,WFC,64236.0,0
2025-07-22,WFCCL.SN,WFC,64236.0,0
2025-07-23,WFCCL.SN,WFC,64236.0,0
2025-07-24,WFCCL.SN,WFC,64236.0,0
2025-07-25,WFCCL.SN,WFC,64236.0,0
2025-07-28,WFCCL.SN,WFC,64236.0,0
2025-07-29,WFCCL.SN,WFC,64236.0,0
2025-07-30,WFCCL.SN,WFC,64236.0,0
2025-07-31,WFCCL.SN,WFC,64236.0,0
2025-08-01,WFCCL.SN,WFC,64236.0,0
2025-08-04,WFCCL.SN,WFC,64236.0,0
2025-08-05,WFCCL.SN,WFC,64236.0,0
2025-08-06,WFCCL.SN,WFC,64236.0,0
2025-08-07,WFCCL.SN,WFC,64236.0,0
2025-08-08,WFCCL.SN,WFC,64236.0,0
2025-08-11,WFCCL.SN,WFC,64236.0,0
2025-08-12,WFCCL.SN,WFC,64236.0,0
2025-08-13,WFCCL.SN,WFC,64236.0,0
2025-08-14,WFCCL.SN,WFC,64236.0,0
2025-08-18,WFCCL.SN,WFC,64236.0,0
2025-08-19,WFCCL.SN,WFC,64236.0,0
2025-08-20,WFCCL.SN,WFC,64236.0,0
2025-08-21,WFCCL.SN,WFC,64236.0,0
2025-08-22,WFCCL.SN,WFC,64236.0,0
2025-08-25,WFCCL.SN,WFC,64236.0,0
2025-08-26,WFCCL.SN,WFC,64236.0,0
2025-08-27,WFCCL.SN,WFC,64236.0,0
2025-08-28,WFCCL.SN,WFC,64236.0,0
2025-08-29,WFCCL.SN,WFC,64236.0,0
2025-09-01,WFCCL.SN,WFC,64236.0,0
2025-09-02,WFCCL.SN,WFC,64236.0,0
2025-09-03,WFCCL.SN,WFC,64236.0,0
2025-09-04,WFCCL.SN,WFC,64236.0,0
2025-09-05,WFCCL.SN,WFC,64236.0,0
2025-09-08,WFCCL.SN,WFC,64236.0,0
2025-09-09,WFCCL.SN,WFC,64236.0,0
2025-09-10,WFCCL.SN,WFC,64236.0,0
2025-09-11,WFCCL.SN,WFC,64236.0,0
2025-09-12,WFCCL.SN,WFC,64236.0,0
2025-09-15,WFCCL.SN,WFC,64236.0,0
2025-09-16,WFCCL.SN,WFC,64236.0,0
2025-09-17,WFCCL.SN,WFC,64236.0,0
2025-09-22,WFCCL.SN,WFC,64236.0,0
2025-09-23,WFCCL.SN,WFC,64236.0,0
2025-09-24,WFCCL.SN,WFC,64236.0,0
2025-09-25,WFCCL.SN,WFC,64236.0,0
2025-09-26,WFCCL.SN,WFC,64236.0,3
2025-09-29,WFCCL.SN,WFC,64236.0,0
2025-09-30,WFCCL.SN,WFC,64236.0,0
2025-10-01,WFCCL.SN,WFC,64236.0,0
2025-10-02,WFCCL.SN,WFC,64236.0,1
2025-10-03,WFCCL.SN,WFC,64236.0,0
2025-10-06,WFCCL.SN,WFC,64236.0,0
2025-10-07,WFCCL.SN,WFC,64236.0,0
2025-10-08,WFCCL.SN,WFC,64236.0,0
2025-10-09,WFCCL.SN,WFC,64236.0,0
2025-10-10,WFCCL.SN,WFC,64236.0,0
2025-10-13,WFCCL.SN,WFC,64236.0,0
2025-10-14,WFCCL.SN,WFC,64236.0,0
2025-10-15,WFCCL.SN,WFC,64236.0,0
2025-10-16,WFCCL.SN,WFC,64236.0,0
2025-10-17,WFCCL.SN,WFC,64236.0,0
2025-10-20,WFCCL.SN,WFC,64236.0,0
2025-10-21,WFCCL.SN,WFC,64236.0,0
2025-10-22,WFCCL.SN,WFC,64236.0,0
2025-10-23,WFCCL.SN,WFC,64236.0,0
2025-10-24,WFCCL.SN,WFC,64236.0,0
2025-10-27,WFCCL.SN,WFC,64236.0,0
2025-10-28,WFCCL.SN,WFC,64236.0,0
2025-10-29,WFCCL.SN,WFC,64236.0,0
2025-10-30,WFCCL.SN,WFC,64236.0,0
2025-11-03,WFCCL.SN,WFC,64236.0,0
2025-11-04,WFCCL.SN,WFC,64236.0,0
2025-11-05,WFCCL.SN,WFC,64236.0,0
2025-11-06,WFCCL.SN,WFC,64236.0,0
2025-11-07,WFCCL.SN,WFC,64236.0,0
2025-11-10,WFCCL.SN,WFC,64236.0,0
2025-11-11,WFCCL.SN,WFC,64236.0,0
2025-11-12,WFCCL.SN,WFC,64236.0,0
2025-11-13,WFCCL.SN,WFC,64236.0,0
2025-11-14,WFCCL.SN,WFC,64236.0,0
2025-11-17,WFCCL.SN,WFC,64236.0,0
2025-11-18,WFCCL.SN,WFC,64236.0,0
2025-11-19,WFCCL.SN,WFC,64236.0,0
2025-11-20,WFCCL.SN,WFC,64236.0,0
2025-11-21,WFCCL.SN,WFC,64236.0,0
2025-11-24,WFCCL.SN,WFC,64236.0,0
2025-11-25,WFCCL.SN,WFC,64236.0,0
2025-11-26,WFCCL.SN,WFC,64236.0,0
2025-11-27,WFCCL.SN,WFC,64236.0,0
2025-11-28,WFCCL.SN,WFC,64236.0,0
2025-12-01,WFCCL.SN,WFC,64236.0,0
2025-12-02,WFCCL.SN,WFC,64236.0,0
2025-12-03,WFCCL.SN,WFC,64236.0,0
2025-12-04,WFCCL.SN,WFC,64236.0,0
2025-12-05,WFCCL.SN,WFC,64236.0,0
2025-12-09,WFCCL.SN,WFC,64236.0,0
2025-12-10,WFCCL.SN,WFC,64236.0,0
2025-12-11,WFCCL.SN,WFC,64236.0,0
2025-12-12,WFCCL.SN,WFC,64236.0,0
2025-12-15,WFCCL.SN,WFC,64236.0,0
2025-12-16,WFCCL.SN,WFC,64236.0,0
2025-12-17,WFCCL.SN,WFC,64236.0,0
2025-12-18,WFCCL.SN,WFC,64236.0,0
2025-12-19,WFCCL.SN,WFC,64236.0,0
2025-12-22,WFCCL.SN,WFC,64236.0,0
2025-12-23,WFCCL.SN,WFC,64236.0,0
2025-12-24,WFCCL.SN,WFC,64236.0,0
2025-12-26,WFCCL.SN,WFC,64236.0,0
2025-12-29,WFCCL.SN,WFC,64236.0,0
2025-12-30,WFCCL.SN,WFC,64236.0,0
2026-01-02,WFCCL.SN,WFC,64236.0,0
2026-01-05,WFCCL.SN,WFC,64236.0,0
2026-01-06,WFCCL.SN,WFC,64236.0,0
2026-01-07,WFCCL.SN,WFC,64236.0,0
2026-01-08,WFCCL.SN,WFC,64236.0,0
2026-01-09,WFCCL.SN,WFC,64236.0,0
2026-01-12,WFCCL.SN,WFC,64236.0,0
2026-01-13,WFCCL.SN,WFC,64236.0,0
2026-01-14,WFCCL.SN,WFC,64236.0,0
2026-01-15,WFCCL.SN,WFC,64236.0,0
2026-01-16,WFCCL.SN,WFC,64236.0,0
2026-01-19,WFCCL.SN,WFC,64236.0,0
2026-01-20,WFCCL.SN,WFC,64236.0,0
2026-01-21,WFCCL.SN,WFC,64236.0,0
2026-01-22,WFCCL.SN,WFC,64236.0,0
2026-01-23,WFCCL.SN,WFC,64236.0,0
2026-01-26,WFCCL.SN,WFC,64236.0,0
2026-01-27,WFCCL.SN,WFC,64236.0,0
2026-01-28,WFCCL.SN,WFC,64236.0,0
2026-01-29,WFCCL.SN,WFC,64236.0,0
2026-01-30,WFCCL.SN,WFC,64236.0,0
2026-02-02,WFCCL.SN,WFC,64236.0,0
2026-02-03,WFCCL.SN,WFC,64236.0,0
2026-02-04,WFCCL.SN,WFC,64236.0,0
2026-02-05,WFCCL.SN,WFC,64236.0,0
2026-02-06,WFCCL.SN,WFC,64236.0,0
2026-02-09,WFCCL.SN,WFC,64236.0,0
2026-02-10,WFCCL.SN,WFC,64236.0,0
2026-02-11,WFCCL.SN,WFC,64236.0,0
2026-02-12,WFCCL.SN,WFC,64236.0,0
2026-02-13,WFCCL.SN,WFC,64236.0,0
2026-02-16,WFCCL.SN,WFC,64236.0,0
2026-02-17,WFCCL.SN,WFC,64236.0,0
2026-02-18,WFCCL.SN,WFC,64236.0,0
2026-02-19,WFCCL.SN,WFC,64236.0,0
2026-02-20,WFCCL.SN,WFC,64236.0,0
2026-02-23,WFCCL.SN,WFC,64236.0,0
2026-02-24,WFCCL.SN,WFC,64236.0,0
2026-02-25,WFCCL.SN,WFC,64236.0,0
2026-02-26,WFCCL.SN,WFC,64236.0,0
2026-02-27,WFCCL.SN,WFC,64236.0,0
2026-03-02,WFCCL.SN,WFC,64236.0,0
2026-03-03,WFCCL.SN,WFC,64236.0,0
2026-03-04,WFCCL.SN,WFC,64236.0,0
2026-03-05,WFCCL.SN,WFC,64236.0,0
2026-03-06,WFCCL.SN,WFC,64236.0,0
2026-03-09,WFCCL.SN,WFC,64236.0,0
2026-03-10,WFCCL.SN,WFC,64236.0,0
2026-03-11,WFCCL.SN,WFC,64236.0,0
2026-03-12,WFCCL.SN,WFC,64236.0,0
2026-03-13,WFCCL.SN,WFC,64236.0,0
2026-03-16,WFCCL.SN,WFC,64236.0,0
2026-03-17,WFCCL.SN,WFC,64236.0,0
2026-03-18,WFCCL.SN,WFC,64236.0,0
2026-03-19,WFCCL.SN,WFC,64236.0,0
2026-03-20,WFCCL.SN,WFC,64236.0,0
2026-03-23,WFCCL.SN,WFC,64236.0,0
2026-03-24,WFCCL.SN,WFC,64236.0,0
2026-03-25,WFCCL.SN,WFC,64236.0,0
2026-03-26,WFCCL.SN,WFC,64236.0,0
2026-03-27,WFCCL.SN,WFC,64236.0,0
2026-03-30,WFCCL.SN,WFC,64236.0,0
2026-03-31,WFCCL.SN,WFC,64236.0,0
2026-04-01,WFCCL.SN,WFC,64236.0,0
2026-04-02,WFCCL.SN,WFC,64236.0,0
2026-04-06,WFCCL.SN,WFC,64236.0,0
2026-04-07,WFCCL.SN,WFC,64236.0,0
2026-04-08,WFCCL.SN,WFC,64236.0,0
2026-04-09,WFCCL.SN,WFC,64236.0,0
2026-04-10,WFCCL.SN,WFC,64236.0,0
2026-04-13,WFCCL.SN,WFC,64236.0,0
2026-04-14,WFCCL.SN,WFC,64236.0,0
2026-04-15,WFCCL.SN,WFC,64236.0,0
2026-04-16,WFCCL.SN,WFC,64236.0,0
2026-04-17,WFCCL.SN,WFC,64236.0,0
2026-04-20,WFCCL.SN,WFC,64236.0,0
2026-04-21,WFCCL.SN,WFC,64236.0,0
2026-04-22,WFCCL.SN,WFC,64236.0,0
2026-04-23,WFCCL.SN,WFC,64236.0,0
2026-04-24,WFCCL.SN,WFC,64236.0,0
2026-04-27,WFCCL.SN,WFC,64236.0,0
2026-04-28,WFCCL.SN,WFC,64236.0,0
2026-04-29,WFCCL.SN,WFC,64236.0,0
2026-04-30,WFCCL.SN,WFC,64236.0,0
2026-05-04,WFCCL.SN,WFC,64236.0,0
2026-05-05,WFCCL.SN,WFC,64236.0,0
2026-05-06,WFCCL.SN,WFC,64236.0,0
2026-05-07,WFCCL.SN,WFC,64236.0,0
2026-05-08,WFCCL.SN,WFC,64236.0,0
2026-05-11,WFCCL.SN,WFC,64236.0,0
2026-05-12,WFCCL.SN,WFC,64236.0,0
2026-05-13,WFCCL.SN,WFC,64236.0,0
2026-05-14,WFCCL.SN,WFC,64236.0,0
2026-05-15,WFCCL.SN,WFC,64236.0,0
2026-05-18,WFCCL.SN,WFC,64236.0,0
2026-05-19,WFCCL.SN,WFC,64236.0,0
2026-05-20,WFCCL.SN,WFC,64236.0,0
2026-05-22,WFCCL.SN,WFC,64236.0,0
2026-05-25,WFCCL.SN,WFC,64236.0,0
2026-05-26,WFCCL.SN,WFC,64236.0,0
2026-05-27,WFCCL.SN,WFC,64236.0,0
2026-05-28,WFCCL.SN,WFC,64236.0,0
2026-05-29,WFCCL.SN,WFC,64236.0,0
2026-06-01,WFCCL.SN,WFC,64236.0,0
2026-06-02,WFCCL.SN,WFC,64236.0,0
2026-06-03,WFCCL.SN,WFC,64236.0,0
2026-06-04,WFCCL.SN,WFC,64236.0,0
2026-06-05,WFCCL.SN,WFC,64236.0,0
2026-06-08,WFCCL.SN,WFC,64236.0,0
2026-06-09,WFCCL.SN,WFC,64236.0,0
2026-06-10,WFCCL.SN,WFC,64236.0,0
2026-06-11,WFCCL.SN,WFC,64236.0,0
2026-06-12,WFCCL.SN,WFC,64236.0,0
2026-06-15,WFCCL.SN,WFC,64236.0,0
2026-06-16,WFCCL.SN,WFC,64236.0,0
2026-06-17,WFCCL.SN,WFC,64236.0,0
2026-06-18,WFCCL.SN,WFC,64236.0,0
2026-06-19,WFCCL.SN,WFC,64236.0,0
2026-06-22,WFCCL.SN,WFC,64236.0,0
2026-06-23,WFCCL.SN,WFC,64236.0,0
2026-06-24,WFCCL.SN,WFC,64236.0,0
2026-06-25,WFCCL.SN,WFC,64236.0,0
2026-06-26,WFCCL.SN,WFC,64236.0,0
2026-06-30,WFCCL.SN,WFC,64236.0,0
2026-07-01,WFCCL.SN,WFC,64236.0,0
2026-07-02,WFCCL.SN,WFC,64236.0,0
2026-07-03,WFCCL.SN,WFC,64236.0,0
2026-07-06,WFCCL.SN,WFC,64236.0,0
2026-07-07,WFCCL.SN,WFC,64236.0,0
2026-07-08,WFCCL.SN,WFC,64236.0,0
2026-07-09,WFCCL.SN,WFC,64236.0,0
2026-07-10,WFCCL.SN,WFC,64236.0,0
2026-07-13,WFCCL.SN,WFC,64236.0,0
2026-07-14,WFCCL.SN,WFC,64236.0,0
2026-07-15,WFCCL.SN,WFC,64236.0,0
2026-07-17,WFCCL.SN,WFC,64236.0,0
2026-07-20,WFCCL.SN,WFC,64236.0,0
2026-07-21,WFCCL.SN,WFC,80546.0,0
2026-07-22,WFCCL.SN,WFC,80546.0,0
2026-07-23,WFCCL.SN,WFC,80546.0,0
2026-07-24,WFCCL.SN,WFC,80546.0,0
2026-07-27,WFCCL.SN,WFC,80546.0,0
2026-07-28,WFCCL.SN,WFC,82331.0,0
2026-07-29,WFCCL.SN,WFC,82331.0,0
2026-07-30,WFCCL.SN,WFC,82331.0,0
2026-07-31,WFCCL.SN,WFC,82331.0,0
2026-08-03,WFCCL.SN,WFC,82331.0,0
2026-08-04,WFCCL.SN,WFC,81289.0,0
2026-08-05,WFCCL.SN,WFC,81289.0,0
2026-08-06,WFCCL.SN,WFC,81289.0,0
2026-08-07,WFCCL.SN,WFC,81289.0,0
2026-08-10,WFCCL.SN,WFC,81289.0,0
2026-08-11,WFCCL.SN,WFC,80195.0,0
2026-08-12,WFCCL.SN,WFC,80195.0,0
2026-08-13,WFCCL.SN,WFC,80195.0,0
2026-08-14,WFCCL.SN,WFC,80195.0,0
2026-08-17,WFCCL.SN,WFC,80195.0,0
2026-08-18,WFCCL.SN,WFC,80028.0,0
2026-08-19,WFCCL.SN,WFC,80028.0,0
2026-08-20,WFCCL.SN,WFC,80028.0,0
2026-08-21,WFCCL.SN,WFC,80028.0,0
2026-08-24,WFCCL.SN,WFC,80028.0,0
2026-08-25,WFCCL.SN,WFC,77488.0,0
2026-08-26,WFCCL.SN,WFC,77488.0,0
2026-08-27,WFCCL.SN,WFC,77488.0,0
2026-08-28,WFCCL.SN,WFC,77488.0,0
2026-08-31,WFCCL.SN,WFC,77488.0,0
2026-09-01,WFCCL.SN,WFC,77488.0,0
2026-09-02,WFCCL.SN,WFC,77488.0,0
2026-09-03,WFCCL.SN,WFC,77488.0,0
2026-09-04,WFCCL.SN,WFC,77488.0,0
2026-09-07,WFCCL.SN,WFC,77488.0,0
2026-09-08,WFCCL.SN,WFC,77488.0,0
2026-09-09,WFCCL.SN,WFC,81663.0,0
2026-09-10,WFCCL.SN,WFC,81663.0,0
2026-09-11,WFCCL.SN,WFC,81663.0,0
2026-09-14,WFCCL.SN,WFC,81663.0,0
2026-09-15,WFCCL.SN,WFC,84942.0,0
2026-09-16,WFCCL.SN,WFC,84942.0,0
2026-09-17,WFCCL.SN,WFC,84942.0,0
2026-09-21,WFCCL.SN,WFC,84942.0,0
