date,a,e
2002-08-01,10000.0,13408.81
2002-08-02,10000.0,13419.75
2002-08-03,10000.0,13419.75
2002-08-04,10000.0,13419.75
2002-08-05,10000.0,13448.11
2002-08-06,10000.0,13449.38
2002-08-07,10000.0,13461.47
2002-08-08,10000.0,13471.64
2002-08-09,10000.0,13523.65
2002-08-10,10000.0,13523.65
2002-08-11,10000.0,13523.65
2002-08-12,10000.0,13526.39
2002-08-13,10000.0,13530.27
2002-08-14,10000.0,13531.08
2002-08-15,10000.0,13531.08
2002-08-16,10000.0,13526.14
2002-08-17,10000.0,13526.14
2002-08-18,10000.0,13526.14
2002-08-19,10000.0,13545.95
2002-08-20,10000.0,13551.09
2002-08-21,10000.0,13564.47
2002-08-22,10000.0,13614.27
2002-08-23,10000.0,13627.37
2002-08-24,10000.0,13627.37
2002-08-25,10000.0,13627.37
2002-08-26,10000.0,13626.79
2002-08-27,10000.0,13617.52
2002-08-28,10000.0,13625.44
2002-08-29,10000.0,13605.42
2002-08-30,10000.0,13642.05
2002-08-31,10000.0,13642.05
2002-09-01,10000.0,13642.05
2002-09-02,10000.0,13630.46
2002-09-03,10000.0,13678.05
2002-09-04,10000.0,13749.35
2002-09-05,10000.0,13781.11
2002-09-06,10000.0,13781.38
2002-09-07,10000.0,13781.38
2002-09-08,10000.0,13781.38
2002-09-09,10000.0,13781.15
2002-09-10,10000.0,13763.81
2002-09-11,10000.0,13761.02
2002-09-12,10000.0,13755.04
2002-09-13,10000.0,13771.66
2002-09-14,10000.0,13771.66
2002-09-15,10000.0,13771.66
2002-09-16,10000.0,13719.26
2002-09-17,10000.0,13732.13
2002-09-18,10000.0,13732.13
2002-09-19,10000.0,13732.13
2002-09-20,10000.0,13846.48
2002-09-21,10000.0,13846.48
2002-09-22,10000.0,13846.48
2002-09-23,10000.0,14003.68
2002-09-24,10000.0,13999.74
2002-09-25,10000.0,13921.37
2002-09-26,10000.0,13923.26
2002-09-27,10000.0,13921.67
2002-09-28,10000.0,13921.67
2002-09-29,10000.0,13921.67
2002-09-30,10038.8,13931.11
2002-10-01,9988.76,13901.08
2002-10-02,9915.49,13881.15
2002-10-03,9959.1,13924.45
2002-10-04,9945.12,13937.21
2002-10-05,9945.12,13937.21
2002-10-06,9945.12,13937.21
2002-10-07,9940.09,13925.37
2002-10-08,9911.77,13963.07
2002-10-09,9811.32,13976.94
2002-10-10,9802.22,14020.5
2002-10-11,9743.08,14007.47
2002-10-12,9743.08,14007.47
2002-10-13,9743.08,14007.47
2002-10-14,9727.28,13997.47
2002-10-15,9813.75,14012.27
2002-10-16,9820.52,14010.92
2002-10-17,9885.39,14017.03
2002-10-18,9875.61,14007.94
2002-10-19,9875.61,14007.94
2002-10-20,9875.61,14007.94
2002-10-21,9944.29,14014.3
2002-10-22,9970.13,14018.22
2002-10-23,9960.94,14011.17
2002-10-24,9931.07,14008.45
2002-10-25,9974.32,14026.45
2002-10-26,9974.32,14026.45
2002-10-27,9974.32,14026.45
2002-10-28,10010.05,14012.79
2002-10-29,10031.45,14021.28
2002-10-30,10039.42,14029.24
2002-10-31,10024.25,14035.31
2002-11-01,10024.25,14035.31
2002-11-02,10024.25,14035.31
2002-11-03,10024.25,14035.31
2002-11-04,10088.88,14034.87
2002-11-05,10120.66,14062.94
2002-11-06,10193.51,14090.14
2002-11-07,10239.78,14080.97
2002-11-08,10255.51,14090.31
2002-11-09,10255.51,14090.31
2002-11-10,10255.51,14090.31
2002-11-11,10213.33,14079.95
2002-11-12,10154.79,14100.43
2002-11-13,10081.85,14094.26
2002-11-14,10087.85,14131.44
2002-11-15,10091.36,14128.76
2002-11-16,10091.36,14128.76
2002-11-17,10091.36,14128.76
2002-11-18,10185.45,14146.66
2002-11-19,10191.03,14133.8
2002-11-20,10174.63,14117.32
2002-11-21,10134.73,14113.14
2002-11-22,10133.54,14102.37
2002-11-23,10133.54,14102.37
2002-11-24,10133.54,14102.37
2002-11-25,10235.59,14162.59
2002-11-26,10251.57,14125.19
2002-11-27,10237.65,14099.95
2002-11-28,10162.31,14080.47
2002-11-29,10197.03,14055.31
2002-11-30,10197.03,14055.31
2002-12-01,10197.03,14055.31
2002-12-02,10211.62,14062.47
2002-12-03,10232.58,14040.34
2002-12-04,10279.77,14077.14
2002-12-05,10286.14,14106.42
2002-12-06,10252.82,14094.91
2002-12-07,10252.82,14094.91
2002-12-08,10252.82,14094.91
2002-12-09,10251.87,14107.17
2002-12-10,10274.74,14130.89
2002-12-11,10230.32,14128.7
2002-12-12,10231.71,14113.01
2002-12-13,10228.49,14117.57
2002-12-14,10228.49,14117.57
2002-12-15,10228.49,14117.57
2002-12-16,10253.33,14152.25
2002-12-17,10214.84,14132.35
2002-12-18,10244.67,14112.02
2002-12-19,10297.67,14122.3
2002-12-20,10312.62,14135.7
2002-12-21,10312.62,14135.7
2002-12-22,10312.62,14135.7
2002-12-23,10321.5,14133.23
2002-12-24,10377.5,14145.68
2002-12-25,10377.5,14145.68
2002-12-26,10401.92,14152.91
2002-12-27,10410.58,14170.32
2002-12-28,10410.58,14170.32
2002-12-29,10410.58,14170.32
2002-12-30,10417.59,14173.08
2002-12-31,10376.47,14215.84
2003-01-01,10376.47,14215.84
2003-01-02,10417.34,14240.77
2003-01-03,10418.6,14236.95
2003-01-04,10418.6,14236.95
2003-01-05,10418.6,14236.95
2003-01-06,10465.67,14220.33
2003-01-07,10507.3,14204.9
2003-01-08,10581.83,14231.52
2003-01-09,10524.26,14226.74
2003-01-10,10498.78,14246.99
2003-01-11,10498.78,14246.99
2003-01-12,10498.78,14246.99
2003-01-13,10559.58,14260.16
2003-01-14,10597.11,14261.47
2003-01-15,10633.61,14319.94
2003-01-16,10674.18,14326.7
2003-01-17,10664.58,14354.84
2003-01-18,10664.58,14354.84
2003-01-19,10664.58,14354.84
2003-01-20,10661.93,14356.62
2003-01-21,10594.41,14350.52
2003-01-22,10581.17,14354.68
2003-01-23,10552.14,14368.25
2003-01-24,10483.21,14346.31
2003-01-25,10483.21,14346.31
2003-01-26,10483.21,14346.31
2003-01-27,10524.68,14400.78
2003-01-28,10456.04,14388.89
2003-01-29,10350.48,14373.84
2003-01-30,10356.63,14393.69
2003-01-31,10328.99,14342.2
2003-02-01,10328.99,14342.2
2003-02-02,10328.99,14342.2
2003-02-03,10347.92,14364.28
2003-02-04,10372.46,14362.72
2003-02-05,10444.96,14417.9
2003-02-06,10437.62,14417.82
2003-02-07,10453.22,14400.88
2003-02-08,10453.22,14400.88
2003-02-09,10453.22,14400.88
2003-02-10,10401.42,14393.74
2003-02-11,10387.91,14402.17
2003-02-12,10391.35,14398.54
2003-02-13,10417.36,14415.53
2003-02-14,10392.41,14396.62
2003-02-15,10392.41,14396.62
2003-02-16,10392.41,14396.62
2003-02-17,10363.33,14392.25
2003-02-18,10346.8,14378.51
2003-02-19,10363.59,14402.71
2003-02-20,10430.42,14451.2
2003-02-21,10426.47,14452.44
2003-02-22,10426.47,14452.44
2003-02-23,10426.47,14452.44
2003-02-24,10411.13,14462.37
2003-02-25,10455.09,14455.6
2003-02-26,10411.3,14473.27
2003-02-27,10368.66,14473.45
2003-02-28,10346.04,14494.9
2003-03-01,10346.04,14494.9
2003-03-02,10346.04,14494.9
2003-03-03,10367.29,14496.35
2003-03-04,10401.25,14509.92
2003-03-05,10443.78,14564.35
2003-03-06,10444.39,14586.63
2003-03-07,10412.11,14574.33
2003-03-08,10412.11,14574.33
2003-03-09,10412.11,14574.33
2003-03-10,10437.19,14594.13
2003-03-11,10426.9,14554.2
2003-03-12,10306.9,14555.42
2003-03-13,10265.67,14576.2
2003-03-14,10222.83,14562.02
2003-03-15,10222.83,14562.02
2003-03-16,10222.83,14562.02
2003-03-17,10269.06,14546.64
2003-03-18,10297.3,14569.48
2003-03-19,10305.44,14556.42
2003-03-20,10362.4,14565.27
2003-03-21,10422.34,14568.51
2003-03-22,10422.34,14568.51
2003-03-23,10422.34,14568.51
2003-03-24,10412.21,14500.15
2003-03-25,10461.77,14511.65
2003-03-26,10343.4,14518.59
2003-03-27,10350.75,14545.3
2003-03-28,10375.86,14575.92
2003-03-29,10375.86,14575.92
2003-03-30,10375.86,14575.92
2003-03-31,10348.25,14570.92
2003-04-01,10353.82,14620.33
2003-04-02,10274.4,14613.92
2003-04-03,10236.3,14559.24
2003-04-04,10322.3,14612.8
2003-04-05,10322.3,14612.8
2003-04-06,10322.3,14612.8
2003-04-07,10358.46,14602.84
2003-04-08,10376.66,14582.38
2003-04-09,10448.08,14614.31
2003-04-10,10462.06,14609.84
2003-04-11,10501.33,14628.13
2003-04-12,10501.33,14628.13
2003-04-13,10501.33,14628.13
2003-04-14,10502.75,14635.87
2003-04-15,10519.0,14628.99
2003-04-16,10607.88,14623.19
2003-04-17,10661.01,14627.67
2003-04-18,10661.01,14627.67
2003-04-19,10661.01,14627.67
2003-04-20,10661.01,14627.67
2003-04-21,10662.78,14651.99
2003-04-22,10703.81,14658.27
2003-04-23,10748.06,14655.49
2003-04-24,10780.15,14640.42
2003-04-25,10855.31,14665.09
2003-04-26,10855.31,14665.09
2003-04-27,10855.31,14665.09
2003-04-28,10864.96,14702.63
2003-04-29,10800.63,14700.85
2003-04-30,10884.53,14679.0
2003-05-01,10884.53,14679.0
2003-05-02,11009.35,14684.94
2003-05-03,11009.35,14684.94
2003-05-04,11009.35,14684.94
2003-05-05,11076.18,14698.91
2003-05-06,11171.73,14707.54
2003-05-07,11266.96,14729.22
2003-05-08,11211.15,14711.72
2003-05-09,11221.02,14735.64
2003-05-10,11221.02,14735.64
2003-05-11,11221.02,14735.64
2003-05-12,11218.99,14727.38
2003-05-13,11327.46,14729.47
2003-05-14,11384.89,14713.63
2003-05-15,11428.71,14732.35
2003-05-16,11485.51,14761.9
2003-05-17,11485.51,14761.9
2003-05-18,11485.51,14761.9
2003-05-19,11514.45,14781.61
2003-05-20,11435.84,14782.79
2003-05-21,11435.84,14782.79
2003-05-22,11325.37,14813.51
2003-05-23,11287.98,14793.23
2003-05-24,11287.98,14793.23
2003-05-25,11287.98,14793.23
2003-05-26,11403.18,14806.7
2003-05-27,11457.83,14814.62
2003-05-28,11475.34,14830.39
2003-05-29,11578.23,14814.76
2003-05-30,11640.18,14816.89
2003-05-31,11640.18,14816.89
2003-06-01,11640.18,14816.89
2003-06-02,11688.1,14830.62
2003-06-03,11684.75,14802.84
2003-06-04,11770.97,14826.08
2003-06-05,11748.21,14812.82
2003-06-06,11881.61,14862.46
2003-06-07,11881.61,14862.46
2003-06-08,11881.61,14862.46
2003-06-09,11883.17,14837.41
2003-06-10,12010.45,14870.66
2003-06-11,11965.03,14861.05
2003-06-12,11990.64,14868.94
2003-06-13,11988.31,14829.17
2003-06-14,11988.31,14829.17
2003-06-15,11988.31,14829.17
2003-06-16,11988.31,14829.17
2003-06-17,12051.78,14852.45
2003-06-18,12096.65,14839.8
2003-06-19,12109.5,14848.76
2003-06-20,12071.46,14838.97
2003-06-21,12071.46,14838.97
2003-06-22,12071.46,14838.97
2003-06-23,11975.05,14832.15
2003-06-24,11931.79,14834.1
2003-06-25,11759.65,14829.83
2003-06-26,11733.39,14854.57
2003-06-27,11718.9,14837.31
2003-06-28,11718.9,14837.31
2003-06-29,11718.9,14837.31
2003-06-30,11670.79,14826.77
2003-07-01,11735.94,14842.82
2003-07-02,11752.29,14814.43
2003-07-03,11832.98,14830.32
2003-07-04,11925.7,14832.21
2003-07-05,11925.7,14832.21
2003-07-06,11925.7,14832.21
2003-07-07,11921.75,14827.43
2003-07-08,11940.09,14835.92
2003-07-09,12050.55,14849.81
2003-07-10,12036.63,14833.18
2003-07-11,12014.49,14851.94
2003-07-12,12014.49,14851.94
2003-07-13,12014.49,14851.94
2003-07-14,11961.61,14861.01
2003-07-15,11991.01,14866.04
2003-07-16,11988.73,14855.03
2003-07-17,11965.67,14861.42
2003-07-18,11898.25,14861.93
2003-07-19,11898.25,14861.93
2003-07-20,11898.25,14861.93
2003-07-21,11870.65,14891.13
2003-07-22,11898.08,14881.27
2003-07-23,11894.97,14883.36
2003-07-24,12017.48,14930.42
2003-07-25,12028.26,14934.23
2003-07-26,12028.26,14934.23
2003-07-27,12028.26,14934.23
2003-07-28,12076.46,14935.25
2003-07-29,12130.16,14932.38
2003-07-30,12181.32,14946.3
2003-07-31,12166.5,14937.78
2003-08-01,12160.51,14916.23
2003-08-02,12160.51,14916.23
2003-08-03,12160.51,14916.23
2003-08-04,12245.91,14933.34
2003-08-05,12288.25,14965.96
2003-08-06,12223.98,14942.05
2003-08-07,12149.66,14933.47
2003-08-08,12149.39,14934.78
2003-08-09,12149.39,14934.78
2003-08-10,12149.39,14934.78
2003-08-11,12167.65,14911.5
2003-08-12,12254.5,14933.75
2003-08-13,12328.25,14941.87
2003-08-14,12409.05,14943.86
2003-08-15,12409.05,14943.86
2003-08-16,12409.05,14943.86
2003-08-17,12409.05,14943.86
2003-08-18,12452.23,14910.18
2003-08-19,12536.58,14909.41
2003-08-20,12607.18,14938.74
2003-08-21,12609.42,14928.4
2003-08-22,12580.14,14908.79
2003-08-23,12580.14,14908.79
2003-08-24,12580.14,14908.79
2003-08-25,12567.96,14903.6
2003-08-26,12522.21,14912.31
2003-08-27,12451.01,14924.37
2003-08-28,12468.05,14953.5
2003-08-29,12535.33,14957.57
2003-08-30,12535.33,14957.57
2003-08-31,12535.33,14957.57
2003-09-01,12589.91,14970.11
2003-09-02,12641.13,14933.5
2003-09-03,12613.0,14924.25
2003-09-04,12643.91,14912.26
2003-09-05,12615.15,14868.15
2003-09-06,12615.15,14868.15
2003-09-07,12615.15,14868.15
2003-09-08,12605.58,14905.37
2003-09-09,12641.58,14906.0
2003-09-10,12709.72,14938.76
2003-09-11,12653.47,14923.84
2003-09-12,12561.42,14899.16
2003-09-13,12561.42,14899.16
2003-09-14,12561.42,14899.16
2003-09-15,12595.57,14881.75
2003-09-16,12579.54,14878.99
2003-09-17,12549.9,14870.03
2003-09-18,12549.9,14870.03
2003-09-19,12549.9,14870.03
2003-09-20,12549.9,14870.03
2003-09-21,12549.9,14870.03
2003-09-22,12638.16,14889.76
2003-09-23,12603.09,14873.13
2003-09-24,12547.52,14862.65
2003-09-25,12654.98,14904.88
2003-09-26,12634.02,14904.58
2003-09-27,12634.02,14904.58
2003-09-28,12634.02,14904.58
2003-09-29,12691.08,14899.63
2003-09-30,12692.11,14891.97
2003-10-01,12674.44,14866.45
2003-10-02,12695.44,14902.7
2003-10-03,12867.71,14934.86
2003-10-04,12867.71,14934.86
2003-10-05,12867.71,14934.86
2003-10-06,12897.21,14907.73
2003-10-07,13028.39,14923.77
2003-10-08,12999.62,14888.33
2003-10-09,12980.83,14878.37
2003-10-10,13056.04,14891.13
2003-10-11,13056.04,14891.13
2003-10-12,13056.04,14891.13
2003-10-13,13121.28,14916.79
2003-10-14,13191.78,14914.08
2003-10-15,13236.62,14987.6
2003-10-16,13366.07,15030.22
2003-10-17,13322.67,15002.17
2003-10-18,13322.67,15002.17
2003-10-19,13322.67,15002.17
2003-10-20,13411.94,15022.11
2003-10-21,13350.68,15015.86
2003-10-22,13411.68,15001.59
2003-10-23,13403.56,15017.07
2003-10-24,13226.54,14969.78
2003-10-25,13226.54,14969.78
2003-10-26,13226.54,14969.78
2003-10-27,13168.92,15014.98
2003-10-28,13172.0,15046.91
2003-10-29,13176.63,15006.38
2003-10-30,13219.58,15008.07
2003-10-31,13142.17,14944.28
2003-11-01,13142.17,14944.28
2003-11-02,13142.17,14944.28
2003-11-03,13160.5,14962.98
2003-11-04,13116.84,14954.36
2003-11-05,13150.68,14940.99
2003-11-06,13113.15,14947.58
2003-11-07,13051.48,14953.28
2003-11-08,13051.48,14953.28
2003-11-09,13051.48,14953.28
2003-11-10,12934.79,14902.87
2003-11-11,12922.59,14918.73
2003-11-12,12944.82,14998.67
2003-11-13,12950.4,14999.02
2003-11-14,13041.14,14983.26
2003-11-15,13041.14,14983.26
2003-11-16,13041.14,14983.26
2003-11-17,13071.55,14980.82
2003-11-18,13020.87,14965.99
2003-11-19,13004.84,15062.91
2003-11-20,12938.47,14999.98
2003-11-21,12841.25,14983.51
2003-11-22,12841.25,14983.51
2003-11-23,12841.25,14983.51
2003-11-24,12787.9,14976.7
2003-11-25,12790.16,14936.17
2003-11-26,12848.61,14941.31
2003-11-27,12943.08,14963.33
2003-11-28,12967.29,14925.5
2003-11-29,12967.29,14925.5
2003-11-30,12967.29,14925.5
2003-12-01,12984.01,14913.32
2003-12-02,13034.24,14914.22
2003-12-03,13141.17,14907.45
2003-12-04,13072.32,14834.8
2003-12-05,13114.26,14930.36
2003-12-06,13114.26,14930.36
2003-12-07,13114.26,14930.36
2003-12-08,13114.26,14930.36
2003-12-09,13160.42,14939.03
2003-12-10,13099.26,14890.99
2003-12-11,13110.04,14887.2
2003-12-12,13015.65,14912.12
2003-12-13,13015.65,14912.12
2003-12-14,13015.65,14912.12
2003-12-15,13088.04,14887.42
2003-12-16,13095.29,14909.95
2003-12-17,13123.51,14934.62
2003-12-18,13074.12,14928.54
2003-12-19,13061.01,14876.44
2003-12-20,13061.01,14876.44
2003-12-21,13061.01,14876.44
2003-12-22,13087.79,14839.83
2003-12-23,13116.25,14893.87
2003-12-24,13174.19,14911.28
2003-12-25,13174.19,14911.28
2003-12-26,13185.55,14906.92
2003-12-27,13185.55,14906.92
2003-12-28,13185.55,14906.92
2003-12-29,13188.54,14905.12
2003-12-30,13316.57,14985.6
2003-12-31,13346.12,14889.95
2004-01-01,13346.12,14889.95
2004-01-02,13334.16,14867.51
2004-01-03,13334.16,14867.51
2004-01-04,13334.16,14867.51
2004-01-05,13318.05,14892.74
2004-01-06,13341.62,14863.33
2004-01-07,13328.1,14780.32
2004-01-08,13425.65,14903.6
2004-01-09,13424.28,14899.51
2004-01-10,13424.28,14899.51
2004-01-11,13424.28,14899.51
2004-01-12,13396.1,14872.75
2004-01-13,13467.4,14909.83
2004-01-14,13538.84,14942.38
2004-01-15,13581.52,14969.1
2004-01-16,13489.35,14900.87
2004-01-17,13489.35,14900.87
2004-01-18,13489.35,14900.87
2004-01-19,13553.77,14964.59
2004-01-20,13452.79,14920.07
2004-01-21,13452.9,14933.92
2004-01-22,13497.66,14954.65
2004-01-23,13557.72,14993.44
2004-01-24,13557.72,14993.44
2004-01-25,13557.72,14993.44
2004-01-26,13643.01,15040.25
2004-01-27,13646.8,15048.21
2004-01-28,13608.23,15037.06
2004-01-29,13685.3,15079.9
2004-01-30,13663.72,15123.51
2004-01-31,13663.72,15123.51
2004-02-01,13663.72,15123.51
2004-02-02,13447.11,15060.88
2004-02-03,13280.41,15000.48
2004-02-04,13451.35,15081.36
2004-02-05,13488.61,15100.17
2004-02-06,13489.72,15123.36
2004-02-07,13489.72,15123.36
2004-02-08,13489.72,15123.36
2004-02-09,13505.64,15126.76
2004-02-10,13432.53,15041.72
2004-02-11,13536.22,15067.99
2004-02-12,13600.6,15116.92
2004-02-13,13588.04,15101.72
2004-02-14,13588.04,15101.72
2004-02-15,13588.04,15101.72
2004-02-16,13643.96,15115.11
2004-02-17,13718.35,15147.58
2004-02-18,13661.25,15109.92
2004-02-19,13804.45,15126.86
2004-02-20,13969.58,15184.03
2004-02-21,13969.58,15184.03
2004-02-22,13969.58,15184.03
2004-02-23,13874.21,15148.43
2004-02-24,13851.59,15161.98
2004-02-25,13899.75,15200.56
2004-02-26,13771.97,15171.39
2004-02-27,13880.21,15219.1
2004-02-28,13880.21,15219.1
2004-02-29,13880.21,15219.1
2004-03-01,13861.46,15200.4
2004-03-02,13875.92,15196.98
2004-03-03,14011.57,15200.87
2004-03-04,14147.63,15218.23
2004-03-05,14090.69,15222.18
2004-03-06,14090.69,15222.18
2004-03-07,14090.69,15222.18
2004-03-08,13998.04,15201.14
2004-03-09,14010.6,15231.29
2004-03-10,13984.24,15264.89
2004-03-11,14048.03,15294.06
2004-03-12,13899.27,15275.08
2004-03-13,13899.27,15275.08
2004-03-14,13899.27,15275.08
2004-03-15,13753.92,15282.03
2004-03-16,13797.8,15308.43
2004-03-17,13719.75,15319.8
2004-03-18,13776.59,15325.88
2004-03-19,13800.0,15298.25
2004-03-20,13800.0,15298.25
2004-03-21,13800.0,15298.25
2004-03-22,13865.55,15337.3
2004-03-23,13788.57,15352.66
2004-03-24,13699.31,15345.72
2004-03-25,13702.61,15346.82
2004-03-26,13662.26,15343.75
2004-03-27,13662.26,15343.75
2004-03-28,13662.26,15343.75
2004-03-29,13792.08,15380.3
2004-03-30,13850.92,15378.31
2004-03-31,13985.2,15368.16
2004-04-01,13941.57,15341.07
2004-04-02,13982.65,15332.16
2004-04-03,13982.65,15332.16
2004-04-04,13982.65,15332.16
2004-04-05,14082.85,15312.16
2004-04-06,14142.91,15300.01
2004-04-07,14210.31,15325.2
2004-04-08,14257.81,15358.89
2004-04-09,14257.81,15358.89
2004-04-10,14257.81,15358.89
2004-04-11,14257.81,15358.89
2004-04-12,14131.97,15335.56
2004-04-13,14141.54,15362.5
2004-04-14,14117.09,15291.07
2004-04-15,14158.47,15307.7
2004-04-16,14037.46,15302.21
2004-04-17,14037.46,15302.21
2004-04-18,14037.46,15302.21
2004-04-19,13921.5,15309.28
2004-04-20,13927.11,15310.39
2004-04-21,13944.14,15308.55
2004-04-22,13939.11,15325.32
2004-04-23,13972.71,15345.95
2004-04-24,13972.71,15345.95
2004-04-25,13972.71,15345.95
2004-04-26,13983.02,15317.24
2004-04-27,14003.3,15328.22
2004-04-28,14084.03,15367.58
2004-04-29,14072.95,15395.26
2004-04-30,13952.15,15348.11
2004-05-01,13952.15,15348.11
2004-05-02,13952.15,15348.11
2004-05-03,13783.21,15360.52
2004-05-04,13695.9,15377.08
2004-05-05,13702.69,15419.52
2004-05-06,13828.42,15439.74
2004-05-07,13916.15,15453.54
2004-05-08,13916.15,15453.54
2004-05-09,13916.15,15453.54
2004-05-10,13788.83,15468.62
2004-05-11,13630.91,15475.66
2004-05-12,13290.95,15442.19
2004-05-13,13415.68,15478.96
2004-05-14,13427.25,15475.3
2004-05-15,13427.25,15475.3
2004-05-16,13427.25,15475.3
2004-05-17,13329.01,15488.16
2004-05-18,13342.2,15539.44
2004-05-19,13147.14,15545.7
2004-05-20,13261.31,15545.08
2004-05-21,13261.31,15545.08
2004-05-22,13261.31,15545.08
2004-05-23,13261.31,15545.08
2004-05-24,13489.68,15597.96
2004-05-25,13416.1,15573.27
2004-05-26,13472.71,15573.58
2004-05-27,13558.52,15601.5
2004-05-28,13615.46,15592.65
2004-05-29,13615.46,15592.65
2004-05-30,13615.46,15592.65
2004-05-31,13680.46,15592.07
2004-06-01,13759.44,15635.29
2004-06-02,13796.75,15658.34
2004-06-03,13697.42,15658.66
2004-06-04,13705.62,15659.04
2004-06-05,13705.62,15659.04
2004-06-06,13705.62,15659.04
2004-06-07,13705.62,15659.04
2004-06-08,13646.33,15669.73
2004-06-09,13773.93,15649.0
2004-06-10,13848.06,15667.8
2004-06-11,13838.58,15685.19
2004-06-12,13838.58,15685.19
2004-06-13,13838.58,15685.19
2004-06-14,13795.93,15633.46
2004-06-15,13765.45,15571.46
2004-06-16,13695.21,15598.98
2004-06-17,13742.89,15648.29
2004-06-18,13776.58,15639.72
2004-06-19,13776.58,15639.72
2004-06-20,13776.58,15639.72
2004-06-21,13831.95,15617.48
2004-06-22,13856.34,15646.7
2004-06-23,13792.31,15605.61
2004-06-24,13801.39,15624.23
2004-06-25,13834.82,15598.29
2004-06-26,13834.82,15598.29
2004-06-27,13834.82,15598.29
2004-06-28,13834.82,15598.29
2004-06-29,13940.26,15635.06
2004-06-30,13962.17,15594.67
2004-07-01,13957.08,15598.75
2004-07-02,13966.68,15602.88
2004-07-03,13966.68,15602.88
2004-07-04,13966.68,15602.88
2004-07-05,13965.43,15621.37
2004-07-06,13949.67,15654.12
2004-07-07,13961.37,15690.9
2004-07-08,13928.82,15685.12
2004-07-09,13941.54,15695.69
2004-07-10,13941.54,15695.69
2004-07-11,13941.54,15695.69
2004-07-12,13969.41,15728.9
2004-07-13,13944.36,15724.41
2004-07-14,13979.84,15718.13
2004-07-15,13944.22,15702.17
2004-07-16,13894.43,15718.01
2004-07-17,13894.43,15718.01
2004-07-18,13894.43,15718.01
2004-07-19,13841.26,15697.74
2004-07-20,13928.09,15710.05
2004-07-21,13915.53,15711.7
2004-07-22,13959.68,15733.77
2004-07-23,13878.22,15750.1
2004-07-24,13878.22,15750.1
2004-07-25,13878.22,15750.1
2004-07-26,13855.57,15753.41
2004-07-27,13870.62,15825.61
2004-07-28,13833.98,15818.45
2004-07-29,13805.64,15803.93
2004-07-30,13778.28,15832.08
2004-07-31,13778.28,15832.08
2004-08-01,13778.28,15832.08
2004-08-02,13886.77,15876.2
2004-08-03,13936.8,15874.35
2004-08-04,13895.02,15888.01
2004-08-05,13910.69,15890.02
2004-08-06,13864.89,15886.57
2004-08-07,13864.89,15886.57
2004-08-08,13864.89,15886.57
2004-08-09,13834.7,15913.63
2004-08-10,13787.4,15933.34
2004-08-11,13775.07,15921.34
2004-08-12,13866.92,15948.93
2004-08-13,13862.34,15921.09
2004-08-14,13862.34,15921.09
2004-08-15,13862.34,15921.09
2004-08-16,13832.33,15916.65
2004-08-17,13807.1,15946.02
2004-08-18,13859.66,15951.49
2004-08-19,13972.51,15999.18
2004-08-20,14000.92,15991.06
2004-08-21,14000.92,15991.06
2004-08-22,14000.92,15991.06
2004-08-23,14077.29,16041.67
2004-08-24,14055.36,16029.16
2004-08-25,14010.81,16000.5
2004-08-26,14091.12,16024.23
2004-08-27,14164.88,15995.76
2004-08-28,14164.88,15995.76
2004-08-29,14164.88,15995.76
2004-08-30,14147.05,15982.51
2004-08-31,14254.22,16007.2
2004-09-01,14185.19,15998.12
2004-09-02,14265.48,15989.27
2004-09-03,14288.05,15987.32
2004-09-04,14288.05,15987.32
2004-09-05,14288.05,15987.32
2004-09-06,14291.35,16001.31
2004-09-07,14266.86,15957.3
2004-09-08,14294.32,15946.11
2004-09-09,14278.68,15953.12
2004-09-10,14237.56,15952.57
2004-09-11,14237.56,15952.57
2004-09-12,14237.56,15952.57
2004-09-13,14271.67,15984.75
2004-09-14,14289.98,15938.23
2004-09-15,14369.19,15943.94
2004-09-16,14413.37,15950.39
2004-09-17,14413.37,15950.39
2004-09-18,14413.37,15950.39
2004-09-19,14413.37,15950.39
2004-09-20,14361.34,15944.37
2004-09-21,14432.52,15930.89
2004-09-22,14515.3,15963.78
2004-09-23,14543.4,15969.49
2004-09-24,14475.11,15976.63
2004-09-25,14475.11,15976.63
2004-09-26,14475.11,15976.63
2004-09-27,14469.53,15972.89
2004-09-28,14466.23,15958.3
2004-09-29,14354.64,15971.0
2004-09-30,14457.72,15973.83
2004-10-01,14553.96,15993.49
2004-10-02,14553.96,15993.49
2004-10-03,14553.96,15993.49
2004-10-04,14568.38,16003.21
2004-10-05,14681.48,15972.5
2004-10-06,14762.31,15955.02
2004-10-07,14778.71,15977.21
2004-10-08,14819.03,15972.81
2004-10-09,14819.03,15972.81
2004-10-10,14819.03,15972.81
2004-10-11,14819.03,15972.81
2004-10-12,14686.96,15969.24
2004-10-13,14689.38,15993.42
2004-10-14,14691.65,16039.1
2004-10-15,14660.83,16071.23
2004-10-16,14660.83,16071.23
2004-10-17,14660.83,16071.23
2004-10-18,14611.2,16062.39
2004-10-19,14599.69,16057.93
2004-10-20,14682.12,16090.45
2004-10-21,14773.98,16113.77
2004-10-22,14625.43,16081.71
2004-10-23,14625.43,16081.71
2004-10-24,14625.43,16081.71
2004-10-25,14672.89,16080.37
2004-10-26,14794.17,16146.77
2004-10-27,14697.46,16139.1
2004-10-28,14709.61,16118.68
2004-10-29,14897.58,16153.33
2004-10-30,14897.58,16153.33
2004-10-31,14897.58,16153.33
2004-11-01,14897.58,16153.33
2004-11-02,14923.5,16140.64
2004-11-03,14883.1,16128.26
2004-11-04,14954.17,16138.6
2004-11-05,15002.93,16132.98
2004-11-06,15002.93,16132.98
2004-11-07,15002.93,16132.98
2004-11-08,15097.18,16153.88
2004-11-09,15109.83,16157.89
2004-11-10,15130.9,16167.38
2004-11-11,15062.98,16127.99
2004-11-12,15092.6,16121.67
2004-11-13,15092.6,16121.67
2004-11-14,15092.6,16121.67
2004-11-15,15091.84,16111.61
2004-11-16,15107.36,16098.78
2004-11-17,15181.43,16126.24
2004-11-18,15136.07,16103.15
2004-11-19,15136.07,16103.15
2004-11-20,15136.07,16103.15
2004-11-21,15136.07,16103.15
2004-11-22,15222.52,16126.42
2004-11-23,15255.68,16125.98
2004-11-24,15156.13,16082.98
2004-11-25,15214.78,16095.04
2004-11-26,15294.43,16126.98
2004-11-27,15294.43,16126.98
2004-11-28,15294.43,16126.98
2004-11-29,15299.21,16120.06
2004-11-30,15353.74,16133.17
2004-12-01,15370.19,16123.48
2004-12-02,15346.85,16104.02
2004-12-03,15400.71,16049.86
2004-12-04,15400.71,16049.86
2004-12-05,15400.71,16049.86
2004-12-06,15469.63,16105.62
2004-12-07,15450.31,16107.57
2004-12-08,15450.31,16107.57
2004-12-09,15456.09,16120.33
2004-12-10,15448.73,16151.47
2004-12-11,15448.73,16151.47
2004-12-12,15448.73,16151.47
2004-12-13,15341.05,16143.57
2004-12-14,15219.42,16112.07
2004-12-15,15175.96,16078.49
2004-12-16,15362.26,16107.82
2004-12-17,15361.06,16108.2
2004-12-18,15361.06,16108.2
2004-12-19,15361.06,16108.2
2004-12-20,15393.57,16110.87
2004-12-21,15244.8,16072.41
2004-12-22,15358.45,16080.81
2004-12-23,15425.24,16094.97
2004-12-24,15428.03,16083.95
2004-12-25,15428.03,16083.95
2004-12-26,15428.03,16083.95
2004-12-27,15418.28,16101.19
2004-12-28,15458.95,16093.51
2004-12-29,15435.54,16113.06
2004-12-30,15499.4,16119.43
2004-12-31,15503.63,16104.9
2005-01-01,15503.63,16104.9
2005-01-02,15503.63,16104.9
2005-01-03,15511.87,16094.43
2005-01-04,15581.23,16076.32
2005-01-05,15613.03,16078.64
2005-01-06,15460.23,16071.0
2005-01-07,15285.06,16050.8
2005-01-08,15285.06,16050.8
2005-01-09,15285.06,16050.8
2005-01-10,15227.7,16043.17
2005-01-11,15259.94,16046.89
2005-01-12,15281.15,16046.21
2005-01-13,15288.12,16066.37
2005-01-14,15248.99,16046.23
2005-01-15,15248.99,16046.23
2005-01-16,15248.99,16046.23
2005-01-17,15354.54,16065.78
2005-01-18,15431.49,16075.19
2005-01-19,15492.39,16093.33
2005-01-20,15426.97,16080.79
2005-01-21,15491.75,16112.11
2005-01-22,15491.75,16112.11
2005-01-23,15491.75,16112.11
2005-01-24,15367.0,16086.34
2005-01-25,15345.53,16080.09
2005-01-26,15471.92,16115.79
2005-01-27,15479.39,16153.79
2005-01-28,15585.75,16160.68
2005-01-29,15585.75,16160.68
2005-01-30,15585.75,16160.68
2005-01-31,15611.71,16157.41
2005-02-01,15606.0,16120.57
2005-02-02,15666.17,16160.16
2005-02-03,15691.25,16151.68
2005-02-04,15649.96,16134.47
2005-02-05,15649.96,16134.47
2005-02-06,15649.96,16134.47
2005-02-07,15677.32,16130.83
2005-02-08,15783.91,16130.15
2005-02-09,15867.27,16162.12
2005-02-10,15866.68,16178.7
2005-02-11,15767.4,16167.03
2005-02-12,15767.4,16167.03
2005-02-13,15767.4,16167.03
2005-02-14,15764.2,16160.32
2005-02-15,15830.53,16176.41
2005-02-16,15885.4,16188.84
2005-02-17,15950.77,16203.31
2005-02-18,15889.05,16182.56
2005-02-19,15889.05,16182.56
2005-02-20,15889.05,16182.56
2005-02-21,15917.38,16184.36
2005-02-22,15946.25,16178.87
2005-02-23,15948.49,16177.52
2005-02-24,16006.8,16205.56
2005-02-25,16031.65,16225.09
2005-02-26,16031.65,16225.09
2005-02-27,16031.65,16225.09
2005-02-28,16229.09,16215.73
2005-03-01,16207.42,16219.7
2005-03-02,16358.27,16245.28
2005-03-03,16474.5,16279.77
2005-03-04,16368.86,16271.75
2005-03-05,16368.86,16271.75
2005-03-06,16368.86,16271.75
2005-03-07,16429.77,16274.57
2005-03-08,16448.88,16271.38
2005-03-09,16526.0,16286.56
2005-03-10,16604.14,16304.69
2005-03-11,16506.17,16301.93
2005-03-12,16506.17,16301.93
2005-03-13,16506.17,16301.93
2005-03-14,16402.79,16296.85
2005-03-15,16439.65,16299.27
2005-03-16,16359.14,16292.63
2005-03-17,16349.49,16287.19
2005-03-18,16254.89,16285.74
2005-03-19,16254.89,16285.74
2005-03-20,16254.89,16285.74
2005-03-21,16193.25,16278.73
2005-03-22,16288.37,16278.19
2005-03-23,16174.13,16270.22
2005-03-24,16173.08,16314.35
2005-03-25,16173.08,16314.35
2005-03-26,16173.08,16314.35
2005-03-27,16173.08,16314.35
2005-03-28,16035.78,16280.91
2005-03-29,16096.76,16311.86
2005-03-30,16072.42,16312.82
2005-03-31,15986.86,16303.38
2005-04-01,16065.52,16285.65
2005-04-02,16065.52,16285.65
2005-04-03,16065.52,16285.65
2005-04-04,16100.27,16324.56
2005-04-05,16158.32,16358.85
2005-04-06,16083.51,16386.07
2005-04-07,16111.14,16363.6
2005-04-08,16098.81,16341.66
2005-04-09,16098.81,16341.66
2005-04-10,16098.81,16341.66
2005-04-11,16193.36,16335.51
2005-04-12,16180.67,16377.46
2005-04-13,16234.49,16378.9
2005-04-14,16191.4,16383.92
2005-04-15,16217.99,16401.89
2005-04-16,16217.99,16401.89
2005-04-17,16217.99,16401.89
2005-04-18,16080.12,16426.82
2005-04-19,16009.8,16455.38
2005-04-20,15829.78,16462.63
2005-04-21,15967.74,16467.7
2005-04-22,15955.33,16505.42
2005-04-23,15955.33,16505.42
2005-04-24,15955.33,16505.42
2005-04-25,15975.32,16502.17
2005-04-26,15992.58,16503.08
2005-04-27,16083.02,16537.07
2005-04-28,16012.72,16506.13
2005-04-29,15981.0,16527.31
2005-04-30,15981.0,16527.31
2005-05-01,15981.0,16527.31
2005-05-02,15852.91,16486.49
2005-05-03,15885.58,16531.29
2005-05-04,15913.18,16534.87
2005-05-05,15931.59,16554.78
2005-05-06,16038.41,16571.48
2005-05-07,16038.41,16571.48
2005-05-08,16038.41,16571.48
2005-05-09,16048.31,16564.41
2005-05-10,16146.49,16574.99
2005-05-11,16166.41,16588.09
2005-05-12,16103.2,16538.41
2005-05-13,16028.47,16553.13
2005-05-14,16028.47,16553.13
2005-05-15,16028.47,16553.13
2005-05-16,15953.67,16540.21
2005-05-17,15942.12,16551.46
2005-05-18,15928.67,16557.6
2005-05-19,15990.79,16613.33
2005-05-20,16033.31,16574.5
2005-05-21,16033.31,16574.5
2005-05-22,16033.31,16574.5
2005-05-23,16033.31,16574.5
2005-05-24,16162.75,16624.56
2005-05-25,16090.68,16567.46
2005-05-26,16115.92,16610.24
2005-05-27,16120.41,16590.02
2005-05-28,16120.41,16590.02
2005-05-29,16120.41,16590.02
2005-05-30,16141.87,16602.89
2005-05-31,16193.55,16594.65
2005-06-01,16249.3,16608.77
2005-06-02,16252.33,16636.27
2005-06-03,16293.95,16655.66
2005-06-04,16293.95,16655.66
2005-06-05,16293.95,16655.66
2005-06-06,16392.58,16657.01
2005-06-07,16514.21,16684.81
2005-06-08,16432.35,16707.64
2005-06-09,16416.02,16707.93
2005-06-10,16466.77,16719.46
2005-06-11,16466.77,16719.46
2005-06-12,16466.77,16719.46
2005-06-13,16447.74,16706.21
2005-06-14,16468.43,16700.68
2005-06-15,16431.68,16702.81
2005-06-16,16503.28,16736.61
2005-06-17,16529.59,16715.27
2005-06-18,16529.59,16715.27
2005-06-19,16529.59,16715.27
2005-06-20,16591.56,16730.91
2005-06-21,16703.4,16724.13
2005-06-22,16633.96,16728.26
2005-06-23,16675.19,16730.79
2005-06-24,16723.05,16734.92
2005-06-25,16723.05,16734.92
2005-06-26,16723.05,16734.92
2005-06-27,16723.05,16734.92
2005-06-28,16652.4,16748.33
2005-06-29,16578.15,16753.5
2005-06-30,16623.71,16757.25
2005-07-01,16633.89,16728.17
2005-07-02,16633.89,16728.17
2005-07-03,16633.89,16728.17
2005-07-04,16568.42,16751.04
2005-07-05,16658.67,16766.72
2005-07-06,16637.42,16771.7
2005-07-07,16674.05,16801.2
2005-07-08,16674.61,16784.33
2005-07-09,16674.61,16784.33
2005-07-10,16674.61,16784.33
2005-07-11,16602.95,16774.88
2005-07-12,16706.84,16767.7
2005-07-13,16782.29,16790.76
2005-07-14,16861.05,16799.91
2005-07-15,16882.78,16795.9
2005-07-16,16882.78,16795.9
2005-07-17,16882.78,16795.9
2005-07-18,16888.34,16792.97
2005-07-19,16825.91,16808.44
2005-07-20,16840.77,16818.9
2005-07-21,16994.63,16828.61
2005-07-22,16952.4,16858.03
2005-07-23,16952.4,16858.03
2005-07-24,16952.4,16858.03
2005-07-25,16978.67,16821.32
2005-07-26,17064.96,16828.01
2005-07-27,16992.31,16832.4
2005-07-28,17011.34,16837.23
2005-07-29,17096.12,16843.84
2005-07-30,17096.12,16843.84
2005-07-31,17096.12,16843.84
2005-08-01,17157.53,16847.35
2005-08-02,17188.96,16859.04
2005-08-03,17282.22,16843.7
2005-08-04,17389.06,16857.6
2005-08-05,17286.72,16897.49
2005-08-06,17286.72,16897.49
2005-08-07,17286.72,16897.49
2005-08-08,17126.85,16894.73
2005-08-09,17147.31,16879.05
2005-08-10,17218.48,16910.29
2005-08-11,17195.63,16914.0
2005-08-12,17222.51,16922.15
2005-08-13,17222.51,16922.15
2005-08-14,17222.51,16922.15
2005-08-15,17222.51,16922.15
2005-08-16,17221.08,16942.28
2005-08-17,17120.04,16941.4
2005-08-18,17109.32,16950.08
2005-08-19,17200.22,16963.74
2005-08-20,17200.22,16963.74
2005-08-21,17200.22,16963.74
2005-08-22,17195.07,16995.9
2005-08-23,17064.49,16993.33
2005-08-24,17207.9,17005.46
2005-08-25,17277.53,17038.36
2005-08-26,17107.8,17022.32
2005-08-27,17107.8,17022.32
2005-08-28,17107.8,17022.32
2005-08-29,17167.73,17049.16
2005-08-30,17179.59,17063.4
2005-08-31,17081.91,17066.16
2005-09-01,17052.09,17067.55
2005-09-02,17192.9,17094.86
2005-09-03,17192.9,17094.86
2005-09-04,17192.9,17094.86
2005-09-05,17192.95,17100.44
2005-09-06,17269.04,17087.31
2005-09-07,17288.67,17095.36
2005-09-08,17408.16,17091.93
2005-09-09,17310.23,17109.23
2005-09-10,17310.23,17109.23
2005-09-11,17310.23,17109.23
2005-09-12,17386.04,17112.44
2005-09-13,17483.35,17108.6
2005-09-14,17532.38,17120.61
2005-09-15,17437.82,17086.37
2005-09-16,17466.9,17082.78
2005-09-17,17466.9,17082.78
2005-09-18,17466.9,17082.78
2005-09-19,17466.9,17082.78
2005-09-20,17463.52,17086.25
2005-09-21,17587.29,17093.96
2005-09-22,17627.85,17099.31
2005-09-23,17674.44,17108.5
2005-09-24,17674.44,17108.5
2005-09-25,17674.44,17108.5
2005-09-26,17639.61,17094.25
2005-09-27,17642.47,17072.88
2005-09-28,17686.46,17072.99
2005-09-29,17676.75,17053.17
2005-09-30,17666.75,17066.17
2005-10-01,17666.75,17066.17
2005-10-02,17666.75,17066.17
2005-10-03,17685.06,17054.62
2005-10-04,17735.73,17036.5
2005-10-05,17793.79,17046.92
2005-10-06,17809.63,17003.83
2005-10-07,17667.34,16986.83
2005-10-08,17667.34,16986.83
2005-10-09,17667.34,16986.83
2005-10-10,17667.34,16986.83
2005-10-11,17531.61,16980.47
2005-10-12,17483.48,16945.03
2005-10-13,17565.76,16873.29
2005-10-14,17533.08,16876.6
2005-10-15,17533.08,16876.6
2005-10-16,17533.08,16876.6
2005-10-17,17411.83,16913.35
2005-10-18,17302.14,16912.81
2005-10-19,17322.75,16836.18
2005-10-20,17262.63,16792.94
2005-10-21,17105.83,16750.65
2005-10-22,17105.83,16750.65
2005-10-23,17105.83,16750.65
2005-10-24,17129.15,16764.77
2005-10-25,17186.53,16803.35
2005-10-26,17251.59,16814.48
2005-10-27,17308.37,16797.21
2005-10-28,17272.08,16760.9
2005-10-29,17272.08,16760.9
2005-10-30,17272.08,16760.9
2005-10-31,17065.1,16681.78
2005-11-01,17065.1,16681.78
2005-11-02,17114.51,16682.66
2005-11-03,17345.93,16640.31
2005-11-04,17435.46,16567.25
2005-11-05,17435.46,16567.25
2005-11-06,17435.46,16567.25
2005-11-07,17380.54,16593.36
2005-11-08,17274.83,16612.14
2005-11-09,17291.76,16581.97
2005-11-10,17197.69,16640.82
2005-11-11,17283.75,16630.84
2005-11-12,17283.75,16630.84
2005-11-13,17283.75,16630.84
2005-11-14,17232.2,16634.26
2005-11-15,17354.37,16637.91
2005-11-16,17267.37,16674.83
2005-11-17,17244.51,16676.92
2005-11-18,17313.1,16637.51
2005-11-19,17313.1,16637.51
2005-11-20,17313.1,16637.51
2005-11-21,17538.6,16652.15
2005-11-22,17521.44,16636.73
2005-11-23,17576.59,16637.37
2005-11-24,17520.79,16648.91
2005-11-25,17618.21,16665.13
2005-11-26,17618.21,16665.13
2005-11-27,17618.21,16665.13
2005-11-28,17585.97,16681.66
2005-11-29,17596.78,16658.01
2005-11-30,17536.22,16628.69
2005-12-01,17534.36,16630.2
2005-12-02,17469.82,16631.61
2005-12-03,17469.82,16631.61
2005-12-04,17469.82,16631.61
2005-12-05,17562.1,16663.1
2005-12-06,17714.83,16669.25
2005-12-07,17661.55,16668.93
2005-12-08,17661.55,16668.93
2005-12-09,17667.43,16657.29
2005-12-10,17667.43,16657.29
2005-12-11,17667.43,16657.29
2005-12-12,17747.48,16669.59
2005-12-13,17658.2,16673.24
2005-12-14,17689.26,16657.76
2005-12-15,17828.37,16712.71
2005-12-16,17803.86,16757.33
2005-12-17,17803.86,16757.33
2005-12-18,17803.86,16757.33
2005-12-19,17826.46,16766.24
2005-12-20,17855.81,16770.38
2005-12-21,17734.23,16766.34
2005-12-22,17653.66,16770.76
2005-12-23,17821.45,16765.78
2005-12-24,17821.45,16765.78
2005-12-25,17821.45,16765.78
2005-12-26,17872.87,16765.15
2005-12-27,17871.6,16764.99
2005-12-28,17849.0,16769.09
2005-12-29,17813.22,16777.46
2005-12-30,17825.79,16790.07
2005-12-31,17825.79,16790.07
2006-01-01,17825.79,16790.07
2006-01-02,17864.94,16793.98
2006-01-03,17859.61,16800.28
2006-01-04,17924.11,16833.07
2006-01-05,18138.83,16828.03
2006-01-06,18339.51,16829.98
2006-01-07,18339.51,16829.98
2006-01-08,18339.51,16829.98
2006-01-09,18476.84,16841.19
2006-01-10,18568.57,16864.14
2006-01-11,18659.27,16875.24
2006-01-12,18633.22,16875.23
2006-01-13,18686.85,16886.29
2006-01-14,18686.85,16886.29
2006-01-15,18686.85,16886.29
2006-01-16,18773.39,16927.05
2006-01-17,18763.01,16924.72
2006-01-18,18774.1,16951.54
2006-01-19,18682.29,16979.87
2006-01-20,18573.73,16993.73
2006-01-21,18573.73,16993.73
2006-01-22,18573.73,16993.73
2006-01-23,18731.43,17002.63
2006-01-24,18696.44,17005.49
2006-01-25,18632.23,17003.32
2006-01-26,18713.9,17032.78
2006-01-27,18834.54,17048.63
2006-01-28,18834.54,17048.63
2006-01-29,18834.54,17048.63
2006-01-30,18926.8,17026.34
2006-01-31,19031.76,17047.03
2006-02-01,19082.91,17053.14
2006-02-02,19102.91,17065.87
2006-02-03,19122.29,17071.8
2006-02-04,19122.29,17071.8
2006-02-05,19122.29,17071.8
2006-02-06,19034.13,17081.08
2006-02-07,18919.71,17071.31
2006-02-08,18996.02,17085.75
2006-02-09,18953.89,17078.31
2006-02-10,18889.79,17077.31
2006-02-11,18889.79,17077.31
2006-02-12,18889.79,17077.31
2006-02-13,18946.63,17080.67
2006-02-14,18985.04,17083.77
2006-02-15,18882.63,17072.0
2006-02-16,18899.75,17061.23
2006-02-17,18880.85,17068.26
2006-02-18,18880.85,17068.26
2006-02-19,18880.85,17068.26
2006-02-20,18901.81,17082.44
2006-02-21,18952.32,17105.96
2006-02-22,18942.57,17108.52
2006-02-23,18992.79,17126.03
2006-02-24,19033.44,17126.76
2006-02-25,19033.44,17126.76
2006-02-26,19033.44,17126.76
2006-02-27,19088.95,17131.31
2006-02-28,19170.1,17127.41
2006-03-01,19273.27,17120.77
2006-03-02,19150.9,17123.02
2006-03-03,19218.65,17128.61
2006-03-04,19218.65,17128.61
2006-03-05,19218.65,17128.61
2006-03-06,19260.3,17130.04
2006-03-07,19262.77,17134.21
2006-03-08,19225.04,17132.14
2006-03-09,19107.52,17136.28
2006-03-10,18915.1,17126.9
2006-03-11,18915.1,17126.9
2006-03-12,18915.1,17126.9
2006-03-13,18927.89,17117.8
2006-03-14,18995.83,17120.86
2006-03-15,19094.71,17099.96
2006-03-16,19150.65,17110.54
2006-03-17,19279.36,17120.8
2006-03-18,19279.36,17120.8
2006-03-19,19279.36,17120.8
2006-03-20,19328.63,17127.6
2006-03-21,19419.28,17127.52
2006-03-22,19452.68,17124.67
2006-03-23,19370.07,17134.01
2006-03-24,19319.18,17138.85
2006-03-25,19319.18,17138.85
2006-03-26,19319.18,17138.85
2006-03-27,19375.77,17146.1
2006-03-28,19428.37,17156.54
2006-03-29,19418.66,17174.51
2006-03-30,19341.01,17174.53
2006-03-31,19406.29,17167.7
2006-04-01,19406.29,17167.7
2006-04-02,19406.29,17167.7
2006-04-03,19436.61,17168.5
2006-04-04,19476.98,17181.46
2006-04-05,19568.24,17168.92
2006-04-06,19637.01,17170.86
2006-04-07,19660.99,17182.37
2006-04-08,19660.99,17182.37
2006-04-09,19660.99,17182.37
2006-04-10,19687.2,17186.37
2006-04-11,19629.15,17198.8
2006-04-12,19592.06,17208.59
2006-04-13,19457.67,17208.64
2006-04-14,19457.67,17208.64
2006-04-15,19457.67,17208.64
2006-04-16,19457.67,17208.64
2006-04-17,19476.52,17234.67
2006-04-18,19505.65,17237.94
2006-04-19,19561.59,17239.88
2006-04-20,19789.08,17235.97
2006-04-21,19927.2,17247.46
2006-04-22,19927.2,17247.46
2006-04-23,19927.2,17247.46
2006-04-24,19972.41,17248.06
2006-04-25,20022.14,17249.01
2006-04-26,20011.69,17247.14
2006-04-27,20020.15,17239.54
2006-04-28,20104.51,17235.27
2006-04-29,20104.51,17235.27
2006-04-30,20104.51,17235.27
2006-05-01,20104.51,17235.27
2006-05-02,20038.77,17245.74
2006-05-03,20097.45,17250.89
2006-05-04,20220.39,17243.8
2006-05-05,20246.38,17259.19
2006-05-06,20246.38,17259.19
2006-05-07,20246.38,17259.19
2006-05-08,20310.43,17270.25
2006-05-09,20444.37,17281.26
2006-05-10,20567.6,17278.65
2006-05-11,20564.37,17276.35
2006-05-12,20533.96,17280.03
2006-05-13,20533.96,17280.03
2006-05-14,20533.96,17280.03
2006-05-15,20431.2,17266.4
2006-05-16,20258.48,17275.94
2006-05-17,19925.13,17275.9
2006-05-18,19916.1,17278.92
2006-05-19,19773.89,17292.66
2006-05-20,19773.89,17292.66
2006-05-21,19773.89,17292.66
2006-05-22,19530.86,17313.03
2006-05-23,19488.06,17321.02
2006-05-24,19177.89,17314.95
2006-05-25,19200.3,17311.55
2006-05-26,19104.35,17319.91
2006-05-27,19104.35,17319.91
2006-05-28,19104.35,17319.91
2006-05-29,19158.65,17326.86
2006-05-30,19373.8,17338.81
2006-05-31,19449.68,17331.77
2006-06-01,19236.29,17339.09
2006-06-02,19233.33,17345.42
2006-06-03,19233.33,17345.42
2006-06-04,19233.33,17345.42
2006-06-05,19337.39,17362.29
2006-06-06,19457.82,17378.13
2006-06-07,19359.01,17376.27
2006-06-08,19178.08,17374.97
2006-06-09,18948.76,17372.85
2006-06-10,18948.76,17372.85
2006-06-11,18948.76,17372.85
2006-06-12,18948.76,17372.85
2006-06-13,18721.22,17376.08
2006-06-14,18486.66,17379.71
2006-06-15,18157.36,17338.06
2006-06-16,18215.39,17339.21
2006-06-17,18215.39,17339.21
2006-06-18,18215.39,17339.21
2006-06-19,18553.88,17355.25
2006-06-20,18653.87,17362.29
2006-06-21,18619.87,17373.37
2006-06-22,18602.0,17379.75
2006-06-23,18715.83,17381.93
2006-06-24,18715.83,17381.93
2006-06-25,18715.83,17381.93
2006-06-26,18715.83,17381.93
2006-06-27,18748.09,17394.54
2006-06-28,18781.86,17393.16
2006-06-29,18735.82,17390.2
2006-06-30,18831.59,17406.74
2006-07-01,18831.59,17406.74
2006-07-02,18831.59,17406.74
2006-07-03,19090.38,17417.54
2006-07-04,19216.26,17444.18
2006-07-05,19353.53,17444.96
2006-07-06,19457.31,17449.55
2006-07-07,19317.74,17455.33
2006-07-08,19317.74,17455.33
2006-07-09,19317.74,17455.33
2006-07-10,19332.97,17469.68
2006-07-11,19335.98,17473.19
2006-07-12,19365.94,17481.16
2006-07-13,19349.71,17490.85
2006-07-14,19273.36,17506.98
2006-07-15,19273.36,17506.98
2006-07-16,19273.36,17506.98
2006-07-17,19070.53,17549.99
2006-07-18,18949.03,17565.84
2006-07-19,18815.38,17561.22
2006-07-20,18793.91,17565.62
2006-07-21,18951.95,17575.28
2006-07-22,18951.95,17575.28
2006-07-23,18951.95,17575.28
2006-07-24,19065.59,17599.59
2006-07-25,18987.39,17606.43
2006-07-26,19110.27,17611.5
2006-07-27,19233.12,17624.34
2006-07-28,19302.86,17633.37
2006-07-29,19302.86,17633.37
2006-07-30,19302.86,17633.37
2006-07-31,19399.47,17664.68
2006-08-01,19518.83,17667.74
2006-08-02,19549.81,17672.7
2006-08-03,19477.69,17678.71
2006-08-04,19545.87,17707.7
2006-08-05,19545.87,17707.7
2006-08-06,19545.87,17707.7
2006-08-07,19603.29,17733.56
2006-08-08,19663.62,17748.47
2006-08-09,19651.25,17755.78
2006-08-10,19678.91,17760.61
2006-08-11,19713.2,17769.04
2006-08-12,19713.2,17769.04
2006-08-13,19713.2,17769.04
2006-08-14,19672.73,17779.37
2006-08-15,19672.73,17779.37
2006-08-16,19625.19,17810.99
2006-08-17,19737.71,17816.07
2006-08-18,19796.46,17820.03
2006-08-19,19796.46,17820.03
2006-08-20,19796.46,17820.03
2006-08-21,19830.84,17824.39
2006-08-22,19784.08,17822.99
2006-08-23,19751.4,17831.06
2006-08-24,19779.27,17837.0
2006-08-25,19704.74,17844.57
2006-08-26,19704.74,17844.57
2006-08-27,19704.74,17844.57
2006-08-28,19695.83,17859.17
2006-08-29,19706.55,17860.75
2006-08-30,19767.8,17861.97
2006-08-31,19838.13,17867.99
2006-09-01,19917.34,17874.01
2006-09-02,19917.34,17874.01
2006-09-03,19917.34,17874.01
2006-09-04,19953.56,17897.96
2006-09-05,20030.64,17916.02
2006-09-06,20081.52,17916.08
2006-09-07,20111.13,17929.13
2006-09-08,19963.98,17936.58
2006-09-09,19963.98,17936.58
2006-09-10,19963.98,17936.58
2006-09-11,19870.52,17951.83
2006-09-12,19862.53,17960.7
2006-09-13,19724.82,17966.06
2006-09-14,19787.0,17965.11
2006-09-15,19903.84,17976.93
2006-09-16,19903.84,17976.93
2006-09-17,19903.84,17976.93
2006-09-18,19903.84,17976.93
2006-09-19,19903.84,17976.93
2006-09-20,19909.13,17998.89
2006-09-21,19971.56,17994.1
2006-09-22,20030.03,17996.5
2006-09-23,20030.03,17996.5
2006-09-24,20030.03,17996.5
2006-09-25,19980.07,18006.52
2006-09-26,19867.83,18017.0
2006-09-27,19879.07,18019.67
2006-09-28,20022.99,18014.22
2006-09-29,20103.35,18027.42
2006-09-30,20103.35,18027.42
2006-10-01,20103.35,18027.42
2006-10-02,20127.83,18042.46
2006-10-03,20125.09,18043.01
2006-10-04,20118.36,18057.3
2006-10-05,20098.81,18062.17
2006-10-06,20222.05,18077.96
2006-10-07,20222.05,18077.96
2006-10-08,20222.05,18077.96
2006-10-09,20222.05,18077.96
2006-10-10,20297.61,18090.39
2006-10-11,20288.41,18091.5
2006-10-12,20337.88,18086.04
2006-10-13,20329.69,18087.88
2006-10-14,20329.69,18087.88
2006-10-15,20329.69,18087.88
2006-10-16,20415.83,18109.15
2006-10-17,20477.91,18112.1
2006-10-18,20518.64,18116.33
2006-10-19,20463.07,18123.37
2006-10-20,20520.91,18130.17
2006-10-21,20520.91,18130.17
2006-10-22,20520.91,18130.17
2006-10-23,20534.14,18139.59
2006-10-24,20527.94,18136.7
2006-10-25,20568.32,18142.59
2006-10-26,20603.04,18163.04
2006-10-27,20675.24,18193.85
2006-10-28,20675.24,18193.85
2006-10-29,20675.24,18193.85
2006-10-30,20741.41,18235.33
2006-10-31,20699.47,18284.64
2006-11-01,20699.47,18284.64
2006-11-02,20629.15,18284.63
2006-11-03,20688.44,18283.01
2006-11-04,20688.44,18283.01
2006-11-05,20688.44,18283.01
2006-11-06,20691.44,18284.17
2006-11-07,20693.8,18281.64
2006-11-08,20821.16,18289.93
2006-11-09,20919.86,18286.52
2006-11-10,20953.09,18292.57
2006-11-11,20953.09,18292.57
2006-11-12,20953.09,18292.57
2006-11-13,20984.98,18276.14
2006-11-14,20974.23,18284.81
2006-11-15,20985.79,18282.36
2006-11-16,21109.92,18293.87
2006-11-17,21152.03,18304.7
2006-11-18,21152.03,18304.7
2006-11-19,21152.03,18304.7
2006-11-20,21184.72,18308.82
2006-11-21,21108.0,18317.19
2006-11-22,21099.44,18324.2
2006-11-23,21209.94,18332.54
2006-11-24,21311.91,18352.49
2006-11-25,21311.91,18352.49
2006-11-26,21311.91,18352.49
2006-11-27,21379.4,18383.47
2006-11-28,21347.48,18392.12
2006-11-29,21272.58,18401.0
2006-11-30,21234.49,18419.02
2006-12-01,21419.19,18405.69
2006-12-02,21419.19,18405.69
2006-12-03,21419.19,18405.69
2006-12-04,21491.31,18402.41
2006-12-05,21489.92,18384.63
2006-12-06,21548.84,18386.63
2006-12-07,21676.46,18393.94
2006-12-08,21676.46,18393.94
2006-12-09,21676.46,18393.94
2006-12-10,21676.46,18393.94
2006-12-11,21678.56,18404.1
2006-12-12,21668.27,18406.15
2006-12-13,21691.74,18415.36
2006-12-14,21680.87,18414.39
2006-12-15,21739.78,18427.52
2006-12-16,21739.78,18427.52
2006-12-17,21739.78,18427.52
2006-12-18,21863.59,18437.42
2006-12-19,21953.97,18447.06
2006-12-20,21945.33,18442.83
2006-12-21,21873.74,18444.93
2006-12-22,21984.76,18440.75
2006-12-23,21984.76,18440.75
2006-12-24,21984.76,18440.75
2006-12-25,21984.76,18440.75
2006-12-26,21975.72,18449.61
2006-12-27,21989.73,18446.7
2006-12-28,22038.87,18459.89
2006-12-29,22160.86,18468.12
2006-12-30,22160.86,18468.12
2006-12-31,22160.86,18468.12
2007-01-01,22160.86,18468.12
2007-01-02,22194.1,18457.92
2007-01-03,22270.16,18459.89
2007-01-04,22333.53,18472.86
2007-01-05,22380.03,18461.44
2007-01-06,22380.03,18461.44
2007-01-07,22380.03,18461.44
2007-01-08,22314.43,18475.79
2007-01-09,22216.51,18470.41
2007-01-10,22171.56,18476.75
2007-01-11,22087.17,18468.33
2007-01-12,21923.34,18461.24
2007-01-13,21923.34,18461.24
2007-01-14,21923.34,18461.24
2007-01-15,22077.58,18494.1
2007-01-16,22214.35,18511.9
2007-01-17,22349.24,18516.62
2007-01-18,22357.39,18511.75
2007-01-19,22349.69,18519.25
2007-01-20,22349.69,18519.25
2007-01-21,22349.69,18519.25
2007-01-22,22395.66,18524.67
2007-01-23,22437.02,18527.44
2007-01-24,22511.44,18520.7
2007-01-25,22564.12,18532.17
2007-01-26,22681.77,18535.39
2007-01-27,22681.77,18535.39
2007-01-28,22681.77,18535.39
2007-01-29,22624.7,18534.95
2007-01-30,22564.46,18528.11
2007-01-31,22530.94,18498.41
2007-02-01,22583.79,18487.6
2007-02-02,22670.57,18497.3
2007-02-03,22670.57,18497.3
2007-02-04,22670.57,18497.3
2007-02-05,22907.46,18516.03
2007-02-06,22989.23,18525.48
2007-02-07,23036.23,18529.57
2007-02-08,23151.51,18538.71
2007-02-09,23191.81,18545.39
2007-02-10,23191.81,18545.39
2007-02-11,23191.81,18545.39
2007-02-12,23128.8,18550.18
2007-02-13,23138.67,18558.24
2007-02-14,23045.08,18563.25
2007-02-15,23150.4,18566.81
2007-02-16,23334.22,18572.08
2007-02-17,23334.22,18572.08
2007-02-18,23334.22,18572.08
2007-02-19,23393.24,18578.58
2007-02-20,23405.16,18582.63
2007-02-21,23341.5,18585.52
2007-02-22,23216.19,18590.7
2007-02-23,23142.83,18589.8
2007-02-24,23142.83,18589.8
2007-02-25,23142.83,18589.8
2007-02-26,23246.3,18593.48
2007-02-27,23153.16,18609.66
2007-02-28,23061.0,18632.02
2007-03-01,22679.36,18639.3
2007-03-02,22484.31,18653.23
2007-03-03,22484.31,18653.23
2007-03-04,22484.31,18653.23
2007-03-05,22437.55,18657.27
2007-03-06,22293.45,18671.66
2007-03-07,21982.73,18684.33
2007-03-08,22249.66,18688.12
2007-03-09,22306.6,18698.51
2007-03-10,22306.6,18698.51
2007-03-11,22306.6,18698.51
2007-03-12,22519.28,18707.65
2007-03-13,22642.98,18710.71
2007-03-14,22715.1,18725.21
2007-03-15,22463.73,18760.39
2007-03-16,22391.56,18764.97
2007-03-17,22391.56,18764.97
2007-03-18,22391.56,18764.97
2007-03-19,22538.9,18767.7
2007-03-20,22565.87,18764.75
2007-03-21,22715.78,18769.6
2007-03-22,22816.32,18772.81
2007-03-23,22984.13,18777.09
2007-03-24,22984.13,18777.09
2007-03-25,22984.13,18777.09
2007-03-26,23082.86,18782.29
2007-03-27,23106.12,18777.39
2007-03-28,23109.47,18781.92
2007-03-29,23013.75,18784.77
2007-03-30,22967.15,18777.96
2007-03-31,22967.15,18777.96
2007-04-01,22967.15,18777.96
2007-04-02,23080.85,18769.22
2007-04-03,23114.47,18776.7
2007-04-04,23163.96,18790.86
2007-04-05,23320.44,18800.34
2007-04-06,23320.44,18800.34
2007-04-07,23320.44,18800.34
2007-04-08,23320.44,18800.34
2007-04-09,23413.31,18804.11
2007-04-10,23431.72,18806.26
2007-04-11,23568.49,18806.65
2007-04-12,23634.25,18814.04
2007-04-13,23600.63,18815.55
2007-04-14,23600.63,18815.55
2007-04-15,23600.63,18815.55
2007-04-16,23681.19,18824.49
2007-04-17,23792.05,18829.46
2007-04-18,23889.03,18844.71
2007-04-19,23862.34,18849.11
2007-04-20,23857.44,18853.45
2007-04-21,23857.44,18853.45
2007-04-22,23857.44,18853.45
2007-04-23,23914.36,18867.51
2007-04-24,24028.33,18871.05
2007-04-25,23971.16,18879.05
2007-04-26,23962.77,18901.13
2007-04-27,24063.28,18904.16
2007-04-28,24063.28,18904.16
2007-04-29,24063.28,18904.16
2007-04-30,24055.76,18896.62
2007-05-01,24055.76,18896.62
2007-05-02,24043.4,18901.11
2007-05-03,24004.44,18910.18
2007-05-04,24089.86,18889.0
2007-05-05,24089.86,18889.0
2007-05-06,24089.86,18889.0
2007-05-07,24193.56,18889.65
2007-05-08,24284.56,18856.86
2007-05-09,24302.48,18859.64
2007-05-10,24240.37,18856.89
2007-05-11,24307.99,18864.84
2007-05-12,24307.99,18864.84
2007-05-13,24307.99,18864.84
2007-05-14,24208.06,18880.99
2007-05-15,24302.08,18795.57
2007-05-16,24209.87,18789.78
2007-05-17,24157.22,18799.68
2007-05-18,24227.42,18762.95
2007-05-19,24227.42,18762.95
2007-05-20,24227.42,18762.95
2007-05-21,24227.42,18762.95
2007-05-22,24305.62,18788.35
2007-05-23,24381.11,18748.9
2007-05-24,24312.66,18741.57
2007-05-25,24369.85,18752.38
2007-05-26,24369.85,18752.38
2007-05-27,24369.85,18752.38
2007-05-28,24241.38,18778.86
2007-05-29,24348.38,18780.22
2007-05-30,24460.06,18782.38
2007-05-31,24429.12,18733.84
2007-06-01,24537.37,18734.15
2007-06-02,24537.37,18734.15
2007-06-03,24537.37,18734.15
2007-06-04,24678.84,18752.66
2007-06-05,24847.24,18761.99
2007-06-06,24862.93,18755.41
2007-06-07,24853.39,18757.39
2007-06-08,24709.58,18745.66
2007-06-09,24709.58,18745.66
2007-06-10,24709.58,18745.66
2007-06-11,24491.21,18758.76
2007-06-12,24575.98,18759.79
2007-06-13,24645.92,18702.01
2007-06-14,24616.24,18690.14
2007-06-15,24756.83,18632.28
2007-06-16,24756.83,18632.28
2007-06-17,24756.83,18632.28
2007-06-18,24956.05,18650.57
2007-06-19,25114.75,18659.5
2007-06-20,25142.21,18671.31
2007-06-21,25262.62,18690.78
2007-06-22,25189.67,18694.87
2007-06-23,25189.67,18694.87
2007-06-24,25189.67,18694.87
2007-06-25,25257.83,18707.3
2007-06-26,25247.72,18717.07
2007-06-27,25202.22,18727.11
2007-06-28,25136.06,18735.4
2007-06-29,25141.79,18748.94
2007-06-30,25141.79,18748.94
2007-07-01,25141.79,18748.94
2007-07-02,25141.79,18748.94
2007-07-03,25299.59,18767.06
2007-07-04,25517.44,18798.47
2007-07-05,25581.98,18799.28
2007-07-06,25616.27,18801.0
2007-07-07,25616.27,18801.0
2007-07-08,25616.27,18801.0
2007-07-09,25594.77,18809.89
2007-07-10,25637.94,18819.47
2007-07-11,25717.56,18820.88
2007-07-12,25616.49,18832.77
2007-07-13,25579.21,18838.56
2007-07-14,25579.21,18838.56
2007-07-15,25579.21,18838.56
2007-07-16,25579.21,18838.56
2007-07-17,25707.69,18888.1
2007-07-18,25775.02,18901.88
2007-07-19,25782.1,18924.62
2007-07-20,25730.25,18937.72
2007-07-21,25730.25,18937.72
2007-07-22,25730.25,18937.72
2007-07-23,25859.56,18965.46
2007-07-24,25832.68,18972.78
2007-07-25,25965.22,18978.12
2007-07-26,25835.39,18998.88
2007-07-27,25664.49,18998.62
2007-07-28,25664.49,18998.62
2007-07-29,25664.49,18998.62
2007-07-30,25291.37,19016.21
2007-07-31,25173.93,19039.15
2007-08-01,25327.65,19045.35
2007-08-02,25307.75,19072.56
2007-08-03,25129.63,19075.67
2007-08-04,25129.63,19075.67
2007-08-05,25129.63,19075.67
2007-08-06,25228.47,19088.89
2007-08-07,25011.27,19080.91
2007-08-08,24881.89,19078.69
2007-08-09,24925.45,19080.89
2007-08-10,25140.93,19075.91
2007-08-11,25140.93,19075.91
2007-08-12,25140.93,19075.91
2007-08-13,24827.15,19098.19
2007-08-14,24618.61,19112.37
2007-08-15,24618.61,19112.37
2007-08-16,24597.53,19121.37
2007-08-17,24022.04,19134.97
2007-08-18,24022.04,19134.97
2007-08-19,24022.04,19134.97
2007-08-20,23552.38,19162.14
2007-08-21,23730.63,19174.83
2007-08-22,23964.07,19206.85
2007-08-23,24117.76,19215.25
2007-08-24,24470.73,19214.51
2007-08-25,24470.73,19214.51
2007-08-26,24470.73,19214.51
2007-08-27,24622.54,19236.78
2007-08-28,24820.08,19243.65
2007-08-29,24881.95,19254.25
2007-08-30,24647.25,19263.6
2007-08-31,24822.92,19357.49
2007-09-01,24822.92,19357.49
2007-09-02,24822.92,19357.49
2007-09-03,24961.12,19376.36
2007-09-04,25213.12,19391.94
2007-09-05,25246.65,19398.66
2007-09-06,25307.11,19388.94
2007-09-07,25198.27,19391.98
2007-09-08,25198.27,19391.98
2007-09-09,25198.27,19391.98
2007-09-10,25217.02,19426.51
2007-09-11,24993.44,19431.22
2007-09-12,24858.85,19433.4
2007-09-13,24968.41,19442.32
2007-09-14,24960.95,19448.99
2007-09-15,24960.95,19448.99
2007-09-16,24960.95,19448.99
2007-09-17,24960.95,19448.99
2007-09-18,24960.95,19448.99
2007-09-19,24960.95,19448.99
2007-09-20,25049.15,19500.67
2007-09-21,25553.18,19514.94
2007-09-22,25553.18,19514.94
2007-09-23,25553.18,19514.94
2007-09-24,25600.35,19539.67
2007-09-25,25687.84,19549.91
2007-09-26,25819.02,19558.5
2007-09-27,25787.29,19560.06
2007-09-28,25940.96,19561.55
2007-09-29,25940.96,19561.55
2007-09-30,25940.96,19561.55
2007-10-01,26174.45,19575.07
2007-10-02,26205.67,19578.47
2007-10-03,26433.18,19608.63
2007-10-04,26526.7,19619.84
2007-10-05,26408.23,19626.45
2007-10-06,26408.23,19626.45
2007-10-07,26408.23,19626.45
2007-10-08,26413.66,19648.96
2007-10-09,26601.81,19658.92
2007-10-10,26619.94,19663.99
2007-10-11,26654.9,19669.43
2007-10-12,26823.05,19666.32
2007-10-13,26823.05,19666.32
2007-10-14,26823.05,19666.32
2007-10-15,26823.05,19666.32
2007-10-16,26889.5,19640.06
2007-10-17,26967.29,19637.01
2007-10-18,26844.62,19634.44
2007-10-19,26977.45,19652.23
2007-10-20,26977.45,19652.23
2007-10-21,26977.45,19652.23
2007-10-22,26997.14,19676.08
2007-10-23,26735.47,19684.29
2007-10-24,26663.22,19692.94
2007-10-25,26933.41,19707.52
2007-10-26,26931.13,19724.0
2007-10-27,26931.13,19724.0
2007-10-28,26931.13,19724.0
2007-10-29,27016.61,19751.92
2007-10-30,27297.79,19764.29
2007-10-31,27519.36,19860.83
2007-11-01,27519.36,19860.83
2007-11-02,27447.6,19882.53
2007-11-03,27447.6,19882.53
2007-11-04,27447.6,19882.53
2007-11-05,27445.67,19914.11
2007-11-06,27052.03,19921.3
2007-11-07,27080.55,19918.35
2007-11-08,27106.19,19924.99
2007-11-09,26905.54,19935.7
2007-11-10,26905.54,19935.7
2007-11-11,26905.54,19935.7
2007-11-12,26726.9,19949.52
2007-11-13,26377.61,19956.44
2007-11-14,26330.97,19965.27
2007-11-15,26610.76,19952.6
2007-11-16,26551.9,19957.37
2007-11-17,26551.9,19957.37
2007-11-18,26551.9,19957.37
2007-11-19,26434.1,19973.58
2007-11-20,26193.54,19977.98
2007-11-21,26048.57,19982.44
2007-11-22,25693.2,19985.05
2007-11-23,25536.95,19988.9
2007-11-24,25536.95,19988.9
2007-11-25,25536.95,19988.9
2007-11-26,25637.45,19990.91
2007-11-27,25735.47,19993.97
2007-11-28,25578.47,19996.47
2007-11-29,25789.66,19994.71
2007-11-30,26073.84,19997.92
2007-12-01,26073.84,19997.92
2007-12-02,26073.84,19997.92
2007-12-03,26261.62,20006.32
2007-12-04,26319.79,20019.21
2007-12-05,26294.03,20035.83
2007-12-06,26413.42,20034.17
2007-12-07,26544.7,20029.6
2007-12-08,26544.7,20029.6
2007-12-09,26544.7,20029.6
2007-12-10,26656.3,20028.07
2007-12-11,26704.95,20016.73
2007-12-12,26576.01,20016.2
2007-12-13,26481.9,20024.1
2007-12-14,26109.78,20028.72
2007-12-15,26109.78,20028.72
2007-12-16,26109.78,20028.72
2007-12-17,25762.73,20003.85
2007-12-18,25420.82,20008.87
2007-12-19,25219.08,20010.39
2007-12-20,25255.92,20021.68
2007-12-21,25309.35,20034.25
2007-12-22,25309.35,20034.25
2007-12-23,25309.35,20034.25
2007-12-24,25518.55,20060.16
2007-12-25,25518.55,20060.16
2007-12-26,25670.1,20066.67
2007-12-27,25700.81,20069.28
2007-12-28,25891.04,20069.6
2007-12-29,25891.04,20069.6
2007-12-30,25891.04,20069.6
2007-12-31,25906.7,20103.33
2008-01-01,25906.7,20103.33
2008-01-02,25938.57,20110.61
2008-01-03,25895.91,20121.4
2008-01-04,25680.96,20143.56
2008-01-05,25680.96,20143.56
2008-01-06,25680.96,20143.56
2008-01-07,25504.9,20166.52
2008-01-08,25273.62,20179.1
2008-01-09,25155.24,20190.68
2008-01-10,25021.49,20193.97
2008-01-11,25051.57,20180.8
2008-01-12,25051.57,20180.8
2008-01-13,25051.57,20180.8
2008-01-14,24968.4,20188.26
2008-01-15,24805.52,20157.87
2008-01-16,24503.26,20164.08
2008-01-17,24052.39,20175.74
2008-01-18,23846.87,20184.53
2008-01-19,23846.87,20184.53
2008-01-20,23846.87,20184.53
2008-01-21,23666.27,20209.58
2008-01-22,23127.17,20223.52
2008-01-23,22808.14,20242.49
2008-01-24,22780.52,20254.58
2008-01-25,23132.18,20254.15
2008-01-26,23132.18,20254.15
2008-01-27,23132.18,20254.15
2008-01-28,23487.03,20270.88
2008-01-29,23337.9,20276.28
2008-01-30,23480.61,20277.54
2008-01-31,23519.1,20324.88
2008-02-01,23527.15,20332.96
2008-02-02,23527.15,20332.96
2008-02-03,23527.15,20332.96
2008-02-04,23795.97,20339.25
2008-02-05,24009.94,20342.75
2008-02-06,23815.82,20357.08
2008-02-07,23608.92,20368.5
2008-02-08,23457.28,20375.49
2008-02-09,23457.28,20375.49
2008-02-10,23457.28,20375.49
2008-02-11,23458.57,20391.08
2008-02-12,23380.17,20391.8
2008-02-13,23644.1,20393.38
2008-02-14,23809.23,20397.98
2008-02-15,23965.22,20420.22
2008-02-16,23965.22,20420.22
2008-02-17,23965.22,20420.22
2008-02-18,23904.15,20432.31
2008-02-19,23969.2,20439.01
2008-02-20,24169.1,20441.14
2008-02-21,24145.14,20448.94
2008-02-22,24321.44,20458.08
2008-02-23,24321.44,20458.08
2008-02-24,24321.44,20458.08
2008-02-25,24291.19,20477.7
2008-02-26,24426.22,20475.37
2008-02-27,24600.2,20483.35
2008-02-28,24730.55,20497.24
2008-02-29,24672.67,20542.75
2008-03-01,24672.67,20542.75
2008-03-02,24672.67,20542.75
2008-03-03,24366.36,20557.59
2008-03-04,24101.87,20560.26
2008-03-05,23885.46,20561.29
2008-03-06,23862.4,20569.94
2008-03-07,23807.11,20574.92
2008-03-08,23807.11,20574.92
2008-03-09,23807.11,20574.92
2008-03-10,23556.55,20598.28
2008-03-11,23276.29,20628.07
2008-03-12,23359.52,20637.85
2008-03-13,23572.1,20648.05
2008-03-14,23411.38,20661.8
2008-03-15,23411.38,20661.8
2008-03-16,23411.38,20661.8
2008-03-17,23406.18,20756.65
2008-03-18,23068.18,20772.45
2008-03-19,23148.31,20761.9
2008-03-20,23163.81,20756.51
2008-03-21,23163.81,20756.51
2008-03-22,23163.81,20756.51
2008-03-23,23163.81,20756.51
2008-03-24,23169.18,20767.18
2008-03-25,23315.82,20769.15
2008-03-26,23616.31,20747.9
2008-03-27,23668.15,20763.53
2008-03-28,23652.0,20763.21
2008-03-29,23652.0,20763.21
2008-03-30,23652.0,20763.21
2008-03-31,23705.83,20735.29
2008-04-01,23663.58,20741.82
2008-04-02,23835.4,20745.51
2008-04-03,24022.27,20769.97
2008-04-04,24133.42,20780.8
2008-04-05,24133.42,20780.8
2008-04-06,24133.42,20780.8
2008-04-07,24177.13,20797.25
2008-04-08,24287.87,20804.07
2008-04-09,24247.39,20806.81
2008-04-10,24210.25,20812.68
2008-04-11,24191.01,20819.37
2008-04-12,24191.01,20819.37
2008-04-13,24191.01,20819.37
2008-04-14,24410.12,20853.98
2008-04-15,24324.71,20872.97
2008-04-16,24439.54,20879.71
2008-04-17,24738.45,20879.74
2008-04-18,24853.65,20883.19
2008-04-19,24853.65,20883.19
2008-04-20,24853.65,20883.19
2008-04-21,25003.53,20908.17
2008-04-22,25100.46,20892.94
2008-04-23,25075.93,20901.47
2008-04-24,24911.07,20905.26
2008-04-25,24887.35,20898.78
2008-04-26,24887.35,20898.78
2008-04-27,24887.35,20898.78
2008-04-28,24984.3,20913.21
2008-04-29,25058.06,20922.55
2008-04-30,24974.1,20902.34
2008-05-01,24974.1,20902.34
2008-05-02,25056.4,20892.36
2008-05-03,25056.4,20892.36
2008-05-04,25056.4,20892.36
2008-05-05,25356.4,20916.27
2008-05-06,25446.41,20917.32
2008-05-07,25484.75,20923.25
2008-05-08,25400.79,20908.76
2008-05-09,25306.63,20837.08
2008-05-10,25306.63,20837.08
2008-05-11,25306.63,20837.08
2008-05-12,25272.79,20819.0
2008-05-13,25267.4,20785.95
2008-05-14,25289.89,20757.98
2008-05-15,25406.32,20582.47
2008-05-16,25492.77,20597.93
2008-05-17,25492.77,20597.93
2008-05-18,25492.77,20597.93
2008-05-19,25728.59,20636.22
2008-05-20,25884.62,20624.73
2008-05-21,25884.62,20624.73
2008-05-22,25807.0,20630.67
2008-05-23,25780.71,20664.55
2008-05-24,25780.71,20664.55
2008-05-25,25780.71,20664.55
2008-05-26,25682.95,20711.31
2008-05-27,25653.95,20745.7
2008-05-28,25708.77,20749.39
2008-05-29,25744.49,20733.63
2008-05-30,25900.4,20742.37
2008-05-31,25900.4,20742.37
2008-06-01,25900.4,20742.37
2008-06-02,25976.07,20758.31
2008-06-03,25994.95,20767.86
2008-06-04,25911.48,20778.19
2008-06-05,25783.4,20796.35
2008-06-06,25770.87,20796.86
2008-06-07,25770.87,20796.86
2008-06-08,25770.87,20796.86
2008-06-09,25733.58,20800.52
2008-06-10,25526.43,20798.38
2008-06-11,25273.72,20803.37
2008-06-12,25142.47,20800.78
2008-06-13,25268.17,20813.47
2008-06-14,25268.17,20813.47
2008-06-15,25268.17,20813.47
2008-06-16,25347.4,20797.37
2008-06-17,25410.11,20813.6
2008-06-18,25396.39,20805.12
2008-06-19,25331.62,20796.19
2008-06-20,25243.54,20798.51
2008-06-21,25243.54,20798.51
2008-06-22,25243.54,20798.51
2008-06-23,25214.5,20818.75
2008-06-24,25145.77,20828.09
2008-06-25,25044.81,20809.59
2008-06-26,25223.68,20811.85
2008-06-27,25179.7,20804.47
2008-06-28,25179.7,20804.47
2008-06-29,25179.7,20804.47
2008-06-30,25069.07,20822.11
2008-07-01,25152.83,20875.09
2008-07-02,24965.68,20888.58
2008-07-03,24660.7,20926.51
2008-07-04,24145.99,20923.17
2008-07-05,24145.99,20923.17
2008-07-06,24145.99,20923.17
2008-07-07,24035.38,20952.31
2008-07-08,24121.81,20966.02
2008-07-09,23945.01,20958.04
2008-07-10,24038.21,20964.7
2008-07-11,23994.85,20989.35
2008-07-12,23994.85,20989.35
2008-07-13,23994.85,20989.35
2008-07-14,24017.91,21022.06
2008-07-15,23924.19,21039.37
2008-07-16,23924.19,21039.37
2008-07-17,23659.07,21068.04
2008-07-18,23830.17,21078.69
2008-07-19,23830.17,21078.69
2008-07-20,23830.17,21078.69
2008-07-21,23891.89,21115.33
2008-07-22,24062.84,21128.94
2008-07-23,24001.57,21128.29
2008-07-24,24184.63,21127.77
2008-07-25,24120.89,21141.72
2008-07-26,24120.89,21141.72
2008-07-27,24120.89,21141.72
2008-07-28,23914.84,21175.46
2008-07-29,23873.98,21184.47
2008-07-30,23825.29,21205.62
2008-07-31,24184.36,21186.05
2008-08-01,24377.35,21203.28
2008-08-02,24377.35,21203.28
2008-08-03,24377.35,21203.28
2008-08-04,24275.64,21230.45
2008-08-05,24066.82,21264.99
2008-08-06,23950.13,21265.92
2008-08-07,24009.56,21285.87
2008-08-08,23990.61,21270.9
2008-08-09,23990.61,21270.9
2008-08-10,23990.61,21270.9
2008-08-11,23896.05,21297.41
2008-08-12,23811.45,21305.34
2008-08-13,23727.29,21303.93
2008-08-14,23548.93,21310.1
2008-08-15,23548.93,21310.1
2008-08-16,23548.93,21310.1
2008-08-17,23548.93,21310.1
2008-08-18,23572.91,21317.16
2008-08-19,23459.28,21330.11
2008-08-20,23184.36,21347.49
2008-08-21,23241.63,21354.96
2008-08-22,23282.52,21384.22
2008-08-23,23282.52,21384.22
2008-08-24,23282.52,21384.22
2008-08-25,23365.29,21420.53
2008-08-26,23342.45,21407.8
2008-08-27,23194.92,21423.39
2008-08-28,23227.29,21421.46
2008-08-29,23316.1,21440.5
2008-08-30,23316.1,21440.5
2008-08-31,23316.1,21440.5
2008-09-01,23317.51,21478.36
2008-09-02,23206.5,21501.98
2008-09-03,23118.26,21498.11
2008-09-04,22908.95,21510.73
2008-09-05,22489.14,21485.71
2008-09-06,22489.14,21485.71
2008-09-07,22489.14,21485.71
2008-09-08,22151.85,21464.7
2008-09-09,22440.32,21461.6
2008-09-10,22166.47,21458.62
2008-09-11,21878.3,21467.22
2008-09-12,21749.74,21458.2
2008-09-13,21749.74,21458.2
2008-09-14,21749.74,21458.2
2008-09-15,21957.81,21413.71
2008-09-16,21709.25,21404.01
2008-09-17,21259.9,21362.54
2008-09-18,21259.9,21362.54
2008-09-19,21259.9,21362.54
2008-09-20,21259.9,21362.54
2008-09-21,21259.9,21362.54
2008-09-22,21490.5,21375.4
2008-09-23,21825.14,21389.49
2008-09-24,21557.97,21406.22
2008-09-25,21467.41,21428.87
2008-09-26,21565.92,21439.28
2008-09-27,21565.92,21439.28
2008-09-28,21565.92,21439.28
2008-09-29,21514.69,21418.92
2008-09-30,20781.24,21378.39
2008-10-01,20709.28,21406.0
2008-10-02,20941.79,21421.06
2008-10-03,20650.21,21439.91
2008-10-04,20650.21,21439.91
2008-10-05,20650.21,21439.91
2008-10-06,20356.2,21466.77
2008-10-07,19153.41,21423.89
2008-10-08,18600.36,21387.13
2008-10-09,17877.72,21380.59
2008-10-10,17586.33,21275.26
2008-10-11,17586.33,21275.26
2008-10-12,17586.33,21275.26
2008-10-13,16782.77,21198.2
2008-10-14,17628.14,21317.91
2008-10-15,18520.87,21312.26
2008-10-16,18039.37,21248.07
2008-10-17,17409.73,21261.53
2008-10-18,17409.73,21261.53
2008-10-19,17409.73,21261.53
2008-10-20,17225.58,21259.81
2008-10-21,17646.59,21289.13
2008-10-22,17672.65,21281.82
2008-10-23,16889.94,21240.55
2008-10-24,16417.4,21228.11
2008-10-25,16417.4,21228.11
2008-10-26,16417.4,21228.11
2008-10-27,15802.32,21197.39
2008-10-28,15426.89,21167.81
2008-10-29,15787.15,21235.4
2008-10-30,16287.43,21251.12
2008-10-31,16287.43,21251.12
2008-11-01,16287.43,21251.12
2008-11-02,16287.43,21251.12
2008-11-03,17274.49,21319.82
2008-11-04,17516.58,21331.0
2008-11-05,17807.75,21339.27
2008-11-06,17806.14,21362.09
2008-11-07,17167.36,21347.25
2008-11-08,17167.36,21347.25
2008-11-09,17167.36,21347.25
2008-11-10,17204.17,21366.2
2008-11-11,17440.97,21363.68
2008-11-12,17114.13,21339.27
2008-11-13,16740.81,21332.78
2008-11-14,16594.0,21372.84
2008-11-15,16594.0,21372.84
2008-11-16,16594.0,21372.84
2008-11-17,16719.61,21386.58
2008-11-18,16525.62,21395.18
2008-11-19,16324.61,21420.51
2008-11-20,16031.47,21411.2
2008-11-21,15536.55,21422.76
2008-11-22,15536.55,21422.76
2008-11-23,15536.55,21422.76
2008-11-24,15564.53,21415.23
2008-11-25,15815.45,21406.58
2008-11-26,16120.36,21398.81
2008-11-27,16222.11,21409.77
2008-11-28,16428.12,21440.33
2008-11-29,16428.12,21440.33
2008-11-30,16428.12,21440.33
2008-12-01,16481.48,21462.83
2008-12-02,16134.8,21466.46
2008-12-03,15943.78,21481.43
2008-12-04,15944.95,21468.89
2008-12-05,15920.09,21472.12
2008-12-06,15920.09,21472.12
2008-12-07,15920.09,21472.12
2008-12-08,15920.09,21472.12
2008-12-09,16248.98,21513.48
2008-12-10,16447.18,21499.52
2008-12-11,16680.88,21481.7
2008-12-12,16754.74,21492.99
2008-12-13,16754.74,21492.99
2008-12-14,16754.74,21492.99
2008-12-15,16562.96,21493.22
2008-12-16,16623.86,21487.1
2008-12-17,16765.95,21491.99
2008-12-18,16971.15,21522.35
2008-12-19,16988.87,21518.08
2008-12-20,16988.87,21518.08
2008-12-21,16988.87,21518.08
2008-12-22,16880.74,21513.43
2008-12-23,16748.92,21501.28
2008-12-24,16526.02,21473.1
2008-12-25,16526.02,21473.1
2008-12-26,16519.06,21445.6
2008-12-27,16519.06,21445.6
2008-12-28,16519.06,21445.6
2008-12-29,16561.35,21460.29
2008-12-30,16648.87,21479.04
2008-12-31,16737.29,21508.91
2009-01-01,16737.29,21508.91
2009-01-02,16872.39,21516.65
2009-01-03,16872.39,21516.65
2009-01-04,16872.39,21516.65
2009-01-05,17058.29,21526.31
2009-01-06,17364.76,21530.35
2009-01-07,17537.04,21497.73
2009-01-08,17416.81,21505.11
2009-01-09,17149.76,21535.01
2009-01-10,17149.76,21535.01
2009-01-11,17149.76,21535.01
2009-01-12,17020.72,21598.45
2009-01-13,16780.74,21574.69
2009-01-14,16664.5,21581.5
2009-01-15,16524.34,21637.67
2009-01-16,16341.5,21659.38
2009-01-17,16341.5,21659.38
2009-01-18,16341.5,21659.38
2009-01-19,16488.16,21706.3
2009-01-20,16542.82,21693.47
2009-01-21,16331.02,21688.81
2009-01-22,16252.61,21723.63
2009-01-23,16259.81,21762.65
2009-01-24,16259.81,21762.65
2009-01-25,16259.81,21762.65
2009-01-26,16197.87,21751.99
2009-01-27,16339.77,21777.84
2009-01-28,16455.9,21812.71
2009-01-29,16681.27,21855.28
2009-01-30,16652.79,21938.07
2009-01-31,16652.79,21938.07
2009-02-01,16652.79,21938.07
2009-02-02,16585.62,21947.67
2009-02-03,16468.11,21972.18
2009-02-04,16562.05,22046.75
2009-02-05,16700.78,22048.13
2009-02-06,16767.35,22020.18
2009-02-07,16767.35,22020.18
2009-02-08,16767.35,22020.18
2009-02-09,17051.42,22008.28
2009-02-10,17172.08,22010.71
2009-02-11,16971.5,22021.19
2009-02-12,16864.62,22084.45
2009-02-13,16690.46,22097.32
2009-02-14,16690.46,22097.32
2009-02-15,16690.46,22097.32
2009-02-16,16709.16,22247.96
2009-02-17,16710.59,22276.04
2009-02-18,16397.09,22284.63
2009-02-19,16286.87,22283.54
2009-02-20,16372.82,22335.49
2009-02-21,16372.82,22335.49
2009-02-22,16372.82,22335.49
2009-02-23,16219.95,22360.26
2009-02-24,16119.64,22360.81
2009-02-25,15980.27,22401.74
2009-02-26,15984.52,22438.59
2009-02-27,16009.27,22518.73
2009-02-28,16009.27,22518.73
2009-03-01,16009.27,22518.73
2009-03-02,15847.39,22525.0
2009-03-03,15520.37,22501.36
2009-03-04,15410.47,22488.14
2009-03-05,15618.26,22446.17
2009-03-06,15543.2,22439.54
2009-03-07,15543.2,22439.54
2009-03-08,15543.2,22439.54
2009-03-09,15479.37,22448.48
2009-03-10,15412.99,22455.69
2009-03-11,15688.71,22485.1
2009-03-12,15857.26,22499.19
2009-03-13,15914.7,22517.37
2009-03-14,15914.7,22517.37
2009-03-15,15914.7,22517.37
2009-03-16,16122.76,22553.05
2009-03-17,16231.56,22510.41
2009-03-18,16271.58,22440.51
2009-03-19,16439.59,22437.99
2009-03-20,16549.57,22428.74
2009-03-21,16549.57,22428.74
2009-03-22,16549.57,22428.74
2009-03-23,16479.82,22408.65
2009-03-24,16835.16,22358.85
2009-03-25,16856.48,22338.85
2009-03-26,16900.31,22408.09
2009-03-27,17038.79,22383.27
2009-03-28,17038.79,22383.27
2009-03-29,17038.79,22383.27
2009-03-30,16930.87,22399.33
2009-03-31,16589.31,22381.91
2009-04-01,16625.83,22373.66
2009-04-02,16749.51,22371.01
2009-04-03,17169.02,22338.38
2009-04-04,17169.02,22338.38
2009-04-05,17169.02,22338.38
2009-04-06,17311.93,22316.6
2009-04-07,17350.01,22336.46
2009-04-08,17204.09,22353.16
2009-04-09,17215.05,22373.0
2009-04-10,17215.05,22373.0
2009-04-11,17215.05,22373.0
2009-04-12,17215.05,22373.0
2009-04-13,17448.84,22413.54
2009-04-14,17587.12,22436.62
2009-04-15,17756.33,22425.01
2009-04-16,17758.61,22438.08
2009-04-17,17859.28,22449.0
2009-04-18,17859.28,22449.0
2009-04-19,17859.28,22449.0
2009-04-20,17908.1,22476.52
2009-04-21,17700.8,22500.69
2009-04-22,17692.0,22528.88
2009-04-23,17758.82,22530.94
2009-04-24,17863.67,22532.35
2009-04-25,17863.67,22532.35
2009-04-26,17863.67,22532.35
2009-04-27,18037.46,22551.1
2009-04-28,17931.45,22558.36
2009-04-29,17831.98,22564.32
2009-04-30,18119.38,22571.18
2009-05-01,18119.38,22571.18
2009-05-02,18119.38,22571.18
2009-05-03,18119.38,22571.18
2009-05-04,18266.05,22607.87
2009-05-05,18596.16,22562.4
2009-05-06,18772.2,22542.15
2009-05-07,18959.09,22531.04
2009-05-08,18986.61,22528.7
2009-05-09,18986.61,22528.7
2009-05-10,18986.61,22528.7
2009-05-11,19168.53,22503.0
2009-05-12,19200.72,22381.75
2009-05-13,19201.81,22343.17
2009-05-14,19040.61,22365.21
2009-05-15,18877.09,22307.92
2009-05-16,18877.09,22307.92
2009-05-17,18877.09,22307.92
2009-05-18,18922.36,22259.27
2009-05-19,19214.25,22253.34
2009-05-20,19488.03,22233.3
2009-05-21,19488.03,22233.3
2009-05-22,19517.85,22197.01
2009-05-23,19517.85,22197.01
2009-05-24,19517.85,22197.01
2009-05-25,19469.09,22206.5
2009-05-26,19543.79,22198.82
2009-05-27,19612.9,22166.54
2009-05-28,19716.29,22087.67
2009-05-29,19768.95,21980.88
2009-05-30,19768.95,21980.88
2009-05-31,19768.95,21980.88
2009-06-01,19969.03,21995.29
2009-06-02,20181.93,22003.66
2009-06-03,20465.57,22042.37
2009-06-04,20318.96,22121.33
2009-06-05,20308.46,22105.19
2009-06-06,20308.46,22105.19
2009-06-07,20308.46,22105.19
2009-06-08,20390.73,22108.47
2009-06-09,20253.63,22132.94
2009-06-10,20275.45,22159.94
2009-06-11,20444.3,22183.35
2009-06-12,20562.15,22238.37
2009-06-13,20562.15,22238.37
2009-06-14,20562.15,22238.37
2009-06-15,20525.51,22303.43
2009-06-16,20266.95,22315.54
2009-06-17,20047.33,22384.85
2009-06-18,19764.88,22398.58
2009-06-19,19646.48,22375.87
2009-06-20,19646.48,22375.87
2009-06-21,19646.48,22375.87
2009-06-22,19739.28,22386.04
2009-06-23,19486.46,22382.9
2009-06-24,19358.0,22352.31
2009-06-25,19450.61,22332.85
2009-06-26,19578.12,22338.95
2009-06-27,19578.12,22338.95
2009-06-28,19578.12,22338.95
2009-06-29,19578.12,22338.95
2009-06-30,19781.29,22341.24
2009-07-01,19772.63,22332.44
2009-07-02,19935.51,22350.39
2009-07-03,19846.46,22400.23
2009-07-04,19846.46,22400.23
2009-07-05,19846.46,22400.23
2009-07-06,19808.7,22418.73
2009-07-07,19675.81,22448.24
2009-07-08,19602.12,22453.71
2009-07-09,19467.24,22460.5
2009-07-10,19532.47,22439.67
2009-07-11,19532.47,22439.67
2009-07-12,19532.47,22439.67
2009-07-13,19483.53,22467.67
2009-07-14,19471.24,22490.33
2009-07-15,19698.95,22537.24
2009-07-16,19698.95,22537.24
2009-07-17,20167.02,22555.28
2009-07-18,20167.02,22555.28
2009-07-19,20167.02,22555.28
2009-07-20,20226.15,22569.68
2009-07-21,20502.84,22576.82
2009-07-22,20588.06,22560.02
2009-07-23,20560.41,22570.96
2009-07-24,20765.9,22584.08
2009-07-25,20765.9,22584.08
2009-07-26,20765.9,22584.08
2009-07-27,20903.66,22578.75
2009-07-28,21030.63,22566.03
2009-07-29,21089.62,22584.21
2009-07-30,20933.34,22587.68
2009-07-31,21107.4,22580.51
2009-08-01,21107.4,22580.51
2009-08-02,21107.4,22580.51
2009-08-03,21219.52,22623.11
2009-08-04,21468.01,22631.64
2009-08-05,21547.69,22655.99
2009-08-06,21519.56,22650.08
2009-08-07,21478.33,22650.4
2009-08-08,21478.33,22650.4
2009-08-09,21478.33,22650.4
2009-08-10,21469.64,22657.99
2009-08-11,21519.19,22656.79
2009-08-12,21415.16,22641.27
2009-08-13,21385.78,22649.8
2009-08-14,21555.33,22674.44
2009-08-15,21555.33,22674.44
2009-08-16,21555.33,22674.44
2009-08-17,21558.94,22634.44
2009-08-18,21199.95,22621.44
2009-08-19,21235.44,22624.53
2009-08-20,21217.25,22598.86
2009-08-21,21339.4,22598.44
2009-08-22,21339.4,22598.44
2009-08-23,21339.4,22598.44
2009-08-24,21452.29,22616.03
2009-08-25,21629.55,22630.33
2009-08-26,21632.73,22647.52
2009-08-27,21568.02,22661.58
2009-08-28,21510.72,22669.44
2009-08-29,21510.72,22669.44
2009-08-30,21510.72,22669.44
2009-08-31,21547.95,22701.7
2009-09-01,21417.45,22702.89
2009-09-02,21307.01,22701.55
2009-09-03,21207.93,22725.99
2009-09-04,21321.91,22759.29
2009-09-05,21321.91,22759.29
2009-09-06,21321.91,22759.29
2009-09-07,21527.81,22777.79
2009-09-08,21660.51,22771.41
2009-09-09,21849.8,22800.3
2009-09-10,21965.62,22826.87
2009-09-11,22099.95,22841.56
2009-09-12,22099.95,22841.56
2009-09-13,22099.95,22841.56
2009-09-14,22155.62,22856.54
2009-09-15,22109.79,22870.2
2009-09-16,22221.71,22882.53
2009-09-17,22403.67,22895.78
2009-09-18,22403.67,22895.78
2009-09-19,22403.67,22895.78
2009-09-20,22403.67,22895.78
2009-09-21,22501.71,22897.13
2009-09-22,22401.37,22882.48
2009-09-23,22502.52,22935.95
2009-09-24,22504.54,22974.46
2009-09-25,22364.83,22952.78
2009-09-26,22364.83,22952.78
2009-09-27,22364.83,22952.78
2009-09-28,22330.14,22959.12
2009-09-29,22423.75,22959.71
2009-09-30,22533.72,22959.96
2009-10-01,22643.62,22980.18
2009-10-02,22550.47,22996.43
2009-10-03,22550.47,22996.43
2009-10-04,22550.47,22996.43
2009-10-05,22402.5,23005.38
2009-10-06,22568.58,23013.61
2009-10-07,22853.44,23023.96
2009-10-08,22921.91,23069.2
2009-10-09,23071.88,23121.15
2009-10-10,23071.88,23121.15
2009-10-11,23071.88,23121.15
2009-10-12,23071.88,23121.15
2009-10-13,23314.44,23160.55
2009-10-14,23367.16,23157.92
2009-10-15,23656.57,23170.58
2009-10-16,23666.69,23168.39
2009-10-17,23666.69,23168.39
2009-10-18,23666.69,23168.39
2009-10-19,23529.21,23184.86
2009-10-20,23650.79,23198.71
2009-10-21,23530.5,23212.68
2009-10-22,23455.03,23225.79
2009-10-23,23322.61,23232.32
2009-10-24,23322.61,23232.32
2009-10-25,23322.61,23232.32
2009-10-26,23325.57,23234.93
2009-10-27,23258.35,23203.65
2009-10-28,23004.79,23204.25
2009-10-29,22507.66,23162.49
2009-10-30,22585.9,23124.84
2009-10-31,22585.9,23124.84
2009-11-01,22585.9,23124.84
2009-11-02,22491.16,23123.39
2009-11-03,22362.07,23107.23
2009-11-04,22270.46,23060.21
2009-11-05,22542.53,23082.38
2009-11-06,22632.18,23097.69
2009-11-07,22632.18,23097.69
2009-11-08,22632.18,23097.69
2009-11-09,22720.65,23167.27
2009-11-10,22984.88,23185.44
2009-11-11,22958.22,23161.43
2009-11-12,22966.53,23152.43
2009-11-13,22828.25,23109.02
2009-11-14,22828.25,23109.02
2009-11-15,22828.25,23109.02
2009-11-16,22750.82,23038.33
2009-11-17,22910.5,23006.64
2009-11-18,22819.89,22973.58
2009-11-19,22744.32,22956.6
2009-11-20,22656.99,22960.94
2009-11-21,22656.99,22960.94
2009-11-22,22656.99,22960.94
2009-11-23,22683.76,22980.99
2009-11-24,22727.02,22978.55
2009-11-25,22609.51,22928.65
2009-11-26,22713.48,22930.48
2009-11-27,22539.17,22920.32
2009-11-28,22539.17,22920.32
2009-11-29,22539.17,22920.32
2009-11-30,22295.42,22878.63
2009-12-01,22401.42,22885.0
2009-12-02,22734.04,22890.85
2009-12-03,22985.35,22911.8
2009-12-04,23097.89,22906.81
2009-12-05,23097.89,22906.81
2009-12-06,23097.89,22906.81
2009-12-07,23089.76,22892.7
2009-12-08,23089.76,22892.7
2009-12-09,22871.59,22893.57
2009-12-10,22749.85,22865.71
2009-12-11,22687.68,22828.37
2009-12-12,22687.68,22828.37
2009-12-13,22687.68,22828.37
2009-12-14,22814.25,22830.62
2009-12-15,22963.51,22762.03
2009-12-16,22952.54,22757.07
2009-12-17,22976.28,22759.46
2009-12-18,22750.0,22792.21
2009-12-19,22750.0,22792.21
2009-12-20,22750.0,22792.21
2009-12-21,22686.28,22804.6
2009-12-22,22758.46,22801.74
2009-12-23,22865.09,22830.71
2009-12-24,23016.51,22914.19
2009-12-25,23016.51,22914.19
2009-12-26,23016.51,22914.19
2009-12-27,23016.51,22914.19
2009-12-28,23049.23,22922.28
2009-12-29,23190.84,22980.08
2009-12-30,23263.2,22944.45
2009-12-31,23290.37,22975.94
2010-01-01,23290.37,22975.94
2010-01-02,23290.37,22975.94
2010-01-03,23290.37,22975.94
2010-01-04,23371.3,22970.17
2010-01-05,23591.11,22985.69
2010-01-06,23828.55,23024.73
2010-01-07,23805.59,23041.16
2010-01-08,23711.33,23052.16
2010-01-09,23711.33,23052.16
2010-01-10,23711.33,23052.16
2010-01-11,23750.31,23054.28
2010-01-12,23845.9,23053.81
2010-01-13,23725.22,23029.63
2010-01-14,23656.12,23023.59
2010-01-15,23757.83,23040.36
2010-01-16,23757.83,23040.36
2010-01-17,23757.83,23040.36
2010-01-18,23646.07,23031.54
2010-01-19,23630.95,23036.08
2010-01-20,23714.5,23027.02
2010-01-21,23612.88,23026.36
2010-01-22,23379.64,23040.9
2010-01-23,23379.64,23040.9
2010-01-24,23379.64,23040.9
2010-01-25,23146.94,23033.05
2010-01-26,23148.33,23039.57
2010-01-27,22983.46,23045.0
2010-01-28,22997.37,23061.09
2010-01-29,23163.19,23108.06
2010-01-30,23163.19,23108.06
2010-01-31,23163.19,23108.06
2010-02-01,22958.54,23082.74
2010-02-02,23093.75,23114.43
2010-02-03,23318.6,23131.69
2010-02-04,23546.74,23142.68
2010-02-05,23248.2,23147.91
2010-02-06,23248.2,23147.91
2010-02-07,23248.2,23147.91
2010-02-08,22726.66,23153.99
2010-02-09,22642.12,23171.51
2010-02-10,22879.72,23204.21
2010-02-11,22886.87,23210.35
2010-02-12,22986.16,23234.68
2010-02-13,22986.16,23234.68
2010-02-14,22986.16,23234.68
2010-02-15,22937.83,23295.16
2010-02-16,22912.73,23294.86
2010-02-17,23121.89,23326.64
2010-02-18,23355.57,23339.62
2010-02-19,23449.65,23359.84
2010-02-20,23449.65,23359.84
2010-02-21,23449.65,23359.84
2010-02-22,23404.73,23371.12
2010-02-23,23439.53,23385.65
2010-02-24,23283.76,23372.53
2010-02-25,23254.95,23389.53
2010-02-26,23086.57,23412.28
2010-02-27,23086.57,23412.28
2010-02-28,23086.57,23412.28
2010-03-01,23225.63,23452.91
2010-03-02,23319.71,23467.73
2010-03-03,23462.94,23501.57
2010-03-04,23457.31,23542.06
2010-03-05,23402.75,23528.89
2010-03-06,23402.75,23528.89
2010-03-07,23402.75,23528.89
2010-03-08,23554.05,23557.04
2010-03-09,23666.62,23568.43
2010-03-10,23724.31,23564.69
2010-03-11,23889.93,23566.48
2010-03-12,23996.76,23575.45
2010-03-13,23996.76,23575.45
2010-03-14,23996.76,23575.45
2010-03-15,23961.12,23538.28
2010-03-16,23825.98,23535.06
2010-03-17,24027.55,23540.32
2010-03-18,24302.09,23564.63
2010-03-19,24214.56,23583.72
2010-03-20,24214.56,23583.72
2010-03-21,24214.56,23583.72
2010-03-22,24141.21,23601.03
2010-03-23,24136.36,23616.47
2010-03-24,24240.1,23643.68
2010-03-25,24195.93,23647.23
2010-03-26,24168.89,23651.77
2010-03-27,24168.89,23651.77
2010-03-28,24168.89,23651.77
2010-03-29,24177.91,23685.26
2010-03-30,24324.58,23702.43
2010-03-31,24325.17,23739.2
2010-04-01,24282.95,23733.24
2010-04-02,24282.95,23733.24
2010-04-03,24282.95,23733.24
2010-04-04,24282.95,23733.24
2010-04-05,24457.05,23755.9
2010-04-06,24521.36,23778.33
2010-04-07,24701.24,23777.6
2010-04-08,24655.55,23783.79
2010-04-09,24549.83,23775.08
2010-04-10,24549.83,23775.08
2010-04-11,24549.83,23775.08
2010-04-12,24651.78,23787.24
2010-04-13,24640.45,23792.52
2010-04-14,24583.57,23817.75
2010-04-15,24776.78,23834.8
2010-04-16,24884.54,23849.79
2010-04-17,24884.54,23849.79
2010-04-18,24884.54,23849.79
2010-04-19,24677.45,23841.06
2010-04-20,24480.44,23852.4
2010-04-21,24701.72,23901.89
2010-04-22,24667.62,23898.22
2010-04-23,24533.73,23900.1
2010-04-24,24533.73,23900.1
2010-04-25,24533.73,23900.1
2010-04-26,24642.75,23915.84
2010-04-27,24702.74,23902.76
2010-04-28,24437.27,23913.17
2010-04-29,24375.15,23937.49
2010-04-30,24498.45,23939.45
2010-05-01,24498.45,23939.45
2010-05-02,24498.45,23939.45
2010-05-03,24445.69,23922.77
2010-05-04,24454.13,23944.36
2010-05-05,24204.41,23939.97
2010-05-06,23946.2,23952.19
2010-05-07,23517.79,23938.66
2010-05-08,23517.79,23938.66
2010-05-09,23517.79,23938.66
2010-05-10,23277.86,23958.22
2010-05-11,23856.14,24001.25
2010-05-12,23902.52,24030.52
2010-05-13,24025.04,24062.43
2010-05-14,24095.25,24061.53
2010-05-15,24095.25,24061.53
2010-05-16,24095.25,24061.53
2010-05-17,23903.23,24147.7
2010-05-18,23723.41,24156.8
2010-05-19,23758.04,24150.43
2010-05-20,23488.17,24146.63
2010-05-21,23488.17,24146.63
2010-05-22,23488.17,24146.63
2010-05-23,23488.17,24146.63
2010-05-24,22890.27,24145.12
2010-05-25,22751.8,24147.76
2010-05-26,22466.11,24180.2
2010-05-27,22709.53,24208.99
2010-05-28,23014.78,24207.27
2010-05-29,23014.78,24207.27
2010-05-30,23014.78,24207.27
2010-05-31,23128.33,24207.21
2010-06-01,23260.12,24192.85
2010-06-02,23090.98,24186.09
2010-06-03,23229.99,24213.62
2010-06-04,23459.24,24221.05
2010-06-05,23459.24,24221.05
2010-06-06,23459.24,24221.05
2010-06-07,23281.46,24243.86
2010-06-08,23116.12,24243.3
2010-06-09,23138.2,24257.76
2010-06-10,23175.43,24245.52
2010-06-11,23375.22,24273.96
2010-06-12,23375.22,24273.96
2010-06-13,23375.22,24273.96
2010-06-14,23523.37,24278.81
2010-06-15,23681.8,24263.49
2010-06-16,23869.72,24289.44
2010-06-17,23887.54,24266.46
2010-06-18,23967.08,24284.45
2010-06-19,23967.08,24284.45
2010-06-20,23967.08,24284.45
2010-06-21,24141.56,24302.14
2010-06-22,24376.01,24306.17
2010-06-23,24282.13,24304.3
2010-06-24,24229.78,24346.87
2010-06-25,24138.15,24320.12
2010-06-26,24138.15,24320.12
2010-06-27,24138.15,24320.12
2010-06-28,24138.15,24320.12
2010-06-29,24145.47,24307.43
2010-06-30,23782.04,24313.89
2010-07-01,23732.23,24334.25
2010-07-02,23549.34,24343.51
2010-07-03,23549.34,24343.51
2010-07-04,23549.34,24343.51
2010-07-05,23462.59,24332.69
2010-07-06,23466.76,24329.59
2010-07-07,23636.86,24352.52
2010-07-08,23857.6,24410.62
2010-07-09,24068.72,24441.52
2010-07-10,24068.72,24441.52
2010-07-11,24068.72,24441.52
2010-07-12,24268.19,24455.9
2010-07-13,24315.11,24468.55
2010-07-14,24395.96,24476.13
2010-07-15,24444.42,24500.21
2010-07-16,24444.42,24500.21
2010-07-17,24444.42,24500.21
2010-07-18,24444.42,24500.21
2010-07-19,24129.36,24495.53
2010-07-20,24120.68,24510.51
2010-07-21,24231.4,24522.69
2010-07-22,24269.24,24508.4
2010-07-23,24417.16,24490.63
2010-07-24,24417.16,24490.63
2010-07-25,24417.16,24490.63
2010-07-26,24585.13,24499.58
2010-07-27,24729.3,24509.47
2010-07-28,24827.33,24521.42
2010-07-29,24857.14,24570.27
2010-07-30,24884.57,24614.96
2010-07-31,24884.57,24614.96
2010-08-01,24884.57,24614.96
2010-08-02,24891.96,24658.59
2010-08-03,25113.13,24653.83
2010-08-04,25133.37,24616.71
2010-08-05,25151.69,24624.52
2010-08-06,25157.57,24640.04
2010-08-07,25157.57,24640.04
2010-08-08,25157.57,24640.04
2010-08-09,25129.92,24651.56
2010-08-10,25182.76,24676.53
2010-08-11,25019.22,24715.43
2010-08-12,24634.33,24714.22
2010-08-13,24430.42,24713.95
2010-08-14,24430.42,24713.95
2010-08-15,24430.42,24713.95
2010-08-16,24522.84,24731.17
2010-08-17,24575.44,24745.24
2010-08-18,24696.04,24768.49
2010-08-19,24687.91,24819.76
2010-08-20,24751.91,24836.1
2010-08-21,24751.91,24836.1
2010-08-22,24751.91,24836.1
2010-08-23,24749.7,24840.44
2010-08-24,24634.87,24830.16
2010-08-25,24483.16,24833.09
2010-08-26,24360.23,24847.63
2010-08-27,24307.45,24902.11
2010-08-28,24307.45,24902.11
2010-08-29,24307.45,24902.11
2010-08-30,24342.35,24921.58
2010-08-31,24348.67,24960.86
2010-09-01,24433.1,24981.05
2010-09-02,24681.33,24990.93
2010-09-03,24823.22,24988.64
2010-09-04,24823.22,24988.64
2010-09-05,24823.22,24988.64
2010-09-06,24951.62,24988.66
2010-09-07,25041.71,24939.68
2010-09-08,24939.72,24920.01
2010-09-09,25010.16,24911.09
2010-09-10,25065.29,24854.64
2010-09-11,25065.29,24854.64
2010-09-12,25065.29,24854.64
2010-09-13,25152.22,24857.34
2010-09-14,25397.64,24846.37
2010-09-15,25426.95,24769.11
2010-09-16,25494.33,24750.78
2010-09-17,25494.33,24750.78
2010-09-18,25494.33,24750.78
2010-09-19,25494.33,24750.78
2010-09-20,25494.33,24750.78
2010-09-21,25677.55,24771.28
2010-09-22,25757.52,24770.29
2010-09-23,25661.05,24776.29
2010-09-24,25483.04,24761.8
2010-09-25,25483.04,24761.8
2010-09-26,25483.04,24761.8
2010-09-27,25536.38,24742.09
2010-09-28,25608.31,24749.03
2010-09-29,25635.94,24743.73
2010-09-30,25721.9,24631.43
2010-10-01,25762.53,24575.93
2010-10-02,25762.53,24575.93
2010-10-03,25762.53,24575.93
2010-10-04,25865.74,24582.68
2010-10-05,26019.18,24568.33
2010-10-06,26102.81,24594.63
2010-10-07,26209.09,24573.56
2010-10-08,26125.46,24586.98
2010-10-09,26125.46,24586.98
2010-10-10,26125.46,24586.98
2010-10-11,26125.46,24586.98
2010-10-12,26238.36,24612.08
2010-10-13,26089.44,24599.88
2010-10-14,26282.36,24584.07
2010-10-15,26443.82,24507.9
2010-10-16,26443.82,24507.9
2010-10-17,26443.82,24507.9
2010-10-18,26397.74,24520.25
2010-10-19,26422.68,24549.92
2010-10-20,26349.14,24554.07
2010-10-21,26381.77,24584.1
2010-10-22,26468.64,24581.54
2010-10-23,26468.64,24581.54
2010-10-24,26468.64,24581.54
2010-10-25,26482.5,24604.89
2010-10-26,26586.79,24619.57
2010-10-27,26711.05,24628.16
2010-10-28,26683.04,24617.72
2010-10-29,26678.23,24579.77
2010-10-30,26678.23,24579.77
2010-10-31,26678.23,24579.77
2010-11-01,26678.23,24579.77
2010-11-02,26749.76,24593.12
2010-11-03,26969.3,24612.74
2010-11-04,27120.63,24617.54
2010-11-05,27246.43,24649.23
2010-11-06,27246.43,24649.23
2010-11-07,27246.43,24649.23
2010-11-08,27234.19,24665.74
2010-11-09,27272.32,24674.93
2010-11-10,27188.45,24669.02
2010-11-11,27166.66,24674.72
2010-11-12,27065.92,24685.64
2010-11-13,27065.92,24685.64
2010-11-14,27065.92,24685.64
2010-11-15,26805.64,24699.49
2010-11-16,26750.58,24689.82
2010-11-17,26471.1,24690.06
2010-11-18,26394.77,24717.08
2010-11-19,26584.91,24732.43
2010-11-20,26584.91,24732.43
2010-11-21,26584.91,24732.43
2010-11-22,26632.71,24743.58
2010-11-23,26634.74,24769.15
2010-11-24,26334.16,24786.17
2010-11-25,26485.51,24853.29
2010-11-26,26560.47,24858.19
2010-11-27,26560.47,24858.19
2010-11-28,26560.47,24858.19
2010-11-29,26373.35,24892.18
2010-11-30,26398.34,24955.07
2010-12-01,26425.0,24955.32
2010-12-02,26682.91,24991.37
2010-12-03,26886.05,25009.35
2010-12-04,26886.05,25009.35
2010-12-05,26886.05,25009.35
2010-12-06,26923.08,25024.48
2010-12-07,26850.94,25027.35
2010-12-08,26850.94,25027.35
2010-12-09,26739.44,25027.47
2010-12-10,26670.94,25028.55
2010-12-11,26670.94,25028.55
2010-12-12,26670.94,25028.55
2010-12-13,26625.22,25035.91
2010-12-14,26685.52,25015.53
2010-12-15,26770.78,25012.88
2010-12-16,26685.0,25026.37
2010-12-17,26615.66,25029.21
2010-12-18,26615.66,25029.21
2010-12-19,26615.66,25029.21
2010-12-20,26603.14,25034.35
2010-12-21,26539.88,25036.91
2010-12-22,26569.66,25047.4
2010-12-23,26583.39,25060.58
2010-12-24,26573.91,25087.7
2010-12-25,26573.91,25087.7
2010-12-26,26573.91,25087.7
2010-12-27,26590.89,25100.29
2010-12-28,26596.01,25109.32
2010-12-29,26539.73,25111.54
2010-12-30,26639.29,25121.57
2010-12-31,26765.54,25145.0
2011-01-01,26765.54,25145.0
2011-01-02,26765.54,25145.0
2011-01-03,26809.59,25153.43
2011-01-04,26929.54,25163.01
2011-01-05,27654.14,24976.21
2011-01-06,27857.67,24911.62
2011-01-07,27853.66,24903.53
2011-01-08,27853.66,24903.53
2011-01-09,27853.66,24903.53
2011-01-10,27732.42,24918.06
2011-01-11,27565.1,24908.13
2011-01-12,27558.33,24921.48
2011-01-13,27746.71,24959.92
2011-01-14,27731.52,24973.03
2011-01-15,27731.52,24973.03
2011-01-16,27731.52,24973.03
2011-01-17,27773.62,24951.57
2011-01-18,27699.71,24958.05
2011-01-19,27756.25,24976.28
2011-01-20,27729.44,24947.99
2011-01-21,27566.91,24923.21
2011-01-22,27566.91,24923.21
2011-01-23,27566.91,24923.21
2011-01-24,27462.32,24939.82
2011-01-25,27448.22,24951.24
2011-01-26,27409.35,24946.46
2011-01-27,27477.69,24947.11
2011-01-28,27291.29,24912.55
2011-01-29,27291.29,24912.55
2011-01-30,27291.29,24912.55
2011-01-31,26889.99,24805.53
2011-02-01,26836.36,24808.8
2011-02-02,27007.01,24842.78
2011-02-03,27027.66,24838.72
2011-02-04,26920.8,24841.02
2011-02-05,26920.8,24841.02
2011-02-06,26920.8,24841.02
2011-02-07,26817.3,24874.39
2011-02-08,26822.6,24876.18
2011-02-09,26801.78,24881.75
2011-02-10,26483.04,24873.82
2011-02-11,26222.87,24867.59
2011-02-12,26222.87,24867.59
2011-02-13,26222.87,24867.59
2011-02-14,26305.89,24890.87
2011-02-15,26445.19,24899.33
2011-02-16,26474.25,24882.3
2011-02-17,26593.13,24903.94
2011-02-18,26589.85,24957.65
2011-02-19,26589.85,24957.65
2011-02-20,26589.85,24957.65
2011-02-21,26511.62,24970.51
2011-02-22,26474.67,25022.68
2011-02-23,26174.35,25034.85
2011-02-24,26052.46,25025.79
2011-02-25,26066.99,25037.78
2011-02-26,26066.99,25037.78
2011-02-27,26066.99,25037.78
2011-02-28,26254.88,25189.4
2011-03-01,26443.0,25192.13
2011-03-02,26433.25,25267.93
2011-03-03,26461.24,25339.35
2011-03-04,26661.79,25324.36
2011-03-05,26661.79,25324.36
2011-03-06,26661.79,25324.36
2011-03-07,26749.01,25335.73
2011-03-08,26628.44,25291.98
2011-03-09,26772.59,25308.56
2011-03-10,26756.33,25335.3
2011-03-11,26586.46,25342.13
2011-03-12,26586.46,25342.13
2011-03-13,26586.46,25342.13
2011-03-14,26448.34,25359.49
2011-03-15,26434.34,25390.65
2011-03-16,26264.4,25394.06
2011-03-17,26165.82,25390.4
2011-03-18,26237.81,25494.8
2011-03-19,26237.81,25494.8
2011-03-20,26237.81,25494.8
2011-03-21,26208.29,25513.23
2011-03-22,26453.77,25528.53
2011-03-23,26611.9,25543.57
2011-03-24,26818.77,25566.18
2011-03-25,26968.78,25580.09
2011-03-26,26968.78,25580.09
2011-03-27,26968.78,25580.09
2011-03-28,27032.7,25599.65
2011-03-29,26990.72,25610.33
2011-03-30,27046.22,25625.32
2011-03-31,27288.45,25663.67
2011-04-01,27372.48,25608.26
2011-04-02,27372.48,25608.26
2011-04-03,27372.48,25608.26
2011-04-04,27570.76,25637.62
2011-04-05,27660.81,25677.59
2011-04-06,27727.5,25685.9
2011-04-07,27811.31,25712.55
2011-04-08,27768.16,25731.23
2011-04-09,27768.16,25731.23
2011-04-10,27768.16,25731.23
2011-04-11,27706.96,25747.27
2011-04-12,27640.6,25760.8
2011-04-13,27425.96,25762.46
2011-04-14,27429.24,25772.5
2011-04-15,27413.29,25793.48
2011-04-16,27413.29,25793.48
2011-04-17,27413.29,25793.48
2011-04-18,27489.8,25819.57
2011-04-19,27312.6,25850.83
2011-04-20,27363.96,25850.16
2011-04-21,27647.58,25866.92
2011-04-22,27647.58,25866.92
2011-04-23,27647.58,25866.92
2011-04-24,27647.58,25866.92
2011-04-25,27744.26,25887.53
2011-04-26,27760.7,25899.17
2011-04-27,27761.91,25925.41
2011-04-28,27700.63,25928.69
2011-04-29,27577.74,25932.32
2011-04-30,27577.74,25932.32
2011-05-01,27577.74,25932.32
2011-05-02,27661.61,25968.26
2011-05-03,27757.77,25957.61
2011-05-04,27587.3,25959.6
2011-05-05,27320.6,25944.97
2011-05-06,27283.81,25986.25
2011-05-07,27283.81,25986.25
2011-05-08,27283.81,25986.25
2011-05-09,27362.15,26015.97
2011-05-10,27458.61,26022.69
2011-05-11,27538.64,26020.76
2011-05-12,27495.67,26018.14
2011-05-13,27360.06,26025.71
2011-05-14,27360.06,26025.71
2011-05-15,27360.06,26025.71
2011-05-16,27161.04,25994.01
2011-05-17,27192.95,26009.51
2011-05-18,27289.75,26024.2
2011-05-19,27368.88,26042.07
2011-05-20,27306.7,26061.71
2011-05-21,27306.7,26061.71
2011-05-22,27306.7,26061.71
2011-05-23,27183.7,26076.8
2011-05-24,26975.79,26076.44
2011-05-25,27018.19,26076.4
2011-05-26,27026.84,26081.28
2011-05-27,27180.39,26072.18
2011-05-28,27180.39,26072.18
2011-05-29,27180.39,26072.18
2011-05-30,27311.23,26084.08
2011-05-31,27334.84,26087.23
2011-06-01,27508.2,26092.66
2011-06-02,27418.37,26101.5
2011-06-03,27396.41,26113.79
2011-06-04,27396.41,26113.79
2011-06-05,27396.41,26113.79
2011-06-06,27370.57,26131.32
2011-06-07,27204.0,26104.79
2011-06-08,27162.59,26104.65
2011-06-09,27056.84,26093.89
2011-06-10,27038.94,26104.32
2011-06-11,27038.94,26104.32
2011-06-12,27038.94,26104.32
2011-06-13,26832.1,25838.86
2011-06-14,26733.27,25830.28
2011-06-15,26810.46,25793.89
2011-06-16,26575.85,25764.52
2011-06-17,26457.27,25753.25
2011-06-18,26457.27,25753.25
2011-06-19,26457.27,25753.25
2011-06-20,26459.15,25774.46
2011-06-21,26521.95,25654.57
2011-06-22,26689.36,25660.67
2011-06-23,26734.03,25667.38
2011-06-24,26677.63,25650.69
2011-06-25,26677.63,25650.69
2011-06-26,26677.63,25650.69
2011-06-27,26677.63,25650.69
2011-06-28,26690.2,25640.74
2011-06-29,26888.92,25651.4
2011-06-30,27049.18,25793.64
2011-07-01,27145.34,25645.67
2011-07-02,27145.34,25645.67
2011-07-03,27145.34,25645.67
2011-07-04,27274.18,25667.44
2011-07-05,27392.77,25684.28
2011-07-06,27385.93,25697.65
2011-07-07,27317.83,25695.76
2011-07-08,27349.16,25686.88
2011-07-09,27349.16,25686.88
2011-07-10,27349.16,25686.88
2011-07-11,27262.45,25707.95
2011-07-12,27055.27,25734.23
2011-07-13,26899.59,25746.89
2011-07-14,26937.53,25779.91
2011-07-15,26833.9,25767.98
2011-07-16,26833.9,25767.98
2011-07-17,26833.9,25767.98
2011-07-18,26857.43,25788.28
2011-07-19,26728.89,25793.34
2011-07-20,26773.39,25787.37
2011-07-21,26826.79,25820.44
2011-07-22,26932.15,25823.84
2011-07-23,26932.15,25823.84
2011-07-24,26932.15,25823.84
2011-07-25,27047.71,25841.9
2011-07-26,27021.6,25852.23
2011-07-27,26902.38,25842.17
2011-07-28,26601.9,25813.1
2011-07-29,26521.36,25980.41
2011-07-30,26521.36,25980.41
2011-07-31,26521.36,25980.41
2011-08-01,26481.29,25867.63
2011-08-02,26623.35,25901.11
2011-08-03,26277.11,25921.16
2011-08-04,26017.29,25938.47
2011-08-05,25371.45,25979.01
2011-08-06,25371.45,25979.01
2011-08-07,25371.45,25979.01
2011-08-08,24998.5,26052.69
2011-08-09,24243.89,26117.19
2011-08-10,24373.59,26096.66
2011-08-11,24150.97,26148.36
2011-08-12,24553.52,26168.59
2011-08-13,24553.52,26168.59
2011-08-14,24553.52,26168.59
2011-08-15,24553.52,26168.59
2011-08-16,24919.35,26235.97
2011-08-17,24979.21,26245.95
2011-08-18,24967.88,26243.19
2011-08-19,24491.28,26314.34
2011-08-20,24491.28,26314.34
2011-08-21,24491.28,26314.34
2011-08-22,24211.95,26344.0
2011-08-23,24168.32,26434.8
2011-08-24,24398.22,26507.42
2011-08-25,24475.18,26569.28
2011-08-26,24300.57,26593.99
2011-08-27,24300.57,26593.99
2011-08-28,24300.57,26593.99
2011-08-29,24352.43,26648.91
2011-08-30,24700.06,26672.04
2011-08-31,24953.91,26825.54
2011-09-01,25185.5,26780.58
2011-09-02,25148.74,26794.31
2011-09-03,25148.74,26794.31
2011-09-04,25148.74,26794.31
2011-09-05,24896.86,26867.09
2011-09-06,24516.23,26940.83
2011-09-07,24435.84,27032.01
2011-09-08,24771.34,26967.83
2011-09-09,24742.67,26910.95
2011-09-10,24742.67,26910.95
2011-09-11,24742.67,26910.95
2011-09-12,24460.09,26895.57
2011-09-13,24263.13,26947.75
2011-09-14,24297.41,26920.58
2011-09-15,24298.33,26928.58
2011-09-16,24513.11,26889.18
2011-09-17,24513.11,26889.18
2011-09-18,24513.11,26889.18
2011-09-19,24513.11,26889.18
2011-09-20,24282.96,26902.13
2011-09-21,24412.02,26875.51
2011-09-22,24349.81,26808.94
2011-09-23,23752.55,27019.78
2011-09-24,23752.55,27019.78
2011-09-25,23752.55,27019.78
2011-09-26,23556.08,27039.98
2011-09-27,23356.68,27030.79
2011-09-28,23753.26,27007.71
2011-09-29,23655.69,27013.74
2011-09-30,23837.54,26976.54
2011-10-01,23837.54,26976.54
2011-10-02,23837.54,26976.54
2011-10-03,23593.39,26996.51
2011-10-04,23180.8,27057.12
2011-10-05,23005.82,27155.13
2011-10-06,23243.21,27127.61
2011-10-07,23571.53,27069.34
2011-10-08,23571.53,27069.34
2011-10-09,23571.53,27069.34
2011-10-10,23571.53,27069.34
2011-10-11,23880.46,27048.2
2011-10-12,24065.11,27009.21
2011-10-13,24170.61,26945.34
2011-10-14,24292.96,27006.11
2011-10-15,24292.96,27006.11
2011-10-16,24292.96,27006.11
2011-10-17,24415.77,27014.29
2011-10-18,24373.7,27013.56
2011-10-19,24509.17,27011.49
2011-10-20,24528.56,26981.27
2011-10-21,24462.32,26975.01
2011-10-22,24462.32,26975.01
2011-10-23,24462.32,26975.01
2011-10-24,24631.21,26980.83
2011-10-25,24951.2,26959.84
2011-10-26,24817.4,26922.83
2011-10-27,24898.43,26891.27
2011-10-28,25366.79,26580.99
2011-10-29,25366.79,26580.99
2011-10-30,25366.79,26580.99
2011-10-31,25366.79,26580.99
2011-11-01,25366.79,26580.99
2011-11-02,24962.13,26579.05
2011-11-03,25222.39,26630.8
2011-11-04,25227.2,26586.59
2011-11-05,25227.2,26586.59
2011-11-06,25227.2,26586.59
2011-11-07,25153.44,26562.77
2011-11-08,25370.36,26575.66
2011-11-09,25488.52,26649.17
2011-11-10,25139.45,26722.79
2011-11-11,25028.17,26695.77
2011-11-12,25028.17,26695.77
2011-11-13,25028.17,26695.77
2011-11-14,25215.55,26684.04
2011-11-15,25261.63,26613.51
2011-11-16,25314.8,26603.71
2011-11-17,25273.24,26614.7
2011-11-18,25055.75,26646.39
2011-11-19,25055.75,26646.39
2011-11-20,25055.75,26646.39
2011-11-21,24843.56,26665.53
2011-11-22,24562.11,26711.03
2011-11-23,24523.6,26709.15
2011-11-24,24230.37,26749.8
2011-11-25,24143.62,26760.6
2011-11-26,24143.62,26760.6
2011-11-27,24143.62,26760.6
2011-11-28,24079.66,26871.29
2011-11-29,24393.41,26843.31
2011-11-30,24630.8,26887.4
2011-12-01,25022.24,26844.63
2011-12-02,25174.74,26779.98
2011-12-03,25174.74,26779.98
2011-12-04,25174.74,26779.98
2011-12-05,25202.15,26816.35
2011-12-06,25304.62,26863.86
2011-12-07,25163.6,26920.7
2011-12-08,25163.6,26920.7
2011-12-09,24931.53,26912.2
2011-12-10,24931.53,26912.2
2011-12-11,24931.53,26912.2
2011-12-12,24972.72,26926.89
2011-12-13,24780.29,26925.86
2011-12-14,24718.17,26930.23
2011-12-15,24522.42,26964.88
2011-12-16,24496.7,27012.48
2011-12-17,24496.7,27012.48
2011-12-18,24496.7,27012.48
2011-12-19,24531.66,27027.14
2011-12-20,24411.69,27040.3
2011-12-21,24634.2,27015.28
2011-12-22,24821.38,26995.4
2011-12-23,24879.09,27002.01
2011-12-24,24879.09,27002.01
2011-12-25,24879.09,27002.01
2011-12-26,24965.87,27011.14
2011-12-27,24965.34,27025.68
2011-12-28,24978.62,27058.36
2011-12-29,24803.72,27108.18
2011-12-30,24852.44,27167.64
2011-12-31,24852.44,27167.64
2012-01-01,24852.44,27167.64
2012-01-02,24844.69,27193.43
2012-01-03,24835.35,27195.04
2012-01-04,25041.62,27190.66
2012-01-05,25052.34,27226.18
2012-01-06,24990.03,27279.68
2012-01-07,24990.03,27279.68
2012-01-08,24990.03,27279.68
2012-01-09,24883.17,27302.62
2012-01-10,25010.97,27287.5
2012-01-11,25206.7,27277.87
2012-01-12,25172.83,27317.05
2012-01-13,25130.53,27344.71
2012-01-14,25130.53,27344.71
2012-01-15,25130.53,27344.71
2012-01-16,25126.18,27462.47
2012-01-17,25064.06,27507.29
2012-01-18,25215.32,27498.43
2012-01-19,25405.49,27532.35
2012-01-20,25493.62,27536.99
2012-01-21,25493.62,27536.99
2012-01-22,25493.62,27536.99
2012-01-23,25522.68,27559.18
2012-01-24,25493.79,27571.56
2012-01-25,25601.11,27595.91
2012-01-26,25692.12,27618.24
2012-01-27,25642.37,27642.15
2012-01-28,25642.37,27642.15
2012-01-29,25642.37,27642.15
2012-01-30,25668.01,27629.46
2012-01-31,25597.63,27667.9
2012-02-01,25730.21,27683.08
2012-02-02,25907.08,27696.7
2012-02-03,26019.37,27708.9
2012-02-04,26019.37,27708.9
2012-02-05,26019.37,27708.9
2012-02-06,26110.47,27676.39
2012-02-07,26165.19,27657.06
2012-02-08,26152.58,27662.91
2012-02-09,26200.17,27651.34
2012-02-10,26177.35,27640.53
2012-02-11,26177.35,27640.53
2012-02-12,26177.35,27640.53
2012-02-13,26080.15,27683.25
2012-02-14,26258.81,27682.28
2012-02-15,26356.01,27695.41
2012-02-16,26453.67,27675.73
2012-02-17,26575.71,27733.56
2012-02-18,26575.71,27733.56
2012-02-19,26575.71,27733.56
2012-02-20,26701.38,27754.71
2012-02-21,26700.03,27745.87
2012-02-22,26635.71,27681.23
2012-02-23,26658.7,27613.29
2012-02-24,26594.83,27600.73
2012-02-25,26594.83,27600.73
2012-02-26,26594.83,27600.73
2012-02-27,26593.89,27556.84
2012-02-28,26567.12,27578.86
2012-02-29,26599.31,27513.37
2012-03-01,26665.74,27502.75
2012-03-02,26817.47,27492.49
2012-03-03,26817.47,27492.49
2012-03-04,26817.47,27492.49
2012-03-05,26945.25,27542.49
2012-03-06,26791.28,27588.29
2012-03-07,26513.0,27640.64
2012-03-08,26596.73,27651.37
2012-03-09,26692.62,27693.33
2012-03-10,26692.62,27693.33
2012-03-11,26692.62,27693.33
2012-03-12,26734.35,27684.86
2012-03-13,26676.73,27617.64
2012-03-14,26884.75,27544.01
2012-03-15,26909.21,27463.91
2012-03-16,26934.12,27460.75
2012-03-17,26934.12,27460.75
2012-03-18,26934.12,27460.75
2012-03-19,26858.55,27449.77
2012-03-20,26944.22,27444.16
2012-03-21,26846.09,27433.24
2012-03-22,26807.36,27391.84
2012-03-23,26704.51,27474.57
2012-03-24,26704.51,27474.57
2012-03-25,26704.51,27474.57
2012-03-26,26792.47,27457.58
2012-03-27,26905.21,27446.28
2012-03-28,26999.6,27433.7
2012-03-29,26898.7,27428.03
2012-03-30,26750.59,27428.38
2012-03-31,26750.59,27428.38
2012-04-01,26750.59,27428.38
2012-04-02,26806.8,27398.85
2012-04-03,26883.89,27426.95
2012-04-04,26858.05,27430.13
2012-04-05,26646.97,27438.12
2012-04-06,26646.97,27438.12
2012-04-07,26646.97,27438.12
2012-04-08,26646.97,27438.12
2012-04-09,26682.37,27476.86
2012-04-10,26590.36,27492.92
2012-04-11,26340.97,27505.59
2012-04-12,26359.7,27498.85
2012-04-13,26433.58,27518.64
2012-04-14,26433.58,27518.64
2012-04-15,26433.58,27518.64
2012-04-16,26368.29,27560.37
2012-04-17,26368.89,27574.42
2012-04-18,26447.97,27573.14
2012-04-19,26436.9,27584.9
2012-04-20,26476.71,27593.18
2012-04-21,26476.71,27593.18
2012-04-22,26476.71,27593.18
2012-04-23,26502.75,27598.54
2012-04-24,26339.53,27621.5
2012-04-25,26345.69,27619.95
2012-04-26,26427.34,27611.56
2012-04-27,26427.2,27615.79
2012-04-28,26427.2,27615.79
2012-04-29,26427.2,27615.79
2012-04-30,26498.62,27634.0
2012-05-01,26498.62,27634.0
2012-05-02,26582.58,27644.04
2012-05-03,26584.93,27669.19
2012-05-04,26388.58,27659.0
2012-05-05,26388.58,27659.0
2012-05-06,26388.58,27659.0
2012-05-07,26168.52,27685.5
2012-05-08,26143.03,27698.44
2012-05-09,26056.04,27717.54
2012-05-10,25917.19,27717.91
2012-05-11,25849.31,27712.16
2012-05-12,25849.31,27712.16
2012-05-13,25849.31,27712.16
2012-05-14,25802.39,27719.94
2012-05-15,25537.4,27768.8
2012-05-16,25503.82,27776.22
2012-05-17,25388.2,27795.0
2012-05-18,25234.39,27839.97
2012-05-19,25234.39,27839.97
2012-05-20,25234.39,27839.97
2012-05-21,25234.39,27839.97
2012-05-22,25149.21,27850.89
2012-05-23,25164.94,27816.52
2012-05-24,25000.97,27847.74
2012-05-25,25057.55,27864.59
2012-05-26,25057.55,27864.59
2012-05-27,25057.55,27864.59
2012-05-28,25146.69,27955.62
2012-05-29,25262.84,27934.03
2012-05-30,25529.47,27951.61
2012-05-31,25392.01,28012.45
2012-06-01,25421.27,28039.35
2012-06-02,25421.27,28039.35
2012-06-03,25421.27,28039.35
2012-06-04,25155.68,28043.11
2012-06-05,24902.78,27971.52
2012-06-06,24889.32,27951.51
2012-06-07,25136.07,27885.2
2012-06-08,25102.9,27880.66
2012-06-09,25102.9,27880.66
2012-06-10,25102.9,27880.66
2012-06-11,25191.9,27888.21
2012-06-12,25112.67,27886.38
2012-06-13,25219.47,27888.14
2012-06-14,25127.21,27891.26
2012-06-15,25161.52,27882.83
2012-06-16,25161.52,27882.83
2012-06-17,25161.52,27882.83
2012-06-18,25316.25,27867.23
2012-06-19,25445.24,27880.34
2012-06-20,25513.23,27870.46
2012-06-21,25576.57,27877.86
2012-06-22,25362.54,27872.16
2012-06-23,25362.54,27872.16
2012-06-24,25362.54,27872.16
2012-06-25,25384.42,27884.93
2012-06-26,25276.73,27918.18
2012-06-27,25359.96,27928.39
2012-06-28,25378.74,27982.93
2012-06-29,25444.04,28014.59
2012-06-30,25444.04,28014.59
2012-07-01,25444.04,28014.59
2012-07-02,25444.04,28014.59
2012-07-03,25834.6,27987.58
2012-07-04,25901.1,27949.67
2012-07-05,25887.05,27940.86
2012-07-06,25845.6,27944.61
2012-07-07,25845.6,27944.61
2012-07-08,25845.6,27944.61
2012-07-09,25772.52,27965.76
2012-07-10,25615.32,27959.88
2012-07-11,25447.84,27935.11
2012-07-12,25388.83,27920.95
2012-07-13,25284.35,27961.88
2012-07-14,25284.35,27961.88
2012-07-15,25284.35,27961.88
2012-07-16,25284.35,27961.88
2012-07-17,25415.66,27946.6
2012-07-18,25461.89,27969.68
2012-07-19,25509.34,27971.28
2012-07-20,25524.7,27992.81
2012-07-21,25524.7,27992.81
2012-07-22,25524.7,27992.81
2012-07-23,25424.07,27984.82
2012-07-24,25221.59,28000.07
2012-07-25,25130.92,27985.52
2012-07-26,25132.65,27982.96
2012-07-27,25089.99,27984.74
2012-07-28,25089.99,27984.74
2012-07-29,25089.99,27984.74
2012-07-30,25283.41,27990.23
2012-07-31,25375.0,28010.12
2012-08-01,25330.32,28010.19
2012-08-02,25299.17,28005.83
2012-08-03,25159.95,28025.67
2012-08-04,25159.95,28025.67
2012-08-05,25159.95,28025.67
2012-08-06,25376.99,28015.71
2012-08-07,25458.23,28006.55
2012-08-08,25449.86,28013.51
2012-08-09,25489.7,28037.15
2012-08-10,25468.44,28042.15
2012-08-11,25468.44,28042.15
2012-08-12,25468.44,28042.15
2012-08-13,25572.54,28054.94
2012-08-14,25645.47,28070.57
2012-08-15,25645.47,28070.57
2012-08-16,25648.27,28077.3
2012-08-17,25778.87,28108.42
2012-08-18,25778.87,28108.42
2012-08-19,25778.87,28108.42
2012-08-20,25865.71,28121.18
2012-08-21,25925.88,28148.47
2012-08-22,25861.26,28144.15
2012-08-23,25773.81,28143.82
2012-08-24,25621.22,28150.2
2012-08-25,25621.22,28150.2
2012-08-26,25621.22,28150.2
2012-08-27,25673.4,28160.82
2012-08-28,25606.03,28161.8
2012-08-29,25555.62,28194.79
2012-08-30,25474.59,28207.64
2012-08-31,25361.58,28265.84
2012-09-01,25361.58,28265.84
2012-09-02,25361.58,28265.84
2012-09-03,25447.68,28281.08
2012-09-04,25494.27,28287.32
2012-09-05,25439.27,28293.74
2012-09-06,25365.09,28304.21
2012-09-07,25499.82,28295.18
2012-09-08,25499.82,28295.18
2012-09-09,25499.82,28295.18
2012-09-10,25668.51,28284.93
2012-09-11,25691.33,28261.12
2012-09-12,25753.12,28255.76
2012-09-13,25819.84,28247.1
2012-09-14,25912.48,28252.09
2012-09-15,25912.48,28252.09
2012-09-16,25912.48,28252.09
2012-09-17,25912.48,28252.09
2012-09-18,25912.48,28252.09
2012-09-19,25912.48,28252.09
2012-09-20,26091.79,28208.55
2012-09-21,26065.71,28235.88
2012-09-22,26065.71,28235.88
2012-09-23,26065.71,28235.88
2012-09-24,26157.47,28270.7
2012-09-25,26199.08,28289.94
2012-09-26,25999.0,28279.62
2012-09-27,25850.89,28308.51
2012-09-28,25983.3,28345.79
2012-09-29,25983.3,28345.79
2012-09-30,25983.3,28345.79
2012-10-01,26077.22,28346.72
2012-10-02,26128.94,28299.88
2012-10-03,26166.18,28304.34
2012-10-04,26211.44,28316.6
2012-10-05,26258.91,28334.16
2012-10-06,26258.91,28334.16
2012-10-07,26258.91,28334.16
2012-10-08,26357.8,28355.8
2012-10-09,26313.68,28379.09
2012-10-10,26212.81,28381.81
2012-10-11,26117.71,28405.4
2012-10-12,26120.49,28420.04
2012-10-13,26120.49,28420.04
2012-10-14,26120.49,28420.04
2012-10-15,26120.49,28420.04
2012-10-16,26182.03,28444.32
2012-10-17,26304.47,28443.83
2012-10-18,26434.86,28442.65
2012-10-19,26478.54,28461.82
2012-10-20,26478.54,28461.82
2012-10-21,26478.54,28461.82
2012-10-22,26325.23,28483.06
2012-10-23,26339.83,28473.01
2012-10-24,26304.65,28492.65
2012-10-25,26328.93,28474.43
2012-10-26,26285.78,28472.79
2012-10-27,26285.78,28472.79
2012-10-28,26285.78,28472.79
2012-10-29,26260.04,28487.29
2012-10-30,26290.39,28486.19
2012-10-31,26260.76,28468.71
2012-11-01,26260.76,28468.71
2012-11-02,26260.76,28468.71
2012-11-03,26260.76,28468.71
2012-11-04,26260.76,28468.71
2012-11-05,26417.58,28497.19
2012-11-06,26448.07,28487.5
2012-11-07,26484.69,28499.83
2012-11-08,26289.21,28514.27
2012-11-09,26097.68,28541.6
2012-11-10,26097.68,28541.6
2012-11-11,26097.68,28541.6
2012-11-12,26077.75,28565.26
2012-11-13,26048.6,28573.06
2012-11-14,26024.13,28581.02
2012-11-15,25915.82,28571.9
2012-11-16,25828.66,28581.09
2012-11-17,25828.66,28581.09
2012-11-18,25828.66,28581.09
2012-11-19,25860.46,28612.16
2012-11-20,25971.11,28600.79
2012-11-21,25944.58,28621.28
2012-11-22,25918.64,28595.78
2012-11-23,25909.77,28587.35
2012-11-24,25909.77,28587.35
2012-11-25,25909.77,28587.35
2012-11-26,26117.17,28596.61
2012-11-27,26175.45,28607.78
2012-11-28,26154.46,28620.18
2012-11-29,26137.17,28631.54
2012-11-30,26217.16,28617.31
2012-12-01,26217.16,28617.31
2012-12-02,26217.16,28617.31
2012-12-03,26291.01,28638.6
2012-12-04,26310.95,28629.91
2012-12-05,26308.32,28599.97
2012-12-06,26398.1,28595.77
2012-12-07,26414.81,28581.02
2012-12-08,26414.81,28581.02
2012-12-09,26414.81,28581.02
2012-12-10,26429.73,28577.78
2012-12-11,26469.79,28583.67
2012-12-12,26554.43,28589.26
2012-12-13,26681.33,28600.23
2012-12-14,26641.98,28618.67
2012-12-15,26641.98,28618.67
2012-12-16,26641.98,28618.67
2012-12-17,26663.8,28589.25
2012-12-18,26723.39,28599.66
2012-12-19,26860.22,28596.66
2012-12-20,26898.44,28590.23
2012-12-21,26985.86,28615.04
2012-12-22,26985.86,28615.04
2012-12-23,26985.86,28615.04
2012-12-24,26874.76,28610.69
2012-12-25,26874.76,28610.69
2012-12-26,26956.89,28608.64
2012-12-27,26955.48,28612.54
2012-12-28,27013.99,28620.21
2012-12-29,27013.99,28620.21
2012-12-30,27013.99,28620.21
2012-12-31,26987.59,28608.04
2013-01-01,26987.59,28608.04
2013-01-02,27145.18,28621.23
2013-01-03,27390.82,28562.11
2013-01-04,27419.28,28538.26
2013-01-05,27419.28,28538.26
2013-01-06,27419.28,28538.26
2013-01-07,27489.01,28527.65
2013-01-08,27449.1,28493.44
2013-01-09,27383.49,28482.93
2013-01-10,27454.59,28495.05
2013-01-11,27569.38,28503.22
2013-01-12,27569.38,28503.22
2013-01-13,27569.38,28503.22
2013-01-14,27570.26,28517.49
2013-01-15,27647.79,28474.39
2013-01-16,27693.72,28481.25
2013-01-17,27704.35,28516.53
2013-01-18,27749.69,28525.78
2013-01-19,27749.69,28525.78
2013-01-20,27749.69,28525.78
2013-01-21,27813.16,28547.07
2013-01-22,27833.17,28551.65
2013-01-23,27847.37,28577.67
2013-01-24,27852.52,28579.38
2013-01-25,27801.82,28577.95
2013-01-26,27801.82,28577.95
2013-01-27,27801.82,28577.95
2013-01-28,27855.79,28594.78
2013-01-29,27900.0,28593.71
2013-01-30,28006.9,28599.25
2013-01-31,27971.31,28590.8
2013-02-01,27954.43,28581.53
2013-02-02,27954.43,28581.53
2013-02-03,27954.43,28581.53
2013-02-04,28121.46,28591.79
2013-02-05,28024.14,28577.96
2013-02-06,28069.82,28584.44
2013-02-07,28089.58,28588.69
2013-02-08,28019.26,28578.85
2013-02-09,28019.26,28578.85
2013-02-10,28019.26,28578.85
2013-02-11,28070.14,28598.4
2013-02-12,28060.69,28603.92
2013-02-13,28074.42,28606.22
2013-02-14,28123.91,28634.7
2013-02-15,28136.74,28650.18
2013-02-16,28136.74,28650.18
2013-02-17,28136.74,28650.18
2013-02-18,28147.24,28683.42
2013-02-19,28147.04,28693.66
2013-02-20,28227.07,28711.26
2013-02-21,28132.29,28726.73
2013-02-22,27895.46,28746.47
2013-02-23,27895.46,28746.47
2013-02-24,27895.46,28746.47
2013-02-25,27987.19,28765.62
2013-02-26,27868.73,28769.85
2013-02-27,27783.29,28804.03
2013-02-28,27924.3,28830.95
2013-03-01,28026.92,28840.4
2013-03-02,28026.92,28840.4
2013-03-03,28026.92,28840.4
2013-03-04,28071.47,28854.55
2013-03-05,28033.77,28871.65
2013-03-06,28162.72,28888.34
2013-03-07,28185.25,28891.47
2013-03-08,28178.7,28893.41
2013-03-09,28178.7,28893.41
2013-03-10,28178.7,28893.41
2013-03-11,28292.12,28890.99
2013-03-12,28308.49,28890.48
2013-03-13,28212.78,28884.31
2013-03-14,28115.38,28883.5
2013-03-15,28111.16,28885.83
2013-03-16,28111.16,28885.83
2013-03-17,28111.16,28885.83
2013-03-18,28038.01,28894.24
2013-03-19,27891.18,28909.51
2013-03-20,27853.43,28918.43
2013-03-21,27965.64,28925.38
2013-03-22,27882.41,28925.07
2013-03-23,27882.41,28925.07
2013-03-24,27882.41,28925.07
2013-03-25,27858.3,28941.86
2013-03-26,27822.71,28931.21
2013-03-27,27928.3,28944.89
2013-03-28,27950.92,28968.69
2013-03-29,27950.92,28968.69
2013-03-30,27950.92,28968.69
2013-03-31,27950.92,28968.69
2013-04-01,27951.85,28984.87
2013-04-02,27917.26,28978.83
2013-04-03,27922.24,28994.33
2013-04-04,27726.72,28992.29
2013-04-05,27669.74,29003.56
2013-04-06,27669.74,29003.56
2013-04-07,27669.74,29003.56
2013-04-08,27418.72,29038.97
2013-04-09,27443.64,29072.89
2013-04-10,27545.65,29083.31
2013-04-11,27830.48,29104.12
2013-04-12,27889.42,29117.01
2013-04-13,27889.42,29117.01
2013-04-14,27889.42,29117.01
2013-04-15,27787.0,29217.35
2013-04-16,27505.07,29228.14
2013-04-17,27615.9,29227.06
2013-04-18,27460.71,29245.01
2013-04-19,27522.92,29284.51
2013-04-20,27522.92,29284.51
2013-04-21,27522.92,29284.51
2013-04-22,27762.71,29297.26
2013-04-23,27844.7,29292.63
2013-04-24,27882.15,29302.56
2013-04-25,27917.65,29286.59
2013-04-26,27958.92,29281.09
2013-04-27,27958.92,29281.09
2013-04-28,27958.92,29281.09
2013-04-29,27903.47,29294.61
2013-04-30,27911.16,29298.48
2013-05-01,27911.16,29298.48
2013-05-02,27948.49,29315.0
2013-05-03,28062.91,29360.69
2013-05-04,28062.91,29360.69
2013-05-05,28062.91,29360.69
2013-05-06,28130.23,29375.24
2013-05-07,28177.48,29384.72
2013-05-08,28320.04,29379.19
2013-05-09,28472.72,29353.79
2013-05-10,28468.87,29346.03
2013-05-11,28468.87,29346.03
2013-05-12,28468.87,29346.03
2013-05-13,28477.21,29355.67
2013-05-14,28443.08,29360.83
2013-05-15,28558.93,29384.9
2013-05-16,28627.03,29423.88
2013-05-17,28570.05,29427.14
2013-05-18,28570.05,29427.14
2013-05-19,28570.05,29427.14
2013-05-20,28635.04,29417.28
2013-05-21,28635.04,29417.28
2013-05-22,28808.27,29437.77
2013-05-23,28766.27,29446.52
2013-05-24,28688.52,29438.4
2013-05-25,28688.52,29438.4
2013-05-26,28688.52,29438.4
2013-05-27,28625.36,29415.09
2013-05-28,28647.17,29409.72
2013-05-29,28713.97,29393.94
2013-05-30,28481.17,29392.3
2013-05-31,28518.89,29374.0
2013-06-01,28518.89,29374.0
2013-06-02,28518.89,29374.0
2013-06-03,28561.9,29380.86
2013-06-04,28632.32,29428.8
2013-06-05,28528.73,29438.37
2013-06-06,28374.8,29449.87
2013-06-07,28415.84,29469.65
2013-06-08,28415.84,29469.65
2013-06-09,28415.84,29469.65
2013-06-10,28303.92,29478.19
2013-06-11,28212.34,29451.73
2013-06-12,27847.68,29444.14
2013-06-13,27523.48,29449.99
2013-06-14,27574.34,29493.77
2013-06-15,27574.34,29493.77
2013-06-16,27574.34,29493.77
2013-06-17,27477.49,29519.65
2013-06-18,27557.19,29512.72
2013-06-19,27763.68,29506.04
2013-06-20,27545.26,29504.2
2013-06-21,27249.14,29445.68
2013-06-22,27249.14,29445.68
2013-06-23,27249.14,29445.68
2013-06-24,27217.31,29463.39
2013-06-25,26824.26,29449.47
2013-06-26,26891.65,29453.13
2013-06-27,27073.41,29469.8
2013-06-28,27313.03,29506.15
2013-06-29,27313.03,29506.15
2013-06-30,27313.03,29506.15
2013-07-01,27581.77,29515.88
2013-07-02,27565.0,29536.22
2013-07-03,27290.58,29535.49
2013-07-04,27120.31,29545.37
2013-07-05,27138.92,29552.12
2013-07-06,27138.92,29552.12
2013-07-07,27138.92,29552.12
2013-07-08,27290.9,29577.14
2013-07-09,27269.42,29584.13
2013-07-10,27335.9,29614.73
2013-07-11,27399.85,29617.72
2013-07-12,27609.49,29633.81
2013-07-13,27609.49,29633.81
2013-07-14,27609.49,29633.81
2013-07-15,27561.09,29683.55
2013-07-16,27561.09,29683.55
2013-07-17,27606.96,29695.94
2013-07-18,27652.27,29682.21
2013-07-19,27845.4,29613.37
2013-07-20,27845.4,29613.37
2013-07-21,27845.4,29613.37
2013-07-22,27873.68,29639.78
2013-07-23,27941.65,29643.13
2013-07-24,28100.3,29654.46
2013-07-25,28030.11,29656.3
2013-07-26,28029.16,29678.26
2013-07-27,28029.16,29678.26
2013-07-28,28029.16,29678.26
2013-07-29,27972.34,29704.32
2013-07-30,27935.86,29728.35
2013-07-31,27997.3,29778.59
2013-08-01,27981.31,29769.01
2013-08-02,28170.55,29784.95
2013-08-03,28170.55,29784.95
2013-08-04,28170.55,29784.95
2013-08-05,28256.61,29818.72
2013-08-06,28119.17,29813.97
2013-08-07,27994.49,29814.93
2013-08-08,27871.51,29828.31
2013-08-09,27850.21,29835.69
2013-08-10,27850.21,29835.69
2013-08-11,27850.21,29835.69
2013-08-12,27841.64,29851.92
2013-08-13,27933.83,29849.16
2013-08-14,28114.22,29861.84
2013-08-15,28114.22,29861.84
2013-08-16,27874.99,29853.08
2013-08-17,27874.99,29853.08
2013-08-18,27874.99,29853.08
2013-08-19,27764.62,29860.81
2013-08-20,27738.58,29884.51
2013-08-21,27614.39,29887.73
2013-08-22,27345.56,29895.13
2013-08-23,27335.11,29893.79
2013-08-24,27335.11,29893.79
2013-08-25,27335.11,29893.79
2013-08-26,27358.23,29906.88
2013-08-27,27356.55,29909.76
2013-08-28,27104.36,29912.13
2013-08-29,27026.96,29921.36
2013-08-30,27038.46,29924.54
2013-08-31,27038.46,29924.54
2013-09-01,27038.46,29924.54
2013-09-02,27019.56,29932.09
2013-09-03,27124.39,29940.69
2013-09-04,27164.94,29933.24
2013-09-05,27208.51,29948.44
2013-09-06,27366.94,29958.33
2013-09-07,27366.94,29958.33
2013-09-08,27366.94,29958.33
2013-09-09,27483.35,29989.13
2013-09-10,27868.1,29989.11
2013-09-11,28094.45,30005.03
2013-09-12,28024.24,30010.53
2013-09-13,27909.84,30005.31
2013-09-14,27909.84,30005.31
2013-09-15,27909.84,30005.31
2013-09-16,27929.88,29989.09
2013-09-17,28087.25,29993.6
2013-09-18,28087.25,29993.6
2013-09-19,28087.25,29993.6
2013-09-20,28087.25,29993.6
2013-09-21,28087.25,29993.6
2013-09-22,28087.25,29993.6
2013-09-23,28439.53,30027.28
2013-09-24,28224.07,30033.05
2013-09-25,28192.73,30031.23
2013-09-26,28228.32,30034.87
2013-09-27,28241.88,30036.28
2013-09-28,28241.88,30036.28
2013-09-29,28241.88,30036.28
2013-09-30,28249.05,30043.95
2013-10-01,28100.2,30049.64
2013-10-02,28213.11,30052.36
2013-10-03,28211.83,30069.78
2013-10-04,28100.38,30067.68
2013-10-05,28100.38,30067.68
2013-10-06,28100.38,30067.68
2013-10-07,28122.28,30091.23
2013-10-08,28022.72,30086.88
2013-10-09,27949.42,30088.04
2013-10-10,28002.28,30102.53
2013-10-11,28209.13,30117.93
2013-10-12,28209.13,30117.93
2013-10-13,28209.13,30117.93
2013-10-14,28330.98,30143.27
2013-10-15,28430.14,30152.38
2013-10-16,28432.94,30155.44
2013-10-17,28496.49,30171.78
2013-10-18,28433.78,30180.64
2013-10-19,28433.78,30180.64
2013-10-20,28433.78,30180.64
2013-10-21,28665.98,30279.51
2013-10-22,28871.23,30296.86
2013-10-23,28934.44,30291.6
2013-10-24,28915.76,30298.13
2013-10-25,28960.21,30307.64
2013-10-26,28960.21,30307.64
2013-10-27,28960.21,30307.64
2013-10-28,28974.3,30333.53
2013-10-29,29058.99,30365.79
2013-10-30,29169.75,30406.25
2013-10-31,29169.75,30406.25
2013-11-01,29169.75,30406.25
2013-11-02,29169.75,30406.25
2013-11-03,29169.75,30406.25
2013-11-04,29093.48,30441.75
2013-11-05,29235.88,30456.98
2013-11-06,29248.52,30468.51
2013-11-07,29244.34,30483.77
2013-11-08,29102.29,30499.16
2013-11-09,29102.29,30499.16
2013-11-10,29102.29,30499.16
2013-11-11,29122.39,30552.45
2013-11-12,29126.92,30547.78
2013-11-13,29089.49,30545.06
2013-11-14,29061.0,30562.03
2013-11-15,29159.16,30602.53
2013-11-16,29159.16,30602.53
2013-11-17,29159.16,30602.53
2013-11-18,29349.08,30629.17
2013-11-19,29434.17,30626.36
2013-11-20,29463.37,30638.72
2013-11-21,29456.99,30652.75
2013-11-22,29387.69,30679.69
2013-11-23,29387.69,30679.69
2013-11-24,29387.69,30679.69
2013-11-25,29346.28,30665.6
2013-11-26,29340.02,30648.81
2013-11-27,29295.33,30637.14
2013-11-28,29426.24,30623.09
2013-11-29,29596.69,30583.64
2013-11-30,29596.69,30583.64
2013-12-01,29596.69,30583.64
2013-12-02,29734.99,30606.41
2013-12-03,29794.29,30600.21
2013-12-04,29664.22,30610.45
2013-12-05,29599.4,30625.72
2013-12-06,29468.84,30633.84
2013-12-07,29468.84,30633.84
2013-12-08,29468.84,30633.84
2013-12-09,29501.24,30654.88
2013-12-10,29546.48,30680.4
2013-12-11,29646.1,30685.2
2013-12-12,29490.96,30683.42
2013-12-13,29367.21,30669.95
2013-12-14,29367.21,30669.95
2013-12-15,29367.21,30669.95
2013-12-16,29232.46,30687.27
2013-12-17,29255.38,30693.3
2013-12-18,29204.18,30682.62
2013-12-19,29394.13,30698.06
2013-12-20,29407.33,30703.45
2013-12-21,29407.33,30703.45
2013-12-22,29407.33,30703.45
2013-12-23,29470.34,30673.87
2013-12-24,29449.85,30674.13
2013-12-25,29449.85,30674.13
2013-12-26,29473.6,30691.24
2013-12-27,29399.21,30696.27
2013-12-28,29399.21,30696.27
2013-12-29,29399.21,30696.27
2013-12-30,29431.98,30725.18
2013-12-31,29505.49,30735.89
2014-01-01,29505.49,30735.89
2014-01-02,29610.98,30754.94
2014-01-03,29599.51,30752.34
2014-01-04,29599.51,30752.34
2014-01-05,29599.51,30752.34
2014-01-06,29471.52,30754.38
2014-01-07,29470.24,30768.12
2014-01-08,29529.14,30826.38
2014-01-09,29572.26,30858.58
2014-01-10,29551.17,30895.3
2014-01-11,29551.17,30895.3
2014-01-12,29551.17,30895.3
2014-01-13,29482.17,30923.58
2014-01-14,29330.53,30917.08
2014-01-15,29405.76,30992.44
2014-01-16,29555.5,31008.5
2014-01-17,29619.93,31021.49
2014-01-18,29619.93,31021.49
2014-01-19,29619.93,31021.49
2014-01-20,29819.6,31057.68
2014-01-21,29951.62,31085.32
2014-01-22,30050.28,31148.08
2014-01-23,30072.51,31200.56
2014-01-24,29996.87,31202.91
2014-01-25,29996.87,31202.91
2014-01-26,29996.87,31202.91
2014-01-27,29655.33,31225.34
2014-01-28,29299.95,31247.43
2014-01-29,29281.56,31265.47
2014-01-30,29196.79,31294.41
2014-01-31,29167.84,31349.38
2014-02-01,29167.84,31349.38
2014-02-02,29167.84,31349.38
2014-02-03,29289.28,31371.31
2014-02-04,29155.05,31359.59
2014-02-05,29098.95,31374.72
2014-02-06,29163.36,31381.1
2014-02-07,29309.35,31411.62
2014-02-08,29309.35,31411.62
2014-02-09,29309.35,31411.62
2014-02-10,29485.72,31442.74
2014-02-11,29558.9,31448.91
2014-02-12,29761.38,31460.1
2014-02-13,29868.47,31469.82
2014-02-14,29735.05,31484.74
2014-02-15,29735.05,31484.74
2014-02-16,29735.05,31484.74
2014-02-17,29860.27,31509.23
2014-02-18,29941.06,31514.3
2014-02-19,30007.19,31523.55
2014-02-20,30047.84,31539.37
2014-02-21,30140.34,31554.45
2014-02-22,30140.34,31554.45
2014-02-23,30140.34,31554.45
2014-02-24,30208.27,31543.59
2014-02-25,30270.93,31539.04
2014-02-26,30298.95,31507.81
2014-02-27,30394.31,31489.34
2014-02-28,30634.0,31468.6
2014-03-01,30634.0,31468.6
2014-03-02,30634.0,31468.6
2014-03-03,30617.73,31461.31
2014-03-04,30335.65,31475.47
2014-03-05,30511.96,31498.15
2014-03-06,30700.78,31528.66
2014-03-07,30742.15,31533.68
2014-03-08,30742.15,31533.68
2014-03-09,30742.15,31533.68
2014-03-10,30780.61,31593.24
2014-03-11,30849.92,31623.04
2014-03-12,30819.75,31640.32
2014-03-13,30754.42,31672.03
2014-03-14,30496.11,31683.01
2014-03-15,30496.11,31683.01
2014-03-16,30496.11,31683.01
2014-03-17,30433.86,31728.12
2014-03-18,30526.92,31739.83
2014-03-19,30753.9,31777.56
2014-03-20,30680.5,31793.29
2014-03-21,30548.91,31813.22
2014-03-22,30548.91,31813.22
2014-03-23,30548.91,31813.22
2014-03-24,30390.98,31819.03
2014-03-25,30434.41,31806.5
2014-03-26,30484.12,31797.2
2014-03-27,30419.01,31786.46
2014-03-28,30332.48,31786.06
2014-03-29,30332.48,31786.06
2014-03-30,30332.48,31786.06
2014-03-31,30538.34,31813.18
2014-04-01,30737.44,31827.71
2014-04-02,30910.74,31854.2
2014-04-03,31109.78,31870.28
2014-04-04,31147.83,31896.83
2014-04-05,31147.83,31896.83
2014-04-06,31147.83,31896.83
2014-04-07,31030.56,31919.65
2014-04-08,30857.8,31942.95
2014-04-09,30751.7,31952.94
2014-04-10,30970.04,31997.39
2014-04-11,30744.86,31990.41
2014-04-12,30744.86,31990.41
2014-04-13,30744.86,31990.41
2014-04-14,30724.91,32014.66
2014-04-15,30828.21,32062.86
2014-04-16,30947.31,32088.34
2014-04-17,31158.66,32116.04
2014-04-18,31158.66,32116.04
2014-04-19,31158.66,32116.04
2014-04-20,31158.66,32116.04
2014-04-21,31285.06,32156.22
2014-04-22,31275.3,32159.73
2014-04-23,31517.71,32190.69
2014-04-24,31538.88,32211.88
2014-04-25,31383.02,32214.86
2014-04-26,31383.02,32214.86
2014-04-27,31383.02,32214.86
2014-04-28,31217.38,32240.37
2014-04-29,31165.48,32248.75
2014-04-30,31325.42,32284.09
2014-05-01,31325.42,32284.09
2014-05-02,31555.44,32310.51
2014-05-03,31555.44,32310.51
2014-05-04,31555.44,32310.51
2014-05-05,31618.15,32350.26
2014-05-06,31654.3,32361.01
2014-05-07,31641.84,32312.47
2014-05-08,31658.44,32251.91
2014-05-09,31316.99,32284.3
2014-05-10,31316.99,32284.3
2014-05-11,31316.99,32284.3
2014-05-12,31321.17,32288.43
2014-05-13,31320.38,32279.33
2014-05-14,31361.93,32300.06
2014-05-15,31469.6,32349.08
2014-05-16,31488.45,32366.56
2014-05-17,31488.45,32366.56
2014-05-18,31488.45,32366.56
2014-05-19,31427.97,32391.42
2014-05-20,31387.78,32401.83
2014-05-21,31387.78,32401.83
2014-05-22,31472.3,32425.77
2014-05-23,31580.35,32477.22
2014-05-24,31580.35,32477.22
2014-05-25,31580.35,32477.22
2014-05-26,31818.15,32507.53
2014-05-27,31851.61,32508.72
2014-05-28,31912.93,32543.15
2014-05-29,31797.27,32552.43
2014-05-30,31694.34,32590.61
2014-05-31,31694.34,32590.61
2014-06-01,31694.34,32590.61
2014-06-02,31757.65,32629.48
2014-06-03,31755.6,32631.37
2014-06-04,31798.9,32676.09
2014-06-05,31867.87,32696.53
2014-06-06,31971.47,32721.86
2014-06-07,31971.47,32721.86
2014-06-08,31971.47,32721.86
2014-06-09,31981.65,32777.98
2014-06-10,32064.37,32784.38
2014-06-11,32236.4,32794.73
2014-06-12,32240.08,32791.62
2014-06-13,32144.38,32789.13
2014-06-14,32144.38,32789.13
2014-06-15,32144.38,32789.13
2014-06-16,32172.36,32824.63
2014-06-17,32204.5,32845.16
2014-06-18,32250.79,32861.62
2014-06-19,32370.56,32870.08
2014-06-20,32389.84,32879.98
2014-06-21,32389.84,32879.98
2014-06-22,32389.84,32879.98
2014-06-23,32395.04,32901.83
2014-06-24,32220.82,32890.85
2014-06-25,32114.23,32881.28
2014-06-26,32117.63,32909.92
2014-06-27,32144.86,32924.7
2014-06-28,32144.86,32924.7
2014-06-29,32144.86,32924.7
2014-06-30,32191.76,32980.54
2014-07-01,32315.57,32986.61
2014-07-02,32399.04,33004.45
2014-07-03,32496.85,33013.91
2014-07-04,32535.76,33017.27
2014-07-05,32535.76,33017.27
2014-07-06,32535.76,33017.27
2014-07-07,32460.82,33024.44
2014-07-08,32481.86,33042.91
2014-07-09,32496.64,33044.7
2014-07-10,32617.02,33074.61
2014-07-11,32550.6,33080.44
2014-07-12,32550.6,33080.44
2014-07-13,32550.6,33080.44
2014-07-14,32586.37,33112.91
2014-07-15,32687.2,33140.88
2014-07-16,32687.2,33140.88
2014-07-17,32834.96,33174.43
2014-07-18,32878.78,33179.42
2014-07-19,32878.78,33179.42
2014-07-20,32878.78,33179.42
2014-07-21,33131.48,33227.6
2014-07-22,33057.44,33219.83
2014-07-23,33141.93,33223.25
2014-07-24,33209.31,33287.08
2014-07-25,33210.27,33293.45
2014-07-26,33210.27,33293.45
2014-07-27,33210.27,33293.45
2014-07-28,33143.8,33294.87
2014-07-29,33128.57,33296.09
2014-07-30,33203.72,33304.24
2014-07-31,33365.64,33337.74
2014-08-01,33115.36,33316.02
2014-08-02,33115.36,33316.02
2014-08-03,33115.36,33316.02
2014-08-04,32998.73,33325.12
2014-08-05,33142.64,33353.14
2014-08-06,33223.4,33387.19
2014-08-07,33158.34,33440.75
2014-08-08,32977.38,33499.54
2014-08-09,32977.38,33499.54
2014-08-10,32977.38,33499.54
2014-08-11,33038.87,33548.44
2014-08-12,33174.45,33589.96
2014-08-13,33290.09,33623.73
2014-08-14,33448.9,33746.23
2014-08-15,33448.9,33746.23
2014-08-16,33448.9,33746.23
2014-08-17,33448.9,33746.23
2014-08-18,33588.81,33820.55
2014-08-19,33703.86,33832.58
2014-08-20,33945.55,33961.78
2014-08-21,34164.47,34018.94
2014-08-22,34237.11,34147.12
2014-08-23,34237.11,34147.12
2014-08-24,34237.11,34147.12
2014-08-25,34209.44,34151.86
2014-08-26,34262.17,34173.12
2014-08-27,34378.03,34194.73
2014-08-28,34589.42,34188.1
2014-08-29,34715.9,34273.38
2014-08-30,34715.9,34273.38
2014-08-31,34715.9,34273.38
2014-09-01,34651.15,34278.75
2014-09-02,34619.85,34281.22
2014-09-03,34813.19,34298.34
2014-09-04,34887.57,34256.16
2014-09-05,34947.45,34091.13
2014-09-06,34947.45,34091.13
2014-09-07,34947.45,34091.13
2014-09-08,34741.47,33903.61
2014-09-09,34632.52,33887.82
2014-09-10,34764.13,33888.67
2014-09-11,34593.44,33906.1
2014-09-12,34514.27,33899.97
2014-09-13,34514.27,33899.97
2014-09-14,34514.27,33899.97
2014-09-15,34381.14,33804.38
2014-09-16,34374.2,33837.76
2014-09-17,34388.57,33862.27
2014-09-18,34388.57,33862.27
2014-09-19,34388.57,33862.27
2014-09-20,34388.57,33862.27
2014-09-21,34388.57,33862.27
2014-09-22,34481.74,33895.04
2014-09-23,34482.14,33896.76
2014-09-24,34274.29,33857.57
2014-09-25,34289.42,33878.51
2014-09-26,34082.87,33847.65
2014-09-27,34082.87,33847.65
2014-09-28,34082.87,33847.65
2014-09-29,34091.03,33858.46
2014-09-30,33931.05,33759.09
2014-10-01,33726.21,33742.06
2014-10-02,33417.61,33687.89
2014-10-03,33217.75,33656.9
2014-10-04,33217.75,33656.9
2014-10-05,33217.75,33656.9
2014-10-06,33498.61,33663.08
2014-10-07,33681.72,33667.81
2014-10-08,33483.12,33612.37
2014-10-09,33454.86,33639.13
2014-10-10,33150.58,33660.67
2014-10-11,33150.58,33660.67
2014-10-12,33150.58,33660.67
2014-10-13,32870.61,33700.09
2014-10-14,32604.07,33681.08
2014-10-15,32570.81,33796.6
2014-10-16,32389.71,33834.1
2014-10-17,32309.24,33838.45
2014-10-18,32309.24,33838.45
2014-10-19,32309.24,33838.45
2014-10-20,32373.29,33873.03
2014-10-21,32501.25,33900.38
2014-10-22,32592.75,33933.42
2014-10-23,32625.66,34005.3
2014-10-24,32724.15,34048.66
2014-10-25,32724.15,34048.66
2014-10-26,32724.15,34048.66
2014-10-27,32796.19,34088.09
2014-10-28,32691.52,34101.31
2014-10-29,32848.43,34110.29
2014-10-30,32792.08,34158.39
2014-10-31,32792.08,34158.39
2014-11-01,32792.08,34158.39
2014-11-02,32792.08,34158.39
2014-11-03,33208.05,34211.48
2014-11-04,33370.05,34211.51
2014-11-05,33522.76,34219.48
2014-11-06,33604.66,34221.05
2014-11-07,33584.96,34197.1
2014-11-08,33584.96,34197.1
2014-11-09,33584.96,34197.1
2014-11-10,33520.82,34237.31
2014-11-11,33505.04,34238.52
2014-11-12,33666.19,34255.52
2014-11-13,33775.85,34276.66
2014-11-14,33854.76,34297.3
2014-11-15,33854.76,34297.3
2014-11-16,33854.76,34297.3
2014-11-17,33899.52,34332.99
2014-11-18,33785.0,34348.84
2014-11-19,33906.02,34385.99
2014-11-20,34055.15,34411.78
2014-11-21,34106.96,34470.84
2014-11-22,34106.96,34470.84
2014-11-23,34106.96,34470.84
2014-11-24,34158.85,34505.18
2014-11-25,34260.7,34530.71
2014-11-26,34371.1,34537.35
2014-11-27,34566.07,34590.25
2014-11-28,34519.02,34611.83
2014-11-29,34519.02,34611.83
2014-11-30,34519.02,34611.83
2014-12-01,34665.6,34623.71
2014-12-02,34616.94,34618.83
2014-12-03,34805.98,34644.22
2014-12-04,34730.73,34634.5
2014-12-05,34715.91,34609.42
2014-12-06,34715.91,34609.42
2014-12-07,34715.91,34609.42
2014-12-08,34715.91,34609.42
2014-12-09,34567.25,34650.02
2014-12-10,34436.64,34636.58
2014-12-11,34244.69,34622.72
2014-12-12,34132.35,34661.98
2014-12-13,34132.35,34661.98
2014-12-14,34132.35,34661.98
2014-12-15,33925.22,34661.15
2014-12-16,33625.46,34636.69
2014-12-17,33420.25,34646.29
2014-12-18,33613.55,34672.43
2014-12-19,33871.57,34706.94
2014-12-20,33871.57,34706.94
2014-12-21,33871.57,34706.94
2014-12-22,33966.79,34707.7
2014-12-23,34030.67,34719.49
2014-12-24,33958.23,34704.83
2014-12-25,33958.23,34704.83
2014-12-26,33998.16,34707.88
2014-12-27,33998.16,34707.88
2014-12-28,33998.16,34707.88
2014-12-29,34039.75,34695.31
2014-12-30,34102.24,34691.53
2014-12-31,34042.23,34719.19
2015-01-01,34042.23,34719.19
2015-01-02,34001.79,34706.9
2015-01-03,34001.79,34706.9
2015-01-04,34001.79,34706.9
2015-01-05,34211.67,34725.28
2015-01-06,33999.62,34716.37
2015-01-07,33698.29,34721.49
2015-01-08,33809.64,34732.02
2015-01-09,34131.69,34765.15
2015-01-10,34131.69,34765.15
2015-01-11,34131.69,34765.15
2015-01-12,34132.32,34762.82
2015-01-13,34133.97,34748.51
2015-01-14,34232.97,34757.98
2015-01-15,34403.23,34812.38
2015-01-16,34318.71,34817.57
2015-01-17,34318.71,34817.57
2015-01-18,34318.71,34817.57
2015-01-19,34532.72,34861.13
2015-01-20,34614.98,34864.64
2015-01-21,34626.5,34875.41
2015-01-22,34890.32,34887.5
2015-01-23,35113.59,34929.15
2015-01-24,35113.59,34929.15
2015-01-25,35113.59,34929.15
2015-01-26,35227.56,34929.84
2015-01-27,35200.52,34931.44
2015-01-28,35049.83,34990.19
2015-01-29,34873.39,34945.5
2015-01-30,35017.33,35024.52
2015-01-31,35017.33,35024.52
2015-02-01,35017.33,35024.52
2015-02-02,34959.86,35032.81
2015-02-03,35119.08,35087.3
2015-02-04,35220.91,35114.64
2015-02-05,35256.51,35116.39
2015-02-06,35272.2,35141.25
2015-02-07,35272.2,35141.25
2015-02-08,35272.2,35141.25
2015-02-09,35128.16,35168.44
2015-02-10,35079.93,35172.22
2015-02-11,35171.85,35186.81
2015-02-12,35209.47,35187.52
2015-02-13,35391.58,35220.14
2015-02-14,35391.58,35220.14
2015-02-15,35391.58,35220.14
2015-02-16,35316.77,35226.75
2015-02-17,35351.52,35246.9
2015-02-18,35340.59,35258.56
2015-02-19,35430.13,35253.59
2015-02-20,35453.68,35263.1
2015-02-21,35453.68,35263.1
2015-02-22,35453.68,35263.1
2015-02-23,35374.88,35266.08
2015-02-24,35556.37,35278.21
2015-02-25,35688.84,35293.91
2015-02-26,35569.0,35292.74
2015-02-27,35498.79,35302.52
2015-02-28,35498.79,35302.52
2015-03-01,35498.79,35302.52
2015-03-02,35552.76,35310.13
2015-03-03,35543.02,35308.06
2015-03-04,35483.71,35305.57
2015-03-05,35426.7,35312.78
2015-03-06,35375.66,35331.72
2015-03-07,35375.66,35331.72
2015-03-08,35375.66,35331.72
2015-03-09,35427.33,35338.96
2015-03-10,35434.91,35345.33
2015-03-11,35287.4,35330.59
2015-03-12,35439.74,35369.08
2015-03-13,35508.93,35381.74
2015-03-14,35508.93,35381.74
2015-03-15,35508.93,35381.74
2015-03-16,35556.46,35434.43
2015-03-17,35741.42,35440.66
2015-03-18,35809.46,35443.93
2015-03-19,36126.26,35414.84
2015-03-20,36000.35,35404.68
2015-03-21,36000.35,35404.68
2015-03-22,36000.35,35404.68
2015-03-23,36060.46,35417.18
2015-03-24,35737.3,35351.26
2015-03-25,35606.52,35336.62
2015-03-26,35302.48,35311.63
2015-03-27,35161.89,35313.91
2015-03-28,35161.89,35313.91
2015-03-29,35161.89,35313.91
2015-03-30,35305.45,35323.4
2015-03-31,35720.65,35373.15
2015-04-01,35658.42,35365.71
2015-04-02,35394.55,35351.49
2015-04-03,35394.55,35351.49
2015-04-04,35394.55,35351.49
2015-04-05,35394.55,35351.49
2015-04-06,35449.95,35347.96
2015-04-07,35465.96,35348.24
2015-04-08,35522.22,35354.65
2015-04-09,35841.04,35321.89
2015-04-10,36144.11,35331.16
2015-04-11,36144.11,35331.16
2015-04-12,36144.11,35331.16
2015-04-13,36526.68,35388.19
2015-04-14,36643.53,35395.51
2015-04-15,36287.96,35345.51
2015-04-16,36483.64,35360.21
2015-04-17,36365.58,35333.85
2015-04-18,36365.58,35333.85
2015-04-19,36365.58,35333.85
2015-04-20,36063.79,35306.73
2015-04-21,36194.95,35334.13
2015-04-22,36346.82,35334.86
2015-04-23,36538.26,35332.33
2015-04-24,36572.07,35345.46
2015-04-25,36572.07,35345.46
2015-04-26,36572.07,35345.46
2015-04-27,36509.29,35361.27
2015-04-28,36485.05,35353.66
2015-04-29,36299.7,35344.75
2015-04-30,36122.89,35327.33
2015-05-01,36122.89,35327.33
2015-05-02,36122.89,35327.33
2015-05-03,36122.89,35327.33
2015-05-04,36169.59,35356.84
2015-05-05,36375.09,35386.94
2015-05-06,36094.39,35297.88
2015-05-07,35850.9,35246.9
2015-05-08,35838.85,35189.6
2015-05-09,35838.85,35189.6
2015-05-10,35838.85,35189.6
2015-05-11,35960.4,35249.75
2015-05-12,35970.84,35254.75
2015-05-13,35861.26,35163.5
2015-05-14,35604.43,35168.84
2015-05-15,35626.05,35084.6
2015-05-16,35626.05,35084.6
2015-05-17,35626.05,35084.6
2015-05-18,35718.25,35108.64
2015-05-19,35853.45,35130.9
2015-05-20,36065.12,35147.93
2015-05-21,36065.12,35147.93
2015-05-22,36139.26,35152.2
2015-05-23,36139.26,35152.2
2015-05-24,36139.26,35152.2
2015-05-25,36275.33,35184.92
2015-05-26,36383.33,35182.2
2015-05-27,36288.4,35181.25
2015-05-28,36495.02,35219.33
2015-05-29,36425.2,35218.65
2015-05-30,36425.2,35218.65
2015-05-31,36425.2,35218.65
2015-06-01,36320.31,35249.4
2015-06-02,36514.52,35270.65
2015-06-03,36425.71,35252.81
2015-06-04,36611.18,35271.8
2015-06-05,36507.92,35279.85
2015-06-06,36507.92,35279.85
2015-06-07,36507.92,35279.85
2015-06-08,36715.57,35318.07
2015-06-09,36497.35,35310.4
2015-06-10,36023.05,35285.38
2015-06-11,36169.42,35263.84
2015-06-12,36536.87,35265.03
2015-06-13,36536.87,35265.03
2015-06-14,36536.87,35265.03
2015-06-15,36447.93,35212.25
2015-06-16,36339.81,35217.44
2015-06-17,36321.77,35230.43
2015-06-18,36549.5,35235.67
2015-06-19,36350.76,35221.97
2015-06-20,36350.76,35221.97
2015-06-21,36350.76,35221.97
2015-06-22,36410.29,35244.41
2015-06-23,36557.04,35263.93
2015-06-24,36861.72,35267.71
2015-06-25,36711.79,35252.93
2015-06-26,36515.91,35230.73
2015-06-27,36515.91,35230.73
2015-06-28,36515.91,35230.73
2015-06-29,36515.91,35230.73
2015-06-30,36000.35,35223.6
2015-07-01,36327.71,35277.57
2015-07-02,36436.63,35283.64
2015-07-03,36318.27,35295.6
2015-07-04,36318.27,35295.6
2015-07-05,36318.27,35295.6
2015-07-06,36217.88,35311.04
2015-07-07,36075.92,35355.55
2015-07-08,36180.27,35404.69
2015-07-09,35797.12,35424.94
2015-07-10,35909.61,35468.86
2015-07-11,35909.61,35468.86
2015-07-12,35909.61,35468.86
2015-07-13,36301.34,35512.65
2015-07-14,36671.98,35567.22
2015-07-15,36592.72,35628.54
2015-07-16,36592.72,35628.54
2015-07-17,36684.05,35648.62
2015-07-18,36684.05,35648.62
2015-07-19,36684.05,35648.62
2015-07-20,36803.15,35680.3
2015-07-21,36973.64,35725.63
2015-07-22,36987.92,35729.11
2015-07-23,36992.17,35829.54
2015-07-24,36885.25,35839.38
2015-07-25,36885.25,35839.38
2015-07-26,36885.25,35839.38
2015-07-27,36875.35,35864.69
2015-07-28,36629.2,35884.06
2015-07-29,36712.09,35898.05
2015-07-30,36892.25,35904.88
2015-07-31,37150.24,35940.52
2015-08-01,37150.24,35940.52
2015-08-02,37150.24,35940.52
2015-08-03,37253.09,35961.4
2015-08-04,37442.82,36021.4
2015-08-05,37398.79,36013.2
2015-08-06,37729.74,36038.72
2015-08-07,37661.56,36042.02
2015-08-08,37661.56,36042.02
2015-08-09,37661.56,36042.02
2015-08-10,37384.09,36065.73
2015-08-11,37510.52,36074.04
2015-08-12,37335.49,36092.98
2015-08-13,37083.1,36102.16
2015-08-14,37229.81,36124.94
2015-08-15,37229.81,36124.94
2015-08-16,37229.81,36124.94
2015-08-17,37197.75,36157.67
2015-08-18,37408.21,36190.13
2015-08-19,37534.9,36228.55
2015-08-20,37210.09,36216.32
2015-08-21,36691.28,36203.23
2015-08-22,36691.28,36203.23
2015-08-23,36691.28,36203.23
2015-08-24,36045.83,36226.4
2015-08-25,35206.06,36228.79
2015-08-26,35118.28,36225.92
2015-08-27,35745.26,36307.22
2015-08-28,36225.89,36340.35
2015-08-29,36225.89,36340.35
2015-08-30,36225.89,36340.35
2015-08-31,36021.66,36331.45
2015-09-01,36109.3,36347.22
2015-09-02,35351.09,36219.9
2015-09-03,35306.52,36166.88
2015-09-04,35454.49,36128.81
2015-09-05,35454.49,36128.81
2015-09-06,35454.49,36128.81
2015-09-07,35182.88,36116.4
2015-09-08,35162.53,36054.11
2015-09-09,35430.61,35939.59
2015-09-10,35524.93,35955.51
2015-09-11,35545.98,35990.84
2015-09-12,35545.98,35990.84
2015-09-13,35545.98,35990.84
2015-09-14,35309.97,36013.1
2015-09-15,35404.65,35990.5
2015-09-16,35437.1,36012.12
2015-09-17,35514.19,35992.06
2015-09-18,35514.19,35992.06
2015-09-19,35514.19,35992.06
2015-09-20,35514.19,35992.06
2015-09-21,35194.24,35986.14
2015-09-22,35402.8,36045.26
2015-09-23,35502.04,36078.38
2015-09-24,35479.32,36107.5
2015-09-25,35484.99,36153.57
2015-09-26,35484.99,36153.57
2015-09-27,35484.99,36153.57
2015-09-28,35292.14,36133.27
2015-09-29,35130.65,36168.61
2015-09-30,34982.44,36301.15
2015-10-01,35146.35,36312.32
2015-10-02,35143.5,36277.51
2015-10-03,35143.5,36277.51
2015-10-04,35143.5,36277.51
2015-10-05,35390.57,36332.81
2015-10-06,35531.34,36342.28
2015-10-07,35465.9,36333.1
2015-10-08,35707.31,36345.61
2015-10-09,35933.69,36369.87
2015-10-10,35933.69,36369.87
2015-10-11,35933.69,36369.87
2015-10-12,35933.69,36369.87
2015-10-13,35892.91,36382.88
2015-10-14,35998.3,36413.61
2015-10-15,35797.09,36397.22
2015-10-16,35938.79,36399.41
2015-10-17,35938.79,36399.41
2015-10-18,35938.79,36399.41
2015-10-19,35974.58,36396.35
2015-10-20,36185.34,36423.74
2015-10-21,36358.65,36426.12
2015-10-22,36636.94,36456.81
2015-10-23,36842.8,36456.66
2015-10-24,36842.8,36456.66
2015-10-25,36842.8,36456.66
2015-10-26,36972.8,36492.6
2015-10-27,36912.35,36491.63
2015-10-28,36832.8,36493.05
2015-10-29,36954.73,36491.11
2015-10-30,36930.45,36474.93
2015-10-31,36930.45,36474.93
2015-11-01,36930.45,36474.93
2015-11-02,36867.42,36477.32
2015-11-03,37054.65,36488.84
2015-11-04,37148.33,36484.39
2015-11-05,37145.99,36474.82
2015-11-06,37273.07,36472.02
2015-11-07,37273.07,36472.02
2015-11-08,37273.07,36472.02
2015-11-09,37334.69,36451.62
2015-11-10,37302.31,36429.39
2015-11-11,37214.42,36410.5
2015-11-12,37092.73,36418.72
2015-11-13,37090.18,36415.93
2015-11-14,37090.18,36415.93
2015-11-15,37090.18,36415.93
2015-11-16,36883.29,36402.72
2015-11-17,37156.82,36440.21
2015-11-18,37270.39,36460.87
2015-11-19,37564.8,36498.79
2015-11-20,37687.84,36525.68
2015-11-21,37687.84,36525.68
2015-11-22,37687.84,36525.68
2015-11-23,37697.94,36529.88
2015-11-24,37900.31,36562.0
2015-11-25,37667.58,36552.02
2015-11-26,37751.28,36567.58
2015-11-27,37704.06,36572.52
2015-11-28,37704.06,36572.52
2015-11-29,37704.06,36572.52
2015-11-30,37594.88,36569.04
2015-12-01,37407.27,36501.97
2015-12-02,37432.51,36491.81
2015-12-03,37124.06,36482.13
2015-12-04,36875.77,36430.79
2015-12-05,36875.77,36430.79
2015-12-06,36875.77,36430.79
2015-12-07,36862.68,36471.92
2015-12-08,36862.68,36471.92
2015-12-09,36740.09,36470.53
2015-12-10,36511.65,36465.36
2015-12-11,36420.38,36456.55
2015-12-12,36420.38,36456.55
2015-12-13,36420.38,36456.55
2015-12-14,36126.32,36411.74
2015-12-15,36189.0,36422.43
2015-12-16,36358.35,36428.48
2015-12-17,36683.57,36422.16
2015-12-18,36707.14,36440.67
2015-12-19,36707.14,36440.67
2015-12-20,36707.14,36440.67
2015-12-21,36190.86,36385.01
2015-12-22,35946.83,36377.34
2015-12-23,36009.15,36397.93
2015-12-24,36363.56,36399.24
2015-12-25,36363.56,36399.24
2015-12-26,36363.56,36399.24
2015-12-27,36363.56,36399.24
2015-12-28,36527.14,36410.18
2015-12-29,36619.86,36431.67
2015-12-30,36907.17,36443.81
2015-12-31,36802.04,36417.84
2016-01-01,36802.04,36417.84
2016-01-02,36802.04,36417.84
2016-01-03,36802.04,36417.84
2016-01-04,36798.17,36416.42
2016-01-05,36480.98,36452.74
2016-01-06,36408.07,36475.43
2016-01-07,36153.26,36513.25
2016-01-08,35747.53,36533.59
2016-01-09,35747.53,36533.59
2016-01-10,35747.53,36533.59
2016-01-11,35638.98,36514.38
2016-01-12,35744.86,36567.28
2016-01-13,35749.5,36602.81
2016-01-14,35436.88,36543.79
2016-01-15,35377.13,36595.35
2016-01-16,35377.13,36595.35
2016-01-17,35377.13,36595.35
2016-01-18,35049.94,36599.66
2016-01-19,34909.63,36632.82
2016-01-20,34918.44,36615.61
2016-01-21,34478.51,36614.36
2016-01-22,34372.3,36646.56
2016-01-23,34372.3,36646.56
2016-01-24,34372.3,36646.56
2016-01-25,34649.2,36618.44
2016-01-26,34628.43,36619.84
2016-01-27,34790.5,36676.41
2016-01-28,34663.46,36654.0
2016-01-29,34604.16,36677.44
2016-01-30,34604.16,36677.44
2016-01-31,34604.16,36677.44
2016-02-01,35073.38,36745.73
2016-02-02,35324.54,36806.56
2016-02-03,34904.88,36804.94
2016-02-04,34593.96,36823.16
2016-02-05,34374.92,36821.54
2016-02-06,34374.92,36821.54
2016-02-07,34374.92,36821.54
2016-02-08,34254.17,36784.07
2016-02-09,34244.76,36862.33
2016-02-10,34251.41,36912.5
2016-02-11,34103.34,36914.73
2016-02-12,33739.99,36940.35
2016-02-13,33739.99,36940.35
2016-02-14,33739.99,36940.35
2016-02-15,33716.14,36969.99
2016-02-16,33860.28,36987.14
2016-02-17,34226.31,37014.26
2016-02-18,34582.44,37052.67
2016-02-19,34562.22,37053.83
2016-02-20,34562.22,37053.83
2016-02-21,34562.22,37053.83
2016-02-22,34570.56,37086.06
2016-02-23,34554.82,37050.24
2016-02-24,34289.69,37056.41
2016-02-25,34296.54,37114.02
2016-02-26,34201.34,37108.76
2016-02-27,34201.34,37108.76
2016-02-28,34201.34,37108.76
2016-02-29,34254.78,37152.99
2016-03-01,34349.11,37153.5
2016-03-02,34856.37,37213.49
2016-03-03,34954.14,37195.49
2016-03-04,35107.42,37198.87
2016-03-05,35107.42,37198.87
2016-03-06,35107.42,37198.87
2016-03-07,35146.62,37207.51
2016-03-08,35173.93,37197.34
2016-03-09,34938.92,37199.73
2016-03-10,34869.69,37170.04
2016-03-11,34920.46,37166.21
2016-03-12,34920.46,37166.21
2016-03-13,34920.46,37166.21
2016-03-14,35474.95,37288.45
2016-03-15,35636.77,37240.13
2016-03-16,35532.39,37287.31
2016-03-17,35675.71,37323.11
2016-03-18,35361.36,37310.09
2016-03-19,35361.36,37310.09
2016-03-20,35361.36,37310.09
2016-03-21,35552.46,37351.5
2016-03-22,35857.72,37353.51
2016-03-23,35835.42,37349.98
2016-03-24,35651.08,37352.15
2016-03-25,35651.08,37352.15
2016-03-26,35651.08,37352.15
2016-03-27,35651.08,37352.15
2016-03-28,35721.99,37389.8
2016-03-29,35661.19,37382.79
2016-03-30,35959.36,37434.4
2016-03-31,35907.09,37410.61
2016-04-01,35646.04,37416.03
2016-04-02,35646.04,37416.03
2016-04-03,35646.04,37416.03
2016-04-04,35600.77,37449.91
2016-04-05,35544.27,37442.75
2016-04-06,35422.37,37457.43
2016-04-07,35591.71,37493.58
2016-04-08,35624.22,37489.99
2016-04-09,35624.22,37489.99
2016-04-10,35624.22,37489.99
2016-04-11,35894.64,37491.94
2016-04-12,35934.6,37507.7
2016-04-13,35842.95,37460.1
2016-04-14,36135.31,37502.71
2016-04-15,36119.05,37517.18
2016-04-16,36119.05,37517.18
2016-04-17,36119.05,37517.18
2016-04-18,35981.55,37527.56
2016-04-19,36051.88,37557.77
2016-04-20,35999.19,37540.3
2016-04-21,36099.25,37554.68
2016-04-22,36082.45,37503.37
2016-04-23,36082.45,37503.37
2016-04-24,36082.45,37503.37
2016-04-25,36268.63,37520.59
2016-04-26,36209.97,37539.32
2016-04-27,36291.28,37546.18
2016-04-28,36321.2,37559.27
2016-04-29,36025.07,37495.16
2016-04-30,36025.07,37495.16
2016-05-01,36025.07,37495.16
2016-05-02,35785.98,37474.4
2016-05-03,35864.0,37509.37
2016-05-04,35885.39,37537.97
2016-05-05,35833.29,37552.83
2016-05-06,35696.8,37541.36
2016-05-07,35696.8,37541.36
2016-05-08,35696.8,37541.36
2016-05-09,35661.48,37565.46
2016-05-10,35815.87,37575.12
2016-05-11,36265.38,37611.4
2016-05-12,36266.25,37615.82
2016-05-13,36393.62,37589.87
2016-05-14,36393.62,37589.87
2016-05-15,36393.62,37589.87
2016-05-16,36467.53,37613.73
2016-05-17,36711.15,37637.49
2016-05-18,36676.83,37614.57
2016-05-19,36506.49,37600.6
2016-05-20,36523.68,37594.95
2016-05-21,36523.68,37594.95
2016-05-22,36523.68,37594.95
2016-05-23,36484.39,37606.45
2016-05-24,36519.47,37607.88
2016-05-25,36672.27,37611.64
2016-05-26,36910.09,37635.94
2016-05-27,36780.39,37625.55
2016-05-28,36780.39,37625.55
2016-05-29,36780.39,37625.55
2016-05-30,36906.46,37655.64
2016-05-31,37041.88,37674.52
2016-06-01,37008.07,37629.56
2016-06-02,37148.37,37677.19
2016-06-03,37109.37,37687.27
2016-06-04,37109.37,37687.27
2016-06-05,37109.37,37687.27
2016-06-06,36915.3,37682.86
2016-06-07,36964.58,37687.81
2016-06-08,37138.67,37709.53
2016-06-09,36971.34,37684.48
2016-06-10,36997.08,37699.55
2016-06-11,36997.08,37699.55
2016-06-12,36997.08,37699.55
2016-06-13,36827.32,37720.49
2016-06-14,36578.86,37718.69
2016-06-15,36527.19,37728.47
2016-06-16,36515.27,37725.16
2016-06-17,36591.15,37772.83
2016-06-18,36591.15,37772.83
2016-06-19,36591.15,37772.83
2016-06-20,36538.92,37750.11
2016-06-21,36646.08,37704.2
2016-06-22,36563.05,37687.66
2016-06-23,36496.48,37664.48
2016-06-24,36546.01,37684.99
2016-06-25,36546.01,37684.99
2016-06-26,36546.01,37684.99
2016-06-27,36546.01,37684.99
2016-06-28,35776.33,37719.53
2016-06-29,35730.12,37721.93
2016-06-30,35666.52,37724.56
2016-07-01,35920.04,37791.02
2016-07-02,35920.04,37791.02
2016-07-03,35920.04,37791.02
2016-07-04,36071.05,37843.03
2016-07-05,36105.16,37846.12
2016-07-06,35916.57,37876.63
2016-07-07,35995.55,37917.48
2016-07-08,36007.43,37919.6
2016-07-09,36007.43,37919.6
2016-07-10,36007.43,37919.6
2016-07-11,36147.65,37983.0
2016-07-12,36279.75,37982.24
2016-07-13,36583.14,37996.95
2016-07-14,36564.59,37998.32
2016-07-15,36426.37,37979.96
2016-07-16,36426.37,37979.96
2016-07-17,36426.37,37979.96
2016-07-18,36391.66,38002.92
2016-07-19,36506.38,38004.61
2016-07-20,36537.56,38015.61
2016-07-21,36655.52,38042.15
2016-07-22,36573.89,38016.73
2016-07-23,36573.89,38016.73
2016-07-24,36573.89,38016.73
2016-07-25,36670.84,38041.21
2016-07-26,36883.6,38016.51
2016-07-27,37136.08,38009.8
2016-07-28,37323.19,38037.26
2016-07-29,37341.31,38059.77
2016-07-30,37341.31,38059.77
2016-07-31,37341.31,38059.77
2016-08-01,37088.36,38096.82
2016-08-02,37105.34,38136.74
2016-08-03,36819.1,38119.16
2016-08-04,36860.49,38137.83
2016-08-05,36948.4,38176.08
2016-08-06,36948.4,38176.08
2016-08-07,36948.4,38176.08
2016-08-08,37139.93,38202.07
2016-08-09,37143.23,38224.31
2016-08-10,37171.13,38255.56
2016-08-11,37045.86,38290.2
2016-08-12,36966.08,38325.19
2016-08-13,36966.08,38325.19
2016-08-14,36966.08,38325.19
2016-08-15,36966.08,38325.19
2016-08-16,37210.68,38461.03
2016-08-17,37205.78,38516.43
2016-08-18,37406.14,38525.65
2016-08-19,37432.68,38528.14
2016-08-20,37432.68,38528.14
2016-08-21,37432.68,38528.14
2016-08-22,37580.26,38544.71
2016-08-23,37810.34,38588.53
2016-08-24,37982.44,38625.83
2016-08-25,38043.34,38643.79
2016-08-26,37768.44,38641.02
2016-08-27,37768.44,38641.02
2016-08-28,37768.44,38641.02
2016-08-29,37563.83,38667.36
2016-08-30,37982.82,38705.78
2016-08-31,38086.05,38709.82
2016-09-01,38269.9,38749.72
2016-09-02,38346.43,38745.83
2016-09-03,38346.43,38745.83
2016-09-04,38346.43,38745.83
2016-09-05,38294.75,38767.13
2016-09-06,38286.6,38792.03
2016-09-07,38313.21,38817.64
2016-09-08,37986.88,38837.3
2016-09-09,38015.5,38856.86
2016-09-10,38015.5,38856.86
2016-09-11,38015.5,38856.86
2016-09-12,37923.46,38839.75
2016-09-13,37945.27,38817.21
2016-09-14,37653.77,38820.67
2016-09-15,37708.29,38790.84
2016-09-16,37697.6,38812.56
2016-09-17,37697.6,38812.56
2016-09-18,37697.6,38812.56
2016-09-19,37697.6,38812.56
2016-09-20,37823.0,38826.36
2016-09-21,37780.59,38810.45
2016-09-22,37846.02,38806.52
2016-09-23,37712.27,38861.52
2016-09-24,37712.27,38861.52
2016-09-25,37712.27,38861.52
2016-09-26,37736.88,38896.0
2016-09-27,37608.98,38911.74
2016-09-28,37653.14,38954.07
2016-09-29,37784.42,38988.21
2016-09-30,37501.74,38991.27
2016-10-01,37501.74,38991.27
2016-10-02,37501.74,38991.27
2016-10-03,37407.23,38972.69
2016-10-04,37501.4,38982.56
2016-10-05,37715.32,38963.95
2016-10-06,37909.97,38969.6
2016-10-07,37985.68,38973.39
2016-10-08,37985.68,38973.39
2016-10-09,37985.68,38973.39
2016-10-10,37985.68,38973.39
2016-10-11,38030.88,38980.72
2016-10-12,37818.2,38974.83
2016-10-13,37765.98,38966.05
2016-10-14,37801.67,38966.68
2016-10-15,37801.67,38966.68
2016-10-16,37801.67,38966.68
2016-10-17,37892.53,38939.3
2016-10-18,37872.08,38910.21
2016-10-19,38027.57,38926.23
2016-10-20,38148.49,38967.71
2016-10-21,38150.28,38967.65
2016-10-22,38150.28,38967.65
2016-10-23,38150.28,38967.65
2016-10-24,38126.04,38959.66
2016-10-25,38012.89,38907.31
2016-10-26,37744.9,38875.43
2016-10-27,37619.7,38857.57
2016-10-28,37411.38,38790.06
2016-10-29,37411.38,38790.06
2016-10-30,37411.38,38790.06
2016-10-31,37411.38,38790.06
2016-11-01,37411.38,38790.06
2016-11-02,37242.49,38721.92
2016-11-03,37110.77,38663.61
2016-11-04,36869.63,38672.51
2016-11-05,36869.63,38672.51
2016-11-06,36869.63,38672.51
2016-11-07,36883.19,38711.13
2016-11-08,37245.01,38773.64
2016-11-09,37271.96,38783.76
2016-11-10,37111.77,38710.96
2016-11-11,37280.18,38425.29
2016-11-12,37280.18,38425.29
2016-11-13,37280.18,38425.29
2016-11-14,37113.95,38246.46
2016-11-15,37115.24,37812.1
2016-11-16,37175.56,38025.77
2016-11-17,37505.38,38120.01
2016-11-18,37507.48,38178.9
2016-11-19,37507.48,38178.9
2016-11-20,37507.48,38178.9
2016-11-21,37590.84,38144.25
2016-11-22,37603.25,38122.38
2016-11-23,37660.18,38136.13
2016-11-24,37793.17,38093.69
2016-11-25,37682.02,38057.88
2016-11-26,37682.02,38057.88
2016-11-27,37682.02,38057.88
2016-11-28,37768.4,38040.56
2016-11-29,37694.09,38048.34
2016-11-30,37667.72,38152.57
2016-12-01,37653.62,38177.67
2016-12-02,37600.59,38167.44
2016-12-03,37600.59,38167.44
2016-12-04,37600.59,38167.44
2016-12-05,37414.76,38235.9
2016-12-06,37404.63,38287.23
2016-12-07,37249.13,38302.68
2016-12-08,37249.13,38302.68
2016-12-09,37407.36,38372.56
2016-12-10,37407.36,38372.56
2016-12-11,37407.36,38372.56
2016-12-12,37362.12,38370.22
2016-12-13,37090.73,38330.99
2016-12-14,37257.99,38399.78
2016-12-15,37289.36,38548.62
2016-12-16,37459.52,38494.97
2016-12-17,37459.52,38494.97
2016-12-18,37459.52,38494.97
2016-12-19,37730.12,38567.42
2016-12-20,37976.31,38627.79
2016-12-21,37931.47,38660.33
2016-12-22,37698.95,38672.96
2016-12-23,37700.42,38716.21
2016-12-24,37700.42,38716.21
2016-12-25,37700.42,38716.21
2016-12-26,37566.89,38697.31
2016-12-27,37512.71,38757.45
2016-12-28,37602.8,38808.63
2016-12-29,37621.61,38856.33
2016-12-30,37526.3,38919.55
2016-12-31,37526.3,38919.55
2017-01-01,37526.3,38919.55
2017-01-02,37526.3,38919.55
2017-01-03,37694.75,38986.3
2017-01-04,37953.32,39085.23
2017-01-05,38062.97,39208.65
2017-01-06,37973.89,39242.34
2017-01-07,37973.89,39242.34
2017-01-08,37973.89,39242.34
2017-01-09,37929.91,39177.87
2017-01-10,38075.76,39196.88
2017-01-11,38171.52,39165.03
2017-01-12,38376.92,39201.04
2017-01-13,38073.26,39222.32
2017-01-14,38073.26,39222.32
2017-01-15,38073.26,39222.32
2017-01-16,37997.43,39191.23
2017-01-17,38005.34,39182.81
2017-01-18,37859.52,39163.35
2017-01-19,37973.68,39137.7
2017-01-20,37942.28,39117.55
2017-01-21,37942.28,39117.55
2017-01-22,37942.28,39117.55
2017-01-23,37957.64,39153.77
2017-01-24,37729.6,39130.72
2017-01-25,37917.11,39156.49
2017-01-26,38037.25,39176.93
2017-01-27,38014.84,39152.95
2017-01-28,38014.84,39152.95
2017-01-29,38014.84,39152.95
2017-01-30,38054.05,39156.32
2017-01-31,37836.98,39160.78
2017-02-01,37664.7,39186.5
2017-02-02,37765.3,39247.27
2017-02-03,37664.49,39277.36
2017-02-04,37664.49,39277.36
2017-02-05,37664.49,39277.36
2017-02-06,37767.4,39287.75
2017-02-07,37682.99,39278.58
2017-02-08,37938.25,39363.67
2017-02-09,38041.89,39411.23
2017-02-10,38180.61,39453.77
2017-02-11,38180.61,39453.77
2017-02-12,38180.61,39453.77
2017-02-13,38140.06,39440.67
2017-02-14,38275.62,39451.64
2017-02-15,38269.73,39481.71
2017-02-16,38292.9,39452.82
2017-02-17,38268.55,39411.3
2017-02-18,38268.55,39411.3
2017-02-19,38268.55,39411.3
2017-02-20,38482.99,39470.66
2017-02-21,38463.59,39450.23
2017-02-22,38640.62,39440.59
2017-02-23,38616.47,39469.19
2017-02-24,38611.22,39526.65
2017-02-25,38611.22,39526.65
2017-02-26,38611.22,39526.65
2017-02-27,38715.36,39597.58
2017-02-28,38688.14,39605.59
2017-03-01,38806.85,39642.65
2017-03-02,39172.51,39646.79
2017-03-03,39206.67,39645.26
2017-03-04,39206.67,39645.26
2017-03-05,39206.67,39645.26
2017-03-06,39293.3,39661.89
2017-03-07,39485.7,39657.47
2017-03-08,39548.3,39637.75
2017-03-09,39536.2,39625.9
2017-03-10,39578.77,39553.9
2017-03-11,39578.77,39553.9
2017-03-12,39578.77,39553.9
2017-03-13,39677.97,39508.1
2017-03-14,39929.41,39496.63
2017-03-15,40103.38,39419.29
2017-03-16,40355.77,39405.49
2017-03-17,40318.83,39527.73
2017-03-18,40318.83,39527.73
2017-03-19,40318.83,39527.73
2017-03-20,40378.12,39613.76
2017-03-21,40476.84,39661.9
2017-03-22,40159.92,39615.29
2017-03-23,40299.18,39702.93
2017-03-24,40375.62,39775.15
2017-03-25,40375.62,39775.15
2017-03-26,40375.62,39775.15
2017-03-27,40507.56,39801.8
2017-03-28,40584.39,39847.8
2017-03-29,40982.71,39884.35
2017-03-30,40970.34,39887.15
2017-03-31,40910.62,39918.97
2017-04-01,40910.62,39918.97
2017-04-02,40910.62,39918.97
2017-04-03,40848.18,40017.02
2017-04-04,40610.27,40008.3
2017-04-05,40782.09,40089.74
2017-04-06,40699.52,40080.24
2017-04-07,40681.72,40078.17
2017-04-08,40681.72,40078.17
2017-04-09,40681.72,40078.17
2017-04-10,40689.76,40121.25
2017-04-11,40593.09,40146.34
2017-04-12,40491.73,40178.04
2017-04-13,40473.97,40204.92
2017-04-14,40473.97,40204.92
2017-04-15,40473.97,40204.92
2017-04-16,40473.97,40204.92
2017-04-17,40248.22,40245.95
2017-04-18,40291.29,40414.07
2017-04-19,40291.29,40414.07
2017-04-20,40159.16,40356.17
2017-04-21,40307.5,40342.61
2017-04-22,40307.5,40342.61
2017-04-23,40307.5,40342.61
2017-04-24,40373.21,40346.94
2017-04-25,40901.32,40332.86
2017-04-26,41383.54,40302.09
2017-04-27,41602.48,40258.82
2017-04-28,41506.66,40310.0
2017-04-29,41506.66,40310.0
2017-04-30,41506.66,40310.0
2017-05-01,41506.66,40310.0
2017-05-02,41564.0,40359.68
2017-05-03,41827.28,40402.58
2017-05-04,41890.4,40399.69
2017-05-05,42106.48,40324.03
2017-05-06,42106.48,40324.03
2017-05-07,42106.48,40324.03
2017-05-08,42202.18,40340.16
2017-05-09,42264.17,40265.7
2017-05-10,42356.38,40162.67
2017-05-11,42213.31,40166.8
2017-05-12,42172.95,40081.84
2017-05-13,42172.95,40081.84
2017-05-14,42172.95,40081.84
2017-05-15,42214.03,40103.22
2017-05-16,42315.46,40193.91
2017-05-17,42302.5,40217.89
2017-05-18,42111.4,40314.62
2017-05-19,41941.86,40359.29
2017-05-20,41941.86,40359.29
2017-05-21,41941.86,40359.29
2017-05-22,41972.59,40311.59
2017-05-23,41934.47,40291.57
2017-05-24,42183.29,40286.19
2017-05-25,42344.14,40317.35
2017-05-26,42209.41,40239.78
2017-05-27,42209.41,40239.78
2017-05-28,42209.41,40239.78
2017-05-29,42343.56,40180.87
2017-05-30,42520.44,40181.7
2017-05-31,42586.19,40269.51
2017-06-01,42403.76,40353.22
2017-06-02,42590.01,40380.15
2017-06-03,42590.01,40380.15
2017-06-04,42590.01,40380.15
2017-06-05,42701.08,40454.4
2017-06-06,42652.28,40466.54
2017-06-07,42647.24,40475.47
2017-06-08,42652.42,40475.03
2017-06-09,42524.89,40450.1
2017-06-10,42524.89,40450.1
2017-06-11,42524.89,40450.1
2017-06-12,42424.87,40425.09
2017-06-13,42161.15,40378.96
2017-06-14,42321.59,40419.14
2017-06-15,42248.65,40432.01
2017-06-16,42299.6,40439.7
2017-06-17,42299.6,40439.7
2017-06-18,42299.6,40439.7
2017-06-19,42238.52,40393.09
2017-06-20,42364.18,40400.26
2017-06-21,42248.82,40353.59
2017-06-22,42125.03,40312.57
2017-06-23,42150.33,40353.01
2017-06-24,42150.33,40353.01
2017-06-25,42150.33,40353.01
2017-06-26,42150.33,40353.01
2017-06-27,42220.03,40305.36
2017-06-28,42105.45,40213.98
2017-06-29,42163.68,40212.57
2017-06-30,42056.59,40149.55
2017-07-01,42056.59,40149.55
2017-07-02,42056.59,40149.55
2017-07-03,42108.19,40155.49
2017-07-04,42064.6,40136.45
2017-07-05,42127.31,40091.69
2017-07-06,42332.22,40096.59
2017-07-07,42226.36,39995.98
2017-07-08,42226.36,39995.98
2017-07-09,42226.36,39995.98
2017-07-10,42275.85,39974.41
2017-07-11,42447.77,39992.4
2017-07-12,42554.25,40062.63
2017-07-13,42676.64,40116.48
2017-07-14,42746.2,39978.9
2017-07-15,42746.2,39978.9
2017-07-16,42746.2,39978.9
2017-07-17,42823.81,39883.01
2017-07-18,42854.06,39834.46
2017-07-19,42840.6,39811.92
2017-07-20,42876.48,39775.76
2017-07-21,42820.98,39783.05
2017-07-22,42820.98,39783.05
2017-07-23,42820.98,39783.05
2017-07-24,42788.53,39854.11
2017-07-25,42685.02,39916.31
2017-07-26,42664.59,39875.77
2017-07-27,42719.22,39923.37
2017-07-28,42758.32,39933.47
2017-07-29,42758.32,39933.47
2017-07-30,42758.32,39933.47
2017-07-31,42896.39,39997.79
2017-08-01,43010.76,40025.18
2017-08-02,43082.73,40054.32
2017-08-03,43188.67,40066.36
2017-08-04,42942.11,39989.35
2017-08-05,42942.11,39989.35
2017-08-06,42942.11,39989.35
2017-08-07,42976.25,39937.29
2017-08-08,43110.13,39897.97
2017-08-09,43067.56,39936.99
2017-08-10,42866.51,39893.55
2017-08-11,42434.58,39864.39
2017-08-12,42434.58,39864.39
2017-08-13,42434.58,39864.39
2017-08-14,42326.4,39944.54
2017-08-15,42326.4,39944.54
2017-08-16,42590.36,39973.56
2017-08-17,42674.47,39985.49
2017-08-18,42528.5,39989.01
2017-08-19,42528.5,39989.01
2017-08-20,42528.5,39989.01
2017-08-21,42561.22,40014.53
2017-08-22,42407.71,40030.07
2017-08-23,42511.11,40028.08
2017-08-24,42564.38,39957.71
2017-08-25,42471.41,39904.09
2017-08-26,42471.41,39904.09
2017-08-27,42471.41,39904.09
2017-08-28,42474.15,39908.76
2017-08-29,42217.68,39850.58
2017-08-30,41919.8,39863.82
2017-08-31,42097.03,39897.41
2017-09-01,42239.45,39910.92
2017-09-02,42239.45,39910.92
2017-09-03,42239.45,39910.92
2017-09-04,42121.3,39946.22
2017-09-05,42073.51,39949.11
2017-09-06,41833.57,39948.26
2017-09-07,41838.88,39949.77
2017-09-08,41686.22,39938.1
2017-09-09,41686.22,39938.1
2017-09-10,41686.22,39938.1
2017-09-11,41866.75,40005.05
2017-09-12,42286.15,40014.41
2017-09-13,42534.73,39950.55
2017-09-14,42615.81,39975.71
2017-09-15,42664.38,39913.86
2017-09-16,42664.38,39913.86
2017-09-17,42664.38,39913.86
2017-09-18,42664.38,39913.86
2017-09-19,42664.38,39913.86
2017-09-20,42803.81,39865.26
2017-09-21,42694.24,39858.74
2017-09-22,42769.26,39887.37
2017-09-23,42769.26,39887.37
2017-09-24,42769.26,39887.37
2017-09-25,42772.75,39977.22
2017-09-26,42785.03,39999.75
2017-09-27,42911.95,40025.21
2017-09-28,43149.59,40016.89
2017-09-29,43151.18,40009.54
2017-09-30,43151.18,40009.54
2017-10-01,43151.18,40009.54
2017-10-02,43410.56,39934.22
2017-10-03,43647.45,39873.39
2017-10-04,43652.2,39814.29
2017-10-05,43510.87,39727.15
2017-10-06,43476.51,39619.96
2017-10-07,43476.51,39619.96
2017-10-08,43476.51,39619.96
2017-10-09,43476.51,39619.96
2017-10-10,43637.82,39391.38
2017-10-11,43612.49,39301.49
2017-10-12,43532.58,39289.11
2017-10-13,43464.46,39249.56
2017-10-14,43464.46,39249.56
2017-10-15,43464.46,39249.56
2017-10-16,43385.09,39241.16
2017-10-17,43373.03,39219.49
2017-10-18,43440.38,39190.59
2017-10-19,43645.64,39180.84
2017-10-20,43573.47,39201.75
2017-10-21,43573.47,39201.75
2017-10-22,43573.47,39201.75
2017-10-23,43804.41,39345.17
2017-10-24,43868.79,39504.31
2017-10-25,43900.02,39559.83
2017-10-26,43811.34,39440.07
2017-10-27,43811.34,39440.07
2017-10-28,43811.34,39440.07
2017-10-29,43811.34,39440.07
2017-10-30,43816.92,39508.37
2017-10-31,44248.53,39584.69
2017-11-01,44248.53,39584.69
2017-11-02,44347.29,39622.36
2017-11-03,44179.58,39635.48
2017-11-04,44179.58,39635.48
2017-11-05,44179.58,39635.48
2017-11-06,44066.51,39620.0
2017-11-07,44294.75,39650.94
2017-11-08,44265.53,39646.25
2017-11-09,44164.67,39720.3
2017-11-10,44049.16,39745.98
2017-11-11,44049.16,39745.98
2017-11-12,44049.16,39745.98
2017-11-13,43890.35,39766.59
2017-11-14,43807.4,39766.71
2017-11-15,43599.17,39768.83
2017-11-16,43408.93,39754.27
2017-11-17,43691.94,39697.61
2017-11-18,43691.94,39697.61
2017-11-19,43691.94,39697.61
2017-11-20,43841.33,39681.1
2017-11-21,43922.9,39718.17
2017-11-22,44134.38,39595.16
2017-11-23,44146.94,39524.31
2017-11-24,43912.93,39443.85
2017-11-25,43912.93,39443.85
2017-11-26,43912.93,39443.85
2017-11-27,43949.75,39457.79
2017-11-28,43941.05,39496.19
2017-11-29,44296.55,39486.53
2017-11-30,44282.95,39476.13
2017-12-01,44207.82,39471.96
2017-12-02,44207.82,39471.96
2017-12-03,44207.82,39471.96
2017-12-04,44292.89,39489.67
2017-12-05,44330.99,39485.42
2017-12-06,44361.1,39467.96
2017-12-07,44112.57,39456.32
2017-12-08,44112.57,39456.32
2017-12-09,44112.57,39456.32
2017-12-10,44112.57,39456.32
2017-12-11,44442.16,39455.93
2017-12-12,44687.41,39404.81
2017-12-13,44751.78,39407.56
2017-12-14,44608.68,39362.81
2017-12-15,44205.04,39323.45
2017-12-16,44205.04,39323.45
2017-12-17,44205.04,39323.45
2017-12-18,44209.26,39338.49
2017-12-19,44279.3,39487.76
2017-12-20,44158.26,39465.28
2017-12-21,44125.76,39536.66
2017-12-22,44103.33,39646.31
2017-12-23,44103.33,39646.31
2017-12-24,44103.33,39646.31
2017-12-25,44103.33,39646.31
2017-12-26,44256.73,39663.37
2017-12-27,44136.19,39710.61
2017-12-28,44033.05,39720.54
2017-12-29,44149.62,39737.49
2017-12-30,44149.62,39737.49
2017-12-31,44149.62,39737.49
2018-01-01,44149.62,39737.49
2018-01-02,44207.99,39776.46
2018-01-03,44239.58,39762.34
2018-01-04,44247.48,39773.51
2018-01-05,44474.13,39761.57
2018-01-06,44474.13,39761.57
2018-01-07,44474.13,39761.57
2018-01-08,44832.23,39804.21
2018-01-09,44948.94,39806.82
2018-01-10,45021.34,39819.58
2018-01-11,45037.01,39724.08
2018-01-12,45113.6,39721.71
2018-01-13,45113.6,39721.71
2018-01-14,45113.6,39721.71
2018-01-15,45135.95,39731.76
2018-01-16,45135.95,39731.76
2018-01-17,45180.67,39748.56
2018-01-18,45516.48,39841.23
2018-01-19,45608.18,39841.19
2018-01-20,45608.18,39841.19
2018-01-21,45608.18,39841.19
2018-01-22,45870.32,39857.59
2018-01-23,45984.83,39852.49
2018-01-24,46183.76,39891.14
2018-01-25,46123.77,39900.1
2018-01-26,45917.88,39942.1
2018-01-27,45917.88,39942.1
2018-01-28,45917.88,39942.1
2018-01-29,46138.94,39953.97
2018-01-30,46276.76,39935.4
2018-01-31,45936.51,39911.62
2018-02-01,45946.53,39898.12
2018-02-02,45765.48,39867.9
2018-02-03,45765.48,39867.9
2018-02-04,45765.48,39867.9
2018-02-05,45294.17,39817.32
2018-02-06,44596.85,39777.63
2018-02-07,44156.12,39823.18
2018-02-08,43804.21,39777.31
2018-02-09,43510.19,39836.22
2018-02-10,43510.19,39836.22
2018-02-11,43510.19,39836.22
2018-02-12,43263.58,39860.65
2018-02-13,43420.67,39849.92
2018-02-14,43258.44,39858.08
2018-02-15,43574.88,39901.0
2018-02-16,43808.27,39894.16
2018-02-17,43808.27,39894.16
2018-02-18,43808.27,39894.16
2018-02-19,43933.03,39916.95
2018-02-20,44041.16,39957.86
2018-02-21,43981.99,39984.76
2018-02-22,43986.33,40029.74
2018-02-23,44040.77,40034.25
2018-02-24,44040.77,40034.25
2018-02-25,44040.77,40034.25
2018-02-26,44152.42,40045.75
2018-02-27,44165.16,40050.61
2018-02-28,43921.4,40013.98
2018-03-01,43827.5,40015.08
2018-03-02,43702.42,40023.98
2018-03-03,43702.42,40023.98
2018-03-04,43702.42,40023.98
2018-03-05,43604.88,40049.0
2018-03-06,43773.73,40076.77
2018-03-07,43829.02,40069.23
2018-03-08,44012.95,40089.89
2018-03-09,44290.75,40042.32
2018-03-10,44290.75,40042.32
2018-03-11,44290.75,40042.32
2018-03-12,44595.11,40033.68
2018-03-13,44834.31,40112.52
2018-03-14,44721.88,40116.92
2018-03-15,44545.81,40128.69
2018-03-16,44584.76,40158.18
2018-03-17,44584.76,40158.18
2018-03-18,44584.76,40158.18
2018-03-19,44728.47,40222.75
2018-03-20,44552.52,40215.66
2018-03-21,44521.16,40186.98
2018-03-22,44428.93,40164.21
2018-03-23,44017.46,40157.66
2018-03-24,44017.46,40157.66
2018-03-25,44017.46,40157.66
2018-03-26,43557.29,40178.76
2018-03-27,43786.84,40219.14
2018-03-28,43727.84,40253.88
2018-03-29,43445.26,40296.15
2018-03-30,43445.26,40296.15
2018-03-31,43445.26,40296.15
2018-04-01,43445.26,40296.15
2018-04-02,43702.9,40322.87
2018-04-03,43595.8,40317.99
2018-04-04,43680.35,40327.03
2018-04-05,43636.8,40393.94
2018-04-06,43879.45,40423.9
2018-04-07,43879.45,40423.9
2018-04-08,43879.45,40423.9
2018-04-09,43823.59,40385.89
2018-04-10,43781.03,40404.6
2018-04-11,43954.47,40454.31
2018-04-12,43805.45,40460.88
2018-04-13,43795.27,40472.25
2018-04-14,43795.27,40472.25
2018-04-15,43795.27,40472.25
2018-04-16,43673.3,40474.13
2018-04-17,43608.29,40453.39
2018-04-18,43684.31,40492.78
2018-04-19,43881.5,40507.75
2018-04-20,43872.21,40503.17
2018-04-21,43872.21,40503.17
2018-04-22,43872.21,40503.17
2018-04-23,43743.64,40487.18
2018-04-24,43835.5,40473.42
2018-04-25,43743.7,40384.63
2018-04-26,43642.39,40280.26
2018-04-27,43749.13,40335.23
2018-04-28,43749.13,40335.23
2018-04-29,43749.13,40335.23
2018-04-30,43999.7,40390.48
2018-05-01,43999.7,40390.48
2018-05-02,44276.43,40460.78
2018-05-03,44420.96,40487.88
2018-05-04,44274.97,40494.15
2018-05-05,44274.97,40494.15
2018-05-06,44274.97,40494.15
2018-05-07,44394.2,40547.96
2018-05-08,44676.68,40554.46
2018-05-09,45145.91,40595.08
2018-05-10,45081.97,40511.14
2018-05-11,45032.4,40514.31
2018-05-12,45032.4,40514.31
2018-05-13,45032.4,40514.31
2018-05-14,44790.55,40539.46
2018-05-15,44990.99,40549.86
2018-05-16,45180.13,40545.75
2018-05-17,45190.62,40598.91
2018-05-18,45120.21,40624.17
2018-05-19,45120.21,40624.17
2018-05-20,45120.21,40624.17
2018-05-21,45120.21,40624.17
2018-05-22,45307.86,40628.97
2018-05-23,44890.45,40581.45
2018-05-24,44550.43,40558.5
2018-05-25,44418.86,40557.14
2018-05-26,44418.86,40557.14
2018-05-27,44418.86,40557.14
2018-05-28,44453.75,40624.01
2018-05-29,44370.56,40606.68
2018-05-30,43978.0,40595.29
2018-05-31,44040.79,40614.5
2018-06-01,44231.38,40615.67
2018-06-02,44231.38,40615.67
2018-06-03,44231.38,40615.67
2018-06-04,44398.5,40649.63
2018-06-05,44607.63,40685.78
2018-06-06,44762.28,40698.72
2018-06-07,44561.4,40659.1
2018-06-08,44513.71,40667.36
2018-06-09,44513.71,40667.36
2018-06-10,44513.71,40667.36
2018-06-11,44478.22,40741.03
2018-06-12,44709.69,40733.97
2018-06-13,44796.99,40747.18
2018-06-14,44758.85,40762.82
2018-06-15,44535.13,40755.68
2018-06-16,44535.13,40755.68
2018-06-17,44535.13,40755.68
2018-06-18,44495.54,40783.2
2018-06-19,44315.79,40787.64
2018-06-20,44151.02,40809.07
2018-06-21,44175.26,40814.41
2018-06-22,43997.04,40818.73
2018-06-23,43997.04,40818.73
2018-06-24,43997.04,40818.73
2018-06-25,43929.29,40824.6
2018-06-26,43633.24,40798.22
2018-06-27,43514.29,40802.11
2018-06-28,43418.63,40805.21
2018-06-29,43462.41,40820.38
2018-06-30,43462.41,40820.38
2018-07-01,43462.41,40820.38
2018-07-02,43462.41,40820.38
2018-07-03,43652.98,40841.76
2018-07-04,43736.45,40850.14
2018-07-05,43714.08,40846.25
2018-07-06,43861.78,40888.48
2018-07-07,43861.78,40888.48
2018-07-08,43861.78,40888.48
2018-07-09,44217.14,40941.19
2018-07-10,44332.28,40934.56
2018-07-11,44380.59,40944.32
2018-07-12,44112.24,40950.81
2018-07-13,44090.66,40928.82
2018-07-14,44090.66,40928.82
2018-07-15,44090.66,40928.82
2018-07-16,44090.66,40928.82
2018-07-17,44224.93,40945.47
2018-07-18,44584.33,40943.32
2018-07-19,44745.42,40983.2
2018-07-20,44899.79,41013.72
2018-07-21,44899.79,41013.72
2018-07-22,44899.79,41013.72
2018-07-23,45031.24,41039.46
2018-07-24,45115.29,41091.99
2018-07-25,45124.88,41092.74
2018-07-26,45055.07,41090.21
2018-07-27,44999.87,41094.69
2018-07-28,44999.87,41094.69
2018-07-29,44999.87,41094.69
2018-07-30,44753.2,41088.06
2018-07-31,44462.5,41085.93
2018-08-01,44457.57,41105.68
2018-08-02,44438.21,41133.24
2018-08-03,44242.11,41142.28
2018-08-04,44242.11,41142.28
2018-08-05,44242.11,41142.28
2018-08-06,44422.69,41157.44
2018-08-07,44498.48,41187.77
2018-08-08,44395.21,41198.91
2018-08-09,44407.97,41240.32
2018-08-10,44330.23,41254.19
2018-08-11,44330.23,41254.19
2018-08-12,44330.23,41254.19
2018-08-13,44246.07,41310.89
2018-08-14,44092.98,41321.03
2018-08-15,44092.98,41321.03
2018-08-16,44095.44,41356.16
2018-08-17,44172.7,41402.62
2018-08-18,44172.7,41402.62
2018-08-19,44172.7,41402.62
2018-08-20,44309.97,41463.43
2018-08-21,44544.68,41523.25
2018-08-22,44489.49,41534.1
2018-08-23,44385.38,41541.06
2018-08-24,44459.69,41559.64
2018-08-25,44459.69,41559.64
2018-08-26,44459.69,41559.64
2018-08-27,44440.43,41566.65
2018-08-28,44497.89,41588.85
2018-08-29,44673.52,41519.67
2018-08-30,45142.5,41464.88
2018-08-31,45200.91,41452.21
2018-09-01,45200.91,41452.21
2018-09-02,45200.91,41452.21
2018-09-03,45380.33,41526.17
2018-09-04,45427.08,41571.64
2018-09-05,45499.23,41621.52
2018-09-06,45087.38,41564.02
2018-09-07,44741.64,41545.46
2018-09-08,44741.64,41545.46
2018-09-09,44741.64,41545.46
2018-09-10,44856.08,41523.88
2018-09-11,44939.06,41484.07
2018-09-12,45016.69,41517.71
2018-09-13,44894.85,41521.98
2018-09-14,44883.31,41587.07
2018-09-15,44883.31,41587.07
2018-09-16,44883.31,41587.07
2018-09-17,44883.31,41587.07
2018-09-18,44883.31,41587.07
2018-09-19,44883.31,41587.07
2018-09-20,45358.88,41628.1
2018-09-21,45217.13,41622.75
2018-09-22,45217.13,41622.75
2018-09-23,45217.13,41622.75
2018-09-24,45054.65,41624.98
2018-09-25,44851.79,41574.02
2018-09-26,45012.77,41556.89
2018-09-27,44756.42,41448.71
2018-09-28,44660.25,41490.15
2018-09-29,44660.25,41490.15
2018-09-30,44660.25,41490.15
2018-10-01,44502.45,41523.73
2018-10-02,44297.4,41552.28
2018-10-03,44361.21,41588.47
2018-10-04,44451.53,41595.25
2018-10-05,44531.78,41542.88
2018-10-06,44531.78,41542.88
2018-10-07,44531.78,41542.88
2018-10-08,44395.09,41502.02
2018-10-09,44735.9,41535.52
2018-10-10,44746.16,41518.7
2018-10-11,44258.67,41431.69
2018-10-12,43571.43,41285.04
2018-10-13,43571.43,41285.04
2018-10-14,43571.43,41285.04
2018-10-15,43571.43,41285.04
2018-10-16,43586.27,41284.16
2018-10-17,43575.4,41246.17
2018-10-18,43605.19,41216.38
2018-10-19,43376.75,41230.53
2018-10-20,43376.75,41230.53
2018-10-21,43376.75,41230.53
2018-10-22,43434.71,41292.87
2018-10-23,43695.8,41330.3
2018-10-24,43450.15,41377.04
2018-10-25,43191.27,41378.83
2018-10-26,43184.22,41374.81
2018-10-27,43184.22,41374.81
2018-10-28,43184.22,41374.81
2018-10-29,43075.84,41389.59
2018-10-30,42861.8,41331.76
2018-10-31,43019.99,41315.15
2018-11-01,43019.99,41315.15
2018-11-02,43019.99,41315.15
2018-11-03,43019.99,41315.15
2018-11-04,43019.99,41315.15
2018-11-05,44417.93,41427.78
2018-11-06,43895.85,41496.72
2018-11-07,43789.5,41523.24
2018-11-08,43904.47,41523.41
2018-11-09,43765.39,41521.8
2018-11-10,43765.39,41521.8
2018-11-11,43765.39,41521.8
2018-11-12,43570.65,41492.52
2018-11-13,43426.84,41512.3
2018-11-14,43515.15,41484.13
2018-11-15,43421.54,41475.4
2018-11-16,43319.67,41473.32
2018-11-17,43319.67,41473.32
2018-11-18,43319.67,41473.32
2018-11-19,43191.7,41510.69
2018-11-20,43006.94,41507.18
2018-11-21,42474.04,41541.76
2018-11-22,42494.55,41556.06
2018-11-23,42466.85,41537.1
2018-11-24,42466.85,41537.1
2018-11-25,42466.85,41537.1
2018-11-26,42604.74,41538.44
2018-11-27,42877.54,41529.82
2018-11-28,42907.17,41571.11
2018-11-29,43062.16,41566.75
2018-11-30,43104.89,41617.82
2018-12-01,43104.89,41617.82
2018-12-02,43104.89,41617.82
2018-12-03,43148.88,41647.24
2018-12-04,43442.76,41683.46
2018-12-05,43188.2,41692.8
2018-12-06,43141.8,41695.77
2018-12-07,42894.55,41737.54
2018-12-08,42894.55,41737.54
2018-12-09,42894.55,41737.54
2018-12-10,42643.6,41768.0
2018-12-11,42268.04,41726.37
2018-12-12,42500.23,41758.51
2018-12-13,42869.35,41793.44
2018-12-14,43108.63,41798.8
2018-12-15,43108.63,41798.8
2018-12-16,43108.63,41798.8
2018-12-17,42999.43,41780.27
2018-12-18,42693.62,41765.76
2018-12-19,42747.53,41802.33
2018-12-20,42674.31,41853.15
2018-12-21,42372.48,41877.77
2018-12-22,42372.48,41877.77
2018-12-23,42372.48,41877.77
2018-12-24,42239.76,41921.02
2018-12-25,42239.76,41921.02
2018-12-26,42090.04,41903.99
2018-12-27,42356.48,41994.83
2018-12-28,42564.34,42053.27
2018-12-29,42564.34,42053.27
2018-12-30,42564.34,42053.27
2018-12-31,42822.06,42095.42
2019-01-01,42822.06,42095.42
2019-01-02,42897.91,42118.16
2019-01-03,42983.54,42181.68
2019-01-04,42839.58,42239.12
2019-01-05,42839.58,42239.12
2019-01-06,42839.58,42239.12
2019-01-07,43031.24,42301.96
2019-01-08,43019.56,42231.62
2019-01-09,43200.65,42317.16
2019-01-10,43592.4,42256.46
2019-01-11,43660.51,42246.16
2019-01-12,43660.51,42246.16
2019-01-13,43660.51,42246.16
2019-01-14,43657.17,42250.52
2019-01-15,43486.6,42270.64
2019-01-16,43655.26,42303.69
2019-01-17,43776.85,42322.24
2019-01-18,43826.54,42272.97
2019-01-19,43826.54,42272.97
2019-01-20,43826.54,42272.97
2019-01-21,44073.01,42254.68
2019-01-22,44189.44,42188.32
2019-01-23,43847.19,42153.59
2019-01-24,43890.31,42208.88
2019-01-25,44006.35,42262.17
2019-01-26,44006.35,42262.17
2019-01-27,44006.35,42262.17
2019-01-28,44116.87,42345.38
2019-01-29,44144.05,42358.7
2019-01-30,44095.07,42387.76
2019-01-31,44096.19,42390.86
2019-02-01,44048.89,42469.83
2019-02-02,44048.89,42469.83
2019-02-03,44048.89,42469.83
2019-02-04,43997.94,42517.94
2019-02-05,44015.42,42576.11
2019-02-06,44092.14,42608.84
2019-02-07,44019.46,42598.8
2019-02-08,43817.04,42567.83
2019-02-09,43817.04,42567.83
2019-02-10,43817.04,42567.83
2019-02-11,43666.31,42598.1
2019-02-12,43870.18,42692.55
2019-02-13,44114.81,42663.36
2019-02-14,44257.42,42656.1
2019-02-15,44474.41,42712.25
2019-02-16,44474.41,42712.25
2019-02-17,44474.41,42712.25
2019-02-18,44424.22,42686.95
2019-02-19,44369.84,42675.2
2019-02-20,44332.63,42741.07
2019-02-21,44328.91,42743.9
2019-02-22,44291.32,42740.35
2019-02-23,44291.32,42740.35
2019-02-24,44291.32,42740.35
2019-02-25,44417.04,42764.49
2019-02-26,44517.15,42777.33
2019-02-27,44460.85,42765.05
2019-02-28,44306.21,42701.94
2019-03-01,44166.92,42691.49
2019-03-02,44166.92,42691.49
2019-03-03,44166.92,42691.49
2019-03-04,44474.21,42674.64
2019-03-05,44550.04,42611.38
2019-03-06,44441.55,42643.03
2019-03-07,44402.5,42668.74
2019-03-08,44274.02,42728.52
2019-03-09,44274.02,42728.52
2019-03-10,44274.02,42728.52
2019-03-11,44432.07,42806.02
2019-03-12,44839.8,42871.41
2019-03-13,44924.59,42857.25
2019-03-14,44940.63,42904.56
2019-03-15,45121.87,42934.7
2019-03-16,45121.87,42934.7
2019-03-17,45121.87,42934.7
2019-03-18,45291.12,42986.42
2019-03-19,45416.87,43023.91
2019-03-20,45387.48,43085.7
2019-03-21,45301.71,43127.52
2019-03-22,45234.28,43239.87
2019-03-23,45234.28,43239.87
2019-03-24,45234.28,43239.87
2019-03-25,45298.06,43345.42
2019-03-26,45122.51,43391.51
2019-03-27,45334.51,43394.63
2019-03-28,45367.8,43476.56
2019-03-29,45299.83,43490.22
2019-03-30,45299.83,43490.22
2019-03-31,45299.83,43490.22
2019-04-01,45505.99,43493.54
2019-04-02,45654.5,43488.57
2019-04-03,45516.13,43491.31
2019-04-04,45596.8,43489.04
2019-04-05,45595.16,43473.29
2019-04-06,45595.16,43473.29
2019-04-07,45595.16,43473.29
2019-04-08,45652.7,43536.63
2019-04-09,45647.15,43629.14
2019-04-10,45647.08,43770.85
2019-04-11,45693.57,43847.73
2019-04-12,45601.29,43821.94
2019-04-13,45601.29,43821.94
2019-04-14,45601.29,43821.94
2019-04-15,45526.35,43790.95
2019-04-16,45624.0,43806.51
2019-04-17,45789.25,43781.29
2019-04-18,45626.51,43800.35
2019-04-19,45626.51,43800.35
2019-04-20,45626.51,43800.35
2019-04-21,45626.51,43800.35
2019-04-22,45679.67,43877.56
2019-04-23,45702.33,43861.82
2019-04-24,45902.75,43885.21
2019-04-25,45966.39,43877.21
2019-04-26,46023.58,43836.63
2019-04-27,46023.58,43836.63
2019-04-28,46023.58,43836.63
2019-04-29,46038.0,43846.51
2019-04-30,46285.02,43815.8
2019-05-01,46285.02,43815.8
2019-05-02,46323.29,43829.86
2019-05-03,46452.79,43817.8
2019-05-04,46452.79,43817.8
2019-05-05,46452.79,43817.8
2019-05-06,46418.23,43851.11
2019-05-07,46174.56,43858.11
2019-05-08,45866.61,43830.76
2019-05-09,45781.81,43844.38
2019-05-10,45691.78,43848.67
2019-05-11,45691.78,43848.67
2019-05-12,45691.78,43848.67
2019-05-13,45579.9,43871.63
2019-05-14,45305.22,43915.59
2019-05-15,45400.55,43914.14
2019-05-16,45509.77,43932.82
2019-05-17,45546.72,43939.88
2019-05-18,45546.72,43939.88
2019-05-19,45546.72,43939.88
2019-05-20,45460.24,43953.48
2019-05-21,45460.24,43953.48
2019-05-22,45579.53,43978.27
2019-05-23,45560.53,44005.91
2019-05-24,45280.54,44088.77
2019-05-25,45280.54,44088.77
2019-05-26,45280.54,44088.77
2019-05-27,45257.77,44119.48
2019-05-28,45340.9,44216.74
2019-05-29,45635.01,44342.94
2019-05-30,45743.12,44547.91
2019-05-31,45844.44,44522.8
2019-06-01,45844.44,44522.8
2019-06-02,45844.44,44522.8
2019-06-03,45898.32,44642.53
2019-06-04,45827.05,44694.71
2019-06-05,45721.05,44728.35
2019-06-06,45562.72,44857.25
2019-06-07,45530.82,44916.27
2019-06-08,45530.82,44916.27
2019-06-09,45530.82,44916.27
2019-06-10,45726.23,45074.03
2019-06-11,46291.62,45592.55
2019-06-12,46459.05,45695.47
2019-06-13,46347.04,45729.14
2019-06-14,46436.69,45734.88
2019-06-15,46436.69,45734.88
2019-06-16,46436.69,45734.88
2019-06-17,46328.69,45652.55
2019-06-18,46314.44,45650.35
2019-06-19,46598.74,45714.01
2019-06-20,46736.63,45718.88
2019-06-21,46712.92,45848.8
2019-06-22,46712.92,45848.8
2019-06-23,46712.92,45848.8
2019-06-24,46649.74,45868.33
2019-06-25,46615.93,45843.63
2019-06-26,46249.54,45791.06
2019-06-27,46350.53,45603.22
2019-06-28,46454.15,45608.88
2019-06-29,46454.15,45608.88
2019-06-30,46454.15,45608.88
2019-07-01,46564.08,45713.76
2019-07-02,46788.01,45684.32
2019-07-03,46925.68,45763.66
2019-07-04,46980.99,45829.02
2019-07-05,46955.54,45860.55
2019-07-06,46955.54,45860.55
2019-07-07,46955.54,45860.55
2019-07-08,47136.25,45772.88
2019-07-09,47084.22,45772.14
2019-07-10,47114.96,45793.87
2019-07-11,47137.74,45904.78
2019-07-12,47128.63,45927.15
2019-07-13,47128.63,45927.15
2019-07-14,47128.63,45927.15
2019-07-15,47006.91,45928.88
2019-07-16,47006.91,45928.88
2019-07-17,46963.92,45959.0
2019-07-18,46944.79,46047.64
2019-07-19,46991.22,46153.16
2019-07-20,46991.22,46153.16
2019-07-21,46991.22,46153.16
2019-07-22,47124.71,46392.1
2019-07-23,47191.2,46519.02
2019-07-24,47370.42,46679.4
2019-07-25,47459.19,46837.64
2019-07-26,47509.49,46866.14
2019-07-27,47509.49,46866.14
2019-07-28,47509.49,46866.14
2019-07-29,47658.68,46930.07
2019-07-30,47633.68,46982.98
2019-07-31,47625.06,47011.91
2019-08-01,47474.11,47122.63
2019-08-02,47340.1,47166.15
2019-08-03,47340.1,47166.15
2019-08-04,47340.1,47166.15
2019-08-05,47043.7,47320.16
2019-08-06,46540.36,47559.7
2019-08-07,46448.46,47612.72
2019-08-08,46569.76,47842.34
2019-08-09,46764.55,47789.31
2019-08-10,46764.55,47789.31
2019-08-11,46764.55,47789.31
2019-08-12,46742.34,47828.12
2019-08-13,46446.71,47848.19
2019-08-14,46126.93,47811.66
2019-08-15,46126.93,47811.66
2019-08-16,45665.6,47884.31
2019-08-17,45665.6,47884.31
2019-08-18,45665.6,47884.31
2019-08-19,45951.65,47966.04
2019-08-20,46266.07,48031.83
2019-08-21,46171.07,48014.14
2019-08-22,46303.33,48103.54
2019-08-23,46289.47,48089.09
2019-08-24,46289.47,48089.09
2019-08-25,46289.47,48089.09
2019-08-26,45989.31,48130.54
2019-08-27,45951.24,48116.92
2019-08-28,46057.78,48178.86
2019-08-29,46180.37,48225.47
2019-08-30,46372.38,48233.86
2019-08-31,46372.38,48233.86
2019-09-01,46372.38,48233.86
2019-09-02,46663.31,48174.37
2019-09-03,46796.44,48159.7
2019-09-04,46634.61,48275.35
2019-09-05,46973.05,48595.92
2019-09-06,47127.2,48533.89
2019-09-07,47127.2,48533.89
2019-09-08,47127.2,48533.89
2019-09-09,47018.7,48528.8
2019-09-10,47205.7,48454.69
2019-09-11,47229.11,48397.79
2019-09-12,47498.63,48216.99
2019-09-13,47612.96,48256.39
2019-09-14,47612.96,48256.39
2019-09-15,47612.96,48256.39
2019-09-16,47524.69,48068.82
2019-09-17,47543.31,48000.35
2019-09-18,47543.31,48000.35
2019-09-19,47543.31,48000.35
2019-09-20,47543.31,48000.35
2019-09-21,47543.31,48000.35
2019-09-22,47543.31,48000.35
2019-09-23,47879.17,48028.39
2019-09-24,48112.06,48091.23
2019-09-25,47977.1,48174.01
2019-09-26,47974.14,48192.79
2019-09-27,48095.44,48115.09
2019-09-28,48095.44,48115.09
2019-09-29,48095.44,48115.09
2019-09-30,48276.26,48158.45
2019-10-01,48258.46,48160.79
2019-10-02,48116.34,48102.45
2019-10-03,47673.16,48146.72
2019-10-04,47371.29,48356.95
2019-10-05,47371.29,48356.95
2019-10-06,47371.29,48356.95
2019-10-07,47432.32,48449.46
2019-10-08,47468.98,48525.63
2019-10-09,47530.87,48550.03
2019-10-10,47749.61,48663.96
2019-10-11,47715.63,48547.45
2019-10-12,47715.63,48547.45
2019-10-13,47715.63,48547.45
2019-10-14,47906.54,48403.8
2019-10-15,47905.2,48343.7
2019-10-16,48259.35,48334.76
2019-10-17,48507.31,48260.7
2019-10-18,48424.44,47838.89
2019-10-19,48424.44,47838.89
2019-10-20,48424.44,47838.89
2019-10-21,48236.07,47647.31
2019-10-22,48593.52,47363.79
2019-10-23,48748.46,46885.15
2019-10-24,48662.48,46837.79
2019-10-25,48630.57,47045.28
2019-10-26,48630.57,47045.28
2019-10-27,48630.57,47045.28
2019-10-28,48826.67,47041.92
2019-10-29,48982.26,46821.24
2019-10-30,48943.62,46599.72
2019-10-31,48943.62,46599.72
2019-11-01,48943.62,46599.72
2019-11-02,48943.62,46599.72
2019-11-03,48943.62,46599.72
2019-11-04,49301.75,46448.82
2019-11-05,49792.93,46275.39
2019-11-06,50120.62,46180.72
2019-11-07,49758.67,46224.35
2019-11-08,49774.87,46346.62
2019-11-09,49774.87,46346.62
2019-11-10,49774.87,46346.62
2019-11-11,49939.19,46614.3
2019-11-12,50110.21,46585.39
2019-11-13,51143.16,46062.42
2019-11-14,51257.79,45252.48
2019-11-15,51529.09,43249.47
2019-11-16,51529.09,43249.47
2019-11-17,51529.09,43249.47
2019-11-18,51474.92,45140.4
2019-11-19,51152.38,45523.81
2019-11-20,51585.09,45592.12
2019-11-21,52090.36,45412.96
2019-11-22,51868.11,45374.69
2019-11-23,51868.11,45374.69
2019-11-24,51868.11,45374.69
2019-11-25,51953.37,45468.71
2019-11-26,51904.74,45573.31
2019-11-27,51784.13,45672.42
2019-11-28,52517.2,45662.09
2019-11-29,53446.63,45571.04
2019-11-30,53446.63,45571.04
2019-12-01,53446.63,45571.04
2019-12-02,52494.66,45493.94
2019-12-03,52044.32,45290.82
2019-12-04,51763.73,45190.03
2019-12-05,51790.25,45139.76
2019-12-06,51561.9,45027.78
2019-12-07,51561.9,45027.78
2019-12-08,51561.9,45027.78
2019-12-09,51615.63,45131.9
2019-12-10,51228.73,45155.9
2019-12-11,51546.2,45246.88
2019-12-12,51557.66,45469.53
2019-12-13,51718.35,45699.41
2019-12-14,51718.35,45699.41
2019-12-15,51718.35,45699.41
2019-12-16,52041.01,46019.78
2019-12-17,52016.51,46456.49
2019-12-18,51813.2,46955.09
2019-12-19,51547.64,46982.69
2019-12-20,51560.32,46968.3
2019-12-21,51560.32,46968.3
2019-12-22,51560.32,46968.3
2019-12-23,51484.25,46909.33
2019-12-24,51724.91,46879.83
2019-12-25,51724.91,46879.83
2019-12-26,51544.85,46838.29
2019-12-27,51355.95,46893.26
2019-12-28,51355.95,46893.26
2019-12-29,51355.95,46893.26
2019-12-30,51431.49,47003.91
2019-12-31,51398.91,47050.64
2020-01-01,51398.91,47050.64
2020-01-02,51590.88,47039.25
2020-01-03,52409.84,47187.64
2020-01-04,52409.84,47187.64
2020-01-05,52409.84,47187.64
2020-01-06,52546.87,47260.68
2020-01-07,53052.66,47323.43
2020-01-08,53290.81,47326.23
2020-01-09,52954.24,47272.72
2020-01-10,53165.89,47233.94
2020-01-11,53165.89,47233.94
2020-01-12,53165.89,47233.94
2020-01-13,53597.3,47114.83
2020-01-14,54210.27,47163.3
2020-01-15,53888.62,47183.55
2020-01-16,53737.15,47264.46
2020-01-17,53957.08,47358.27
2020-01-18,53957.08,47358.27
2020-01-19,53957.08,47358.27
2020-01-20,54006.72,47504.96
2020-01-21,53890.77,47612.71
2020-01-22,53351.36,47535.73
2020-01-23,53524.7,47479.01
2020-01-24,53217.36,47408.14
2020-01-25,53217.36,47408.14
2020-01-26,53217.36,47408.14
2020-01-27,53398.1,47358.04
2020-01-28,53179.43,47431.41
2020-01-29,53392.58,47494.65
2020-01-30,53311.36,47460.86
2020-01-31,53452.83,47426.35
2020-02-01,53452.83,47426.35
2020-02-02,53452.83,47426.35
2020-02-03,53192.11,47428.26
2020-02-04,52641.97,47408.53
2020-02-05,52925.8,47436.41
2020-02-06,53031.94,47427.47
2020-02-07,53349.26,47444.83
2020-02-08,53349.26,47444.83
2020-02-09,53349.26,47444.83
2020-02-10,53482.92,47528.91
2020-02-11,53707.85,47588.84
2020-02-12,53924.76,47483.23
2020-02-13,54017.76,47479.47
2020-02-14,54236.41,47398.46
2020-02-15,54236.41,47398.46
2020-02-16,54236.41,47398.46
2020-02-17,54123.34,47337.58
2020-02-18,54087.0,47320.28
2020-02-19,53957.58,47159.38
2020-02-20,54114.72,46962.03
2020-02-21,54289.72,46665.97
2020-02-22,54289.72,46665.97
2020-02-23,54289.72,46665.97
2020-02-24,54304.53,46430.01
2020-02-25,53145.0,46583.41
2020-02-26,52600.19,46645.3
2020-02-27,52150.58,46535.88
2020-02-28,51259.35,46251.88
2020-02-29,51259.35,46251.88
2020-03-01,51259.35,46251.88
2020-03-02,50540.1,46160.46
2020-03-03,51275.32,46287.06
2020-03-04,51118.17,46541.36
2020-03-05,51762.97,47100.49
2020-03-06,51722.26,47225.69
2020-03-07,51722.26,47225.69
2020-03-08,51722.26,47225.69
2020-03-09,50926.72,47418.31
2020-03-10,48880.52,47587.0
2020-03-11,49240.04,47518.74
2020-03-12,48062.26,47498.74
2020-03-13,45282.25,46548.36
2020-03-14,45282.25,46548.36
2020-03-15,45282.25,46548.36
2020-03-16,45750.27,46605.77
2020-03-17,42722.44,46873.97
2020-03-18,43019.65,46920.13
2020-03-19,41237.32,46007.24
2020-03-20,40896.6,45645.92
2020-03-21,40896.6,45645.92
2020-03-22,40896.6,45645.92
2020-03-23,40810.76,45381.81
2020-03-24,39926.67,44868.47
2020-03-25,41016.87,44800.0
2020-03-26,41962.35,45093.21
2020-03-27,43028.3,45399.83
2020-03-28,43028.3,45399.83
2020-03-29,43028.3,45399.83
2020-03-30,42309.23,45406.43
2020-03-31,42977.25,45474.61
2020-04-01,43432.15,45619.59
2020-04-02,42905.01,45998.76
2020-04-03,43301.82,46073.35
2020-04-04,43301.82,46073.35
2020-04-05,43301.82,46073.35
2020-04-06,43244.31,45894.63
2020-04-07,44121.26,45984.91
2020-04-08,44351.83,46015.97
2020-04-09,45089.08,46338.52
2020-04-10,45089.08,46338.52
2020-04-11,45089.08,46338.52
2020-04-12,45089.08,46338.52
2020-04-13,45172.8,46783.93
2020-04-14,45418.66,46897.1
2020-04-15,46228.76,46995.6
2020-04-16,46063.64,47042.27
2020-04-17,45875.74,47012.18
2020-04-18,45875.74,47012.18
2020-04-19,45875.74,47012.18
2020-04-20,46448.19,47172.72
2020-04-21,46237.98,47217.02
2020-04-22,45670.38,47216.07
2020-04-23,45879.79,47293.12
2020-04-24,46031.0,47452.66
2020-04-25,46031.0,47452.66
2020-04-26,46031.0,47452.66
2020-04-27,45820.39,47568.32
2020-04-28,46365.33,47771.62
2020-04-29,46566.92,47847.76
2020-04-30,46738.16,47913.89
2020-05-01,46738.16,47913.89
2020-05-02,46738.16,47913.89
2020-05-03,46738.16,47913.89
2020-05-04,46095.81,48079.27
2020-05-05,45616.6,48117.78
2020-05-06,45746.08,48208.89
2020-05-07,45986.8,48251.85
2020-05-08,46126.85,48347.52
2020-05-09,46126.85,48347.52
2020-05-10,46126.85,48347.52
2020-05-11,46077.76,48476.18
2020-05-12,45831.84,48687.18
2020-05-13,45447.67,48876.72
2020-05-14,44801.5,48870.09
2020-05-15,44737.67,48917.26
2020-05-16,44737.67,48917.26
2020-05-17,44737.67,48917.26
2020-05-18,44966.97,48992.78
2020-05-19,45743.35,49236.73
2020-05-20,45753.67,49373.95
2020-05-21,45753.67,49373.95
2020-05-22,45378.38,49524.8
2020-05-23,45378.38,49524.8
2020-05-24,45378.38,49524.8
2020-05-25,45229.66,49891.48
2020-05-26,45398.42,50011.51
2020-05-27,45871.14,49785.76
2020-05-28,46640.24,49185.98
2020-05-29,46467.22,49640.42
2020-05-30,46467.22,49640.42
2020-05-31,46467.22,49640.42
2020-06-01,46198.75,49736.45
2020-06-02,46218.13,49757.93
2020-06-03,46416.88,49650.69
2020-06-04,46540.31,49404.34
2020-06-05,46884.27,49094.49
2020-06-06,46884.27,49094.49
2020-06-07,46884.27,49094.49
2020-06-08,47249.7,48814.83
2020-06-09,47913.6,48572.29
2020-06-10,47882.49,48645.1
2020-06-11,47464.93,49012.47
2020-06-12,46917.55,48992.98
2020-06-13,46917.55,48992.98
2020-06-14,46917.55,48992.98
2020-06-15,47242.81,48931.63
2020-06-16,47323.16,48928.98
2020-06-17,47155.27,48803.48
2020-06-18,48150.78,48944.83
2020-06-19,48800.6,49350.24
2020-06-20,48800.6,49350.24
2020-06-21,48800.6,49350.24
2020-06-22,49086.27,49854.94
2020-06-23,49116.62,49678.33
2020-06-24,49441.24,49752.57
2020-06-25,49162.44,49709.63
2020-06-26,48936.95,49802.18
2020-06-27,48936.95,49802.18
2020-06-28,48936.95,49802.18
2020-06-29,48936.95,49802.18
2020-06-30,48844.88,49701.05
2020-07-01,49184.41,49620.77
2020-07-02,49297.4,49714.15
2020-07-03,49402.41,49647.29
2020-07-04,49402.41,49647.29
2020-07-05,49402.41,49647.29
2020-07-06,49697.09,49652.2
2020-07-07,50310.55,49863.95
2020-07-08,49916.55,49983.74
2020-07-09,49719.39,50181.3
2020-07-10,49357.76,49775.53
2020-07-11,49357.76,49775.53
2020-07-12,49357.76,49775.53
2020-07-13,49814.42,49707.43
2020-07-14,49714.76,49605.87
2020-07-15,49797.73,49666.24
2020-07-16,49797.73,49666.24
2020-07-17,49615.14,49448.57
2020-07-18,49615.14,49448.57
2020-07-19,49615.14,49448.57
2020-07-20,49640.21,49021.09
2020-07-21,49845.34,49015.02
2020-07-22,49822.48,49035.19
2020-07-23,49525.8,49128.48
2020-07-24,49070.72,49442.12
2020-07-25,49070.72,49442.12
2020-07-26,49070.72,49442.12
2020-07-27,48975.83,49565.29
2020-07-28,49407.38,49432.14
2020-07-29,49431.55,49456.78
2020-07-30,49144.62,49472.88
2020-07-31,48685.28,49345.15
2020-08-01,48685.28,49345.15
2020-08-02,48685.28,49345.15
2020-08-03,48843.59,49433.0
2020-08-04,49136.9,49490.21
2020-08-05,49650.68,49586.38
2020-08-06,50198.69,49741.77
2020-08-07,50322.26,49690.51
2020-08-08,50322.26,49690.51
2020-08-09,50322.26,49690.51
2020-08-10,50537.1,49663.47
2020-08-11,51167.71,49798.74
2020-08-12,51075.16,49837.04
2020-08-13,51196.98,49858.21
2020-08-14,51338.06,49957.2
2020-08-15,51338.06,49957.2
2020-08-16,51338.06,49957.2
2020-08-17,51508.51,49991.45
2020-08-18,51929.29,50044.53
2020-08-19,51652.26,49991.05
2020-08-20,50851.68,50074.12
2020-08-21,50740.95,50084.41
2020-08-22,50740.95,50084.41
2020-08-23,50740.95,50084.41
2020-08-24,51168.72,50139.86
2020-08-25,51312.28,50292.09
2020-08-26,51211.19,50417.8
2020-08-27,51393.63,50547.13
2020-08-28,51330.41,50539.94
2020-08-29,51330.41,50539.94
2020-08-30,51330.41,50539.94
2020-08-31,51327.31,50516.28
2020-09-01,50877.88,50423.0
2020-09-02,50860.02,50459.59
2020-09-03,51148.63,50389.24
2020-09-04,50817.08,50361.31
2020-09-05,50817.08,50361.31
2020-09-06,50817.08,50361.31
2020-09-07,50421.76,50310.22
2020-09-08,50379.24,50258.38
2020-09-09,50039.97,50172.98
2020-09-10,49824.37,50100.39
2020-09-11,49483.47,49926.35
2020-09-12,49483.47,49926.35
2020-09-13,49483.47,49926.35
2020-09-14,49703.69,49793.14
2020-09-15,50109.94,49881.39
2020-09-16,49952.09,49860.71
2020-09-17,50054.33,49811.03
2020-09-18,50054.33,49811.03
2020-09-19,50054.33,49811.03
2020-09-20,50054.33,49811.03
2020-09-21,49951.16,49649.98
2020-09-22,49625.39,49636.15
2020-09-23,49664.79,49611.14
2020-09-24,49477.09,49539.57
2020-09-25,49609.06,49294.58
2020-09-26,49609.06,49294.58
2020-09-27,49609.06,49294.58
2020-09-28,49633.72,49196.92
2020-09-29,49912.41,49065.2
2020-09-30,49842.67,48933.34
2020-10-01,50266.9,48938.44
2020-10-02,50312.9,49042.22
2020-10-03,50312.9,49042.22
2020-10-04,50312.9,49042.22
2020-10-05,50448.36,49262.8
2020-10-06,51043.08,49306.06
2020-10-07,51121.54,49255.36
2020-10-08,51165.48,49211.9
2020-10-09,51694.09,49345.87
2020-10-10,51694.09,49345.87
2020-10-11,51694.09,49345.87
2020-10-12,51694.09,49345.87
2020-10-13,52367.66,49537.67
2020-10-14,52337.61,49495.1
2020-10-15,52363.36,49514.23
2020-10-16,52166.01,49502.86
2020-10-17,52166.01,49502.86
2020-10-18,52166.01,49502.86
2020-10-19,51951.14,49450.21
2020-10-20,51517.59,49430.8
2020-10-21,51598.93,49409.71
2020-10-22,51565.86,49396.5
2020-10-23,51378.86,49461.14
2020-10-24,51378.86,49461.14
2020-10-25,51378.86,49461.14
2020-10-26,51208.66,49506.14
2020-10-27,50842.07,49534.88
2020-10-28,50314.62,49542.84
2020-10-29,49782.84,49414.55
2020-10-30,49465.77,49465.91
2020-10-31,49465.77,49465.91
2020-11-01,49465.77,49465.91
2020-11-02,49168.53,49406.06
2020-11-03,49373.89,49428.51
2020-11-04,49301.75,49546.69
2020-11-05,49674.0,49672.88
2020-11-06,50613.06,49863.38
2020-11-07,50613.06,49863.38
2020-11-08,50613.06,49863.38
2020-11-09,51291.19,50013.31
2020-11-10,52198.21,49938.81
2020-11-11,52176.93,49895.14
2020-11-12,52015.83,49924.71
2020-11-13,51811.12,49925.22
2020-11-14,51811.12,49925.22
2020-11-15,51811.12,49925.22
2020-11-16,52621.35,49887.28
2020-11-17,53322.46,50037.75
2020-11-18,53193.15,50024.71
2020-11-19,52777.05,49973.49
2020-11-20,52782.02,49890.74
2020-11-21,52782.02,49890.74
2020-11-22,52782.02,49890.74
2020-11-23,53061.31,49992.87
2020-11-24,53565.23,50158.82
2020-11-25,54364.89,50170.48
2020-11-26,54143.43,50097.72
2020-11-27,53938.32,50031.78
2020-11-28,53938.32,50031.78
2020-11-29,53938.32,50031.78
2020-11-30,54200.6,50037.59
2020-12-01,53835.79,49868.87
2020-12-02,54021.41,49915.63
2020-12-03,53851.76,49828.15
2020-12-04,53900.65,49860.45
2020-12-05,53900.65,49860.45
2020-12-06,53900.65,49860.45
2020-12-07,54046.29,49769.85
2020-12-08,54046.29,49769.85
2020-12-09,53802.64,49681.67
2020-12-10,53458.66,49606.95
2020-12-11,53436.37,49620.96
2020-12-12,53436.37,49620.96
2020-12-13,53436.37,49620.96
2020-12-14,53034.07,49583.89
2020-12-15,52949.02,49605.46
2020-12-16,53296.4,49736.63
2020-12-17,53596.7,49841.31
2020-12-18,53452.73,50068.39
2020-12-19,53452.73,50068.39
2020-12-20,53452.73,50068.39
2020-12-21,53409.84,50124.18
2020-12-22,53327.3,50166.06
2020-12-23,53208.32,50229.22
2020-12-24,52776.23,50234.99
2020-12-25,52776.23,50234.99
2020-12-26,52776.23,50234.99
2020-12-27,52776.23,50234.99
2020-12-28,52483.34,50244.01
2020-12-29,52717.79,50286.41
2020-12-30,53011.34,50310.45
2020-12-31,53303.5,50394.78
2021-01-01,53303.5,50394.78
2021-01-02,53303.5,50394.78
2021-01-03,53303.5,50394.78
2021-01-04,53511.02,50397.12
2021-01-05,53367.13,50479.75
2021-01-06,53650.46,50552.54
2021-01-07,53692.24,50640.71
2021-01-08,54877.66,50621.48
2021-01-09,54877.66,50621.48
2021-01-10,54877.66,50621.48
2021-01-11,55495.97,50721.32
2021-01-12,55603.77,50554.09
2021-01-13,56259.97,50648.18
2021-01-14,57092.03,50798.47
2021-01-15,56947.15,50781.37
2021-01-16,56947.15,50781.37
2021-01-17,56947.15,50781.37
2021-01-18,56541.22,50853.28
2021-01-19,56682.23,50843.82
2021-01-20,56811.14,50993.33
2021-01-21,57001.52,51016.13
2021-01-22,56265.1,51042.87
2021-01-23,56265.1,51042.87
2021-01-24,56265.1,51042.87
2021-01-25,56403.96,51122.09
2021-01-26,57008.32,51232.07
2021-01-27,56656.25,51278.57
2021-01-28,56296.98,51258.34
2021-01-29,56249.86,51366.51
2021-01-30,56249.86,51366.51
2021-01-31,56249.86,51366.51
2021-02-01,55337.93,51266.3
2021-02-02,55774.25,51212.98
2021-02-03,56727.22,51335.83
2021-02-04,56665.76,51342.09
2021-02-05,57056.33,51457.58
2021-02-06,57056.33,51457.58
2021-02-07,57056.33,51457.58
2021-02-08,57362.08,51544.47
2021-02-09,57683.06,51667.82
2021-02-10,57852.68,51745.76
2021-02-11,57903.45,51874.75
2021-02-12,57690.97,51969.59
2021-02-13,57690.97,51969.59
2021-02-14,57690.97,51969.59
2021-02-15,58001.03,52027.99
2021-02-16,57812.03,52027.22
2021-02-17,57877.77,51803.41
2021-02-18,57830.95,51607.01
2021-02-19,56900.21,51455.28
2021-02-20,56900.21,51455.28
2021-02-21,56900.21,51455.28
2021-02-22,56751.22,51225.42
2021-02-23,56168.63,51003.08
2021-02-24,55766.3,50776.16
2021-02-25,55494.63,50594.24
2021-02-26,55502.49,50235.97
2021-02-27,55502.49,50235.97
2021-02-28,55502.49,50235.97
2021-03-01,55303.88,50399.81
2021-03-02,56063.66,50689.35
2021-03-03,56412.71,50888.82
2021-03-04,56811.98,50662.18
2021-03-05,56008.44,50566.02
2021-03-06,56008.44,50566.02
2021-03-07,56008.44,50566.02
2021-03-08,56046.22,50168.4
2021-03-09,55641.05,50043.21
2021-03-10,55588.19,50184.93
2021-03-11,55857.57,50246.21
2021-03-12,55980.08,50343.31
2021-03-13,55980.08,50343.31
2021-03-14,55980.08,50343.31
2021-03-15,55871.96,50200.66
2021-03-16,55975.64,50136.88
2021-03-17,56246.28,50132.1
2021-03-18,56653.2,50160.18
2021-03-19,56261.9,49841.0
2021-03-20,56261.9,49841.0
2021-03-21,56261.9,49841.0
2021-03-22,55598.02,49803.68
2021-03-23,55519.32,49749.0
2021-03-24,55337.39,49782.36
2021-03-25,55090.3,49689.22
2021-03-26,55415.18,49459.21
2021-03-27,55415.18,49459.21
2021-03-28,55415.18,49459.21
2021-03-29,56049.66,49115.64
2021-03-30,56476.69,49245.76
2021-03-31,56383.33,49151.29
2021-04-01,55899.23,49126.47
2021-04-02,55899.23,49126.47
2021-04-03,55899.23,49126.47
2021-04-04,55899.23,49126.47
2021-04-05,55918.12,49179.0
2021-04-06,56184.49,49495.82
2021-04-07,56297.16,49716.11
2021-04-08,56084.64,49695.29
2021-04-09,55928.44,49709.03
2021-04-10,55928.44,49709.03
2021-04-11,55928.44,49709.03
2021-04-12,55966.3,49672.64
2021-04-13,55756.66,49471.85
2021-04-14,55857.92,49224.42
2021-04-15,55898.63,49019.81
2021-04-16,55851.67,49224.05
2021-04-17,55851.67,49224.05
2021-04-18,55851.67,49224.05
2021-04-19,56385.27,49496.32
2021-04-20,56362.82,49424.59
2021-04-21,55816.66,49385.15
2021-04-22,55779.96,49279.96
2021-04-23,56308.18,49092.17
2021-04-24,56308.18,49092.17
2021-04-25,56308.18,49092.17
2021-04-26,56945.96,49269.71
2021-04-27,56750.8,49022.46
2021-04-28,56437.35,48567.58
2021-04-29,56229.49,48134.46
2021-04-30,56405.6,47833.73
2021-05-01,56405.6,47833.73
2021-05-02,56405.6,47833.73
2021-05-03,56241.5,47756.94
2021-05-04,56095.93,47835.66
2021-05-05,55952.48,48188.12
2021-05-06,55995.64,48526.92
2021-05-07,55916.25,48651.32
2021-05-08,55916.25,48651.32
2021-05-09,55916.25,48651.32
2021-05-10,55820.98,48800.52
2021-05-11,55578.57,48831.99
2021-05-12,55407.67,48914.21
2021-05-13,55294.61,48680.67
2021-05-14,55413.76,48748.1
2021-05-15,55413.76,48748.1
2021-05-16,55413.76,48748.1
2021-05-17,55634.03,48733.96
2021-05-18,55996.0,48190.9
2021-05-19,55839.8,48202.64
2021-05-20,55576.91,47925.79
2021-05-21,55576.91,47925.79
2021-05-22,55576.91,47925.79
2021-05-23,55576.91,47925.79
2021-05-24,55933.98,47863.75
2021-05-25,56959.39,47508.73
2021-05-26,57595.83,47329.14
2021-05-27,57633.81,47447.23
2021-05-28,57757.46,47531.64
2021-05-29,57757.46,47531.64
2021-05-30,57757.46,47531.64
2021-05-31,57732.54,47822.1
2021-06-01,57788.65,48039.81
2021-06-02,58069.75,48114.85
2021-06-03,58001.48,48081.47
2021-06-04,57584.68,47628.62
2021-06-05,57584.68,47628.62
2021-06-06,57584.68,47628.62
2021-06-07,57485.48,47195.8
2021-06-08,57421.2,46803.09
2021-06-09,57535.85,46720.23
2021-06-10,57649.86,46719.24
2021-06-11,57932.4,46930.43
2021-06-12,57932.4,46930.43
2021-06-13,57932.4,46930.43
2021-06-14,57940.42,47200.65
2021-06-15,58005.56,47219.2
2021-06-16,58137.9,47166.51
2021-06-17,58032.46,47105.17
2021-06-18,58309.91,47034.44
2021-06-19,58309.91,47034.44
2021-06-20,58309.91,47034.44
2021-06-21,58309.91,47034.44
2021-06-22,58759.1,47055.07
2021-06-23,59138.48,47039.4
2021-06-24,58430.7,46899.95
2021-06-25,58662.2,46726.09
2021-06-26,58662.2,46726.09
2021-06-27,58662.2,46726.09
2021-06-28,58662.2,46726.09
2021-06-29,58736.07,46627.59
2021-06-30,58746.55,46424.75
2021-07-01,58201.18,46166.28
2021-07-02,58655.73,46052.17
2021-07-03,58655.73,46052.17
2021-07-04,58655.73,46052.17
2021-07-05,58493.42,45727.75
2021-07-06,58344.52,45339.33
2021-07-07,58517.98,45345.81
2021-07-08,58923.07,45320.61
2021-07-09,58534.45,45670.78
2021-07-10,58534.45,45670.78
2021-07-11,58534.45,45670.78
2021-07-12,58815.35,45923.95
2021-07-13,58826.21,46014.74
2021-07-14,58819.74,46114.1
2021-07-15,58994.28,46317.86
2021-07-16,58994.28,46317.86
2021-07-17,58994.28,46317.86
2021-07-18,58994.28,46317.86
2021-07-19,58850.85,46633.47
2021-07-20,58669.44,47030.53
2021-07-21,58906.98,47127.09
2021-07-22,59079.09,46936.92
2021-07-23,58867.92,46882.06
2021-07-24,58867.92,46882.06
2021-07-25,58867.92,46882.06
2021-07-26,59012.0,46737.12
2021-07-27,58910.82,46548.72
2021-07-28,58379.58,46306.64
2021-07-29,59140.68,45859.18
2021-07-30,59102.27,45988.91
2021-07-31,59102.27,45988.91
2021-08-01,59102.27,45988.91
2021-08-02,59024.12,46185.56
2021-08-03,59291.45,46229.46
2021-08-04,60252.65,46263.67
2021-08-05,60278.07,46186.61
2021-08-06,60477.31,46104.79
2021-08-07,60477.31,46104.79
2021-08-08,60477.31,46104.79
2021-08-09,60959.3,46246.11
2021-08-10,61144.61,46157.08
2021-08-11,60883.72,46113.24
2021-08-12,60585.69,46138.67
2021-08-13,60459.15,46238.04
2021-08-14,60459.15,46238.04
2021-08-15,60459.15,46238.04
2021-08-16,60641.8,46479.78
2021-08-17,60867.59,46684.81
2021-08-18,60790.64,46729.08
2021-08-19,60537.83,46632.44
2021-08-20,60103.28,46583.6
2021-08-21,60103.28,46583.6
2021-08-22,60103.28,46583.6
2021-08-23,60054.04,46423.96
2021-08-24,60466.51,46350.98
2021-08-25,60791.49,46366.61
2021-08-26,60938.75,46512.51
2021-08-27,60876.51,46540.61
2021-08-28,60876.51,46540.61
2021-08-29,60876.51,46540.61
2021-08-30,61171.22,46662.8
2021-08-31,61069.35,46830.56
2021-09-01,60946.65,46799.47
2021-09-02,60535.39,46217.41
2021-09-03,60648.2,45790.5
2021-09-04,60648.2,45790.5
2021-09-05,60648.2,45790.5
2021-09-06,60592.76,45796.06
2021-09-07,61100.83,45774.71
2021-09-08,61459.85,45448.89
2021-09-09,61613.45,45360.52
2021-09-10,61688.4,45011.64
2021-09-11,61688.4,45011.64
2021-09-12,61688.4,45011.64
2021-09-13,61830.67,44886.06
2021-09-14,61404.99,45073.19
2021-09-15,61138.75,45444.89
2021-09-16,61065.09,45838.35
2021-09-17,61065.09,45838.35
2021-09-18,61065.09,45838.35
2021-09-19,61065.09,45838.35
2021-09-20,60601.25,45823.13
2021-09-21,60111.74,45761.46
2021-09-22,60019.64,46017.19
2021-09-23,60360.59,45985.68
2021-09-24,60949.03,45928.86
2021-09-25,60949.03,45928.86
2021-09-26,60949.03,45928.86
2021-09-27,60848.56,45753.62
2021-09-28,61256.44,45429.62
2021-09-29,60673.38,45204.85
2021-09-30,60813.84,45063.85
2021-10-01,61242.55,45072.58
2021-10-02,61242.55,45072.58
2021-10-03,61242.55,45072.58
2021-10-04,60855.73,44912.25
2021-10-05,60581.12,44472.93
2021-10-06,60825.34,44058.43
2021-10-07,60706.92,43343.85
2021-10-08,61067.42,42840.06
2021-10-09,61067.42,42840.06
2021-10-10,61067.42,42840.06
2021-10-11,61067.42,42840.06
2021-10-12,61430.44,42084.61
2021-10-13,61696.92,41558.57
2021-10-14,61297.83,41202.72
2021-10-15,61510.48,41745.85
2021-10-16,61510.48,41745.85
2021-10-17,61510.48,41745.85
2021-10-18,62612.38,42191.22
2021-10-19,62261.54,41916.24
2021-10-20,62077.62,42027.19
2021-10-21,62116.24,42258.79
2021-10-22,62337.59,42164.99
2021-10-23,62337.59,42164.99
2021-10-24,62337.59,42164.99
2021-10-25,62407.18,42244.78
2021-10-26,62318.51,42891.63
2021-10-27,62252.05,43624.92
2021-10-28,61644.08,43663.78
2021-10-29,61718.07,43860.44
2021-10-30,61718.07,43860.44
2021-10-31,61718.07,43860.44
2021-11-01,61718.07,43860.44
2021-11-02,62149.24,44030.88
2021-11-03,62449.58,44167.58
2021-11-04,62806.65,44274.32
2021-11-05,63094.77,44251.8
2021-11-06,63094.77,44251.8
2021-11-07,63094.77,44251.8
2021-11-08,63106.39,44289.8
2021-11-09,62801.15,44428.51
2021-11-10,62267.56,44478.81
2021-11-11,61713.01,45732.76
2021-11-12,61918.25,46014.59
2021-11-13,61918.25,46014.59
2021-11-14,61918.25,46014.59
2021-11-15,62470.99,45940.25
2021-11-16,62678.24,45701.08
2021-11-17,62701.74,45568.55
2021-11-18,63448.78,45604.8
2021-11-19,64119.13,45710.88
2021-11-20,64119.13,45710.88
2021-11-21,64119.13,45710.88
2021-11-22,63941.25,45644.56
2021-11-23,62895.63,46260.85
2021-11-24,62727.86,46566.65
2021-11-25,62490.19,46542.33
2021-11-26,63001.12,46288.11
2021-11-27,63001.12,46288.11
2021-11-28,63001.12,46288.11
2021-11-29,62645.82,46363.47
2021-11-30,63021.65,46273.11
2021-12-01,62553.84,46254.87
2021-12-02,62046.31,46374.46
2021-12-03,62752.56,46449.03
2021-12-04,62752.56,46449.03
2021-12-05,62752.56,46449.03
2021-12-06,62669.54,46930.86
2021-12-07,62892.62,47007.97
2021-12-08,62892.62,47007.97
2021-12-09,63913.22,46917.01
2021-12-10,64066.03,46820.1
2021-12-11,64066.03,46820.1
2021-12-12,64066.03,46820.1
2021-12-13,64467.57,46843.96
2021-12-14,63755.1,46711.96
2021-12-15,63408.13,46401.29
2021-12-16,63492.45,46372.79
2021-12-17,64025.67,46223.9
2021-12-18,64025.67,46223.9
2021-12-19,64025.67,46223.9
2021-12-20,63238.2,45915.92
2021-12-21,63245.35,45464.64
2021-12-22,64171.15,45778.62
2021-12-23,64452.31,46325.4
2021-12-24,64274.64,46557.56
2021-12-25,64274.64,46557.56
2021-12-26,64274.64,46557.56
2021-12-27,64768.74,46614.94
2021-12-28,64755.82,46830.2
2021-12-29,64743.71,47127.3
2021-12-30,64309.14,47072.29
2021-12-31,64440.6,47006.62
2022-01-01,64440.6,47006.62
2022-01-02,64440.6,47006.62
2022-01-03,64224.57,47003.17
2022-01-04,64677.23,47077.09
2022-01-05,64648.24,46785.33
2022-01-06,63443.27,46594.43
2022-01-07,62885.58,46682.51
2022-01-08,62885.58,46682.51
2022-01-09,62885.58,46682.51
2022-01-10,62451.38,46730.05
2022-01-11,62267.23,46679.47
2022-01-12,62600.81,46444.0
2022-01-13,62926.88,46383.81
2022-01-14,62454.55,46438.96
2022-01-15,62454.55,46438.96
2022-01-16,62454.55,46438.96
2022-01-17,61702.5,46579.59
2022-01-18,62147.25,46669.79
2022-01-19,61546.62,46608.18
2022-01-20,61062.04,46454.5
2022-01-21,60620.4,46640.61
2022-01-22,60620.4,46640.61
2022-01-23,60620.4,46640.61
2022-01-24,59897.36,47300.61
2022-01-25,59319.83,47615.26
2022-01-26,59284.25,47670.29
2022-01-27,59148.01,47441.2
2022-01-28,58488.69,46706.99
2022-01-29,58488.69,46706.99
2022-01-30,58488.69,46706.99
2022-01-31,59082.89,46894.44
2022-02-01,59310.16,47324.33
2022-02-02,59662.2,47590.28
2022-02-03,60163.31,47779.11
2022-02-04,60276.13,47784.93
2022-02-05,60276.13,47784.93
2022-02-06,60276.13,47784.93
2022-02-07,60747.57,47838.15
2022-02-08,60877.43,47868.17
2022-02-09,60848.09,47762.34
2022-02-10,61326.02,47772.6
2022-02-11,60229.62,47654.95
2022-02-12,60229.62,47654.95
2022-02-13,60229.62,47654.95
2022-02-14,59914.66,47621.82
2022-02-15,59578.28,47615.32
2022-02-16,59813.1,47610.34
2022-02-17,59851.85,47663.21
2022-02-18,59419.44,47740.97
2022-02-19,59419.44,47740.97
2022-02-20,59419.44,47740.97
2022-02-21,58828.18,47804.23
2022-02-22,58820.22,47801.32
2022-02-23,58220.12,47864.96
2022-02-24,57582.03,47946.87
2022-02-25,57525.61,48407.09
2022-02-26,57525.61,48407.09
2022-02-27,57525.61,48407.09
2022-02-28,58470.28,48483.55
2022-03-01,58142.2,48640.3
2022-03-02,58096.52,49070.9
2022-03-03,58448.68,49116.4
2022-03-04,57778.61,49062.61
2022-03-05,57778.61,49062.61
2022-03-06,57778.61,49062.61
2022-03-07,57359.28,49296.28
2022-03-08,56253.14,49500.96
2022-03-09,56082.04,49643.33
2022-03-10,56363.79,50023.24
2022-03-11,56645.14,50191.25
2022-03-12,56645.14,50191.25
2022-03-13,56645.14,50191.25
2022-03-14,56232.66,50096.55
2022-03-15,55830.67,49846.98
2022-03-16,55720.61,49537.42
2022-03-17,56622.3,49412.75
2022-03-18,57032.6,49314.09
2022-03-19,57032.6,49314.09
2022-03-20,57032.6,49314.09
2022-03-21,57662.23,49238.3
2022-03-22,57729.37,49148.62
2022-03-23,57695.12,48983.59
2022-03-24,57612.37,48983.33
2022-03-25,57514.44,48836.62
2022-03-26,57514.44,48836.62
2022-03-27,57514.44,48836.62
2022-03-28,57331.24,48580.98
2022-03-29,56798.3,48386.12
2022-03-30,57124.36,48516.79
2022-03-31,57965.45,48955.04
2022-04-01,57733.08,49215.7
2022-04-02,57733.08,49215.7
2022-04-03,57733.08,49215.7
2022-04-04,57751.71,49299.69
2022-04-05,57753.62,49408.75
2022-04-06,57508.97,49443.49
2022-04-07,57584.24,49299.7
2022-04-08,58286.12,49279.02
2022-04-09,58286.12,49279.02
2022-04-10,58286.12,49279.02
2022-04-11,58516.43,49561.87
2022-04-12,58313.57,49461.16
2022-04-13,57639.68,49397.03
2022-04-14,57806.32,49553.41
2022-04-15,57806.32,49553.41
2022-04-16,57806.32,49553.41
2022-04-17,57806.32,49553.41
2022-04-18,58266.75,49877.94
2022-04-19,58290.54,49658.14
2022-04-20,58245.72,49868.09
2022-04-21,58232.71,49983.58
2022-04-22,57847.61,49936.63
2022-04-23,57847.61,49936.63
2022-04-24,57847.61,49936.63
2022-04-25,57664.25,50040.13
2022-04-26,57854.05,49968.92
2022-04-27,57163.35,49808.02
2022-04-28,57230.26,49913.51
2022-04-29,58218.52,50139.62
2022-04-30,58218.52,50139.62
2022-05-01,58218.52,50139.62
2022-05-02,57867.46,50134.3
2022-05-03,58088.64,50043.47
2022-05-04,58011.74,50058.5
2022-05-05,58612.73,50085.79
2022-05-06,58133.91,49852.24
2022-05-07,58133.91,49852.24
2022-05-08,58133.91,49852.24
2022-05-09,57295.53,49778.67
2022-05-10,56943.27,49474.36
2022-05-11,56753.18,49361.01
2022-05-12,56281.83,49486.83
2022-05-13,56421.73,49813.71
2022-05-14,56421.73,49813.71
2022-05-15,56421.73,49813.71
2022-05-16,56951.88,49895.16
2022-05-17,57144.72,50009.96
2022-05-18,57610.09,50123.45
2022-05-19,56903.63,50201.49
2022-05-20,56662.14,50438.84
2022-05-21,56662.14,50438.84
2022-05-22,56662.14,50438.84
2022-05-23,56480.19,50745.68
2022-05-24,56722.64,50993.26
2022-05-25,56665.96,51176.04
2022-05-26,56886.39,51175.04
2022-05-27,57113.23,51073.34
2022-05-28,57113.23,51073.34
2022-05-29,57113.23,51073.34
2022-05-30,57771.62,51124.58
2022-05-31,58365.54,51239.33
2022-06-01,58023.73,51240.61
2022-06-02,57747.86,51234.6
2022-06-03,57584.16,51281.07
2022-06-04,57584.16,51281.07
2022-06-05,57584.16,51281.07
2022-06-06,57354.89,51335.0
2022-06-07,57838.09,51196.15
2022-06-08,58475.84,51292.76
2022-06-09,57796.51,51050.64
2022-06-10,57488.31,51032.97
2022-06-11,57488.31,51032.97
2022-06-12,57488.31,51032.97
2022-06-13,57189.4,50931.68
2022-06-14,57081.48,50702.15
2022-06-15,57168.87,50692.24
2022-06-16,57243.68,50980.69
2022-06-17,56887.68,51263.21
2022-06-18,56887.68,51263.21
2022-06-19,56887.68,51263.21
2022-06-20,57191.14,51526.8
2022-06-21,57191.14,51526.8
2022-06-22,57762.78,51698.0
2022-06-23,57837.08,52226.79
2022-06-24,58536.22,52477.38
2022-06-25,58536.22,52477.38
2022-06-26,58536.22,52477.38
2022-06-27,58536.22,52477.38
2022-06-28,60216.15,52410.99
2022-06-29,59638.04,52080.12
2022-06-30,59902.48,52142.32
2022-07-01,60110.67,52369.03
2022-07-02,60110.67,52369.03
2022-07-03,60110.67,52369.03
2022-07-04,60351.29,52594.84
2022-07-05,60082.43,52670.15
2022-07-06,60622.19,52906.55
2022-07-07,61773.17,52969.84
2022-07-08,61774.34,52830.56
2022-07-09,61774.34,52830.56
2022-07-10,61774.34,52830.56
2022-07-11,62100.54,52708.22
2022-07-12,62561.4,52592.41
2022-07-13,63126.43,52457.36
2022-07-14,63208.02,52467.42
2022-07-15,64411.61,52669.07
2022-07-16,64411.61,52669.07
2022-07-17,64411.61,52669.07
2022-07-18,62281.88,52906.89
2022-07-19,60266.99,52951.15
2022-07-20,60317.85,52889.33
2022-07-21,60041.58,52888.0
2022-07-22,60573.22,52706.77
2022-07-23,60573.22,52706.77
2022-07-24,60573.22,52706.77
2022-07-25,60867.89,52853.72
2022-07-26,61464.78,52872.93
2022-07-27,60384.3,52903.1
2022-07-28,60754.44,52930.03
2022-07-29,60776.34,53081.94
2022-07-30,60776.34,53081.94
2022-07-31,60776.34,53081.94
2022-08-01,60674.77,53176.41
2022-08-02,60025.77,53457.12
2022-08-03,59908.19,53309.56
2022-08-04,60552.3,53046.2
2022-08-05,60572.07,53135.17
2022-08-06,60572.07,53135.17
2022-08-07,60572.07,53135.17
2022-08-08,61139.69,53064.1
2022-08-09,60977.7,53116.42
2022-08-10,60492.01,52954.2
2022-08-11,60548.35,53311.15
2022-08-12,60474.41,53134.57
2022-08-13,60474.41,53134.57
2022-08-14,60474.41,53134.57
2022-08-15,60474.41,53134.57
2022-08-16,60926.56,53023.13
2022-08-17,60950.41,52811.6
2022-08-18,61407.39,52442.79
2022-08-19,62338.55,52067.02
2022-08-20,62338.55,52067.02
2022-08-21,62338.55,52067.02
2022-08-22,63074.71,51777.09
2022-08-23,62605.49,51352.19
2022-08-24,61857.38,51526.63
2022-08-25,61421.1,51962.53
2022-08-26,61659.84,52134.92
2022-08-27,61659.84,52134.92
2022-08-28,61659.84,52134.92
2022-08-29,60752.78,52392.51
2022-08-30,59994.71,52409.1
2022-08-31,59273.24,52376.48
2022-09-01,59751.74,52514.49
2022-09-02,59287.19,52735.12
2022-09-03,59287.19,52735.12
2022-09-04,59287.19,52735.12
2022-09-05,58837.83,53469.55
2022-09-06,58216.06,54048.17
2022-09-07,58935.8,53673.5
2022-09-08,58805.98,53425.21
2022-09-09,58831.17,53308.22
2022-09-10,58831.17,53308.22
2022-09-11,58831.17,53308.22
2022-09-12,59720.01,53356.79
2022-09-13,60706.59,53058.19
2022-09-14,60495.31,53009.36
2022-09-15,60715.53,53435.77
2022-09-16,60715.53,53435.77
2022-09-17,60715.53,53435.77
2022-09-18,60715.53,53435.77
2022-09-19,60715.53,53435.77
2022-09-20,60137.04,53551.41
2022-09-21,60124.2,53243.51
2022-09-22,60155.78,53202.26
2022-09-23,59885.94,52627.53
2022-09-24,59885.94,52627.53
2022-09-25,59885.94,52627.53
2022-09-26,59957.3,52532.93
2022-09-27,60380.01,52038.17
2022-09-28,60132.5,51753.7
2022-09-29,59517.17,51449.74
2022-09-30,58868.48,51404.74
2022-10-01,58868.48,51404.74
2022-10-02,58868.48,51404.74
2022-10-03,58565.23,51575.34
2022-10-04,59014.93,51707.02
2022-10-05,58888.38,51578.64
2022-10-06,59454.18,51318.42
2022-10-07,59439.48,51197.63
2022-10-08,59439.48,51197.63
2022-10-09,59439.48,51197.63
2022-10-10,59439.48,51197.63
2022-10-11,58404.37,51304.31
2022-10-12,57426.43,51407.25
2022-10-13,57198.13,51704.54
2022-10-14,57979.9,51919.02
2022-10-15,57979.9,51919.02
2022-10-16,57979.9,51919.02
2022-10-17,58208.84,52130.68
2022-10-18,59594.52,52332.53
2022-10-19,60211.79,52231.63
2022-10-20,59968.94,51726.41
2022-10-21,59651.59,51647.53
2022-10-22,59651.59,51647.53
2022-10-23,59651.59,51647.53
2022-10-24,60245.84,51848.13
2022-10-25,60311.6,52001.2
2022-10-26,60024.56,52226.32
2022-10-27,59566.31,52565.18
2022-10-28,59226.44,52681.19
2022-10-29,59226.44,52681.19
2022-10-30,59226.44,52681.19
2022-10-31,59226.44,52681.19
2022-11-01,59226.44,52681.19
2022-11-02,59252.87,52557.46
2022-11-03,59227.49,52542.04
2022-11-04,59484.58,52556.76
2022-11-05,59484.58,52556.76
2022-11-06,59484.58,52556.76
2022-11-07,59657.26,52675.03
2022-11-08,59278.63,53056.68
2022-11-09,58958.93,53818.02
2022-11-10,58399.73,54381.03
2022-11-11,58613.7,55219.91
2022-11-12,58613.7,55219.91
2022-11-13,58613.7,55219.91
2022-11-14,59175.62,55468.79
2022-11-15,59729.78,55759.3
2022-11-16,59654.74,56684.5
2022-11-17,59578.37,56802.74
2022-11-18,60246.07,56136.91
2022-11-19,60246.07,56136.91
2022-11-20,60246.07,56136.91
2022-11-21,60809.01,56072.53
2022-11-22,61597.88,56456.83
2022-11-23,61214.56,56633.47
2022-11-24,60826.35,56455.74
2022-11-25,60469.26,56516.77
2022-11-26,60469.26,56516.77
2022-11-27,60469.26,56516.77
2022-11-28,60460.7,56454.53
2022-11-29,60057.75,56399.2
2022-11-30,60032.98,56440.92
2022-12-01,60162.88,56412.43
2022-12-02,60144.82,56793.49
2022-12-03,60144.82,56793.49
2022-12-04,60144.82,56793.49
2022-12-05,59997.0,57330.71
2022-12-06,60011.52,57419.61
2022-12-07,59527.48,57171.81
2022-12-08,59527.48,57171.81
2022-12-09,59237.2,56864.43
2022-12-10,59237.2,56864.43
2022-12-11,59237.2,56864.43
2022-12-12,58356.33,56922.8
2022-12-13,58246.99,56759.12
2022-12-14,58506.31,56995.04
2022-12-15,58584.21,56971.81
2022-12-16,58569.6,56897.71
2022-12-17,58569.6,56897.71
2022-12-18,58569.6,56897.71
2022-12-19,58794.86,56802.51
2022-12-20,58870.58,56746.14
2022-12-21,59015.58,56612.92
2022-12-22,58785.86,56695.92
2022-12-23,57998.66,56674.79
2022-12-24,57998.66,56674.79
2022-12-25,57998.66,56674.79
2022-12-26,58563.41,56692.53
2022-12-27,58720.9,56656.83
2022-12-28,58544.96,56820.25
2022-12-29,57486.64,57016.31
2022-12-30,57907.77,57013.73
2022-12-31,57907.77,57013.73
2023-01-01,57907.77,57013.73
2023-01-02,57907.77,57013.73
2023-01-03,57668.53,57278.05
2023-01-04,57393.56,57192.09
2023-01-05,57820.12,57051.58
2023-01-06,58046.21,56779.86
2023-01-07,58046.21,56779.86
2023-01-08,58046.21,56779.86
2023-01-09,58184.05,56978.18
2023-01-10,58138.74,57027.95
2023-01-11,58067.74,57159.01
2023-01-12,58009.66,57456.55
2023-01-13,58238.54,57620.87
2023-01-14,58238.54,57620.87
2023-01-15,58238.54,57620.87
2023-01-16,58570.17,57366.84
2023-01-17,58492.08,57145.91
2023-01-18,58426.78,57021.87
2023-01-19,57961.44,57052.81
2023-01-20,58604.75,56963.2
2023-01-21,58604.75,56963.2
2023-01-22,58604.75,56963.2
2023-01-23,58517.84,56796.92
2023-01-24,58488.45,57051.23
2023-01-25,58070.62,57062.2
2023-01-26,58052.91,56987.59
2023-01-27,58391.39,57091.82
2023-01-28,58391.39,57091.82
2023-01-29,58391.39,57091.82
2023-01-30,58495.83,57127.45
2023-01-31,58613.15,56976.09
2023-02-01,58298.62,56489.45
2023-02-02,57925.95,56494.14
2023-02-03,57613.48,56697.06
2023-02-04,57613.48,56697.06
2023-02-05,57613.48,56697.06
2023-02-06,57607.3,56517.66
2023-02-07,57931.34,56181.59
2023-02-08,57728.52,56079.01
2023-02-09,57344.79,55913.11
2023-02-10,57532.19,55882.58
2023-02-11,57532.19,55882.58
2023-02-12,57532.19,55882.58
2023-02-13,57581.12,55709.77
2023-02-14,57504.97,55556.88
2023-02-15,57227.45,55480.58
2023-02-16,57206.82,55347.48
2023-02-17,57305.64,55372.94
2023-02-18,57305.64,55372.94
2023-02-19,57305.64,55372.94
2023-02-20,56828.83,55320.21
2023-02-21,56978.09,55506.53
2023-02-22,56743.4,55231.4
2023-02-23,56553.27,55397.82
2023-02-24,56943.28,55528.31
2023-02-25,56943.28,55528.31
2023-02-26,56943.28,55528.31
2023-02-27,57340.28,55709.36
2023-02-28,58136.68,55848.76
2023-03-01,58067.12,55906.69
2023-03-02,57561.93,55663.86
2023-03-03,57381.87,55375.07
2023-03-04,57381.87,55375.07
2023-03-05,57381.87,55375.07
2023-03-06,57591.23,55515.03
2023-03-07,57232.23,55503.47
2023-03-08,56507.83,55484.8
2023-03-09,56681.78,55604.8
2023-03-10,56216.19,55522.47
2023-03-11,56216.19,55522.47
2023-03-12,56216.19,55522.47
2023-03-13,55503.24,55935.57
2023-03-14,55558.31,57082.33
2023-03-15,55460.42,56754.88
2023-03-16,55649.93,57060.68
2023-03-17,56158.03,57081.58
2023-03-18,56158.03,57081.58
2023-03-19,56158.03,57081.58
2023-03-20,56292.41,57258.44
2023-03-21,56123.06,57361.77
2023-03-22,56506.35,57401.15
2023-03-23,56280.85,57430.07
2023-03-24,55812.74,57548.86
2023-03-25,55812.74,57548.86
2023-03-26,55812.74,57548.86
2023-03-27,55895.31,57842.96
2023-03-28,55804.2,57634.13
2023-03-29,55658.25,57540.64
2023-03-30,55603.53,57664.32
2023-03-31,55823.0,57810.78
2023-04-01,55823.0,57810.78
2023-04-02,55823.0,57810.78
2023-04-03,56134.19,58024.85
2023-04-04,56761.34,58178.72
2023-04-05,57022.75,58165.8
2023-04-06,56805.89,58061.72
2023-04-07,56805.89,58061.72
2023-04-08,56805.89,58061.72
2023-04-09,56805.89,58061.72
2023-04-10,57034.14,58223.44
2023-04-11,57490.88,57973.72
2023-04-12,57329.65,57772.89
2023-04-13,56924.48,57589.64
2023-04-14,56818.52,57849.5
2023-04-15,56818.52,57849.5
2023-04-16,56818.52,57849.5
2023-04-17,56968.39,57792.27
2023-04-18,57276.47,57608.4
2023-04-19,56928.5,57534.78
2023-04-20,56659.81,57325.09
2023-04-21,56206.51,57386.0
2023-04-22,56206.51,57386.0
2023-04-23,56206.51,57386.0
2023-04-24,55863.52,57347.01
2023-04-25,56864.13,57095.96
2023-04-26,56452.53,57386.26
2023-04-27,55957.08,57396.34
2023-04-28,56088.76,57325.82
2023-04-29,56088.76,57325.82
2023-04-30,56088.76,57325.82
2023-05-01,56088.76,57325.82
2023-05-02,56453.81,57476.6
2023-05-03,56360.58,57504.41
2023-05-04,56196.31,57570.62
2023-05-05,55778.83,57569.43
2023-05-06,55778.83,57569.43
2023-05-07,55778.83,57569.43
2023-05-08,55978.91,57608.34
2023-05-09,56126.0,57569.03
2023-05-10,55831.3,57344.17
2023-05-11,55719.66,57325.9
2023-05-12,56085.0,57391.05
2023-05-13,56085.0,57391.05
2023-05-14,56085.0,57391.05
2023-05-15,55517.08,57247.78
2023-05-16,55587.08,57080.16
2023-05-17,55980.3,57004.21
2023-05-18,56188.37,57174.61
2023-05-19,56143.8,57133.54
2023-05-20,56143.8,57133.54
2023-05-21,56143.8,57133.54
2023-05-22,56302.03,57178.66
2023-05-23,56541.1,57032.18
2023-05-24,56380.0,56944.75
2023-05-25,56305.66,56929.32
2023-05-26,56190.49,56757.21
2023-05-27,56190.49,56757.21
2023-05-28,56190.49,56757.21
2023-05-29,56080.35,56668.68
2023-05-30,55996.26,56736.73
2023-05-31,55954.13,56757.03
2023-06-01,55948.26,56936.34
2023-06-02,56076.65,57108.01
2023-06-03,56076.65,57108.01
2023-06-04,56076.65,57108.01
2023-06-05,56517.31,57148.37
2023-06-06,56497.08,57269.86
2023-06-07,56682.99,57363.1
2023-06-08,56576.71,57442.19
2023-06-09,56491.68,57382.2
2023-06-10,56491.68,57382.2
2023-06-11,56491.68,57382.2
2023-06-12,56476.22,57448.98
2023-06-13,57689.69,57467.24
2023-06-14,57863.05,57541.15
2023-06-15,57724.18,57542.81
2023-06-16,57989.62,57727.48
2023-06-17,57989.62,57727.48
2023-06-18,57989.62,57727.48
2023-06-19,57856.3,57793.65
2023-06-20,57858.23,57765.68
2023-06-21,57858.23,57765.68
2023-06-22,57778.12,58041.61
2023-06-23,57874.22,58006.72
2023-06-24,57874.22,58006.72
2023-06-25,57874.22,58006.72
2023-06-26,57874.22,58006.72
2023-06-27,57587.98,58017.89
2023-06-28,57380.98,57955.57
2023-06-29,57340.79,57967.22
2023-06-30,57518.73,57750.15
2023-07-01,57518.73,57750.15
2023-07-02,57518.73,57750.15
2023-07-03,57891.4,57826.22
2023-07-04,58100.74,57810.97
2023-07-05,58005.63,57700.07
2023-07-06,57770.54,57609.2
2023-07-07,57493.31,57517.89
2023-07-08,57493.31,57517.89
2023-07-09,57493.31,57517.89
2023-07-10,57843.33,57382.76
2023-07-11,58316.35,57369.93
2023-07-12,58905.16,57025.13
2023-07-13,59125.88,56897.54
2023-07-14,59448.57,57148.38
2023-07-15,59448.57,57148.38
2023-07-16,59448.57,57148.38
2023-07-17,59643.52,57115.76
2023-07-18,60048.25,57141.87
2023-07-19,59994.99,57202.06
2023-07-20,59869.78,57267.57
2023-07-21,59503.76,57153.99
2023-07-22,59503.76,57153.99
2023-07-23,59503.76,57153.99
2023-07-24,60291.67,57070.09
2023-07-25,60795.98,57024.76
2023-07-26,61242.15,57054.44
2023-07-27,61110.24,57088.07
2023-07-28,61074.26,57026.42
2023-07-29,61074.26,57026.42
2023-07-30,61074.26,57026.42
2023-07-31,61497.48,57028.48
2023-08-01,62504.51,57580.83
2023-08-02,62296.8,57366.12
2023-08-03,61989.49,56982.99
2023-08-04,62113.36,56650.83
2023-08-05,62113.36,56650.83
2023-08-06,62113.36,56650.83
2023-08-07,61889.56,56828.72
2023-08-08,62270.1,56730.87
2023-08-09,62391.42,56907.74
2023-08-10,62180.68,56675.73
2023-08-11,61835.61,56640.72
2023-08-12,61835.61,56640.72
2023-08-13,61835.61,56640.72
2023-08-14,61469.64,56416.31
2023-08-15,61469.64,56416.31
2023-08-16,61119.13,56344.29
2023-08-17,60837.52,56256.45
2023-08-18,60822.17,56072.17
2023-08-19,60822.17,56072.17
2023-08-20,60822.17,56072.17
2023-08-21,60771.9,55907.57
2023-08-22,60784.52,55654.76
2023-08-23,60819.77,55560.16
2023-08-24,60896.27,55777.4
2023-08-25,60341.65,55927.9
2023-08-26,60341.65,55927.9
2023-08-27,60341.65,55927.9
2023-08-28,59604.02,55975.08
2023-08-29,60170.42,56100.0
2023-08-30,61118.92,56206.97
2023-08-31,61046.47,56349.81
2023-09-01,60828.9,56367.04
2023-09-02,60828.9,56367.04
2023-09-03,60828.9,56367.04
2023-09-04,60807.3,56323.04
2023-09-05,61181.41,56351.35
2023-09-06,61511.49,56383.7
2023-09-07,61439.28,56216.76
2023-09-08,61452.31,56210.16
2023-09-09,61452.31,56210.16
2023-09-10,61452.31,56210.16
2023-09-11,62080.52,56232.88
2023-09-12,62228.76,56132.73
2023-09-13,62564.36,55991.73
2023-09-14,62110.39,55844.42
2023-09-15,62311.27,55825.09
2023-09-16,62311.27,55825.09
2023-09-17,62311.27,55825.09
2023-09-18,62311.27,55825.09
2023-09-19,62311.27,55825.09
2023-09-20,62126.51,55826.52
2023-09-21,61644.28,55701.64
2023-09-22,61317.6,55408.0
2023-09-23,61317.6,55408.0
2023-09-24,61317.6,55408.0
2023-09-25,61303.98,55342.8
2023-09-26,61587.24,55218.64
2023-09-27,61371.39,54810.5
2023-09-28,61283.24,54555.16
2023-09-29,61534.14,54239.85
2023-09-30,61534.14,54239.85
2023-10-01,61534.14,54239.85
2023-10-02,61123.16,54328.87
2023-10-03,61027.9,54023.19
2023-10-04,61005.29,53538.89
2023-10-05,60792.46,53588.09
2023-10-06,60940.16,53636.0
2023-10-07,60940.16,53636.0
2023-10-08,60940.16,53636.0
2023-10-09,60940.16,53636.0
2023-10-10,61326.06,53606.75
2023-10-11,62414.13,54090.8
2023-10-12,62579.04,54327.58
2023-10-13,62858.39,54194.92
2023-10-14,62858.39,54194.92
2023-10-15,62858.39,54194.92
2023-10-16,63037.7,54631.76
2023-10-17,63128.73,54510.06
2023-10-18,63310.39,54146.66
2023-10-19,62264.35,53516.67
2023-10-20,61897.32,53176.58
2023-10-21,61897.32,53176.58
2023-10-22,61897.32,53176.58
2023-10-23,61468.37,52913.11
2023-10-24,61067.14,52860.23
2023-10-25,60821.14,52562.68
2023-10-26,60174.29,52355.28
2023-10-27,60174.29,52355.28
2023-10-28,60174.29,52355.28
2023-10-29,60174.29,52355.28
2023-10-30,60505.48,52697.12
2023-10-31,59618.6,52374.09
2023-11-01,59618.6,52374.09
2023-11-02,59195.78,52175.9
2023-11-03,59510.02,53211.25
2023-11-04,59510.02,53211.25
2023-11-05,59510.02,53211.25
2023-11-06,60020.16,53954.48
2023-11-07,60169.35,53896.7
2023-11-08,60473.4,54167.79
2023-11-09,60936.15,54695.05
2023-11-10,61100.63,54591.6
2023-11-11,61100.63,54591.6
2023-11-12,61100.63,54591.6
2023-11-13,61784.62,54551.94
2023-11-14,62157.31,54634.65
2023-11-15,62311.41,55301.46
2023-11-16,61819.66,55426.21
2023-11-17,61191.27,55811.34
2023-11-18,61191.27,55811.34
2023-11-19,61191.27,55811.34
2023-11-20,61538.84,55879.65
2023-11-21,61689.06,55742.01
2023-11-22,61323.55,55846.01
2023-11-23,61360.18,55924.94
2023-11-24,61259.32,56065.2
2023-11-25,61259.32,56065.2
2023-11-26,61259.32,56065.2
2023-11-27,61301.74,55993.8
2023-11-28,61072.58,56121.76
2023-11-29,61138.04,56328.6
2023-11-30,61139.74,56735.73
2023-12-01,61276.77,56692.15
2023-12-02,61276.77,56692.15
2023-12-03,61276.77,56692.15
2023-12-04,61201.89,56830.25
2023-12-05,61003.98,56829.76
2023-12-06,61434.93,57121.88
2023-12-07,61631.22,57355.35
2023-12-08,61631.22,57355.35
2023-12-09,61631.22,57355.35
2023-12-10,61631.22,57355.35
2023-12-11,61505.01,57574.63
2023-12-12,62132.44,57436.74
2023-12-13,62199.58,57640.29
2023-12-14,62453.62,57781.1
2023-12-15,62965.57,58817.56
2023-12-16,62965.57,58817.56
2023-12-17,62965.57,58817.56
2023-12-18,63304.85,59004.24
2023-12-19,63296.92,58855.64
2023-12-20,62898.51,58811.93
2023-12-21,62898.55,59295.82
2023-12-22,63446.08,59123.31
2023-12-23,63446.08,59123.31
2023-12-24,63446.08,59123.31
2023-12-25,63446.08,59123.31
2023-12-26,64179.59,59145.06
2023-12-27,65050.76,59133.88
2023-12-28,64858.47,59266.64
2023-12-29,65063.54,59113.35
2023-12-30,65063.54,59113.35
2023-12-31,65063.54,59113.35
2024-01-01,65063.54,59113.35
2024-01-02,64558.15,59158.74
2024-01-03,64235.48,58807.17
2024-01-04,63965.13,58505.2
2024-01-05,63601.1,58315.03
2024-01-06,63601.1,58315.03
2024-01-07,63601.1,58315.03
2024-01-08,64020.1,58234.21
2024-01-09,64625.96,58087.37
2024-01-10,65210.0,58102.27
2024-01-11,65477.56,58140.33
2024-01-12,65057.77,58077.54
2024-01-13,65057.77,58077.54
2024-01-14,65057.77,58077.54
2024-01-15,65014.63,58330.67
2024-01-16,65102.96,58410.82
2024-01-17,65161.88,58299.53
2024-01-18,64692.99,58108.75
2024-01-19,64463.71,57945.82
2024-01-20,64463.71,57945.82
2024-01-21,64463.71,57945.82
2024-01-22,64252.49,57786.25
2024-01-23,63987.22,57834.47
2024-01-24,64326.93,57887.67
2024-01-25,64740.88,58138.93
2024-01-26,65018.22,58207.3
2024-01-27,65018.22,58207.3
2024-01-28,65018.22,58207.3
2024-01-29,65339.95,58203.42
2024-01-30,66080.62,58408.57
2024-01-31,66134.99,58540.45
2024-02-01,65925.09,59026.68
2024-02-02,66552.73,59482.02
2024-02-03,66552.73,59482.02
2024-02-04,66552.73,59482.02
2024-02-05,66709.55,59278.97
2024-02-06,67088.61,58999.66
2024-02-07,67372.64,59079.05
2024-02-08,67519.79,59247.07
2024-02-09,68009.6,59218.38
2024-02-10,68009.6,59218.38
2024-02-11,68009.6,59218.38
2024-02-12,68750.76,59339.17
2024-02-13,69210.6,59448.6
2024-02-14,68461.34,59110.89
2024-02-15,68123.85,59036.3
2024-02-16,68796.43,59264.28
2024-02-17,68796.43,59264.28
2024-02-18,68796.43,59264.28
2024-02-19,69311.16,59053.85
2024-02-20,69301.01,59067.68
2024-02-21,69139.93,59181.24
2024-02-22,69350.65,59042.66
2024-02-23,70047.36,58868.54
2024-02-24,70047.36,58868.54
2024-02-25,70047.36,58868.54
2024-02-26,70665.46,58573.86
2024-02-27,70701.01,58524.83
2024-02-28,70849.05,58312.74
2024-02-29,70380.02,58222.61
2024-03-01,70116.4,58388.89
2024-03-02,70116.4,58388.89
2024-03-03,70116.4,58388.89
2024-03-04,70409.08,58659.3
2024-03-05,70641.07,58757.08
2024-03-06,70592.56,59178.18
2024-03-07,71283.74,59423.61
2024-03-08,71619.2,59728.69
2024-03-09,71619.2,59728.69
2024-03-10,71619.2,59728.69
2024-03-11,70546.59,59886.8
2024-03-12,70669.29,59855.28
2024-03-13,70922.52,59601.24
2024-03-14,70037.08,59370.52
2024-03-15,69583.71,59039.84
2024-03-16,69583.71,59039.84
2024-03-17,69583.71,59039.84
2024-03-18,69204.62,58935.72
2024-03-19,69495.45,58785.85
2024-03-20,70351.88,58852.28
2024-03-21,71565.82,58847.25
2024-03-22,71665.23,58894.0
2024-03-23,71665.23,58894.0
2024-03-24,71665.23,58894.0
2024-03-25,71925.27,59028.86
2024-03-26,71620.94,59011.36
2024-03-27,71904.05,58988.77
2024-03-28,72253.9,59216.43
2024-03-29,72253.9,59216.43
2024-03-30,72253.9,59216.43
2024-03-31,72253.9,59216.43
2024-04-01,72438.01,59312.98
2024-04-02,72289.91,59096.57
2024-04-03,71921.46,58863.88
2024-04-04,71003.37,58848.09
2024-04-05,69794.08,58705.87
2024-04-06,69794.08,58705.87
2024-04-07,69794.08,58705.87
2024-04-08,70073.43,58535.32
2024-04-09,70058.51,58165.59
2024-04-10,69960.61,58355.46
2024-04-11,69992.36,57970.09
2024-04-12,70253.32,57778.16
2024-04-13,70253.32,57778.16
2024-04-14,70253.32,57778.16
2024-04-15,69975.88,57913.45
2024-04-16,70107.58,57501.88
2024-04-17,69766.04,56986.76
2024-04-18,69251.36,57126.63
2024-04-19,68805.84,56823.84
2024-04-20,68805.84,56823.84
2024-04-21,68805.84,56823.84
2024-04-22,68064.3,57009.0
2024-04-23,68211.05,57141.77
2024-04-24,68624.62,57207.72
2024-04-25,68749.99,57080.07
2024-04-26,68120.07,56888.8
2024-04-27,68120.07,56888.8
2024-04-28,68120.07,56888.8
2024-04-29,68627.32,57127.76
2024-04-30,68929.66,57331.02
2024-05-01,68929.66,57331.02
2024-05-02,68974.52,57419.53
2024-05-03,69465.6,57635.88
2024-05-04,69465.6,57635.88
2024-05-05,69465.6,57635.88
2024-05-06,69143.56,57995.87
2024-05-07,69016.67,58172.81
2024-05-08,69410.88,58352.38
2024-05-09,69458.02,58329.31
2024-05-10,69404.88,58268.33
2024-05-11,69404.88,58268.33
2024-05-12,69404.88,58268.33
2024-05-13,68825.9,58074.97
2024-05-14,68935.98,57974.07
2024-05-15,68870.34,58023.54
2024-05-16,68920.89,58469.84
2024-05-17,68481.96,58451.5
2024-05-18,68481.96,58451.5
2024-05-19,68481.96,58451.5
2024-05-20,68315.69,58401.22
2024-05-21,68315.69,58401.22
2024-05-22,67614.09,58430.86
2024-05-23,68426.43,58343.86
2024-05-24,68398.38,58137.64
2024-05-25,68398.38,58137.64
2024-05-26,68398.38,58137.64
2024-05-27,68180.54,58169.48
2024-05-28,68115.05,58156.18
2024-05-29,67805.02,57883.16
2024-05-30,67656.49,57617.1
2024-05-31,68193.04,57685.57
2024-06-01,68193.04,57685.57
2024-06-02,68193.04,57685.57
2024-06-03,68330.77,57795.43
2024-06-04,67818.79,58088.62
2024-06-05,67604.5,58355.74
2024-06-06,68118.71,58527.29
2024-06-07,68484.48,58613.28
2024-06-08,68484.48,58613.28
2024-06-09,68484.48,58613.28
2024-06-10,68423.04,58415.58
2024-06-11,68618.88,58428.81
2024-06-12,68558.62,58443.04
2024-06-13,68404.18,58647.83
2024-06-14,68552.24,58650.07
2024-06-15,68552.24,58650.07
2024-06-16,68552.24,58650.07
2024-06-17,68910.49,58670.87
2024-06-18,69534.27,58371.83
2024-06-19,69666.89,58366.89
2024-06-20,69666.89,58366.89
2024-06-21,69195.72,57995.12
2024-06-22,69195.72,57995.12
2024-06-23,69195.72,57995.12
2024-06-24,69469.97,57960.88
2024-06-25,69839.84,57891.7
2024-06-26,69785.43,57905.63
2024-06-27,69962.25,57618.45
2024-06-28,70253.64,57638.06
2024-06-29,70253.64,57638.06
2024-06-30,70253.64,57638.06
2024-07-01,69763.77,57568.84
2024-07-02,69513.05,57326.96
2024-07-03,69709.11,57321.31
2024-07-04,69845.35,57487.36
2024-07-05,69869.73,57476.61
2024-07-06,69869.73,57476.61
2024-07-07,69869.73,57476.61
2024-07-08,69831.63,57708.47
2024-07-09,70192.82,57885.61
2024-07-10,69864.06,57910.84
2024-07-11,69459.57,57940.64
2024-07-12,69335.87,58382.67
2024-07-13,69335.87,58382.67
2024-07-14,69335.87,58382.67
2024-07-15,69634.94,58527.46
2024-07-16,69634.94,58527.46
2024-07-17,69924.62,58517.71
2024-07-18,70362.78,58784.15
2024-07-19,70960.85,58909.46
2024-07-20,70960.85,58909.46
2024-07-21,70960.85,58909.46
2024-07-22,70746.76,58855.47
2024-07-23,71292.04,58911.75
2024-07-24,70926.95,58980.29
2024-07-25,70303.08,59062.08
2024-07-26,70025.73,59222.51
2024-07-27,70025.73,59222.51
2024-07-28,70025.73,59222.51
2024-07-29,70739.07,59422.82
2024-07-30,71016.91,59482.98
2024-07-31,71071.11,59608.37
2024-08-01,71034.41,59817.02
2024-08-02,70149.97,60251.81
2024-08-03,70149.97,60251.81
2024-08-04,70149.97,60251.81
2024-08-05,69934.01,61143.3
2024-08-06,68984.24,61492.4
2024-08-07,68722.99,61172.19
2024-08-08,68662.96,61058.09
2024-08-09,68941.44,61076.97
2024-08-10,68941.44,61076.97
2024-08-11,68941.44,61076.97
2024-08-12,69120.74,61203.7
2024-08-13,69192.98,61327.73
2024-08-14,69917.46,61775.31
2024-08-15,69917.46,61775.31
2024-08-16,70435.15,62013.1
2024-08-17,70435.15,62013.1
2024-08-18,70435.15,62013.1
2024-08-19,70943.38,61973.64
2024-08-20,71177.32,62150.09
2024-08-21,70702.94,62512.12
2024-08-22,70668.38,62728.71
2024-08-23,70295.11,62636.89
2024-08-24,70295.11,62636.89
2024-08-25,70295.11,62636.89
2024-08-26,70489.39,62937.56
2024-08-27,70150.58,62938.33
2024-08-28,70022.78,62913.88
2024-08-29,70080.44,62910.15
2024-08-30,70455.81,62849.55
2024-08-31,70455.81,62849.55
2024-09-01,70455.81,62849.55
2024-09-02,70515.18,62893.42
2024-09-03,70478.96,62851.28
2024-09-04,70447.2,63131.57
2024-09-05,71146.39,63770.16
2024-09-06,71299.65,63971.79
2024-09-07,71299.65,63971.79
2024-09-08,71299.65,63971.79
2024-09-09,70830.21,64398.01
2024-09-10,71159.49,64648.71
2024-09-11,71302.24,65239.38
2024-09-12,71262.4,65433.39
2024-09-13,71106.5,65445.45
2024-09-14,71106.5,65445.45
2024-09-15,71106.5,65445.45
2024-09-16,71142.38,65629.14
2024-09-17,71206.66,65632.48
2024-09-18,71206.66,65632.48
2024-09-19,71206.66,65632.48
2024-09-20,71206.66,65632.48
2024-09-21,71206.66,65632.48
2024-09-22,71206.66,65632.48
2024-09-23,71721.34,65495.76
2024-09-24,71726.87,65487.3
2024-09-25,71569.47,65659.34
2024-09-26,71418.58,65735.0
2024-09-27,71538.67,66090.31
2024-09-28,71538.67,66090.31
2024-09-29,71538.67,66090.31
2024-09-30,71488.24,66557.25
2024-10-01,71609.89,66501.36
2024-10-02,71656.08,67045.98
2024-10-03,72184.2,66705.8
2024-10-04,72359.69,66192.76
2024-10-05,72359.69,66192.76
2024-10-06,72359.69,66192.76
2024-10-07,72834.12,65368.51
2024-10-08,72737.95,65001.14
2024-10-09,73117.26,64811.17
2024-10-10,72931.04,64423.8
2024-10-11,72691.76,64099.84
2024-10-12,72691.76,64099.84
2024-10-13,72691.76,64099.84
2024-10-14,72675.45,63962.68
2024-10-15,72892.52,63798.46
2024-10-16,73060.68,63770.7
2024-10-17,73404.68,64445.9
2024-10-18,73380.54,64320.53
2024-10-19,73380.54,64320.53
2024-10-20,73380.54,64320.53
2024-10-21,73959.91,64545.71
2024-10-22,73895.16,64232.64
2024-10-23,73404.46,63891.71
2024-10-24,73005.91,63373.5
2024-10-25,72978.78,63541.51
2024-10-26,72978.78,63541.51
2024-10-27,72978.78,63541.51
2024-10-28,73145.1,63520.85
2024-10-29,73012.76,63084.1
2024-10-30,73229.75,62975.39
2024-10-31,73229.75,62975.39
2024-11-01,73229.75,62975.39
2024-11-02,73229.75,62975.39
2024-11-03,73229.75,62975.39
2024-11-04,73087.63,62987.48
2024-11-05,72910.91,63143.03
2024-11-06,73266.82,63162.9
2024-11-07,74438.87,62764.65
2024-11-08,74075.36,63205.45
2024-11-09,74075.36,63205.45
2024-11-10,74075.36,63205.45
2024-11-11,74356.21,63512.15
2024-11-12,75496.26,63486.4
2024-11-13,74964.93,62924.55
2024-11-14,74737.17,63174.94
2024-11-15,74110.66,63098.93
2024-11-16,74110.66,63098.93
2024-11-17,74110.66,63098.93
2024-11-18,73712.11,62990.27
2024-11-19,74096.19,63251.91
2024-11-20,74062.01,63498.47
2024-11-21,74044.76,63412.81
2024-11-22,74127.75,63509.15
2024-11-23,74127.75,63509.15
2024-11-24,74127.75,63509.15
2024-11-25,74874.23,63403.92
2024-11-26,75018.99,63786.04
2024-11-27,74871.88,64002.35
2024-11-28,75134.28,64538.11
2024-11-29,75014.62,64586.36
2024-11-30,75014.62,64586.36
2024-12-01,75014.62,64586.36
2024-12-02,75340.61,64999.96
2024-12-03,75505.42,64832.57
2024-12-04,75275.78,64849.3
2024-12-05,75483.57,64933.37
2024-12-06,75345.16,64855.11
2024-12-07,75345.16,64855.11
2024-12-08,75345.16,64855.11
2024-12-09,75433.92,64970.83
2024-12-10,75551.23,64964.77
2024-12-11,75248.22,64835.28
2024-12-12,75639.95,64729.67
2024-12-13,75319.81,64401.55
2024-12-14,75319.81,64401.55
2024-12-15,75319.81,64401.55
2024-12-16,75446.22,64091.29
2024-12-17,75714.64,63896.65
2024-12-18,75445.86,63607.32
2024-12-19,74340.19,63500.63
2024-12-20,74039.02,62676.2
2024-12-21,74039.02,62676.2
2024-12-22,74039.02,62676.2
2024-12-23,74138.28,62885.25
2024-12-24,74164.26,62371.94
2024-12-25,74164.26,62371.94
2024-12-26,74219.57,62083.59
2024-12-27,74289.8,61771.11
2024-12-28,74289.8,61771.11
2024-12-29,74289.8,61771.11
2024-12-30,74210.53,61461.66
2024-12-31,73991.94,61973.4
2025-01-01,73991.94,61973.4
2025-01-02,74140.03,61932.43
2025-01-03,74160.86,62131.0
2025-01-04,74160.86,62131.0
2025-01-05,74160.86,62131.0
2025-01-06,75121.19,62109.55
2025-01-07,75341.29,61885.96
2025-01-08,74829.19,61402.56
2025-01-09,74883.05,61011.52
2025-01-10,74730.46,61092.03
2025-01-11,74730.46,61092.03
2025-01-12,74730.46,61092.03
2025-01-13,74167.99,60537.18
2025-01-14,74106.86,60292.29
2025-01-15,74048.31,60014.53
2025-01-16,74886.36,60646.85
2025-01-17,75687.28,60973.02
2025-01-18,75687.28,60973.02
2025-01-19,75687.28,60973.02
2025-01-20,76081.54,61175.34
2025-01-21,75718.2,61268.57
2025-01-22,76164.59,61843.18
2025-01-23,75922.09,62107.01
2025-01-24,75707.28,61907.22
2025-01-25,75707.28,61907.22
2025-01-26,75707.28,61907.22
2025-01-27,75551.06,62018.61
2025-01-28,75286.44,62472.79
2025-01-29,75769.15,62313.46
2025-01-30,75799.12,62104.31
2025-01-31,76104.86,62064.51
2025-02-01,76104.86,62064.51
2025-02-02,76104.86,62064.51
2025-02-03,75890.48,62018.51
2025-02-04,75538.77,61869.81
2025-02-05,75547.63,61940.95
2025-02-06,75415.51,62391.99
2025-02-07,75468.32,62385.19
2025-02-08,75468.32,62385.19
2025-02-09,75468.32,62385.19
2025-02-10,74724.99,62388.96
2025-02-11,74902.49,62539.71
2025-02-12,74834.33,62362.55
2025-02-13,74172.58,61639.95
2025-02-14,74333.91,61940.05
2025-02-15,74333.91,61940.05
2025-02-16,74333.91,61940.05
2025-02-17,74254.48,62218.65
2025-02-18,74727.6,62105.8
2025-02-19,74934.53,61751.11
2025-02-20,74983.74,61684.63
2025-02-21,74692.87,61879.54
2025-02-22,74692.87,61879.54
2025-02-23,74692.87,61879.54
2025-02-24,74285.01,62166.11
2025-02-25,74357.01,62373.22
2025-02-26,74044.59,62963.27
2025-02-27,74291.69,62872.46
2025-02-28,74307.95,62758.35
2025-03-01,74307.95,62758.35
2025-03-02,74307.95,62758.35
2025-03-03,74572.1,63167.19
2025-03-04,74286.23,63261.43
2025-03-05,73638.0,63751.38
2025-03-06,73422.53,63327.94
2025-03-07,72666.9,63234.58
2025-03-08,72666.9,63234.58
2025-03-09,72666.9,63234.58
2025-03-10,72951.65,63391.73
2025-03-11,72456.87,63854.97
2025-03-12,72516.65,63885.86
2025-03-13,72234.34,63663.71
2025-03-14,72507.83,63770.14
2025-03-15,72507.83,63770.14
2025-03-16,72507.83,63770.14
2025-03-17,72889.19,63661.29
2025-03-18,72881.8,63639.33
2025-03-19,72600.48,63631.87
2025-03-20,72897.06,63691.93
2025-03-21,73302.95,64056.02
2025-03-22,73302.95,64056.02
2025-03-23,73302.95,64056.02
2025-03-24,73555.51,64189.87
2025-03-25,73521.36,63814.39
2025-03-26,73275.63,63849.35
2025-03-27,72949.69,63698.92
2025-03-28,73509.85,63601.09
2025-03-29,73509.85,63601.09
2025-03-30,73509.85,63601.09
2025-03-31,73875.67,64105.93
2025-04-01,74160.6,64209.07
2025-04-02,74215.41,64710.68
2025-04-03,74537.23,64757.19
2025-04-04,73431.85,66143.08
2025-04-05,73431.85,66143.08
2025-04-06,73431.85,66143.08
2025-04-07,72887.1,67149.33
2025-04-08,71743.94,66727.64
2025-04-09,71584.22,66589.5
2025-04-10,73292.37,65372.54
2025-04-11,72602.14,65364.49
2025-04-12,72602.14,65364.49
2025-04-13,72602.14,65364.49
2025-04-14,72388.65,64446.06
2025-04-15,72808.77,64938.16
2025-04-16,73119.87,65157.37
2025-04-17,73069.39,65483.61
2025-04-18,73069.39,65483.61
2025-04-19,73069.39,65483.61
2025-04-20,73069.39,65483.61
2025-04-21,73213.09,65212.45
2025-04-22,72352.65,65084.06
2025-04-23,72583.18,64921.81
2025-04-24,72513.8,64975.89
2025-04-25,73294.05,65260.39
2025-04-26,73294.05,65260.39
2025-04-27,73294.05,65260.39
2025-04-28,73472.68,65369.79
2025-04-29,73861.46,65660.04
2025-04-30,74751.72,66035.65
2025-05-01,74751.72,66035.65
2025-05-02,75494.33,66246.68
2025-05-03,75494.33,66246.68
2025-05-04,75494.33,66246.68
2025-05-05,74762.13,65475.97
2025-05-06,74581.79,65300.98
2025-05-07,74594.02,65395.62
2025-05-08,75218.39,65552.25
2025-05-09,74871.02,64959.19
2025-05-10,74871.02,64959.19
2025-05-11,74871.02,64959.19
2025-05-12,74625.69,64982.99
2025-05-13,75796.45,64397.54
2025-05-14,76035.86,64290.72
2025-05-15,76044.66,63980.42
2025-05-16,76423.79,64491.29
2025-05-17,76423.79,64491.29
2025-05-18,76423.79,64491.29
2025-05-19,76737.23,64594.73
2025-05-20,76374.75,64577.94
2025-05-21,76374.75,64577.94
2025-05-22,76313.68,64574.87
2025-05-23,76212.59,64305.02
2025-05-24,76212.59,64305.02
2025-05-25,76212.59,64305.02
2025-05-26,75989.64,64481.18
2025-05-27,75963.76,64446.55
2025-05-28,76613.3,64747.47
2025-05-29,76318.35,64431.65
2025-05-30,76351.96,64655.83
2025-05-31,76351.96,64655.83
2025-06-01,76351.96,64655.83
2025-06-02,76365.72,64891.93
2025-06-03,76303.2,64731.76
2025-06-04,76690.11,64734.07
2025-06-05,76926.32,65130.46
2025-06-06,76436.13,64972.96
2025-06-07,76436.13,64972.96
2025-06-08,76436.13,64972.96
2025-06-09,76588.53,64505.92
2025-06-10,77013.15,64632.69
2025-06-11,77386.32,64650.55
2025-06-12,77591.75,64991.75
2025-06-13,77359.49,65116.17
2025-06-14,77359.49,65116.17
2025-06-15,77359.49,65116.17
2025-06-16,77097.95,64941.57
2025-06-17,77308.86,64860.63
2025-06-18,77251.84,65152.52
2025-06-19,77515.3,65254.21
2025-06-20,77515.3,65254.21
2025-06-21,77515.3,65254.21
2025-06-22,77515.3,65254.21
2025-06-23,77618.66,65293.54
2025-06-24,78170.12,65652.65
2025-06-25,78387.97,65771.92
2025-06-26,78346.72,65734.1
2025-06-27,78554.81,65846.54
2025-06-28,78554.81,65846.54
2025-06-29,78554.81,65846.54
2025-06-30,78907.27,65809.09
2025-07-01,79198.17,66093.69
2025-07-02,78798.58,65885.36
2025-07-03,78854.16,65777.58
2025-07-04,79111.83,65428.79
2025-07-05,79111.83,65428.79
2025-07-06,79111.83,65428.79
2025-07-07,79349.04,65488.42
2025-07-08,79337.75,65413.41
2025-07-09,79790.35,65326.35
2025-07-10,80294.25,65657.29
2025-07-11,80441.18,65619.71
2025-07-12,80441.18,65619.71
2025-07-13,80441.18,65619.71
2025-07-14,80291.48,65435.24
2025-07-15,80984.11,65279.45
2025-07-16,80984.11,65279.45
2025-07-17,80557.28,65049.45
2025-07-18,81044.1,65242.24
2025-07-19,81044.1,65242.24
2025-07-20,81044.1,65242.24
2025-07-21,80758.31,65364.23
2025-07-22,80673.19,65652.58
2025-07-23,80686.93,65876.43
2025-07-24,80728.4,65653.65
2025-07-25,80774.69,65504.25
2025-07-26,80774.69,65504.25
2025-07-27,80774.69,65504.25
2025-07-28,81241.22,65728.04
2025-07-29,81653.37,65730.91
2025-07-30,81890.82,66187.06
2025-07-31,82187.4,66141.56
2025-08-01,81779.34,66055.21
2025-08-02,81779.34,66055.21
2025-08-03,81779.34,66055.21
2025-08-04,81156.65,66968.61
2025-08-05,81734.29,67104.81
2025-08-06,81876.55,67114.23
2025-08-07,82808.74,67191.49
2025-08-08,82704.82,67079.46
2025-08-09,82704.82,67079.46
2025-08-10,82704.82,67079.46
2025-08-11,82508.81,67098.95
2025-08-12,82889.43,67251.99
2025-08-13,83058.25,67211.84
2025-08-14,83119.67,67440.33
2025-08-15,83119.67,67440.33
2025-08-16,83119.67,67440.33
2025-08-17,83119.67,67440.33
2025-08-18,83434.66,67171.49
2025-08-19,83894.69,67037.87
2025-08-20,83509.16,67016.19
2025-08-21,83445.01,66849.31
2025-08-22,83515.04,66645.39
2025-08-23,83515.04,66645.39
2025-08-24,83515.04,66645.39
2025-08-25,84436.82,67321.99
2025-08-26,84343.35,67277.25
2025-08-27,84581.83,67413.23
2025-08-28,84920.68,67630.64
2025-08-29,85233.54,67670.64
2025-08-30,85233.54,67670.64
2025-08-31,85233.54,67670.64
2025-09-01,84978.92,67609.6
2025-09-02,85256.69,67734.71
2025-09-03,85059.93,67497.99
2025-09-04,85192.75,67911.9
2025-09-05,85738.58,68006.14
2025-09-06,85738.58,68006.14
2025-09-07,85738.58,68006.14
2025-09-08,86029.34,68669.64
2025-09-09,86211.13,68692.79
2025-09-10,86040.43,68538.44
2025-09-11,86114.17,68570.35
2025-09-12,86419.62,68828.1
2025-09-13,86419.62,68828.1
2025-09-14,86419.62,68828.1
2025-09-15,86078.01,68526.54
2025-09-16,86254.67,68583.97
2025-09-17,86182.07,68687.47
2025-09-18,86182.07,68687.47
2025-09-19,86182.07,68687.47
2025-09-20,86182.07,68687.47
2025-09-21,86182.07,68687.47
2025-09-22,86535.07,68571.18
2025-09-23,86598.07,68119.52
2025-09-24,86656.61,68177.31
2025-09-25,86382.24,67800.57
2025-09-26,86079.62,67687.38
2025-09-27,86079.62,67687.38
2025-09-28,86079.62,67687.38
2025-09-29,86322.37,67896.95
2025-09-30,86900.59,68123.26
2025-10-01,87128.29,68301.75
2025-10-02,87131.59,68450.71
2025-10-03,87356.02,68546.77
2025-10-04,87356.02,68546.77
2025-10-05,87356.02,68546.77
2025-10-06,87437.87,68272.05
2025-10-07,87367.43,68104.76
2025-10-08,87143.41,68384.28
2025-10-09,86626.35,68357.1
2025-10-10,86314.85,68409.75
2025-10-11,86314.85,68409.75
2025-10-12,86314.85,68409.75
2025-10-13,85583.3,68844.35
2025-10-14,86367.35,69071.18
2025-10-15,86686.44,68986.73
2025-10-16,87154.43,68963.16
2025-10-17,87000.15,69203.67
2025-10-18,87000.15,69203.67
2025-10-19,87000.15,69203.67
2025-10-20,87124.14,69174.6
2025-10-21,87455.59,69291.5
2025-10-22,87416.5,69439.18
2025-10-23,86911.59,69167.08
2025-10-24,86756.58,68894.83
2025-10-25,86756.58,68894.83
2025-10-26,86756.58,68894.83
2025-10-27,87180.8,68858.96
2025-10-28,87480.91,69001.99
2025-10-29,87658.98,68990.87
2025-10-30,87471.83,68696.12
2025-10-31,87471.83,68696.12
2025-11-01,87471.83,68696.12
2025-11-02,87471.83,68696.12
2025-11-03,87406.75,68499.37
2025-11-04,87431.02,68473.9
2025-11-05,86954.83,68520.26
2025-11-06,87066.56,68280.12
2025-11-07,86863.21,68477.54
2025-11-08,86863.21,68477.54
2025-11-09,86863.21,68477.54
2025-11-10,87104.82,68434.51
2025-11-11,87623.25,68538.37
2025-11-12,87708.28,68703.81
2025-11-13,87668.62,68666.75
2025-11-14,86586.39,68571.1
2025-11-15,86586.39,68571.1
2025-11-16,86586.39,68571.1
2025-11-17,86550.47,68724.72
2025-11-18,85603.48,68951.47
2025-11-19,85577.0,69031.57
2025-11-20,85838.86,68938.99
2025-11-21,85625.02,69386.32
2025-11-22,85625.02,69386.32
2025-11-23,85625.02,69386.32
2025-11-24,85920.97,69413.0
2025-11-25,86680.95,69488.59
2025-11-26,87281.18,69665.03
2025-11-27,87561.38,69626.46
2025-11-28,87535.68,69669.58
2025-11-29,87535.68,69669.58
2025-11-30,87535.68,69669.58
2025-12-01,87707.65,69574.33
2025-12-02,87400.86,69179.2
2025-12-03,87507.24,69380.21
2025-12-04,87314.83,69115.21
2025-12-05,87314.47,68941.24
2025-12-06,87314.47,68941.24
2025-12-07,87314.47,68941.24
2025-12-08,87314.47,68941.24
2025-12-09,87185.35,68759.79
2025-12-10,87321.56,68519.51
2025-12-11,87670.55,68861.68
2025-12-12,87447.31,68850.18
2025-12-13,87447.31,68850.18
2025-12-14,87447.31,68850.18
2025-12-15,87170.98,68888.57
2025-12-16,86929.01,68756.72
2025-12-17,86463.27,68836.23
2025-12-18,86459.3,69021.89
2025-12-19,86521.28,69010.68
2025-12-20,86521.28,69010.68
2025-12-21,86521.28,69010.68
2025-12-22,86702.38,68906.78
2025-12-23,87058.99,68950.57
2025-12-24,87009.64,68858.87
2025-12-25,87009.64,68858.87
2025-12-26,87086.2,69062.68
2025-12-27,87086.2,69062.68
2025-12-28,87086.2,69062.68
2025-12-29,87278.28,69287.2
2025-12-30,87781.1,69259.34
2025-12-31,87888.82,69449.78
2026-01-01,87888.82,69449.78
2026-01-02,87298.38,69293.7
2026-01-03,87298.38,69293.7
2026-01-04,87298.38,69293.7
2026-01-05,87347.55,69333.72
2026-01-06,88505.27,69377.67
2026-01-07,88904.92,69520.48
2026-01-08,88452.24,69424.72
2026-01-09,88502.46,69264.51
2026-01-10,88502.46,69264.51
2026-01-11,88502.46,69264.51
2026-01-12,88774.17,69212.03
2026-01-13,88326.77,69072.82
2026-01-14,88454.44,69290.35
2026-01-15,88426.96,69400.77
2026-01-16,88752.8,69290.81
2026-01-17,88752.8,69290.81
2026-01-18,88752.8,69290.81
2026-01-19,88726.41,69152.39
2026-01-20,88889.0,69047.84
2026-01-21,88277.93,68937.32
2026-01-22,88370.31,68989.88
2026-01-23,88595.57,68988.16
2026-01-24,88595.57,68988.16
2026-01-25,88595.57,68988.16
2026-01-26,88741.82,69143.06
2026-01-27,88397.74,69018.57
2026-01-28,89058.92,68824.51
2026-01-29,88964.32,68726.84
2026-01-30,88956.12,69016.58
2026-01-31,88956.12,69016.58
2026-02-01,88956.12,69016.58
2026-02-02,88942.77,69155.35
2026-02-03,88889.37,68861.97
2026-02-04,88976.75,68871.67
2026-02-05,88415.92,68895.34
2026-02-06,88420.35,69395.89
2026-02-07,88420.35,69395.89
2026-02-08,88420.35,69395.89
2026-02-09,88711.36,69283.28
2026-02-10,89104.16,69454.3
2026-02-11,89135.49,69653.27
2026-02-12,89451.06,69585.0
2026-02-13,89105.83,69877.7
2026-02-14,89105.83,69877.7
2026-02-15,89105.83,69877.7
2026-02-16,89502.51,70219.56
2026-02-17,89511.54,70303.85
2026-02-18,89713.09,70100.03
2026-02-19,89651.53,69991.03
2026-02-20,89863.17,70000.53
2026-02-21,89863.17,70000.53
2026-02-22,89863.17,70000.53
2026-02-23,90322.78,70120.84
2026-02-24,90293.2,70358.32
2026-02-25,90695.48,70312.55
2026-02-26,90797.33,70255.46
2026-02-27,91060.33,70607.77
2026-02-28,91060.33,70607.77
2026-03-01,91060.33,70607.77
2026-03-02,91493.86,70995.57
2026-03-03,91263.42,70223.05
2026-03-04,90700.26,70234.48
2026-03-05,90135.87,70218.85
2026-03-06,90392.76,70128.71
2026-03-07,90392.76,70128.71
2026-03-08,90392.76,70128.71
2026-03-09,90606.34,70368.95
2026-03-10,90223.25,70675.04
2026-03-11,89743.36,70505.47
2026-03-12,89604.87,70295.17
2026-03-13,89043.4,69984.29
2026-03-14,89043.4,69984.29
2026-03-15,89043.4,69984.29
2026-03-16,89042.81,69965.9
2026-03-17,89565.58,69985.2
2026-03-18,89932.21,70183.27
2026-03-19,89729.8,69638.67
2026-03-20,89372.23,69226.94
2026-03-21,89372.23,69226.94
2026-03-22,89372.23,69226.94
2026-03-23,88354.05,68871.31
2026-03-24,88233.94,68924.62
2026-03-25,88133.73,69269.81
2026-03-26,88748.53,69228.4
2026-03-27,88297.02,68984.88
2026-03-28,88297.02,68984.88
2026-03-29,88297.02,68984.88
2026-03-30,88249.35,69560.03
2026-03-31,88302.13,70067.66
2026-04-01,89157.03,70233.89
2026-04-02,89560.52,70010.03
2026-04-03,89560.52,70010.03
2026-04-04,89560.52,70010.03
2026-04-05,89560.52,70010.03
2026-04-06,89571.49,70001.67
2026-04-07,89221.03,70097.76
2026-04-08,90323.18,70598.05
2026-04-09,90742.58,70609.34
2026-04-10,90868.08,70671.62
2026-04-11,90868.08,70671.62
2026-04-12,90868.08,70671.62
2026-04-13,91027.93,70603.62
2026-04-14,92117.21,70812.93
2026-04-15,92379.27,71007.02
2026-04-16,92574.8,71181.47
2026-04-17,93082.39,71225.72
2026-04-18,93082.39,71225.72
2026-04-19,93082.39,71225.72
2026-04-20,93031.67,71011.27
2026-04-21,93125.83,70832.35
2026-04-22,93151.67,70590.22
2026-04-23,93283.05,70486.43
2026-04-24,92957.18,70204.32
2026-04-25,92957.18,70204.32
2026-04-26,92957.18,70204.32
2026-04-27,93743.27,70339.44
2026-04-28,93608.01,70026.69
2026-04-29,93190.89,69744.63
2026-04-30,93328.17,69722.69
2026-05-01,93328.17,69722.69
2026-05-02,93328.17,69722.69
2026-05-03,93328.17,69722.69
2026-05-04,94130.76,69738.87
2026-05-05,94486.38,69488.82
2026-05-06,95041.32,69630.9
2026-05-07,95544.12,69827.73
2026-05-08,94891.11,69440.96
2026-05-09,94891.11,69440.96
2026-05-10,94891.11,69440.96
2026-05-11,95390.71,69625.45
2026-05-12,95528.88,69291.53
2026-05-13,95184.98,69223.01
2026-05-14,94677.34,69332.56
2026-05-15,94505.22,68691.99
2026-05-16,94505.22,68691.99
2026-05-17,94505.22,68691.99
2026-05-18,94201.49,68379.61
2026-05-19,93732.49,68235.33
2026-05-20,93425.15,67749.88
2026-05-21,93425.15,67749.88
2026-05-22,94602.08,68309.33
2026-05-23,94602.08,68309.33
2026-05-24,94602.08,68309.33
2026-05-25,95011.21,68384.65
2026-05-26,95190.05,68885.54
2026-05-27,96212.66,68807.4
2026-05-28,96193.02,68668.89
2026-05-29,96350.84,68793.13
2026-05-30,96350.84,68793.13
2026-05-31,96350.84,68793.13
2026-06-01,96278.8,68855.5
2026-06-02,96587.5,68968.87
2026-06-03,96256.33,68506.52
2026-06-04,96198.91,68623.58
2026-06-05,95732.97,68221.44
2026-06-06,95732.97,68221.44
2026-06-07,95732.97,68221.44
2026-06-08,94941.69,68057.55
2026-06-09,95353.63,67987.65
2026-06-10,95793.12,68103.47
2026-06-11,94832.07,67974.03
2026-06-12,95864.21,68341.48
2026-06-13,95864.21,68341.48
2026-06-14,95864.21,68341.48
2026-06-15,96492.01,68697.65
2026-06-16,97181.62,68973.22
2026-06-17,96643.92,69081.87
2026-06-18,96053.53,68864.25
2026-06-19,97475.15,68724.2
2026-06-20,97475.15,68724.2
2026-06-21,97475.15,68724.2
2026-06-22,97711.12,68560.05
2026-06-23,98372.08,68620.98
2026-06-24,97835.78,68802.49
2026-06-25,98279.36,69351.99
2026-06-26,98169.21,69438.87
2026-06-27,98169.21,69438.87
2026-06-28,98169.21,69438.87
2026-06-29,98169.21,69438.87
2026-06-30,98691.87,69435.31
2026-07-01,98936.88,68822.02
2026-07-02,99065.89,69023.47
2026-07-03,98218.21,68897.45
2026-07-04,98218.21,68897.45
2026-07-05,98218.21,68897.45
2026-07-06,98577.91,69064.36
2026-07-07,99111.26,69036.88
2026-07-08,98208.56,68585.4
2026-07-09,98242.54,68511.63
2026-07-10,98833.58,68601.28
2026-07-11,98833.58,68601.28
2026-07-12,98833.58,68601.28
2026-07-13,98503.45,68396.11
2026-07-14,97786.08,68266.87
2026-07-15,98067.79,68256.62
2026-07-16,98067.79,68256.62
2026-07-17,97341.12,68392.63
2026-07-18,97341.12,68392.63
2026-07-19,97341.12,68392.63
2026-07-20,97026.07,68278.28
2026-07-21,96919.94,68069.0
2026-07-22,97649.4,67515.74
2026-07-23,97814.15,67157.75
2026-07-24,98161.61,67219.01
2026-07-25,98161.61,67219.01
2026-07-26,98161.61,67219.01
2026-07-27,97927.15,67414.25
2026-07-28,97599.45,67506.95
2026-07-29,96404.51,67530.14
2026-07-30,95559.55,67353.57
2026-07-31,96003.55,67284.27
2026-08-01,96003.55,67284.27
2026-08-02,96003.55,67284.27
2026-08-03,96771.96,67230.88
2026-08-04,97102.98,67306.85
2026-08-05,97760.49,67502.3
2026-08-06,97847.15,67509.29
