published_at,available_at,broker,ticker,recommendation,target_price_min,target_price_max,currency,source_url,notes
2021-07-08,2021-07-08,Credicorp Capital,CHILE,Comprar,,,,,"Histórico validado, página 20"
2021-07-08,2021-07-08,Credicorp Capital,ENELCHILE,Mantener,,,,,"Histórico validado, página 20"
2021-07-09,2021-07-09,Credicorp Capital,CENCOSUD,Comprar,,,,,"Histórico validado, página 20"
2021-07-09,2021-07-09,Credicorp Capital,CMPC,Comprar,,,,,"Histórico validado, página 20"
2021-07-09,2021-07-09,Credicorp Capital,COPEC,Mantener,,,,,"Histórico validado, página 20"
2021-07-12,2021-07-12,Credicorp Capital,CMPC,Comprar,,,,,"Histórico validado, página 20"
2021-07-14,2021-07-14,Credicorp Capital,BSANTANDER,Comprar,,,,,"Histórico validado, página 20"
2021-07-14,2021-07-14,Credicorp Capital,CHILE,Comprar,,,,,"Histórico validado, página 20"
2021-07-14,2021-07-14,Credicorp Capital,ITAUCL,Inferior al mercado,,,,,"Histórico validado, página 20"
2021-07-15,2021-07-15,Credicorp Capital,ITAUCL,Inferior al mercado,,,,,"Histórico validado, página 19"
2021-07-19,2021-07-19,Credicorp Capital,AESANDES,Comprar,,,,,"Histórico validado, página 19"
2021-07-26,2021-07-26,Credicorp Capital,ITAUCL,Inferior al mercado,,,,,"Histórico validado, página 16"
2021-07-26,2021-07-26,Credicorp Capital,SONDA,Mantener,,,,,"Histórico validado, página 16"
2021-07-26,2021-07-26,Credicorp Capital,SQM-B,Mantener,,,,,"Histórico validado, página 16"
2021-07-28,2021-07-28,Credicorp Capital,ANDINA-B,Comprar,,,,,"Histórico validado, página 15"
2021-07-28,2021-07-28,Credicorp Capital,ECL,Mantener,,,,,"Histórico validado, página 16"
2021-07-28,2021-07-28,Credicorp Capital,ENELCHILE,Mantener,,,,,"Histórico validado, página 15"
2021-07-28,2021-07-28,Credicorp Capital,SMU,Comprar,,,,,"Histórico validado, página 15"
2021-08-03,2021-08-03,Credicorp Capital,CENCOSUD,Comprar,,,,,"Histórico validado, página 14"
2021-08-03,2021-08-03,Credicorp Capital,COPEC,Mantener,,,,,"Histórico validado, página 14"
2021-08-03,2021-08-03,Credicorp Capital,ENTEL,Comprar,,,,,"Histórico validado, página 14"
2021-08-04,2021-08-04,Credicorp Capital,CENCOSUD,Comprar,,,,,"Histórico validado, página 13"
2021-08-04,2021-08-04,Credicorp Capital,CONCHATORO,Comprar,,,,,"Histórico validado, página 13"
2021-08-04,2021-08-04,Credicorp Capital,FALABELLA,Comprar,,,,,"Histórico validado, página 13"
2021-08-06,2021-08-06,Credicorp Capital,CMPC,Comprar,,,,,"Histórico validado, página 12"
2021-08-06,2021-08-06,Credicorp Capital,PARAUCO,Mantener,,,,,"Histórico validado, página 12"
2021-08-10,2021-08-10,Credicorp Capital,CMPC,Comprar,,,,,"Histórico validado, página 12"
2021-08-10,2021-08-10,Credicorp Capital,COPEC,Mantener,,,,,"Histórico validado, página 12"
2021-08-10,2021-08-10,Credicorp Capital,RIPLEY,Comprar,,,,,"Histórico validado, página 12"
2021-08-10,2021-08-10,Credicorp Capital,SMU,Comprar,,,,,"Histórico validado, página 11"
2021-08-11,2021-08-11,Credicorp Capital,COLBUN,Comprar,,,,,"Histórico validado, página 11"
2021-08-12,2021-08-12,Credicorp Capital,ANDINA-B,Comprar,,,,,"Histórico validado, página 10"
2021-08-12,2021-08-12,Credicorp Capital,CENCOSUD,Comprar,,,,,"Histórico validado, página 10"
2021-08-12,2021-08-12,Credicorp Capital,CMPC,Comprar,,,,,"Histórico validado, página 10"
2021-08-13,2021-08-13,Credicorp Capital,CENCOSUD,Comprar,,,,,"Histórico validado, página 10"
2021-08-16,2021-08-16,Credicorp Capital,CHILE,Comprar,,,,,"Histórico validado, página 9"
2021-08-18,2021-08-18,Credicorp Capital,COPEC,Mantener,,,,,"Histórico validado, página 8"
2021-08-18,2021-08-18,Credicorp Capital,SMSAAM,Comprar,,,,,"Histórico validado, página 8"
2021-08-19,2021-08-19,Credicorp Capital,PARAUCO,Mantener,,,,,"Histórico validado, página 8"
2021-08-19,2021-08-19,Credicorp Capital,SMU,Comprar,,,,,"Histórico validado, página 7"
2021-08-19,2021-08-19,Credicorp Capital,SQM-B,Mantener,,,,,"Histórico validado, página 8"
2021-08-20,2021-08-20,Credicorp Capital,ANDINA-B,Comprar,,,,,"Histórico validado, página 7"
2021-08-24,2021-08-24,Credicorp Capital,COPEC,Mantener,,,,,"Histórico validado, página 6"
2021-08-25,2021-08-25,Credicorp Capital,FALABELLA,Comprar,,,,,"Histórico validado, página 6"
2021-08-25,2021-08-25,Credicorp Capital,ILC,Mantener,,,,,"Histórico validado, página 6"
2021-08-27,2021-08-27,Credicorp Capital,AGUAS-A,Mantener,,,,,"Histórico validado, página 5"
2021-08-27,2021-08-27,Credicorp Capital,ILC,Mantener,,,,,"Histórico validado, página 5"
2021-08-30,2021-08-30,Credicorp Capital,AESANDES,Comprar,,,,,"Histórico validado, página 5"
2021-08-30,2021-08-30,Credicorp Capital,RIPLEY,Comprar,,,,,"Histórico validado, página 5"
2021-08-31,2021-08-31,Credicorp Capital,AGUAS-A,Mantener,,,,,"Histórico validado, página 4"
2021-08-31,2021-08-31,Credicorp Capital,SMU,Comprar,,,,,"Histórico validado, página 4"
2021-09-02,2021-09-02,Credicorp Capital,ANDINA-B,Comprar,,,,,"Histórico validado, página 3"
2021-09-02,2021-09-02,Credicorp Capital,BSANTANDER,Comprar,,,,,"Histórico validado, página 3"
2021-09-02,2021-09-02,Credicorp Capital,CENCOSUD,Comprar,,,,,"Histórico validado, página 3"
2021-09-02,2021-09-02,Credicorp Capital,CMPC,Comprar,,,,,"Histórico validado, página 3"
2021-09-02,2021-09-02,Credicorp Capital,CONCHATORO,Comprar,,,,,"Histórico validado, página 3"
2021-09-02,2021-09-02,Credicorp Capital,FALABELLA,Comprar,,,,,"Histórico validado, página 3"
2021-09-02,2021-09-02,Credicorp Capital,SMSAAM,Comprar,,,,,"Histórico validado, página 4"
2021-09-03,2021-09-03,Credicorp Capital,CENCOSUD,Comprar,,,,,"Histórico validado, página 3"
2021-09-03,2021-09-03,Credicorp Capital,FALABELLA,Comprar,,,,,"Histórico validado, página 3"
2021-09-06,2021-09-06,Credicorp Capital,CENCOSUD,Comprar,,,,,"Histórico validado, página 2"
2021-09-06,2021-09-06,Credicorp Capital,MALLPLAZA,Comprar,,,,,"Histórico validado, página 2"
2021-09-08,2021-09-08,Credicorp Capital,AESANDES,Comprar,,,,,"Histórico validado, página 1"
2021-09-08,2021-09-08,Credicorp Capital,ECL,Mantener,,,,,"Histórico validado, página 1"
2021-09-08,2021-09-08,Credicorp Capital,ENELCHILE,Mantener,,,,,"Histórico validado, página 1"
2021-09-13,2021-09-13,Credicorp Capital,PARAUCO,Mantener,,,,,"Histórico validado, página 39"
2021-09-13,2021-09-13,Credicorp Capital,SMU,Comprar,,,,,"Histórico validado, página 39"
2021-09-14,2021-09-14,Credicorp Capital,HITES,Comprar,,,,,"Histórico validado, página 38"
2021-09-16,2021-09-16,Credicorp Capital,AGUAS-A,Mantener,,,,,"Histórico validado, página 37"
2021-09-16,2021-09-16,Credicorp Capital,ANDINA-B,Comprar,,,,,"Histórico validado, página 37"
2021-09-16,2021-09-16,Credicorp Capital,ANTARCHILE,Mantener,,,,,"Histórico validado, página 37"
2021-09-16,2021-09-16,Credicorp Capital,BESALCO,Mantener,,,,,"Histórico validado, página 37"
2021-09-16,2021-09-16,Credicorp Capital,BSANTANDER,Comprar,,,,,"Histórico validado, página 37"
2021-09-16,2021-09-16,Credicorp Capital,CAP,Comprar,,,,,"Histórico validado, página 37"
2021-09-16,2021-09-16,Credicorp Capital,CCU,Inferior al mercado,,,,,"Histórico validado, página 36"
2021-09-16,2021-09-16,Credicorp Capital,CENCOSHOPP,Comprar,,,,,"Histórico validado, página 37"
2021-09-16,2021-09-16,Credicorp Capital,CENCOSUD,Comprar,,,,,"Histórico validado, página 38"
2021-09-16,2021-09-16,Credicorp Capital,CHILE,Comprar,,,,,"Histórico validado, página 37"
2021-09-16,2021-09-16,Credicorp Capital,CMPC,Comprar,,,,,"Histórico validado, página 38"
2021-09-16,2021-09-16,Credicorp Capital,COLBUN,Comprar,,,,,"Histórico validado, página 36"
2021-09-16,2021-09-16,Credicorp Capital,COLBUN,Mantener,,,,,"Histórico validado, página 36"
2021-09-16,2021-09-16,Credicorp Capital,CONCHATORO,Comprar,,,,,"Histórico validado, página 37"
2021-09-16,2021-09-16,Credicorp Capital,COPEC,Comprar,,,,,"Histórico validado, página 36"
2021-09-16,2021-09-16,Credicorp Capital,ECL,Comprar,,,,,"Histórico validado, página 37"
2021-09-16,2021-09-16,Credicorp Capital,ENELAM,Mantener,,,,,"Histórico validado, página 38"
2021-09-16,2021-09-16,Credicorp Capital,ENELCHILE,Mantener,,,,,"Histórico validado, página 38"
2021-09-16,2021-09-16,Credicorp Capital,FALABELLA,Mantener,,,,,"Histórico validado, página 37"
2021-09-16,2021-09-16,Credicorp Capital,FORUS,Comprar,,,,,"Histórico validado, página 37"
2021-09-16,2021-09-16,Credicorp Capital,INDISA,Comprar,,,,,"Histórico validado, página 37"
2021-09-16,2021-09-16,Credicorp Capital,RIPLEY,Mantener,,,,,"Histórico validado, página 37"
2021-09-16,2021-09-16,Credicorp Capital,SQM-B,Mantener,,,,,"Histórico validado, página 37"
2021-09-20,2021-09-20,Credicorp Capital,ENELAM,Mantener,,,,,"Histórico validado, página 36"
2021-09-20,2021-09-20,Credicorp Capital,ENELCHILE,Mantener,,,,,"Histórico validado, página 36"
2021-09-20,2021-09-20,Credicorp Capital,ENTEL,Comprar,,,,,"Histórico validado, página 36"
2021-09-20,2021-09-20,Credicorp Capital,HITES,Comprar,,,,,"Histórico validado, página 36"
2021-09-22,2021-09-22,Credicorp Capital,BSANTANDER,Comprar,,,,,"Histórico validado, página 35"
2021-09-22,2021-09-22,Credicorp Capital,COLBUN,Mantener,,,,,"Histórico validado, página 35"
2021-09-22,2021-09-22,Credicorp Capital,ITAUCL,Inferior al mercado,,,,,"Histórico validado, página 35"
2021-09-23,2021-09-23,Credicorp Capital,ITAUCL,Inferior al mercado,,,,,"Histórico validado, página 34"
2021-09-24,2021-09-24,Credicorp Capital,PARAUCO,Mantener,,,,,"Histórico validado, página 34"
2021-09-27,2021-09-27,Credicorp Capital,CENCOSUD,Comprar,,,,,"Histórico validado, página 33"
2021-09-28,2021-09-28,Credicorp Capital,ILC,Mantener,,,,,"Histórico validado, página 33"
2021-09-30,2021-09-30,Credicorp Capital,ENTEL,Comprar,,,,,"Histórico validado, página 31"
2021-10-01,2021-10-01,Credicorp Capital,CENCOSHOPP,Comprar,,,,,"Histórico validado, página 31"
2021-10-05,2021-10-05,Credicorp Capital,ITAUCL,Inferior al mercado,,,,,"Histórico validado, página 30"
2021-10-06,2021-10-06,Credicorp Capital,ANDINA-B,Comprar,,,,,"Histórico validado, página 29"
2021-10-06,2021-10-06,Credicorp Capital,BCI,Comprar,,,,,"Histórico validado, página 29"
2021-10-06,2021-10-06,Credicorp Capital,BSANTANDER,Comprar,,,,,"Histórico validado, página 29"
2021-10-06,2021-10-06,Credicorp Capital,CENCOSUD,Comprar,,,,,"Histórico validado, página 29"
2021-10-06,2021-10-06,Credicorp Capital,CMPC,Comprar,,,,,"Histórico validado, página 29"
2021-10-06,2021-10-06,Credicorp Capital,CONCHATORO,Comprar,,,,,"Histórico validado, página 29"
2021-10-06,2021-10-06,Credicorp Capital,ENELAM,Mantener,,,,,"Histórico validado, página 29"
2021-10-06,2021-10-06,Credicorp Capital,FALABELLA,Mantener,,,,,"Histórico validado, página 29"
2021-10-06,2021-10-06,Credicorp Capital,MALLPLAZA,Comprar,,,,,"Histórico validado, página 29"
2021-10-06,2021-10-06,Credicorp Capital,SMSAAM,Comprar,,,,,"Histórico validado, página 29"
2021-10-07,2021-10-07,Credicorp Capital,CCU,Inferior al mercado,,,,,"Histórico validado, página 27"
2021-10-07,2021-10-07,Credicorp Capital,ENTEL,Comprar,,,,,"Histórico validado, página 27"
2021-10-08,2021-10-08,Credicorp Capital,ANDINA-B,Comprar,,,,,"Histórico validado, página 27"
2021-10-08,2021-10-08,Credicorp Capital,CMPC,Comprar,,,,,"Histórico validado, página 27"
2021-10-08,2021-10-08,Credicorp Capital,FALABELLA,Mantener,,,,,"Histórico validado, página 27"
2021-10-08,2021-10-08,Credicorp Capital,MALLPLAZA,Comprar,,,,,"Histórico validado, página 27"
2021-10-12,2021-10-12,Credicorp Capital,CENCOSUD,Comprar,,,,,"Histórico validado, página 26"
2021-10-14,2021-10-14,Credicorp Capital,CENCOSHOPP,Comprar,,,,,"Histórico validado, página 25"
2021-10-15,2021-10-15,Credicorp Capital,BSANTANDER,Comprar,,,,,"Histórico validado, página 25"
2021-10-15,2021-10-15,Credicorp Capital,CCU,Inferior al mercado,,,,,"Histórico validado, página 25"
2021-10-15,2021-10-15,Credicorp Capital,CHILE,Comprar,,,,,"Histórico validado, página 25"
2021-10-19,2021-10-19,Credicorp Capital,ITAUCL,Inferior al mercado,,,,,"Histórico validado, página 25"
2021-10-20,2021-10-20,Credicorp Capital,ITAUCL,Inferior al mercado,,,,,"Histórico validado, página 23"
2021-10-21,2021-10-21,Credicorp Capital,EMBONOR-B,Comprar,,,,,"Histórico validado, página 23"
2021-10-25,2021-10-25,Credicorp Capital,AGUAS-A,Mantener,,,,,"Histórico validado, página 22"
2021-10-25,2021-10-25,Credicorp Capital,CENCOSUD,Comprar,,,,,"Histórico validado, página 22"
2021-10-26,2021-10-26,Credicorp Capital,CENCOSUD,Comprar,,,,,"Histórico validado, página 22"
2021-10-26,2021-10-26,Credicorp Capital,COPEC,Comprar,,,,,"Histórico validado, página 21"
2021-10-26,2021-10-26,Credicorp Capital,SQM-B,Mantener,,,,,"Histórico validado, página 22"
2021-10-28,2021-10-28,Credicorp Capital,COLBUN,Mantener,,,,,"Histórico validado, página 21"
2021-10-28,2021-10-28,Credicorp Capital,ECL,Comprar,,,,,"Histórico validado, página 21"
2021-10-28,2021-10-28,Credicorp Capital,ENELAM,Mantener,,,,,"Histórico validado, página 21"
2021-10-29,2021-10-29,Credicorp Capital,BESALCO,Mantener,,,,,"Histórico validado, página 21"
2021-11-03,2021-11-03,Credicorp Capital,ANDINA-B,Comprar,,,,,"Histórico validado, página 60"
2021-11-03,2021-11-03,Credicorp Capital,CENCOSUD,Comprar,,,,,"Histórico validado, página 60"
2021-11-03,2021-11-03,Credicorp Capital,CMPC,Comprar,,,,,"Histórico validado, página 60"
2021-11-03,2021-11-03,Credicorp Capital,ENELAM,Mantener,,,,,"Histórico validado, página 60"
2021-11-03,2021-11-03,Credicorp Capital,FALABELLA,Mantener,,,,,"Histórico validado, página 60"
2021-11-05,2021-11-05,Credicorp Capital,CCU,Inferior al mercado,,,,,"Histórico validado, página 59"
2021-11-05,2021-11-05,Credicorp Capital,CMPC,Comprar,,,,,"Histórico validado, página 59"
2021-11-05,2021-11-05,Credicorp Capital,CONCHATORO,Comprar,,,,,"Histórico validado, página 59"
2021-11-08,2021-11-08,Credicorp Capital,CAP,Comprar,,,,,"Histórico validado, página 58"
2021-11-08,2021-11-08,Credicorp Capital,CHILE,Comprar,,,,,"Histórico validado, página 58"
2021-11-08,2021-11-08,Credicorp Capital,CMPC,Comprar,,,,,"Histórico validado, página 58"
2021-11-08,2021-11-08,Credicorp Capital,ITAUCL,Inferior al mercado,,,,,"Histórico validado, página 59"
2021-11-08,2021-11-08,Credicorp Capital,SMSAAM,Comprar,,,,,"Histórico validado, página 58"
2021-11-09,2021-11-09,Credicorp Capital,CONCHATORO,Comprar,,,,,"Histórico validado, página 57"
2021-11-09,2021-11-09,Credicorp Capital,ENTEL,Comprar,,,,,"Histórico validado, página 57"
2021-11-10,2021-11-10,Credicorp Capital,FALABELLA,Mantener,,,,,"Histórico validado, página 57"
2021-11-10,2021-11-10,Credicorp Capital,MALLPLAZA,Comprar,,,,,"Histórico validado, página 57"
2021-11-12,2021-11-12,Credicorp Capital,CENCOSHOPP,Comprar,,,,,"Histórico validado, página 55"
2021-11-12,2021-11-12,Credicorp Capital,CENCOSUD,Comprar,,,,,"Histórico validado, página 56"
2021-11-12,2021-11-12,Credicorp Capital,HITES,Comprar,,,,,"Histórico validado, página 56"
2021-11-16,2021-11-16,Credicorp Capital,SMU,Comprar,,,,,"Histórico validado, página 55"
2021-11-18,2021-11-18,Credicorp Capital,SQM-B,Mantener,,,,,"Histórico validado, página 54"
2021-11-23,2021-11-23,Credicorp Capital,CMPC,Comprar,,,,,"Histórico validado, página 53"
2021-11-24,2021-11-24,Credicorp Capital,INDISA,Comprar,,,,,"Histórico validado, página 53"
2021-11-29,2021-11-29,Credicorp Capital,FORUS,Comprar,,,,,"Histórico validado, página 52"
2021-11-29,2021-11-29,Credicorp Capital,RIPLEY,Mantener,,,,,"Histórico validado, página 52"
2021-12-01,2021-12-01,Credicorp Capital,ENELAM,Mantener,,,,,"Histórico validado, página 51"
2021-12-02,2021-12-02,Credicorp Capital,COLBUN,Mantener,,,,,"Histórico validado, página 51"
2021-12-06,2021-12-06,Credicorp Capital,CMPC,Comprar,,,,,"Histórico validado, página 50"
2021-12-07,2021-12-07,Credicorp Capital,AESANDES,Mantener,,,,,"Histórico validado, página 49"
2021-12-07,2021-12-07,Credicorp Capital,BESALCO,Comprar,,,,,"Histórico validado, página 50"
2021-12-07,2021-12-07,Credicorp Capital,MALLPLAZA,Comprar,,,,,"Histórico validado, página 49"
2021-12-07,2021-12-07,Credicorp Capital,PARAUCO,Comprar,,,,,"Histórico validado, página 49"
2021-12-09,2021-12-09,Credicorp Capital,CENCOSUD,Comprar,,,,,"Histórico validado, página 49"
2021-12-10,2021-12-10,Credicorp Capital,CONCHATORO,Comprar,,,,,"Histórico validado, página 49"
2021-12-15,2021-12-15,Credicorp Capital,BSANTANDER,Comprar,,,,,"Histórico validado, página 47"
2021-12-15,2021-12-15,Credicorp Capital,CHILE,Comprar,,,,,"Histórico validado, página 47"
2021-12-15,2021-12-15,Credicorp Capital,ITAUCL,Comprar,,,,,"Histórico validado, página 47"
2021-12-16,2021-12-16,Credicorp Capital,RIPLEY,Mantener,,,,,"Histórico validado, página 47"
2021-12-21,2021-12-21,Credicorp Capital,CHILE,Comprar,,,,,"Histórico validado, página 46"
2021-12-21,2021-12-21,Credicorp Capital,ITAUCL,Comprar,,,,,"Histórico validado, página 46"
2021-12-24,2021-12-24,Credicorp Capital,ANDINA-B,Comprar,,,,,"Histórico validado, página 45"
2021-12-24,2021-12-24,Credicorp Capital,CENCOSUD,Comprar,,,,,"Histórico validado, página 44"
2021-12-24,2021-12-24,Credicorp Capital,PARAUCO,Mantener,,,,,"Histórico validado, página 45"
2021-12-24,2021-12-24,Credicorp Capital,SQM-B,Mantener,,,,,"Histórico validado, página 45"
2021-12-28,2021-12-28,Credicorp Capital,ENELCHILE,Mantener,,,,,"Histórico validado, página 44"
2021-12-28,2021-12-28,Credicorp Capital,FALABELLA,Mantener,,,,,"Histórico validado, página 44"
2021-12-29,2021-12-29,Credicorp Capital,ENELCHILE,Mantener,,,,,"Histórico validado, página 44"
2021-12-29,2021-12-29,Credicorp Capital,SMU,Comprar,,,,,"Histórico validado, página 44"
2021-12-30,2021-12-30,Credicorp Capital,AESANDES,Mantener,,,,,"Histórico validado, página 43"
2022-01-05,2022-01-05,Credicorp Capital,CAP,Comprar,,,,,"Histórico validado, página 43"
2022-01-05,2022-01-05,Credicorp Capital,CENCOSHOPP,Comprar,,,,,"Histórico validado, página 42"
2022-01-05,2022-01-05,Credicorp Capital,SMU,Comprar,,,,,"Histórico validado, página 43"
2022-01-26,2022-01-26,Credicorp Capital,AESANDES,Mantener,,,,,"Histórico validado, página 79"
2022-01-26,2022-01-26,Credicorp Capital,ENELCHILE,Mantener,,,,,"Histórico validado, página 79"
2022-01-27,2022-01-27,Credicorp Capital,COLBUN,Mantener,,,,,"Histórico validado, página 79"
2022-01-27,2022-01-27,Credicorp Capital,ECL,Comprar,,,,,"Histórico validado, página 79"
2022-01-27,2022-01-27,Credicorp Capital,ENTEL,Comprar,,,,,"Histórico validado, página 79"
2022-01-28,2022-01-28,Credicorp Capital,CAP,Comprar,,,,,"Histórico validado, página 78"
2022-01-31,2022-01-31,Credicorp Capital,COLBUN,Mantener,,,,,"Histórico validado, página 78"
2022-01-31,2022-01-31,Credicorp Capital,FALABELLA,Mantener,,,,,"Histórico validado, página 78"
2022-02-01,2022-02-01,Credicorp Capital,BESALCO,Comprar,,,,,"Histórico validado, página 77"
2022-02-02,2022-02-02,Credicorp Capital,BCI,Comprar,,,,,"Histórico validado, página 77"
2022-02-02,2022-02-02,Credicorp Capital,BSANTANDER,Comprar,,,,,"Histórico validado, página 76"
2022-02-02,2022-02-02,Credicorp Capital,CAP,Comprar,,,,,"Histórico validado, página 77"
2022-02-02,2022-02-02,Credicorp Capital,CENCOSHOPP,Comprar,,,,,"Histórico validado, página 77"
2022-02-02,2022-02-02,Credicorp Capital,CENCOSUD,Comprar,,,,,"Histórico validado, página 77"
2022-02-02,2022-02-02,Credicorp Capital,CMPC,Comprar,,,,,"Histórico validado, página 77"
2022-02-02,2022-02-02,Credicorp Capital,CONCHATORO,Comprar,,,,,"Histórico validado, página 77"
2022-02-02,2022-02-02,Credicorp Capital,ITAUCL,Comprar,,,,,"Histórico validado, página 76"
2022-02-02,2022-02-02,Credicorp Capital,QUINENCO,Comprar,,,,,"Histórico validado, página 76"
2022-02-02,2022-02-02,Credicorp Capital,SQM-B,Mantener,,,,,"Histórico validado, página 77"
2022-02-07,2022-02-07,Credicorp Capital,BESALCO,Comprar,,,,,"Histórico validado, página 75"
2022-02-07,2022-02-07,Credicorp Capital,CHILE,Comprar,,,,,"Histórico validado, página 75"
2022-02-07,2022-02-07,Credicorp Capital,ECL,Comprar,,,,,"Histórico validado, página 75"
2022-02-09,2022-02-09,Credicorp Capital,ANDINA-B,Mantener,,,,,"Histórico validado, página 75"
2022-02-09,2022-02-09,Credicorp Capital,CCU,Comprar,,,,,"Histórico validado, página 74"
2022-02-09,2022-02-09,Credicorp Capital,CONCHATORO,Comprar,,,,,"Histórico validado, página 74"
2022-02-09,2022-02-09,Credicorp Capital,EMBONOR-B,Comprar,,,,,"Histórico validado, página 74"
2022-02-09,2022-02-09,Credicorp Capital,ITAUCL,Comprar,,,,,"Histórico validado, página 74"
2022-02-10,2022-02-10,Credicorp Capital,CAP,Comprar,,,,,"Histórico validado, página 74"
2022-02-16,2022-02-16,Credicorp Capital,AGUAS-A,Mantener,,,,,"Histórico validado, página 72"
2022-02-16,2022-02-16,Credicorp Capital,BSANTANDER,Comprar,,,,,"Histórico validado, página 73"
2022-02-16,2022-02-16,Credicorp Capital,CHILE,Comprar,,,,,"Histórico validado, página 73"
2022-02-16,2022-02-16,Credicorp Capital,ITAUCL,Comprar,,,,,"Histórico validado, página 73"
2022-02-18,2022-02-18,Credicorp Capital,ITAUCL,Comprar,,,,,"Histórico validado, página 71"
2022-02-22,2022-02-22,Credicorp Capital,RIPLEY,Mantener,,,,,"Histórico validado, página 71"
2022-02-23,2022-02-23,Credicorp Capital,ANDINA-B,Mantener,,,,,"Histórico validado, página 70"
2022-02-23,2022-02-23,Credicorp Capital,ITAUCL,Comprar,,,,,"Histórico validado, página 70"
2022-02-24,2022-02-24,Credicorp Capital,ANDINA-B,Mantener,,,,,"Histórico validado, página 70"
2022-02-24,2022-02-24,Credicorp Capital,CCU,Comprar,,,,,"Histórico validado, página 70"
2022-02-25,2022-02-25,Credicorp Capital,AESANDES,Mantener,,,,,"Histórico validado, página 69"
2022-02-25,2022-02-25,Credicorp Capital,SALFACORP,Mantener,,,,,"Histórico validado, página 70"
2022-02-28,2022-02-28,Credicorp Capital,ENELAM,Mantener,,,,,"Histórico validado, página 69"
2022-03-01,2022-03-01,Credicorp Capital,ENELCHILE,Mantener,,,,,"Histórico validado, página 69"
2022-03-02,2022-03-02,Credicorp Capital,AESANDES,Mantener,,,,,"Histórico validado, página 68"
2022-03-02,2022-03-02,Credicorp Capital,FALABELLA,Mantener,,,,,"Histórico validado, página 68"
2022-03-02,2022-03-02,Credicorp Capital,ITAUCL,Comprar,,,,,"Histórico validado, página 68"
2022-03-02,2022-03-02,Credicorp Capital,MALLPLAZA,Comprar,,,,,"Histórico validado, página 68"
2022-03-03,2022-03-03,Credicorp Capital,FORUS,Comprar,,,,,"Histórico validado, página 68"
2022-03-03,2022-03-03,Credicorp Capital,SQM-B,Mantener,,,,,"Histórico validado, página 68"
2022-03-04,2022-03-04,Credicorp Capital,CENCOSUD,Comprar,,,,,"Histórico validado, página 67"
2022-03-07,2022-03-07,Credicorp Capital,COPEC,Comprar,,,,,"Histórico validado, página 67"
2022-03-07,2022-03-07,Credicorp Capital,EMBONOR-B,Comprar,,,,,"Histórico validado, página 67"
2022-03-09,2022-03-09,Credicorp Capital,RIPLEY,Mantener,,,,,"Histórico validado, página 65"
2022-03-09,2022-03-09,Credicorp Capital,SMSAAM,Comprar,,,,,"Histórico validado, página 66"
2022-03-14,2022-03-14,Credicorp Capital,SMSAAM,Comprar,,,,,"Histórico validado, página 64"
2022-03-15,2022-03-15,Credicorp Capital,CENCOSUD,Comprar,,,,,"Histórico validado, página 64"
2022-03-15,2022-03-15,Credicorp Capital,CONCHATORO,Comprar,,,,,"Histórico validado, página 64"
2022-03-16,2022-03-16,Credicorp Capital,HITES,Comprar,,,,,"Histórico validado, página 63"
2022-03-16,2022-03-16,Credicorp Capital,ITAUCL,Comprar,,,,,"Histórico validado, página 63"
2022-03-18,2022-03-18,Credicorp Capital,ENELCHILE,Mantener,,,,,"Histórico validado, página 63"
2022-03-18,2022-03-18,Credicorp Capital,FORUS,Comprar,,,,,"Histórico validado, página 62"
2022-03-21,2022-03-21,Credicorp Capital,CHILE,Comprar,,,,,"Histórico validado, página 62"
2022-03-21,2022-03-21,Credicorp Capital,ENELCHILE,Mantener,,,,,"Histórico validado, página 62"
2022-03-24,2022-03-24,Credicorp Capital,BSANTANDER,Comprar,,,,,"Histórico validado, página 61"
2022-03-24,2022-03-24,Credicorp Capital,ENELCHILE,Mantener,,,,,"Histórico validado, página 61"
2022-03-24,2022-03-24,Credicorp Capital,INDISA,Comprar,,,,,"Histórico validado, página 61"
2022-03-29,2022-03-29,Credicorp Capital,FALABELLA,Mantener,,,,,"Histórico validado, página 99"
2022-03-29,2022-03-29,Credicorp Capital,MALLPLAZA,Comprar,,,,,"Histórico validado, página 98"
2022-03-29,2022-03-29,Credicorp Capital,SMU,Comprar,,,,,"Histórico validado, página 98"
2022-03-30,2022-03-30,Credicorp Capital,ECL,Comprar,,,,,"Histórico validado, página 98"
2022-03-30,2022-03-30,Credicorp Capital,ILC,Mantener,,,,,"Histórico validado, página 98"
2022-04-01,2022-04-01,Credicorp Capital,MALLPLAZA,Comprar,,,,,"Histórico validado, página 98"
2022-04-05,2022-04-05,Credicorp Capital,BCI,Comprar,,,,,"Histórico validado, página 97"
2022-04-05,2022-04-05,Credicorp Capital,BSANTANDER,Comprar,,,,,"Histórico validado, página 97"
2022-04-05,2022-04-05,Credicorp Capital,CHILE,Comprar,,,,,"Histórico validado, página 97"
2022-04-05,2022-04-05,Credicorp Capital,FALABELLA,Mantener,,,,,"Histórico validado, página 97"
2022-04-05,2022-04-05,Credicorp Capital,ITAUCL,Comprar,,,,,"Histórico validado, página 97"
2022-04-07,2022-04-07,Credicorp Capital,BCI,Comprar,,,,,"Histórico validado, página 96"
2022-04-07,2022-04-07,Credicorp Capital,CCU,Comprar,,,,,"Histórico validado, página 96"
2022-04-07,2022-04-07,Credicorp Capital,CENCOSUD,Comprar,,,,,"Histórico validado, página 96"
2022-04-07,2022-04-07,Credicorp Capital,COPEC,Comprar,,,,,"Histórico validado, página 96"
2022-04-08,2022-04-08,Credicorp Capital,CMPC,Comprar,,,,,"Histórico validado, página 96"
2022-04-08,2022-04-08,Credicorp Capital,ITAUCL,Comprar,,,,,"Histórico validado, página 96"
2022-04-08,2022-04-08,Credicorp Capital,MALLPLAZA,Comprar,,,,,"Histórico validado, página 96"
2022-04-14,2022-04-14,Credicorp Capital,FALABELLA,Mantener,,,,,"Histórico validado, página 94"
2022-04-19,2022-04-19,Credicorp Capital,BSANTANDER,Comprar,,,,,"Histórico validado, página 94"
2022-04-19,2022-04-19,Credicorp Capital,ITAUCL,Comprar,,,,,"Histórico validado, página 94"
2022-04-26,2022-04-26,Credicorp Capital,ENELAM,Mantener,,,,,"Histórico validado, página 92"
2022-04-26,2022-04-26,Credicorp Capital,ENELCHILE,Mantener,,,,,"Histórico validado, página 91"
2022-04-28,2022-04-28,Credicorp Capital,COLBUN,Mantener,,,,,"Histórico validado, página 90"
2022-04-28,2022-04-28,Credicorp Capital,ECL,Comprar,,,,,"Histórico validado, página 90"
2022-04-28,2022-04-28,Credicorp Capital,PARAUCO,Mantener,,,,,"Histórico validado, página 90"
2022-04-29,2022-04-29,Credicorp Capital,CCU,Comprar,,,,,"Histórico validado, página 90"
2022-05-03,2022-05-03,Credicorp Capital,ENELAM,Mantener,,,,,"Histórico validado, página 89"
2022-05-04,2022-05-04,Credicorp Capital,CENCOSUD,Comprar,,,,,"Histórico validado, página 89"
2022-05-04,2022-05-04,Credicorp Capital,CHILE,Comprar,,,,,"Histórico validado, página 89"
2022-05-04,2022-05-04,Credicorp Capital,CMPC,Comprar,,,,,"Histórico validado, página 89"
2022-05-04,2022-05-04,Credicorp Capital,COPEC,Comprar,,,,,"Histórico validado, página 89"
2022-05-04,2022-05-04,Credicorp Capital,SMU,Comprar,,,,,"Histórico validado, página 88"
2022-05-05,2022-05-05,Credicorp Capital,BCI,Comprar,,,,,"Histórico validado, página 88"
2022-05-05,2022-05-05,Credicorp Capital,CCU,Comprar,,,,,"Histórico validado, página 88"
2022-05-05,2022-05-05,Credicorp Capital,CHILE,Comprar,,,,,"Histórico validado, página 88"
2022-05-05,2022-05-05,Credicorp Capital,PARAUCO,Mantener,,,,,"Histórico validado, página 88"
2022-05-06,2022-05-06,Credicorp Capital,CMPC,Comprar,,,,,"Histórico validado, página 88"
2022-05-09,2022-05-09,Credicorp Capital,CAP,Comprar,,,,,"Histórico validado, página 87"
2022-05-10,2022-05-10,Credicorp Capital,CENCOSHOPP,Comprar,,,,,"Histórico validado, página 87"
2022-05-10,2022-05-10,Credicorp Capital,SMSAAM,Comprar,,,,,"Histórico validado, página 87"
2022-05-11,2022-05-11,Credicorp Capital,CENCOSUD,Comprar,,,,,"Histórico validado, página 86"
2022-05-11,2022-05-11,Credicorp Capital,MALLPLAZA,Comprar,,,,,"Histórico validado, página 86"
2022-05-12,2022-05-12,Credicorp Capital,COPEC,Comprar,,,,,"Histórico validado, página 86"
2022-05-12,2022-05-12,Credicorp Capital,ENTEL,Comprar,,,,,"Histórico validado, página 86"
2022-05-16,2022-05-16,Credicorp Capital,COPEC,Comprar,,,,,"Histórico validado, página 85"
2022-05-17,2022-05-17,Credicorp Capital,CONCHATORO,Comprar,,,,,"Histórico validado, página 85"
2022-05-17,2022-05-17,Credicorp Capital,SMU,Comprar,,,,,"Histórico validado, página 85"
2022-05-18,2022-05-18,Credicorp Capital,CONCHATORO,Comprar,,,,,"Histórico validado, página 84"
2022-05-19,2022-05-19,Credicorp Capital,SQM-B,Mantener,,,,,"Histórico validado, página 83"
2022-05-23,2022-05-23,Credicorp Capital,ECL,Comprar,,,,,"Histórico validado, página 82"
2022-05-23,2022-05-23,Credicorp Capital,FORUS,Comprar,,,,,"Histórico validado, página 82"
2022-05-23,2022-05-23,Credicorp Capital,HITES,Comprar,,,,,"Histórico validado, página 82"
2022-05-25,2022-05-25,Credicorp Capital,ILC,Mantener,,,,,"Histórico validado, página 82"
2022-05-25,2022-05-25,Credicorp Capital,RIPLEY,Mantener,,,,,"Histórico validado, página 82"
2022-05-26,2022-05-26,Credicorp Capital,INDISA,Comprar,,,,,"Histórico validado, página 81"
2022-05-31,2022-05-31,Credicorp Capital,AGUAS-A,Mantener,,,,,"Histórico validado, página 120"
2022-05-31,2022-05-31,Credicorp Capital,SMU,Comprar,,,,,"Histórico validado, página 120"
2022-06-01,2022-06-01,Credicorp Capital,CAP,Comprar,,,,,"Histórico validado, página 119"
2022-06-01,2022-06-01,Credicorp Capital,PARAUCO,Mantener,,,,,"Histórico validado, página 119"
2022-06-06,2022-06-06,Credicorp Capital,CAP,Comprar,,,,,"Histórico validado, página 118"
2022-06-06,2022-06-06,Credicorp Capital,CENCOSUD,Comprar,,,,,"Histórico validado, página 118"
2022-06-06,2022-06-06,Credicorp Capital,CMPC,Comprar,,,,,"Histórico validado, página 118"
2022-06-09,2022-06-09,Credicorp Capital,SMU,Comprar,,,,,"Histórico validado, página 117"
2022-06-14,2022-06-14,Credicorp Capital,BSANTANDER,Comprar,,,,,"Histórico validado, página 115"
2022-06-14,2022-06-14,Credicorp Capital,CHILE,Comprar,,,,,"Histórico validado, página 115"
2022-06-15,2022-06-15,Credicorp Capital,ITAUCL,Comprar,,,,,"Histórico validado, página 115"
2022-06-17,2022-06-17,Credicorp Capital,BCI,Comprar,,,,,"Histórico validado, página 114"
2022-06-17,2022-06-17,Credicorp Capital,CENCOSUD,Comprar,,,,,"Histórico validado, página 114"
2022-06-23,2022-06-23,Credicorp Capital,CONCHATORO,Comprar,,,,,"Histórico validado, página 113"
2022-07-05,2022-07-05,Credicorp Capital,ECL,Comprar,,,,,"Histórico validado, página 110"
2022-07-05,2022-07-05,Credicorp Capital,ENELCHILE,Mantener,,,,,"Histórico validado, página 110"
2022-07-06,2022-07-06,Credicorp Capital,AGUAS-A,Mantener,,,,,"Histórico validado, página 110"
2022-07-06,2022-07-06,Credicorp Capital,ENTEL,Comprar,,,,,"Histórico validado, página 110"
2022-07-07,2022-07-07,Credicorp Capital,CENCOSUD,Comprar,,,,,"Histórico validado, página 109"
2022-07-08,2022-07-08,Credicorp Capital,COLBUN,Mantener,,,,,"Histórico validado, página 110"
2022-07-12,2022-07-12,Credicorp Capital,BSANTANDER,Mantener,,,,,"Histórico validado, página 108"
2022-07-12,2022-07-12,Credicorp Capital,CHILE,Mantener,,,,,"Histórico validado, página 108"
2022-07-19,2022-07-19,Credicorp Capital,ECL,Comprar,,,,,"Histórico validado, página 107"
2022-07-19,2022-07-19,Credicorp Capital,SMU,Comprar,,,,,"Histórico validado, página 107"
2022-07-22,2022-07-22,Credicorp Capital,PARAUCO,Mantener,,,,,"Histórico validado, página 105"
2022-07-25,2022-07-25,Credicorp Capital,CENCOSUD,Comprar,,,,,"Histórico validado, página 105"
2022-07-26,2022-07-26,Credicorp Capital,COLBUN,Mantener,,,,,"Histórico validado, página 105"
2022-07-26,2022-07-26,Credicorp Capital,ECL,Comprar,,,,,"Histórico validado, página 105"
2022-07-26,2022-07-26,Credicorp Capital,ENELCHILE,Mantener,,,,,"Histórico validado, página 105"
2022-07-28,2022-07-28,Credicorp Capital,ANDINA-B,Mantener,,,,,"Histórico validado, página 104"
2022-07-28,2022-07-28,Credicorp Capital,BSANTANDER,Mantener,,,,,"Histórico validado, página 104"
2022-07-28,2022-07-28,Credicorp Capital,COLBUN,Mantener,,,,,"Histórico validado, página 103"
2022-07-28,2022-07-28,Credicorp Capital,ECL,Comprar,,,,,"Histórico validado, página 103"
2022-07-28,2022-07-28,Credicorp Capital,ENELAM,Mantener,,,,,"Histórico validado, página 103"
2022-07-28,2022-07-28,Credicorp Capital,ITAUCL,Comprar,,,,,"Histórico validado, página 104"
2022-07-29,2022-07-29,Credicorp Capital,ENELCHILE,Mantener,,,,,"Histórico validado, página 103"
2022-08-01,2022-08-01,Credicorp Capital,BSANTANDER,Mantener,,,,,"Histórico validado, página 103"
2022-08-01,2022-08-01,Credicorp Capital,ENELAM,Mantener,,,,,"Histórico validado, página 102"
2022-08-01,2022-08-01,Credicorp Capital,SONDA,Mantener,,,,,"Histórico validado, página 103"
2022-08-02,2022-08-02,Credicorp Capital,ENTEL,Comprar,,,,,"Histórico validado, página 102"
2022-08-02,2022-08-02,Credicorp Capital,SMU,Comprar,,,,,"Histórico validado, página 102"
2022-08-04,2022-08-04,Credicorp Capital,CCU,Comprar,,,,,"Histórico validado, página 101"
2022-08-05,2022-08-05,Credicorp Capital,CMPC,Comprar,,,,,"Histórico validado, página 101"
2022-08-08,2022-08-08,Credicorp Capital,CAP,Comprar,,,,,"Histórico validado, página 140"
2022-08-12,2022-08-12,Credicorp Capital,CENCOSUD,Comprar,,,,,"Histórico validado, página 138"
2022-08-17,2022-08-17,Credicorp Capital,CONCHATORO,Comprar,,,,,"Histórico validado, página 138"
2022-08-17,2022-08-17,Credicorp Capital,SMU,Comprar,,,,,"Histórico validado, página 138"
2022-08-19,2022-08-19,Credicorp Capital,ENELCHILE,Comprar,,,,,"Histórico validado, página 137"
2022-08-19,2022-08-19,Credicorp Capital,MALLPLAZA,Comprar,,,,,"Histórico validado, página 137"
2022-08-22,2022-08-22,Credicorp Capital,COPEC,Comprar,,,,,"Histórico validado, página 136"
2022-08-29,2022-08-29,Credicorp Capital,AGUAS-A,Mantener,,,,,"Histórico validado, página 136"
2022-08-29,2022-08-29,Credicorp Capital,FORUS,Comprar,,,,,"Histórico validado, página 135"
2022-08-29,2022-08-29,Credicorp Capital,RIPLEY,Mantener,,,,,"Histórico validado, página 135"
2022-08-31,2022-08-31,Credicorp Capital,FALABELLA,Mantener,,,,,"Histórico validado, página 135"
2022-09-02,2022-09-02,Credicorp Capital,ILC,Mantener,,,,,"Histórico validado, página 134"
2022-09-08,2022-09-08,Credicorp Capital,ITAUCL,Comprar,,,,,"Histórico validado, página 133"
2022-09-08,2022-09-08,Credicorp Capital,SMU,Comprar,,,,,"Histórico validado, página 133"
2022-09-08,2022-09-08,Credicorp Capital,SQM-ADR,Mantener,,,,,"Histórico validado, página 133"
2022-09-14,2022-09-14,Credicorp Capital,BSANTANDER,Mantener,,,,,"Histórico validado, página 131"
2022-09-14,2022-09-14,Credicorp Capital,CHILE,Mantener,,,,,"Histórico validado, página 131"
2022-09-20,2022-09-20,Credicorp Capital,AGUAS-A,Mantener,,,,,"Histórico validado, página 129"
2022-09-20,2022-09-20,Credicorp Capital,ANDINA-B,Inferior al mercado,,,,,"Histórico validado, página 129"
2022-09-20,2022-09-20,Credicorp Capital,ANTARCHILE,Mantener,,,,,"Histórico validado, página 130"
2022-09-20,2022-09-20,Credicorp Capital,BCI,Comprar,,,,,"Histórico validado, página 130"
2022-09-20,2022-09-20,Credicorp Capital,BESALCO,Mantener,,,,,"Histórico validado, página 130"
2022-09-20,2022-09-20,Credicorp Capital,BSANTANDER,Mantener,,,,,"Histórico validado, página 130"
2022-09-20,2022-09-20,Credicorp Capital,CAP,Comprar,,,,,"Histórico validado, página 130"
2022-09-20,2022-09-20,Credicorp Capital,CCU,Comprar,,,,,"Histórico validado, página 130"
2022-09-20,2022-09-20,Credicorp Capital,CENCOSHOPP,Mantener,,,,,"Histórico validado, página 130"
2022-09-20,2022-09-20,Credicorp Capital,CENCOSUD,Comprar,,,,,"Histórico validado, página 130"
2022-09-20,2022-09-20,Credicorp Capital,CHILE,Mantener,,,,,"Histórico validado, página 130"
2022-09-20,2022-09-20,Credicorp Capital,CMPC,Mantener,,,,,"Histórico validado, página 130"
2022-09-20,2022-09-20,Credicorp Capital,COLBUN,Inferior al mercado,,,,,"Histórico validado, página 130"
2022-09-20,2022-09-20,Credicorp Capital,CONCHATORO,Comprar,,,,,"Histórico validado, página 130"
2022-09-20,2022-09-20,Credicorp Capital,COPEC,Inferior al mercado,,,,,"Histórico validado, página 130"
2022-09-20,2022-09-20,Credicorp Capital,EMBONOR-B,Comprar,,,,,"Histórico validado, página 130"
2022-09-20,2022-09-20,Credicorp Capital,ENELAM,Mantener,,,,,"Histórico validado, página 130"
2022-09-20,2022-09-20,Credicorp Capital,SQM-B,Mantener,,,,,"Histórico validado, página 131"
2022-09-20,2022-09-20,Credicorp Capital,VAPORES,Comprar,,,,,"Histórico validado, página 131"
2022-09-21,2022-09-21,Credicorp Capital,ECL,Comprar,,,,,"Histórico validado, página 129"
2022-09-21,2022-09-21,Credicorp Capital,FALABELLA,Mantener,,,,,"Histórico validado, página 129"
2022-09-21,2022-09-21,Credicorp Capital,FORUS,Comprar,,,,,"Histórico validado, página 129"
2022-09-23,2022-09-23,Credicorp Capital,FALABELLA,Mantener,,,,,"Histórico validado, página 128"
2022-09-26,2022-09-26,Credicorp Capital,ENELAM,Mantener,,,,,"Histórico validado, página 128"
2022-09-27,2022-09-27,Credicorp Capital,COPEC,Inferior al mercado,,,,,"Histórico validado, página 127"
2022-09-29,2022-09-29,Credicorp Capital,FALABELLA,Mantener,,,,,"Histórico validado, página 126"
2022-09-30,2022-09-30,Credicorp Capital,MALLPLAZA,Mantener,,,,,"Histórico validado, página 126"
2022-10-03,2022-10-03,Credicorp Capital,ECL,Comprar,,,,,"Histórico validado, página 125"
2022-10-04,2022-10-04,Credicorp Capital,BSANTANDER,Mantener,,,,,"Histórico validado, página 125"
2022-10-04,2022-10-04,Credicorp Capital,CHILE,Mantener,,,,,"Histórico validado, página 125"
2022-10-04,2022-10-04,Credicorp Capital,ITAUCL,Comprar,,,,,"Histórico validado, página 125"
2022-10-05,2022-10-05,Credicorp Capital,QUINENCO,Comprar,,,,,"Histórico validado, página 125"
2022-10-05,2022-10-05,Credicorp Capital,SMSAAM,Comprar,,,,,"Histórico validado, página 125"
2022-10-11,2022-10-11,Credicorp Capital,CHILE,Mantener,,,,,"Histórico validado, página 124"
2022-10-11,2022-10-11,Credicorp Capital,ENELCHILE,Comprar,,,,,"Histórico validado, página 124"
2022-10-11,2022-10-11,Credicorp Capital,SMU,Comprar,,,,,"Histórico validado, página 124"
2022-10-13,2022-10-13,Credicorp Capital,ENELAM,Mantener,,,,,"Histórico validado, página 122"
2022-10-14,2022-10-14,Credicorp Capital,CENCOSUD,Comprar,,,,,"Histórico validado, página 124"
2022-10-21,2022-10-21,Credicorp Capital,PARAUCO,Mantener,,,,,"Histórico validado, página 159"
2022-10-25,2022-10-25,Credicorp Capital,PARAUCO,Mantener,,,,,"Histórico validado, página 158"
2022-10-27,2022-10-27,Credicorp Capital,ECL,Comprar,,,,,"Histórico validado, página 157"
2022-10-28,2022-10-28,Credicorp Capital,ENELAM,Mantener,,,,,"Histórico validado, página 157"
2022-10-28,2022-10-28,Credicorp Capital,ENELCHILE,Comprar,,,,,"Histórico validado, página 157"
2022-10-28,2022-10-28,Credicorp Capital,SONDA,Mantener,,,,,"Histórico validado, página 156"
2022-11-02,2022-11-02,Credicorp Capital,BESALCO,Mantener,,,,,"Histórico validado, página 156"
2022-11-03,2022-11-03,Credicorp Capital,COLBUN,Inferior al mercado,,,,,"Histórico validado, página 156"
2022-11-03,2022-11-03,Credicorp Capital,ITAUCL,Comprar,,,,,"Histórico validado, página 156"
2022-11-04,2022-11-04,Credicorp Capital,CMPC,Mantener,,,,,"Histórico validado, página 155"
2022-11-04,2022-11-04,Credicorp Capital,ECL,Comprar,,,,,"Histórico validado, página 155"
2022-11-04,2022-11-04,Credicorp Capital,ENELCHILE,Comprar,,,,,"Histórico validado, página 155"
2022-11-04,2022-11-04,Credicorp Capital,ENTEL,Comprar,,,,,"Histórico validado, página 155"
2022-11-04,2022-11-04,Credicorp Capital,ITAUCL,Comprar,,,,,"Histórico validado, página 155"
2022-11-04,2022-11-04,Credicorp Capital,SMSAAM,Comprar,,,,,"Histórico validado, página 155"
2022-11-04,2022-11-04,Credicorp Capital,SMU,Comprar,,,,,"Histórico validado, página 155"
2022-11-04,2022-11-04,Credicorp Capital,SQM-B,Mantener,,,,,"Histórico validado, página 155"
2022-11-08,2022-11-08,Credicorp Capital,ENTEL,Comprar,,,,,"Histórico validado, página 154"
2022-11-10,2022-11-10,Credicorp Capital,CENCOSHOPP,Mantener,,,,,"Histórico validado, página 153"
2022-11-11,2022-11-11,Credicorp Capital,ECL,Comprar,,,,,"Histórico validado, página 153"
2022-11-14,2022-11-14,Credicorp Capital,COPEC,Inferior al mercado,,,,,"Histórico validado, página 152"
2022-11-14,2022-11-14,Credicorp Capital,SALFACORP,Mantener,,,,,"Histórico validado, página 152"
2022-11-15,2022-11-15,Credicorp Capital,SMU,Comprar,,,,,"Histórico validado, página 152"
2022-11-19,2022-11-19,Credicorp Capital,CENCOSUD,Comprar,,,,,"Histórico validado, página 153"
2022-11-21,2022-11-21,Credicorp Capital,CMPC,Mantener,,,,,"Histórico validado, página 150"
2022-11-23,2022-11-23,Credicorp Capital,RIPLEY,Comprar,,,,,"Histórico validado, página 149"
2022-11-24,2022-11-24,Credicorp Capital,AGUAS-A,Mantener,,,,,"Histórico validado, página 149"
2022-11-24,2022-11-24,Credicorp Capital,INDISA,Comprar,,,,,"Histórico validado, página 149"
2022-11-24,2022-11-24,Credicorp Capital,SMU,Comprar,,,,,"Histórico validado, página 149"
2022-11-25,2022-11-25,Credicorp Capital,AGUAS-A,Mantener,,,,,"Histórico validado, página 148"
2022-11-25,2022-11-25,Credicorp Capital,HITES,Comprar,,,,,"Histórico validado, página 148"
2022-11-28,2022-11-28,Credicorp Capital,AGUAS-A,Mantener,,,,,"Histórico validado, página 148"
2022-11-28,2022-11-28,Credicorp Capital,CONCHATORO,Comprar,,,,,"Histórico validado, página 148"
2022-11-28,2022-11-28,Credicorp Capital,ENELCHILE,Comprar,,,,,"Histórico validado, página 148"
2022-11-28,2022-11-28,Credicorp Capital,FORUS,Comprar,,,,,"Histórico validado, página 148"
2022-11-29,2022-11-29,Credicorp Capital,CMPC,Mantener,,,,,"Histórico validado, página 148"
2022-11-29,2022-11-29,Credicorp Capital,ENELAM,Mantener,,,,,"Histórico validado, página 148"
2022-11-30,2022-11-30,Credicorp Capital,ILC,Comprar,,,,,"Histórico validado, página 147"
2022-12-01,2022-12-01,Credicorp Capital,SMU,Comprar,,,,,"Histórico validado, página 147"
2022-12-02,2022-12-02,Credicorp Capital,FALABELLA,Mantener,,,,,"Histórico validado, página 147"
2022-12-02,2022-12-02,Credicorp Capital,ITAUCL,Comprar,,,,,"Histórico validado, página 147"
2022-12-06,2022-12-06,Credicorp Capital,COLBUN,Inferior al mercado,,,,,"Histórico validado, página 146"
2022-12-06,2022-12-06,Credicorp Capital,ECL,Comprar,,,,,"Histórico validado, página 146"
2022-12-06,2022-12-06,Credicorp Capital,ENELCHILE,Comprar,,,,,"Histórico validado, página 146"
2022-12-07,2022-12-07,Credicorp Capital,AGUAS-A,Mantener,,,,,"Histórico validado, página 145"
2022-12-07,2022-12-07,Credicorp Capital,CCU,Comprar,,,,,"Histórico validado, página 145"
2022-12-07,2022-12-07,Credicorp Capital,ENELCHILE,Comprar,,,,,"Histórico validado, página 145"
2022-12-07,2022-12-07,Credicorp Capital,SMU,Comprar,,,,,"Histórico validado, página 145"
2022-12-09,2022-12-09,Credicorp Capital,CCU,Comprar,,,,,"Histórico validado, página 145"
2022-12-09,2022-12-09,Credicorp Capital,COLBUN,Inferior al mercado,,,,,"Histórico validado, página 145"
2022-12-14,2022-12-14,Credicorp Capital,ENELCHILE,Comprar,,,,,"Histórico validado, página 144"
2022-12-14,2022-12-14,Credicorp Capital,PARAUCO,Mantener,,,,,"Histórico validado, página 144"
2022-12-14,2022-12-14,Credicorp Capital,SQM-B,Mantener,,,,,"Histórico validado, página 144"
2022-12-15,2022-12-15,Credicorp Capital,BCI,Comprar,,,,,"Histórico validado, página 143"
2022-12-15,2022-12-15,Credicorp Capital,BSANTANDER,Comprar,,,,,"Histórico validado, página 143"
2022-12-15,2022-12-15,Credicorp Capital,CHILE,Mantener,,,,,"Histórico validado, página 143"
2022-12-15,2022-12-15,Credicorp Capital,ITAUCL,Comprar,,,,,"Histórico validado, página 144"
2022-12-16,2022-12-16,Credicorp Capital,CENCOSUD,Comprar,,,,,"Histórico validado, página 143"
2022-12-21,2022-12-21,Credicorp Capital,COPEC,Inferior al mercado,,,,,"Histórico validado, página 142"
2022-12-23,2022-12-23,Credicorp Capital,CONCHATORO,Comprar,,,,,"Histórico validado, página 141"
2022-12-23,2022-12-23,Credicorp Capital,HITES,Comprar,,,,,"Histórico validado, página 141"
2022-12-26,2022-12-26,Credicorp Capital,AGUAS-A,Mantener,,,,,"Histórico validado, página 180"
2022-12-26,2022-12-26,Credicorp Capital,ECL,Comprar,,,,,"Histórico validado, página 180"
2022-12-27,2022-12-27,Credicorp Capital,COPEC,Inferior al mercado,,,,,"Histórico validado, página 180"
2022-12-29,2022-12-29,Credicorp Capital,ANDINA-B,Inferior al mercado,,,,,"Histórico validado, página 179"
2022-12-29,2022-12-29,Credicorp Capital,ANTARCHILE,Mantener,,,,,"Histórico validado, página 179"
2022-12-29,2022-12-29,Credicorp Capital,CMPC,Mantener,,,,,"Histórico validado, página 179"
2022-12-29,2022-12-29,Credicorp Capital,COPEC,Mantener,,,,,"Histórico validado, página 179"
2023-01-04,2023-01-04,Credicorp Capital,AGUAS-A,Mantener,,,,,"Histórico validado, página 179"
2023-01-06,2023-01-06,Credicorp Capital,AGUAS-A,Mantener,,,,,"Histórico validado, página 178"
2023-01-06,2023-01-06,Credicorp Capital,CENCOSUD,Comprar,,,,,"Histórico validado, página 178"
2023-01-06,2023-01-06,Credicorp Capital,CHILE,Mantener,,,,,"Histórico validado, página 178"
2023-01-06,2023-01-06,Credicorp Capital,CMPC,Mantener,,,,,"Histórico validado, página 178"
2023-01-06,2023-01-06,Credicorp Capital,COLBUN,Subponderar,,,,,"Histórico validado, página 178"
2023-01-06,2023-01-06,Credicorp Capital,SMU,Comprar,,,,,"Histórico validado, página 178"
2023-01-11,2023-01-11,Credicorp Capital,PARAUCO,Mantener,,,,,"Histórico validado, página 177"
2023-01-12,2023-01-12,Credicorp Capital,SQM-B,Mantener,,,,,"Histórico validado, página 176"
2023-01-17,2023-01-17,Credicorp Capital,CENCOSUD,Comprar,,,,,"Histórico validado, página 176"
2023-01-18,2023-01-18,Credicorp Capital,CENCOSUD,Comprar,,,,,"Histórico validado, página 176"
2023-01-18,2023-01-18,Credicorp Capital,COLBUN,Inferior al mercado,,,,,"Histórico validado, página 176"
2023-01-18,2023-01-18,Credicorp Capital,SMU,Comprar,,,,,"Histórico validado, página 176"
2023-01-26,2023-01-26,Credicorp Capital,ENTEL,Comprar,,,,,"Histórico validado, página 172"
2023-02-01,2023-02-01,Credicorp Capital,ANDINA-B,Subponderar,,,,,"Histórico validado, página 170"
2023-02-02,2023-02-02,Credicorp Capital,ECL,Comprar,,,,,"Histórico validado, página 170"
2023-02-03,2023-02-03,Credicorp Capital,BCI,Comprar,,,,,"Histórico validado, página 169"
2023-02-06,2023-02-06,Credicorp Capital,COPEC,Mantener,,,,,"Histórico validado, página 169"
2023-02-10,2023-02-10,Credicorp Capital,SQM-B,Mantener,,,,,"Histórico validado, página 168"
2023-02-15,2023-02-15,Credicorp Capital,VAPORES,Mantener,,,,,"Histórico validado, página 167"
2023-02-16,2023-02-16,Credicorp Capital,ENELCHILE,Comprar,,,,,"Histórico validado, página 167"
2023-02-21,2023-02-21,Credicorp Capital,ENELAM,Mantener,,,,,"Histórico validado, página 166"
2023-02-24,2023-02-24,Credicorp Capital,CAP,Comprar,,,,,"Histórico validado, página 165"
2023-03-01,2023-03-01,Credicorp Capital,CCU,Comprar,,,,,"Histórico validado, página 164"
2023-03-01,2023-03-01,Credicorp Capital,ENELCHILE,Comprar,,,,,"Histórico validado, página 163"
2023-03-02,2023-03-02,Credicorp Capital,SQM-B,Mantener,,,,,"Histórico validado, página 163"
2023-03-03,2023-03-03,Credicorp Capital,ITAUCL,Comprar,,,,,"Histórico validado, página 162"
2023-03-07,2023-03-07,Credicorp Capital,ECL,Comprar,,,,,"Histórico validado, página 161"
2023-03-09,2023-03-09,Credicorp Capital,CCU,Comprar,,,,,"Histórico validado, página 200"
2023-03-09,2023-03-09,Credicorp Capital,INDISA,Comprar,,,,,"Histórico validado, página 200"
2023-03-13,2023-03-13,Credicorp Capital,SMSAAM,Comprar,,,,,"Histórico validado, página 200"
2023-03-14,2023-03-14,Credicorp Capital,BSANTANDER,Comprar,,,,,"Histórico validado, página 200"
2023-03-14,2023-03-14,Credicorp Capital,CHILE,Mantener,,,,,"Histórico validado, página 200"
2023-03-14,2023-03-14,Credicorp Capital,CONCHATORO,Comprar,,,,,"Histórico validado, página 199"
2023-03-14,2023-03-14,Credicorp Capital,ITAUCL,Comprar,,,,,"Histórico validado, página 200"
2023-03-14,2023-03-14,Credicorp Capital,SALFACORP,Mantener,,,,,"Histórico validado, página 200"
2023-03-17,2023-03-17,Credicorp Capital,CCU,Comprar,,,,,"Histórico validado, página 199"
2023-03-19,2023-03-19,Credicorp Capital,BSANTANDER,Comprar,,,,,"Histórico validado, página 199"
2023-03-21,2023-03-21,Credicorp Capital,CENCOSHOPP,Mantener,,,,,"Histórico validado, página 198"
2023-03-21,2023-03-21,Credicorp Capital,CENCOSUD,Comprar,,,,,"Histórico validado, página 198"
2023-03-21,2023-03-21,Credicorp Capital,SMU,Comprar,,,,,"Histórico validado, página 198"
2023-03-22,2023-03-22,Credicorp Capital,INDISA,Comprar,,,,,"Histórico validado, página 198"
2023-03-22,2023-03-22,Credicorp Capital,VAPORES,Mantener,,,,,"Histórico validado, página 198"
2023-03-24,2023-03-24,Credicorp Capital,AGUAS-A,Mantener,,,,,"Histórico validado, página 197"
2023-03-27,2023-03-27,Credicorp Capital,SALFACORP,Mantener,,,,,"Histórico validado, página 197"
2023-03-28,2023-03-28,Credicorp Capital,INDISA,Comprar,,,,,"Histórico validado, página 197"
2023-03-28,2023-03-28,Credicorp Capital,SMU,Comprar,,,,,"Histórico validado, página 197"
2023-03-29,2023-03-29,Credicorp Capital,BSANTANDER,Comprar,,,,,"Histórico validado, página 197"
2023-03-29,2023-03-29,Credicorp Capital,EMBONOR-B,Comprar,,,,,"Histórico validado, página 197"
2023-03-29,2023-03-29,Credicorp Capital,ILC,Comprar,,,,,"Histórico validado, página 197"
2023-03-29,2023-03-29,Credicorp Capital,ITAUCL,Comprar,,,,,"Histórico validado, página 197"
2023-03-31,2023-03-31,Credicorp Capital,CENCOSHOPP,Mantener,,,,,"Histórico validado, página 196"
2023-03-31,2023-03-31,Credicorp Capital,COPEC,Mantener,,,,,"Histórico validado, página 196"
2023-03-31,2023-03-31,Credicorp Capital,HITES,Comprar,,,,,"Histórico validado, página 196"
2023-03-31,2023-03-31,Credicorp Capital,SMU,Comprar,,,,,"Histórico validado, página 196"
2023-04-03,2023-04-03,Credicorp Capital,CENCOSUD,Comprar,,,,,"Histórico validado, página 196"
2023-04-03,2023-04-03,Credicorp Capital,HITES,Comprar,,,,,"Histórico validado, página 196"
2023-04-04,2023-04-04,Credicorp Capital,ENTEL,Comprar,,,,,"Histórico validado, página 195"
2023-04-04,2023-04-04,Credicorp Capital,SQM-ADR,Mantener,,,,,"Histórico validado, página 195"
2023-04-05,2023-04-05,Credicorp Capital,ANDINA-B,Subponderar,,,,,"Histórico validado, página 195"
2023-04-05,2023-04-05,Credicorp Capital,BESALCO,Mantener,,,,,"Histórico validado, página 195"
2023-04-05,2023-04-05,Credicorp Capital,CCU,Comprar,,,,,"Histórico validado, página 195"
2023-04-05,2023-04-05,Credicorp Capital,COLBUN,Subponderar,,,,,"Histórico validado, página 195"
2023-04-05,2023-04-05,Credicorp Capital,QUINENCO,Comprar,,,,,"Histórico validado, página 195"
2023-04-05,2023-04-05,Credicorp Capital,RIPLEY,Comprar,,,,,"Histórico validado, página 195"
2023-04-05,2023-04-05,Credicorp Capital,SMU,Comprar,,,,,"Histórico validado, página 195"
2023-04-12,2023-04-12,Credicorp Capital,PARAUCO,Mantener,,,,,"Histórico validado, página 194"
2023-04-12,2023-04-12,Credicorp Capital,RIPLEY,Comprar,,,,,"Histórico validado, página 194"
2023-04-14,2023-04-14,Credicorp Capital,CCU,Comprar,,,,,"Histórico validado, página 194"
2023-04-14,2023-04-14,Credicorp Capital,VAPORES,Mantener,,,,,"Histórico validado, página 194"
2023-04-25,2023-04-25,Credicorp Capital,ANDINA-B,Mantener,,,,,"Histórico validado, página 192"
2023-04-25,2023-04-25,Credicorp Capital,CCU,Comprar,,,,,"Histórico validado, página 192"
2023-04-25,2023-04-25,Credicorp Capital,CONCHATORO,Comprar,,,,,"Histórico validado, página 192"
2023-04-25,2023-04-25,Credicorp Capital,EMBONOR-B,Mantener,,,,,"Histórico validado, página 192"
2023-04-25,2023-04-25,Credicorp Capital,SQM-B,Mantener,,,,,"Histórico validado, página 192"
2023-04-27,2023-04-27,Credicorp Capital,CENCOSHOPP,Mantener,,,,,"Histórico validado, página 192"
2023-04-27,2023-04-27,Credicorp Capital,CONCHATORO,Comprar,,,,,"Histórico validado, página 191"
2023-04-27,2023-04-27,Credicorp Capital,PARAUCO,Mantener,,,,,"Histórico validado, página 192"
2023-04-28,2023-04-28,Credicorp Capital,BESALCO,Comprar,,,,,"Histórico validado, página 191"
2023-05-02,2023-05-02,Credicorp Capital,BESALCO,Comprar,,,,,"Histórico validado, página 191"
2023-05-02,2023-05-02,Credicorp Capital,BSANTANDER,Comprar,,,,,"Histórico validado, página 191"
2023-05-02,2023-05-02,Credicorp Capital,CONCHATORO,Comprar,,,,,"Histórico validado, página 191"
2023-05-02,2023-05-02,Credicorp Capital,EMBONOR-B,Mantener,,,,,"Histórico validado, página 191"
2023-05-02,2023-05-02,Credicorp Capital,ENELAM,Mantener,,,,,"Histórico validado, página 191"
2023-05-02,2023-05-02,Credicorp Capital,ENELCHILE,Comprar,,,,,"Histórico validado, página 191"
2023-05-02,2023-05-02,Credicorp Capital,RIPLEY,Comprar,,,,,"Histórico validado, página 191"
2023-05-04,2023-05-04,Credicorp Capital,BSANTANDER,Comprar,,,,,"Histórico validado, página 190"
2023-05-04,2023-05-04,Credicorp Capital,CCU,Comprar,,,,,"Histórico validado, página 190"
2023-05-04,2023-05-04,Credicorp Capital,CENCOSHOPP,Mantener,,,,,"Histórico validado, página 190"
2023-05-04,2023-05-04,Credicorp Capital,ENELAM,Mantener,,,,,"Histórico validado, página 190"
2023-05-05,2023-05-05,Credicorp Capital,CAP,Comprar,,,,,"Histórico validado, página 190"
2023-05-05,2023-05-05,Credicorp Capital,CMPC,Mantener,,,,,"Histórico validado, página 190"
2023-05-09,2023-05-09,Credicorp Capital,BSANTANDER,Mantener,,,,,"Histórico validado, página 190"
2023-05-09,2023-05-09,Credicorp Capital,CENCOSHOPP,Mantener,,,,,"Histórico validado, página 190"
2023-05-09,2023-05-09,Credicorp Capital,ENTEL,Comprar,,,,,"Histórico validado, página 190"
2023-05-11,2023-05-11,Credicorp Capital,CCU,Comprar,,,,,"Histórico validado, página 189"
2023-05-15,2023-05-15,Credicorp Capital,COPEC,Mantener,,,,,"Histórico validado, página 188"
2023-05-16,2023-05-16,Credicorp Capital,BSANTANDER,Mantener,,,,,"Histórico validado, página 188"
2023-05-16,2023-05-16,Credicorp Capital,CHILE,Mantener,,,,,"Histórico validado, página 188"
2023-05-16,2023-05-16,Credicorp Capital,SMU,Comprar,,,,,"Histórico validado, página 188"
2023-05-17,2023-05-17,Credicorp Capital,MALLPLAZA,Mantener,,,,,"Histórico validado, página 187"
2023-05-23,2023-05-23,Credicorp Capital,SALFACORP,Mantener,,,,,"Histórico validado, página 186"
2023-05-25,2023-05-25,Credicorp Capital,FORUS,Comprar,,,,,"Histórico validado, página 186"
2023-05-26,2023-05-26,Credicorp Capital,AGUAS-A,Mantener,,,,,"Histórico validado, página 185"
2023-05-30,2023-05-30,Credicorp Capital,AGUAS-A,Mantener,,,,,"Histórico validado, página 185"
2023-05-30,2023-05-30,Credicorp Capital,ITAUCL,Comprar,,,,,"Histórico validado, página 185"
2023-05-30,2023-05-30,Credicorp Capital,RIPLEY,Comprar,,,,,"Histórico validado, página 185"
2023-05-31,2023-05-31,Credicorp Capital,HITES,Comprar,,,,,"Histórico validado, página 185"
2023-06-05,2023-06-05,Credicorp Capital,CMPC,Mantener,,,,,"Histórico validado, página 183"
2023-06-05,2023-06-05,Credicorp Capital,SQM-B,Mantener,,,,,"Histórico validado, página 183"
2023-06-06,2023-06-06,Credicorp Capital,CENCOSUD,Comprar,,,,,"Histórico validado, página 183"
2023-06-06,2023-06-06,Credicorp Capital,PARAUCO,Mantener,,,,,"Histórico validado, página 183"
2023-06-09,2023-06-09,Credicorp Capital,CHILE,Mantener,,,,,"Histórico validado, página 182"
2023-06-16,2023-06-16,Credicorp Capital,SONDA,Mantener,,,,,"Histórico validado, página 181"
2023-06-19,2023-06-19,Credicorp Capital,ANTARCHILE,Mantener,,,,,"Histórico validado, página 181"
2023-06-19,2023-06-19,Credicorp Capital,CMPC,Mantener,,,,,"Histórico validado, página 181"
2023-06-19,2023-06-19,Credicorp Capital,COPEC,Mantener,,,,,"Histórico validado, página 181"
2023-06-28,2023-06-28,Credicorp Capital,COPEC,Mantener,,,,,"Histórico validado, página 219"
2023-06-30,2023-06-30,Credicorp Capital,ECL,Comprar,,,,,"Histórico validado, página 218"
2023-06-30,2023-06-30,Credicorp Capital,ENELAM,Mantener,,,,,"Histórico validado, página 219"
2023-07-04,2023-07-04,Credicorp Capital,ENELCHILE,Comprar,,,,,"Histórico validado, página 218"
2023-07-04,2023-07-04,Credicorp Capital,RIPLEY,Comprar,,,,,"Histórico validado, página 218"
2023-07-06,2023-07-06,Credicorp Capital,BCI,Comprar,,,,,"Histórico validado, página 218"
2023-07-06,2023-07-06,Credicorp Capital,ITAUCL,Comprar,,,,,"Histórico validado, página 218"
2023-07-06,2023-07-06,Credicorp Capital,SQM-B,Mantener,,,,,"Histórico validado, página 218"
2023-07-11,2023-07-11,Credicorp Capital,ITAUCL,Comprar,,,,,"Histórico validado, página 217"
2023-07-13,2023-07-13,Credicorp Capital,ENELCHILE,Comprar,,,,,"Histórico validado, página 216"
2023-07-14,2023-07-14,Credicorp Capital,PARAUCO,Comprar,,,,,"Histórico validado, página 215"
2023-07-20,2023-07-20,Credicorp Capital,BSANTANDER,Mantener,,,,,"Histórico validado, página 214"
2023-07-20,2023-07-20,Credicorp Capital,CENCOSUD,Comprar,,,,,"Histórico validado, página 214"
2023-07-20,2023-07-20,Credicorp Capital,CHILE,Mantener,,,,,"Histórico validado, página 214"
2023-07-21,2023-07-21,Credicorp Capital,PARAUCO,Mantener,,,,,"Histórico validado, página 213"
2023-07-26,2023-07-26,Credicorp Capital,ANDINA-B,Mantener,,,,,"Histórico validado, página 212"
2023-07-26,2023-07-26,Credicorp Capital,ENELCHILE,Comprar,,,,,"Histórico validado, página 212"
2023-07-28,2023-07-28,Credicorp Capital,ENELCHILE,Comprar,,,,,"Histórico validado, página 211"
2023-08-01,2023-08-01,Credicorp Capital,CONCHATORO,Comprar,,,,,"Histórico validado, página 209"
2023-08-01,2023-08-01,Credicorp Capital,EMBONOR-B,Mantener,,,,,"Histórico validado, página 209"
2023-08-03,2023-08-03,Credicorp Capital,ITAUCL,Comprar,,,,,"Histórico validado, página 209"
2023-08-04,2023-08-04,Credicorp Capital,CMPC,Mantener,,,,,"Histórico validado, página 208"
2023-08-07,2023-08-07,Credicorp Capital,CHILE,Mantener,,,,,"Histórico validado, página 208"
2023-08-08,2023-08-08,Credicorp Capital,ENTEL,Comprar,,,,,"Histórico validado, página 207"
2023-08-10,2023-08-10,Credicorp Capital,CCU,Comprar,,,,,"Histórico validado, página 207"
2023-08-10,2023-08-10,Credicorp Capital,ECL,Comprar,,,,,"Histórico validado, página 207"
2023-08-10,2023-08-10,Credicorp Capital,PARAUCO,Mantener,,,,,"Histórico validado, página 207"
2023-08-22,2023-08-22,Credicorp Capital,CENCOSUD,Comprar,,,,,"Histórico validado, página 205"
2023-08-22,2023-08-22,Credicorp Capital,LTM,Comprar,,,,,"Histórico validado, página 205"
2023-08-25,2023-08-25,Credicorp Capital,AGUAS-A,Mantener,,,,,"Histórico validado, página 204"
2023-08-28,2023-08-28,Credicorp Capital,PARAUCO,Mantener,,,,,"Histórico validado, página 204"
2023-08-29,2023-08-29,Credicorp Capital,ENELCHILE,Comprar,,,,,"Histórico validado, página 203"
2023-08-31,2023-08-31,Credicorp Capital,ECL,Comprar,,,,,"Histórico validado, página 203"
2023-09-04,2023-09-04,Credicorp Capital,CONCHATORO,Comprar,,,,,"Histórico validado, página 202"
2023-09-04,2023-09-04,Credicorp Capital,FORUS,Comprar,,,,,"Histórico validado, página 203"
2023-09-04,2023-09-04,Credicorp Capital,RIPLEY,Comprar,,,,,"Histórico validado, página 202"
2023-09-06,2023-09-06,Credicorp Capital,LTM,Comprar,,,,,"Histórico validado, página 202"
2023-09-06,2023-09-06,Credicorp Capital,SMU,Comprar,,,,,"Histórico validado, página 202"
2023-09-08,2023-09-08,Credicorp Capital,INDISA,Comprar,,,,,"Histórico validado, página 201"
2023-09-12,2023-09-12,Credicorp Capital,HITES,Comprar,,,,,"Histórico validado, página 240"
2023-09-13,2023-09-13,Credicorp Capital,COPEC,Mantener,,,,,"Histórico validado, página 240"
2023-09-22,2023-09-22,Credicorp Capital,ENELAM,Mantener,,,,,"Histórico validado, página 239"
2023-09-22,2023-09-22,Credicorp Capital,LTM,Comprar,,,,,"Histórico validado, página 239"
2023-09-26,2023-09-26,Credicorp Capital,LTM,Comprar,,,,,"Histórico validado, página 238"
2023-10-03,2023-10-03,Credicorp Capital,ENELAM,Mantener,,,,,"Histórico validado, página 237"
2023-10-10,2023-10-10,Credicorp Capital,LTM,Comprar,,,,,"Histórico validado, página 237"
2023-10-12,2023-10-12,Credicorp Capital,ENELAM,Mantener,,,,,"Histórico validado, página 236"
2023-10-13,2023-10-13,Credicorp Capital,LTM,Comprar,,,,,"Histórico validado, página 236"
2023-10-18,2023-10-18,Credicorp Capital,CENCOSUD,Mantener,,,,,"Histórico validado, página 235"
2023-10-20,2023-10-20,Credicorp Capital,CENCOSUD,Mantener,,,,,"Histórico validado, página 234"
2023-10-26,2023-10-26,Credicorp Capital,SQM-B,Mantener,,,,,"Histórico validado, página 234"
2023-11-02,2023-11-02,Credicorp Capital,BESALCO,Mantener,,,,,"Histórico validado, página 233"
2023-11-02,2023-11-02,Credicorp Capital,COPEC,Comprar,,,,,"Histórico validado, página 233"
2023-11-02,2023-11-02,Credicorp Capital,ENELCHILE,Inferior al mercado,,,,,"Histórico validado, página 233"
2023-11-06,2023-11-06,Credicorp Capital,COLBUN,Mantener,,,,,"Histórico validado, página 233"
2023-11-06,2023-11-06,Credicorp Capital,SMSAAM,Comprar,,,,,"Histórico validado, página 233"
2023-11-07,2023-11-07,Credicorp Capital,ENTEL,Mantener,,,,,"Histórico validado, página 232"
2023-11-09,2023-11-09,Credicorp Capital,CCU,Mantener,,,,,"Histórico validado, página 232"
2023-11-14,2023-11-14,Credicorp Capital,COPEC,Comprar,,,,,"Histórico validado, página 231"
2023-11-14,2023-11-14,Credicorp Capital,LTM,Comprar,,,,,"Histórico validado, página 231"
2023-11-15,2023-11-15,Credicorp Capital,FALABELLA,Mantener,,,,,"Histórico validado, página 231"
2023-11-16,2023-11-16,Credicorp Capital,CENCOSHOPP,Comprar,,,,,"Histórico validado, página 230"
2023-11-16,2023-11-16,Credicorp Capital,SALFACORP,Comprar,,,,,"Histórico validado, página 230"
2023-11-16,2023-11-16,Credicorp Capital,SQM-B,Mantener,,,,,"Histórico validado, página 230"
2023-11-17,2023-11-17,Credicorp Capital,CENCOSUD,Comprar,,,,,"Histórico validado, página 230"
2023-11-21,2023-11-21,Credicorp Capital,MALLPLAZA,Mantener,,,,,"Histórico validado, página 230"
2023-11-24,2023-11-24,Credicorp Capital,AGUAS-A,Mantener,,,,,"Histórico validado, página 229"
2023-11-28,2023-11-28,Credicorp Capital,SMU,Comprar,,,,,"Histórico validado, página 228"
2023-12-05,2023-12-05,Credicorp Capital,CENCOSHOPP,Comprar,,,,,"Histórico validado, página 227"
2023-12-07,2023-12-07,Credicorp Capital,BSANTANDER,Comprar,,,,,"Histórico validado, página 227"
2023-12-07,2023-12-07,Credicorp Capital,CCU,Mantener,,,,,"Histórico validado, página 226"
2023-12-07,2023-12-07,Credicorp Capital,CENCOSUD,Mantener,,,,,"Histórico validado, página 226"
2023-12-14,2023-12-14,Credicorp Capital,BSANTANDER,Comprar,,,,,"Histórico validado, página 226"
2023-12-14,2023-12-14,Credicorp Capital,CHILE,Mantener,,,,,"Histórico validado, página 226"
2023-12-14,2023-12-14,Credicorp Capital,ITAUCL,Comprar,,,,,"Histórico validado, página 226"
2023-12-15,2023-12-15,Credicorp Capital,LTM,Comprar,,,,,"Histórico validado, página 225"
2023-12-20,2023-12-20,Credicorp Capital,FALABELLA,Mantener,,,,,"Histórico validado, página 224"
2023-12-21,2023-12-21,Credicorp Capital,COPEC,Comprar,,,,,"Histórico validado, página 224"
2023-12-22,2023-12-22,Credicorp Capital,FALABELLA,Mantener,,,,,"Histórico validado, página 223"
2023-12-28,2023-12-28,Credicorp Capital,SQM-B,Mantener,,,,,"Histórico validado, página 223"
2023-12-29,2023-12-29,Credicorp Capital,FALABELLA,Mantener,,,,,"Histórico validado, página 223"
2023-12-29,2023-12-29,Credicorp Capital,SMU,Comprar,,,,,"Histórico validado, página 223"
2024-01-02,2024-01-02,Credicorp Capital,ANDINA-B,Mantener,,,,,"Histórico validado, página 222"
2024-01-03,2024-01-03,Credicorp Capital,COLBUN,Mantener,,,,,"Histórico validado, página 222"
2024-01-04,2024-01-04,Credicorp Capital,CCU,Mantener,,,,,"Histórico validado, página 222"
2024-01-04,2024-01-04,Credicorp Capital,CHILE,Mantener,,,,,"Histórico validado, página 222"
2024-01-04,2024-01-04,Credicorp Capital,FALABELLA,Mantener,,,,,"Histórico validado, página 222"
2024-01-25,2024-01-25,Credicorp Capital,ENTEL,Mantener,,,,,"Histórico validado, página 257"
2024-02-02,2024-02-02,Credicorp Capital,FALABELLA,Mantener,,,,,"Histórico validado, página 256"
2024-02-09,2024-02-09,Credicorp Capital,CHILE,Mantener,,,,,"Histórico validado, página 255"
2024-02-14,2024-02-14,Credicorp Capital,BSANTANDER,Comprar,,,,,"Histórico validado, página 254"
2024-02-14,2024-02-14,Credicorp Capital,CHILE,Mantener,,,,,"Histórico validado, página 254"
2024-02-14,2024-02-14,Credicorp Capital,ITAUCL,Comprar,,,,,"Histórico validado, página 254"
2024-02-14,2024-02-14,Credicorp Capital,PARAUCO,Comprar,,,,,"Histórico validado, página 254"
2024-02-26,2024-02-26,Credicorp Capital,LTM,Comprar,,,,,"Histórico validado, página 252"
2024-02-28,2024-02-28,Credicorp Capital,CCU,Mantener,,,,,"Histórico validado, página 251"
2024-02-28,2024-02-28,Credicorp Capital,FALABELLA,Mantener,,,,,"Histórico validado, página 251"
2024-02-28,2024-02-28,Credicorp Capital,MALLPLAZA,Mantener,,,,,"Histórico validado, página 251"
2024-03-06,2024-03-06,Credicorp Capital,CENCOSUD,Mantener,,,,,"Histórico validado, página 250"
2024-03-07,2024-03-07,Credicorp Capital,BSANTANDER,Comprar,,,,,"Histórico validado, página 249"
2024-03-07,2024-03-07,Credicorp Capital,CENCOSHOPP,Comprar,,,,,"Histórico validado, página 249"
2024-03-07,2024-03-07,Credicorp Capital,CENCOSUD,Comprar,,,,,"Histórico validado, página 249"
2024-03-07,2024-03-07,Credicorp Capital,CHILE,Mantener,,,,,"Histórico validado, página 249"
2024-03-07,2024-03-07,Credicorp Capital,COLBUN,Mantener,,,,,"Histórico validado, página 249"
2024-03-07,2024-03-07,Credicorp Capital,COPEC,Comprar,,,,,"Histórico validado, página 249"
2024-03-07,2024-03-07,Credicorp Capital,LTM,Comprar,,,,,"Histórico validado, página 249"
2024-03-07,2024-03-07,Credicorp Capital,SMU,Comprar,,,,,"Histórico validado, página 249"
2024-03-12,2024-03-12,Credicorp Capital,SMU,Comprar,,,,,"Histórico validado, página 249"
2024-03-18,2024-03-18,Credicorp Capital,RIPLEY,Mantener,,,,,"Histórico validado, página 248"
2024-03-19,2024-03-19,Credicorp Capital,AGUAS-A,Mantener,,,,,"Histórico validado, página 247"
2024-03-20,2024-03-20,Credicorp Capital,SQM-ADR,Mantener,,,,,"Histórico validado, página 247"
2024-03-21,2024-03-21,Credicorp Capital,CAP,Mantener,,,,,"Histórico validado, página 247"
2024-03-21,2024-03-21,Credicorp Capital,PARAUCO,Mantener,,,,,"Histórico validado, página 247"
2024-03-22,2024-03-22,Credicorp Capital,LTM,Comprar,,,,,"Histórico validado, página 246"
2024-03-26,2024-03-26,Credicorp Capital,MALLPLAZA,Mantener,,,,,"Histórico validado, página 246"
2024-03-26,2024-03-26,Credicorp Capital,SMU,Comprar,,,,,"Histórico validado, página 246"
2024-03-27,2024-03-27,Credicorp Capital,FALABELLA,Mantener,,,,,"Histórico validado, página 245"
2024-03-27,2024-03-27,Credicorp Capital,SALFACORP,Comprar,,,,,"Histórico validado, página 246"
2024-04-02,2024-04-02,Credicorp Capital,CENCOSHOPP,Comprar,,,,,"Histórico validado, página 245"
2024-04-02,2024-04-02,Credicorp Capital,ENTEL,Mantener,,,,,"Histórico validado, página 245"
2024-04-02,2024-04-02,Credicorp Capital,SQM-B,Mantener,,,,,"Histórico validado, página 245"
2024-04-05,2024-04-05,Credicorp Capital,BSANTANDER,Comprar,,,,,"Histórico validado, página 244"
2024-04-05,2024-04-05,Credicorp Capital,CENCOSUD,Mantener,,,,,"Histórico validado, página 244"
2024-04-05,2024-04-05,Credicorp Capital,CHILE,Mantener,,,,,"Histórico validado, página 244"
2024-04-05,2024-04-05,Credicorp Capital,COLBUN,Mantener,,,,,"Histórico validado, página 244"
2024-04-05,2024-04-05,Credicorp Capital,LTM,Comprar,,,,,"Histórico validado, página 244"
2024-04-05,2024-04-05,Credicorp Capital,PARAUCO,Comprar,,,,,"Histórico validado, página 244"
2024-04-05,2024-04-05,Credicorp Capital,SMU,Comprar,,,,,"Histórico validado, página 244"
2024-04-08,2024-04-08,Credicorp Capital,FALABELLA,Mantener,,,,,"Histórico validado, página 243"
2024-04-11,2024-04-11,Credicorp Capital,LTM,Comprar,,,,,"Histórico validado, página 242"
2024-04-16,2024-04-16,Credicorp Capital,FALABELLA,Mantener,,,,,"Histórico validado, página 242"
2024-04-16,2024-04-16,Credicorp Capital,MALLPLAZA,Comprar,,,,,"Histórico validado, página 242"
2024-04-18,2024-04-18,Credicorp Capital,ECL,Mantener,,,,,"Histórico validado, página 241"
2024-04-19,2024-04-19,Credicorp Capital,CAP,Mantener,,,,,"Histórico validado, página 241"
2024-04-19,2024-04-19,Credicorp Capital,MALLPLAZA,Comprar,,,,,"Histórico validado, página 241"
2024-04-23,2024-04-23,Credicorp Capital,BSANTANDER,Mantener,,,,,"Histórico validado, página 280"
2024-04-23,2024-04-23,Credicorp Capital,CHILE,Mantener,,,,,"Histórico validado, página 280"
2024-04-23,2024-04-23,Credicorp Capital,COPEC,Comprar,,,,,"Histórico validado, página 280"
2024-04-23,2024-04-23,Credicorp Capital,MALLPLAZA,Comprar,,,,,"Histórico validado, página 280"
2024-04-26,2024-04-26,Credicorp Capital,CENCOSHOPP,Comprar,,,,,"Histórico validado, página 280"
2024-04-26,2024-04-26,Credicorp Capital,CENCOSUD,Mantener,,,,,"Histórico validado, página 280"
2024-04-26,2024-04-26,Credicorp Capital,FALABELLA,Mantener,,,,,"Histórico validado, página 280"
2024-04-26,2024-04-26,Credicorp Capital,SMU,Comprar,,,,,"Histórico validado, página 280"
2024-04-30,2024-04-30,Credicorp Capital,COLBUN,Comprar,,,,,"Histórico validado, página 279"
2024-04-30,2024-04-30,Credicorp Capital,ECL,Mantener,,,,,"Histórico validado, página 279"
2024-04-30,2024-04-30,Credicorp Capital,ENELCHILE,Mantener,,,,,"Histórico validado, página 279"
2024-05-02,2024-05-02,Credicorp Capital,ANDINA-B,Mantener,,,,,"Histórico validado, página 279"
2024-05-02,2024-05-02,Credicorp Capital,BSANTANDER,Mantener,,,,,"Histórico validado, página 279"
2024-05-02,2024-05-02,Credicorp Capital,CENCOSHOPP,Comprar,,,,,"Histórico validado, página 279"
2024-05-03,2024-05-03,Credicorp Capital,CENCOSUD,Mantener,,,,,"Histórico validado, página 279"
2024-05-03,2024-05-03,Credicorp Capital,ITAUCL,Comprar,,,,,"Histórico validado, página 279"
2024-05-03,2024-05-03,Credicorp Capital,LTM,Comprar,,,,,"Histórico validado, página 279"
2024-05-06,2024-05-06,Credicorp Capital,CENCOSHOPP,Comprar,,,,,"Histórico validado, página 278"
2024-05-06,2024-05-06,Credicorp Capital,CHILE,Mantener,,,,,"Histórico validado, página 279"
2024-05-07,2024-05-07,Credicorp Capital,ENTEL,Mantener,,,,,"Histórico validado, página 278"
2024-05-08,2024-05-08,Credicorp Capital,FALABELLA,Mantener,,,,,"Histórico validado, página 278"
2024-05-09,2024-05-09,Credicorp Capital,PARAUCO,Comprar,,,,,"Histórico validado, página 279"
2024-05-13,2024-05-13,Credicorp Capital,CAP,Mantener,,,,,"Histórico validado, página 277"
2024-05-16,2024-05-16,Credicorp Capital,RIPLEY,Mantener,,,,,"Histórico validado, página 276"
2024-05-16,2024-05-16,Credicorp Capital,SMU,Comprar,,,,,"Histórico validado, página 275"
2024-05-20,2024-05-20,Credicorp Capital,CMPC,Comprar,,,,,"Histórico validado, página 275"
2024-05-20,2024-05-20,Credicorp Capital,LTM,Comprar,,,,,"Histórico validado, página 275"
2024-05-20,2024-05-20,Credicorp Capital,VAPORES,Mantener,,,,,"Histórico validado, página 275"
2024-06-18,2024-06-18,Credicorp Capital,LTM,Comprar,,,,,"Histórico validado, página 270"
2024-06-19,2024-06-19,Credicorp Capital,MALLPLAZA,Comprar,,,,,"Histórico validado, página 270"
2024-06-19,2024-06-19,Credicorp Capital,SQM-B,Mantener,,,,,"Histórico validado, página 270"
2024-06-24,2024-06-24,Credicorp Capital,BSANTANDER,Mantener,,,,,"Histórico validado, página 270"
2024-06-24,2024-06-24,Credicorp Capital,CHILE,Mantener,,,,,"Histórico validado, página 270"
2024-06-24,2024-06-24,Credicorp Capital,ITAUCL,Comprar,,,,,"Histórico validado, página 270"
2024-07-01,2024-07-01,Credicorp Capital,COLBUN,Comprar,,,,,"Histórico validado, página 269"
2024-07-01,2024-07-01,Credicorp Capital,CONCHATORO,Mantener,,,,,"Histórico validado, página 269"
2024-07-01,2024-07-01,Credicorp Capital,MALLPLAZA,Comprar,,,,,"Histórico validado, página 269"
2024-07-09,2024-07-09,Credicorp Capital,ITAUCL,Comprar,,,,,"Histórico validado, página 268"
2024-07-09,2024-07-09,Credicorp Capital,LTM,Comprar,,,,,"Histórico validado, página 267"
2024-07-10,2024-07-10,Credicorp Capital,SALFACORP,Comprar,,,,,"Histórico validado, página 267"
2024-07-12,2024-07-12,Credicorp Capital,ANTARCHILE,Mantener,,,,,"Histórico validado, página 20"
2024-07-15,2024-07-15,Credicorp Capital,CENCOSUD,Comprar,,,,,"Histórico validado, página 266"
2024-07-18,2024-07-18,Credicorp Capital,CENCOSHOPP,Comprar,,,,,"Histórico validado, página 266"
2024-07-19,2024-07-19,Credicorp Capital,LTM,Comprar,,,,,"Histórico validado, página 266"
2024-07-25,2024-07-25,Credicorp Capital,ENELCHILE,Mantener,,,,,"Histórico validado, página 265"
2024-07-25,2024-07-25,Credicorp Capital,LTM,Comprar,,,,,"Histórico validado, página 265"
2024-07-26,2024-07-26,Credicorp Capital,ENELAM,Mantener,,,,,"Histórico validado, página 264"
2024-07-27,2024-07-27,Credicorp Capital,CENCOSUD,Comprar,,,,,"Histórico validado, página 16"
2024-07-30,2024-07-30,Credicorp Capital,CONCHATORO,Mantener,,,,,"Histórico validado, página 264"
2024-07-30,2024-07-30,Credicorp Capital,MALLPLAZA,Comprar,,,,,"Histórico validado, página 264"
2024-08-01,2024-08-01,Credicorp Capital,PARAUCO,Comprar,,,,,"Histórico validado, página 264"
2024-08-02,2024-08-02,Credicorp Capital,CENCOSUD,Neutral,,,,,"Histórico validado, página 263"
2024-08-06,2024-08-06,Credicorp Capital,ENTEL,Mantener,,,,,"Histórico validado, página 262"
2024-08-08,2024-08-08,Credicorp Capital,CAP,Mantener,,,,,"Histórico validado, página 262"
2024-08-08,2024-08-08,Credicorp Capital,CCU,Mantener,,,,,"Histórico validado, página 262"
2024-08-08,2024-08-08,Credicorp Capital,ENELCHILE,Mantener,,,,,"Histórico validado, página 262"
2024-08-13,2024-08-13,Credicorp Capital,SMU,Comprar,,,,,"Histórico validado, página 261"
2024-08-17,2024-08-17,Credicorp Capital,MALLPLAZA,Comprar,,,,,"Histórico validado, página 9"
2024-08-28,2024-08-28,Credicorp Capital,FALABELLA,Mantener,,,,,"Histórico validado, página 299"
2024-08-30,2024-08-30,Credicorp Capital,RIPLEY,Mantener,,,,,"Histórico validado, página 299"
2024-09-05,2024-09-05,Credicorp Capital,SQM-B,Mantener,,,,,"Histórico validado, página 298"
2024-09-11,2024-09-11,Credicorp Capital,LTM,Comprar,,,,,"Histórico validado, página 296"
2024-09-12,2024-09-12,Credicorp Capital,CONCHATORO,Mantener,,,,,"Histórico validado, página 249"
2024-09-13,2024-09-13,Credicorp Capital,BSANTANDER,Mantener,,,,,"Histórico validado, página 295"
2024-09-13,2024-09-13,Credicorp Capital,CHILE,Mantener,,,,,"Histórico validado, página 295"
2024-09-13,2024-09-13,Credicorp Capital,ITAUCL,Comprar,,,,,"Histórico validado, página 295"
2024-09-25,2024-09-25,Credicorp Capital,ENTEL,Mantener,,,,,"Histórico validado, página 293"
2024-09-25,2024-09-25,Credicorp Capital,FALABELLA,Mantener,,,,,"Histórico validado, página 293"
2024-10-01,2024-10-01,Credicorp Capital,CMPC,Mantener,,,,,"Histórico validado, página 292"
2024-10-02,2024-10-02,Credicorp Capital,COLBUN,Mantener,,,,,"Histórico validado, página 291"
2024-10-02,2024-10-02,Credicorp Capital,LTM,Comprar,,,,,"Histórico validado, página 291"
2024-10-03,2024-10-03,Credicorp Capital,CAP,Comprar,,,,,"Histórico validado, página 291"
2024-10-04,2024-10-04,Credicorp Capital,SMU,Comprar,,,,,"Histórico validado, página 291"
2024-10-07,2024-10-07,Credicorp Capital,BCI,Comprar,,,,,"Histórico validado, página 290"
2024-10-07,2024-10-07,Credicorp Capital,BSANTANDER,Mantener,,,,,"Histórico validado, página 290"
2024-10-07,2024-10-07,Credicorp Capital,CHILE,Mantener,,,,,"Histórico validado, página 290"
2024-10-07,2024-10-07,Credicorp Capital,ITAUCL,Comprar,,,,,"Histórico validado, página 290"
2024-10-10,2024-10-10,Credicorp Capital,BCI,Comprar,,,,,"Histórico validado, página 288"
2024-10-10,2024-10-10,Credicorp Capital,BSANTANDER,Mantener,,,,,"Histórico validado, página 288"
2024-10-10,2024-10-10,Credicorp Capital,CHILE,Mantener,,,,,"Histórico validado, página 288"
2024-10-10,2024-10-10,Credicorp Capital,ITAUCL,Comprar,,,,,"Histórico validado, página 289"
2024-10-11,2024-10-11,Credicorp Capital,LTM,Comprar,,,,,"Histórico validado, página 288"
2024-10-14,2024-10-14,Credicorp Capital,PARAUCO,Mantener,,,,,"Histórico validado, página 288"
2024-10-16,2024-10-16,Credicorp Capital,CCU,Mantener,,,,,"Histórico validado, página 287"
2024-10-23,2024-10-23,Credicorp Capital,LTM,Comprar,,,,,"Histórico validado, página 286"
2024-10-24,2024-10-24,Credicorp Capital,CAP,Comprar,,,,,"Histórico validado, página 286"
2024-10-24,2024-10-24,Credicorp Capital,SQM-B,Mantener,,,,,"Histórico validado, página 286"
2024-10-25,2024-10-25,Credicorp Capital,PARAUCO,Mantener,,,,,"Histórico validado, página 285"
2024-11-11,2024-11-11,Credicorp Capital,SMSAAM,Inferior al mercado,,,,,"Histórico validado, página 283"
2024-11-12,2024-11-12,Credicorp Capital,SMU,Comprar,,,,,"Histórico validado, página 283"
2024-11-14,2024-11-14,Credicorp Capital,RIPLEY,Mantener,,,,,"Histórico validado, página 282"
2024-11-14,2024-11-14,Credicorp Capital,SALFACORP,Comprar,,,,,"Histórico validado, página 282"
2024-11-15,2024-11-15,Credicorp Capital,FALABELLA,Mantener,,,,,"Histórico validado, página 282"
2024-11-18,2024-11-18,Credicorp Capital,VAPORES,Comprar,,,,,"Histórico validado, página 282"
2024-11-19,2024-11-19,Credicorp Capital,ENELCHILE,Comprar,,,,,"Histórico validado, página 281"
2024-11-19,2024-11-19,Credicorp Capital,MALLPLAZA,Comprar,,,,,"Histórico validado, página 282"
2024-11-19,2024-11-19,Credicorp Capital,RIPLEY,Mantener,,,,,"Histórico validado, página 282"
2024-11-19,2024-11-19,Credicorp Capital,VAPORES,Comprar,,,,,"Histórico validado, página 282"
2024-11-20,2024-11-20,Credicorp Capital,AGUAS-A,Mantener,,,,,"Histórico validado, página 281"
2024-11-22,2024-11-22,Credicorp Capital,ENELCHILE,Comprar,,,,,"Histórico validado, página 320"
2024-11-22,2024-11-22,Credicorp Capital,QUINENCO,Mantener,,,,,"Histórico validado, página 320"
2024-11-22,2024-11-22,Credicorp Capital,SMU,Comprar,,,,,"Histórico validado, página 320"
2024-11-25,2024-11-25,Credicorp Capital,QUINENCO,Mantener,,,,,"Histórico validado, página 320"
2024-11-28,2024-11-28,Credicorp Capital,CENCOSUD,Comprar,,,,,"Histórico validado, página 318"
2024-11-28,2024-11-28,Credicorp Capital,FALABELLA,Mantener,,,,,"Histórico validado, página 318"
2024-11-28,2024-11-28,Credicorp Capital,MALLPLAZA,Comprar,,,,,"Histórico validado, página 318"
2024-11-28,2024-11-28,Credicorp Capital,RIPLEY,Mantener,,,,,"Histórico validado, página 319"
2024-11-28,2024-11-28,Credicorp Capital,SMU,Comprar,,,,,"Histórico validado, página 319"
2024-11-29,2024-11-29,Credicorp Capital,ENTEL,Mantener,,,,,"Histórico validado, página 318"
2024-11-29,2024-11-29,Credicorp Capital,QUINENCO,Igual al mercado,,,,,"Histórico validado, página 318"
2024-12-02,2024-12-02,Credicorp Capital,CONCHATORO,Mantener,,,,,"Histórico validado, página 318"
2024-12-06,2024-12-06,Credicorp Capital,BSANTANDER,Mantener,,,,,"Histórico validado, página 316"
2024-12-06,2024-12-06,Credicorp Capital,CMPC,Mantener,,,,,"Histórico validado, página 316"
2024-12-17,2024-12-17,Credicorp Capital,ENELAM,Mantener,,,,,"Histórico validado, página 46"
2024-12-18,2024-12-18,Credicorp Capital,SALFACORP,Comprar,,,,,"Histórico validado, página 314"
2024-12-20,2024-12-20,Credicorp Capital,PARAUCO,Mantener,,,,,"Histórico validado, página 313"
2024-12-24,2024-12-24,Credicorp Capital,LTM,Comprar,,,,,"Histórico validado, página 312"
2024-12-24,2024-12-24,Credicorp Capital,SMU,Comprar,,,,,"Histórico validado, página 312"
2024-12-26,2024-12-26,Credicorp Capital,ANDINA-B,Comprar,,,,,"Histórico validado, página 312"
2024-12-26,2024-12-26,Credicorp Capital,CAP,Comprar,,,,,"Histórico validado, página 312"
2024-12-26,2024-12-26,Credicorp Capital,CCU,Mantener,,,,,"Histórico validado, página 312"
2025-01-08,2025-01-08,Credicorp Capital,AGUAS-A,Mantener,,,,,"Histórico validado, página 310"
2025-01-08,2025-01-08,Credicorp Capital,ANDINA-B,Comprar,,,,,"Histórico validado, página 310"
2025-01-08,2025-01-08,Credicorp Capital,CHILE,Mantener,,,,,"Histórico validado, página 310"
2025-01-09,2025-01-09,Credicorp Capital,CCU,Mantener,,,,,"Histórico validado, página 310"
2025-01-09,2025-01-09,Credicorp Capital,CONCHATORO,Mantener,,,,,"Histórico validado, página 310"
2025-01-09,2025-01-09,Credicorp Capital,SQM-B,Mantener,,,,,"Histórico validado, página 309"
2025-01-10,2025-01-10,Credicorp Capital,CAP,Comprar,,,,,"Histórico validado, página 309"
2025-01-10,2025-01-10,Credicorp Capital,ENELCHILE,Comprar,,,,,"Histórico validado, página 309"
2025-01-13,2025-01-13,Credicorp Capital,BSANTANDER,Mantener,,,,,"Histórico validado, página 309"
2025-01-13,2025-01-13,Credicorp Capital,CHILE,Mantener,,,,,"Histórico validado, página 309"
2025-01-16,2025-01-16,Credicorp Capital,CENCOSUD,Comprar,,,,,"Histórico validado, página 308"
2025-01-16,2025-01-16,Credicorp Capital,PARAUCO,Mantener,,,,,"Histórico validado, página 308"
2025-01-19,2025-01-19,Credicorp Capital,ITAUCL,Comprar,,,,,"Histórico validado, página 309"
2025-01-24,2025-01-24,Credicorp Capital,COLBUN,Mantener,,,,,"Histórico validado, página 307"
2025-01-24,2025-01-24,Credicorp Capital,ECL,Mantener,,,,,"Histórico validado, página 307"
2025-01-24,2025-01-24,Credicorp Capital,ENTEL,Mantener,,,,,"Histórico validado, página 306"
2025-01-24,2025-01-24,Credicorp Capital,PARAUCO,Mantener,,,,,"Histórico validado, página 306"
2025-01-27,2025-01-27,Credicorp Capital,CAP,Sobreponderar,,,,,"Histórico validado, página 306"
2025-01-29,2025-01-29,Credicorp Capital,ANDINA-B,Comprar,,,,,"Histórico validado, página 306"
2025-01-29,2025-01-29,Credicorp Capital,COLBUN,Mantener,,,,,"Histórico validado, página 306"
2025-01-29,2025-01-29,Credicorp Capital,PARAUCO,Mantener,,,,,"Histórico validado, página 306"
2025-01-31,2025-01-31,Credicorp Capital,CENCOSUD,Comprar,,,,,"Histórico validado, página 306"
2025-01-31,2025-01-31,Credicorp Capital,CMPC,Mantener,,,,,"Histórico validado, página 305"
2025-01-31,2025-01-31,Credicorp Capital,ENELCHILE,Comprar,,,,,"Histórico validado, página 306"
2025-01-31,2025-01-31,Credicorp Capital,LTM,Comprar,,,,,"Histórico validado, página 306"
2025-02-04,2025-02-04,Credicorp Capital,AGUAS-A,Mantener,,,,,"Histórico validado, página 305"
2025-02-04,2025-02-04,Credicorp Capital,ANDINA-B,Comprar,,,,,"Histórico validado, página 305"
2025-02-04,2025-02-04,Credicorp Capital,BSANTANDER,Mantener,,,,,"Histórico validado, página 305"
2025-02-04,2025-02-04,Credicorp Capital,CCU,Mantener,,,,,"Histórico validado, página 305"
2025-02-04,2025-02-04,Credicorp Capital,CENCOSUD,Comprar,,,,,"Histórico validado, página 305"
2025-02-04,2025-02-04,Credicorp Capital,CHILE,Mantener,,,,,"Histórico validado, página 305"
2025-02-04,2025-02-04,Credicorp Capital,ENELCHILE,Comprar,,,,,"Histórico validado, página 305"
2025-02-04,2025-02-04,Credicorp Capital,LTM,Comprar,,,,,"Histórico validado, página 305"
2025-02-04,2025-02-04,Credicorp Capital,SALFACORP,Comprar,,,,,"Histórico validado, página 305"
2025-02-04,2025-02-04,Credicorp Capital,SQM-B,Mantener,,,,,"Histórico validado, página 305"
2025-02-07,2025-02-07,Credicorp Capital,BSANTANDER,Mantener,,,,,"Histórico validado, página 304"
2025-02-21,2025-02-21,Credicorp Capital,BSANTANDER,Mantener,,,,,"Histórico validado, página 302"
2025-02-21,2025-02-21,Credicorp Capital,CENCOSUD,Comprar,,,,,"Histórico validado, página 301"
2025-02-21,2025-02-21,Credicorp Capital,CHILE,Mantener,,,,,"Histórico validado, página 302"
2025-02-21,2025-02-21,Credicorp Capital,ITAUCL,Comprar,,,,,"Histórico validado, página 302"
2025-02-28,2025-02-28,Credicorp Capital,COPEC,Comprar,,,,,"Histórico validado, página 301"
2025-03-03,2025-03-03,Credicorp Capital,ENELAM,Mantener,,,,,"Histórico validado, página 340"
2025-03-04,2025-03-04,Credicorp Capital,AGUAS-A,Comprar,,,,,"Histórico validado, página 340"
2025-03-06,2025-03-06,Credicorp Capital,CCU,Mantener,,,,,"Histórico validado, página 340"
2025-03-06,2025-03-06,Credicorp Capital,SQM-B,Mantener,,,,,"Histórico validado, página 340"
2025-03-07,2025-03-07,Credicorp Capital,CENCOSUD,Comprar,,,,,"Histórico validado, página 339"
2025-03-10,2025-03-10,Credicorp Capital,ECL,Mantener,,,,,"Histórico validado, página 339"
2025-03-10,2025-03-10,Credicorp Capital,ENELCHILE,Mantener,,,,,"Histórico validado, página 339"
2025-03-10,2025-03-10,Credicorp Capital,SMSAAM,Mantener,,,,,"Histórico validado, página 339"
2025-03-11,2025-03-11,Credicorp Capital,CAP,Comprar,,,,,"Histórico validado, página 339"
2025-03-11,2025-03-11,Credicorp Capital,SQM-B,Mantener,,,,,"Histórico validado, página 339"
2025-03-12,2025-03-12,Credicorp Capital,LTM,Comprar,,,,,"Histórico validado, página 339"
2025-03-13,2025-03-13,Credicorp Capital,RIPLEY,Mantener,,,,,"Histórico validado, página 339"
2025-03-14,2025-03-14,Credicorp Capital,BCI,Comprar,,,,,"Histórico validado, página 338"
2025-03-18,2025-03-18,Credicorp Capital,LTM,Comprar,,,,,"Histórico validado, página 338"
2025-03-18,2025-03-18,Credicorp Capital,MALLPLAZA,Comprar,,,,,"Histórico validado, página 338"
2025-03-19,2025-03-19,Credicorp Capital,ANTARCHILE,Mantener,,,,,"Histórico validado, página 338"
2025-03-19,2025-03-19,Credicorp Capital,CAP,Comprar,,,,,"Histórico validado, página 338"
2025-03-21,2025-03-21,Credicorp Capital,AGUAS-A,Comprar,,,,,"Histórico validado, página 337"
2025-03-24,2025-03-24,Credicorp Capital,COLBUN,Comprar,,,,,"Histórico validado, página 337"
2025-03-25,2025-03-25,Credicorp Capital,LTM,Comprar,,,,,"Histórico validado, página 337"
2025-03-28,2025-03-28,Credicorp Capital,AGUAS-A,Comprar,,,,,"Histórico validado, página 335"
2025-04-04,2025-04-04,Credicorp Capital,QUINENCO,Mantener,,,,,"Histórico validado, página 334"
2025-04-07,2025-04-07,Credicorp Capital,AGUAS-A,Comprar,,,,,"Histórico validado, página 334"
2025-04-07,2025-04-07,Credicorp Capital,BSANTANDER,Mantener,,,,,"Histórico validado, página 334"
2025-04-07,2025-04-07,Credicorp Capital,SQM-ADR,Mantener,,,,,"Histórico validado, página 334"
2025-04-07,2025-04-07,Credicorp Capital,SQM-B,Mantener,,,,,"Histórico validado, página 334"
2025-04-09,2025-04-09,Credicorp Capital,AGUAS-A,Comprar,,,,,"Histórico validado, página 333"
2025-04-09,2025-04-09,Credicorp Capital,BSANTANDER,Mantener,,,,,"Histórico validado, página 333"
2025-04-09,2025-04-09,Credicorp Capital,SQM-B,Mantener,,,,,"Histórico validado, página 333"
2025-04-10,2025-04-10,Credicorp Capital,CONCHATORO,Mantener,,,,,"Histórico validado, página 333"
2025-04-10,2025-04-10,Credicorp Capital,LTM,Comprar,,,,,"Histórico validado, página 333"
2025-04-14,2025-04-14,Credicorp Capital,BSANTANDER,Mantener,,,,,"Histórico validado, página 332"
2025-04-14,2025-04-14,Credicorp Capital,CHILE,Mantener,,,,,"Histórico validado, página 332"
2025-04-14,2025-04-14,Credicorp Capital,VAPORES,Comprar,,,,,"Histórico validado, página 332"
2025-04-30,2025-04-30,Credicorp Capital,CHILE,Mantener,,,,,"Histórico validado, página 329"
2025-05-07,2025-05-07,Credicorp Capital,FALABELLA,Mantener,,,,,"Histórico validado, página 328"
2025-05-07,2025-05-07,Credicorp Capital,MALLPLAZA,Comprar,,,,,"Histórico validado, página 328"
2025-05-09,2025-05-09,Credicorp Capital,CENCOSUD,Comprar,,,,,"Histórico validado, página 327"
2025-05-13,2025-05-13,Credicorp Capital,SMU,Comprar,,,,,"Histórico validado, página 327"
2025-05-14,2025-05-14,Credicorp Capital,LTM,Comprar,,,,,"Histórico validado, página 326"
2025-05-15,2025-05-15,Credicorp Capital,AGUAS-A,Comprar,,,,,"Histórico validado, página 326"
2025-05-15,2025-05-15,Credicorp Capital,PARAUCO,Comprar,,,,,"Histórico validado, página 326"
2025-05-19,2025-05-19,Credicorp Capital,RIPLEY,Mantener,,,,,"Histórico validado, página 325"
2025-05-22,2025-05-22,Credicorp Capital,RIPLEY,Mantener,,,,,"Histórico validado, página 325"
2025-05-26,2025-05-26,Credicorp Capital,ANDINA-B,Mantener,,,,,"Histórico validado, página 324"
2025-06-02,2025-06-02,Credicorp Capital,SMU,Comprar,,,,,"Histórico validado, página 323"
2025-06-03,2025-06-03,Credicorp Capital,LTM,Comprar,,,,,"Histórico validado, página 322"
2025-06-17,2025-06-17,Credicorp Capital,CONCHATORO,Mantener,,,,,"Histórico validado, página 360"
2025-06-19,2025-06-19,Credicorp Capital,ECL,Mantener,,,,,"Histórico validado, página 359"
2025-06-19,2025-06-19,Credicorp Capital,PARAUCO,Comprar,,,,,"Histórico validado, página 359"
2025-06-30,2025-06-30,Credicorp Capital,FALABELLA,Comprar,,,,,"Histórico validado, página 357"
2025-06-30,2025-06-30,Credicorp Capital,LTM,Comprar,,,,,"Histórico validado, página 357"
2025-06-30,2025-06-30,Credicorp Capital,MALLPLAZA,Comprar,,,,,"Histórico validado, página 357"
2025-07-03,2025-07-03,Credicorp Capital,PARAUCO,Comprar,,,,,"Histórico validado, página 357"
2025-07-08,2025-07-08,Credicorp Capital,ITAUCL,Comprar,,,,,"Histórico validado, página 356"
2025-07-14,2025-07-14,Credicorp Capital,BSANTANDER,Mantener,,,,,"Histórico validado, página 355"
2025-07-14,2025-07-14,Credicorp Capital,CHILE,Mantener,,,,,"Histórico validado, página 355"
2025-07-18,2025-07-18,Credicorp Capital,SMU,Mantener,,,,,"Histórico validado, página 354"
2025-07-26,2025-07-26,Credicorp Capital,ANDINA-B,Mantener,,,,,"Histórico validado, página 352"
2025-07-26,2025-07-26,Credicorp Capital,FALABELLA,Comprar,,,,,"Histórico validado, página 352"
2025-07-31,2025-07-31,Credicorp Capital,COLBUN,Comprar,,,,,"Histórico validado, página 350"
2025-07-31,2025-07-31,Credicorp Capital,ENELAM,Mantener,,,,,"Histórico validado, página 350"
2025-07-31,2025-07-31,Credicorp Capital,LTM,Comprar,,,,,"Histórico validado, página 350"
2025-08-01,2025-08-01,Credicorp Capital,BSANTANDER,Mantener,,,,,"Histórico validado, página 349"
2025-08-01,2025-08-01,Credicorp Capital,CHILE,Mantener,,,,,"Histórico validado, página 349"
2025-08-01,2025-08-01,Credicorp Capital,ECL,Mantener,,,,,"Histórico validado, página 349"
2025-08-01,2025-08-01,Credicorp Capital,ITAUCL,Comprar,,,,,"Histórico validado, página 349"
2025-08-01,2025-08-01,Credicorp Capital,PARAUCO,Comprar,,,,,"Histórico validado, página 350"
2025-08-05,2025-08-05,Credicorp Capital,ENTEL,Mantener,,,,,"Histórico validado, página 349"
2025-08-08,2025-08-08,Credicorp Capital,CENCOSUD,Comprar,,,,,"Histórico validado, página 348"
2025-08-08,2025-08-08,Credicorp Capital,CMPC,Mantener,,,,,"Histórico validado, página 348"
2025-08-11,2025-08-11,Credicorp Capital,CAP,Comprar,,,,,"Histórico validado, página 348"
2025-08-11,2025-08-11,Credicorp Capital,CENCOMALLS,Mantener,,,,,"Histórico validado, página 348"
2025-08-11,2025-08-11,Credicorp Capital,CENCOSUD,Comprar,,,,,"Histórico validado, página 348"
2025-08-12,2025-08-12,Credicorp Capital,SMU,Mantener,,,,,"Histórico validado, página 348"
2025-08-13,2025-08-13,Credicorp Capital,FALABELLA,Comprar,,,,,"Histórico validado, página 347"
2025-08-14,2025-08-14,Credicorp Capital,SMU,Mantener,,,,,"Histórico validado, página 347"
2025-08-18,2025-08-18,Credicorp Capital,COPEC,Comprar,,,,,"Histórico validado, página 346"
2025-08-22,2025-08-22,Credicorp Capital,AGUAS-A,Comprar,,,,,"Histórico validado, página 345"
2025-08-25,2025-08-25,Credicorp Capital,BSANTANDER,Mantener,,,,,"Histórico validado, página 345"
2025-08-25,2025-08-25,Credicorp Capital,CHILE,Mantener,,,,,"Histórico validado, página 345"
2025-08-25,2025-08-25,Credicorp Capital,LTM,Comprar,,,,,"Histórico validado, página 345"
2025-09-08,2025-09-08,Credicorp Capital,VAPORES,Comprar,,,,,"Histórico validado, página 342"
2025-09-12,2025-09-12,Credicorp Capital,BSANTANDER,Mantener,,,,,"Histórico validado, página 341"
2025-09-12,2025-09-12,Credicorp Capital,CHILE,Mantener,,,,,"Histórico validado, página 341"
2025-09-12,2025-09-12,Credicorp Capital,ITAUCL,Comprar,,,,,"Histórico validado, página 341"
2025-09-15,2025-09-15,Credicorp Capital,RIPLEY,Mantener,,,,,"Histórico validado, página 341"
2025-09-16,2025-09-16,Credicorp Capital,BSANTANDER,Mantener,,,,,"Histórico validado, página 380"
2025-09-16,2025-09-16,Credicorp Capital,CENCOMALLS,Mantener,,,,,"Histórico validado, página 341"
2025-09-16,2025-09-16,Credicorp Capital,CENCOSUD,Comprar,,,,,"Histórico validado, página 341"
2025-09-16,2025-09-16,Credicorp Capital,CHILE,Mantener,,,,,"Histórico validado, página 380"
2025-09-16,2025-09-16,Credicorp Capital,ENTEL,Mantener,,,,,"Histórico validado, página 341"
2025-09-16,2025-09-16,Credicorp Capital,FALABELLA,Mantener,,,,,"Histórico validado, página 341"
2025-09-16,2025-09-16,Credicorp Capital,ITAUCL,Comprar,,,,,"Histórico validado, página 341"
2025-09-16,2025-09-16,Credicorp Capital,MALLPLAZA,Mantener,,,,,"Histórico validado, página 341"
2025-09-16,2025-09-16,Credicorp Capital,PARAUCO,Mantener,,,,,"Histórico validado, página 341"
2025-09-16,2025-09-16,Credicorp Capital,RIPLEY,Mantener,,,,,"Histórico validado, página 341"
2025-09-16,2025-09-16,Credicorp Capital,SMU,Mantener,,,,,"Histórico validado, página 341"
2025-09-18,2025-09-18,Credicorp Capital,LTM,Comprar,,,,,"Histórico validado, página 341"
2025-10-01,2025-10-01,Credicorp Capital,ENELAM,Mantener,,,,,"Histórico validado, página 378"
2025-10-02,2025-10-02,Credicorp Capital,ANDINA-B,Comprar,,,,,"Histórico validado, página 378"
2025-10-06,2025-10-06,Credicorp Capital,BCI,Comprar,,,,,"Histórico validado, página 378"
2025-10-06,2025-10-06,Credicorp Capital,CHILE,Mantener,,,,,"Histórico validado, página 378"
2025-10-06,2025-10-06,Credicorp Capital,LTM,Comprar,,,,,"Histórico validado, página 378"
2025-10-13,2025-10-13,Credicorp Capital,MALLPLAZA,Sobreponderar,,,,,"Histórico validado, página 376"
2025-10-23,2025-10-23,Credicorp Capital,CENCOMALLS,Mantener,,,,,"Histórico validado, página 374"
2025-10-23,2025-10-23,Credicorp Capital,MALLPLAZA,Mantener,,,,,"Histórico validado, página 374"
2025-10-23,2025-10-23,Credicorp Capital,PARAUCO,Mantener,,,,,"Histórico validado, página 374"
2025-10-27,2025-10-27,Credicorp Capital,COLBUN,Mantener,,,,,"Histórico validado, página 373"
2025-10-27,2025-10-27,Credicorp Capital,ECL,Comprar,,,,,"Histórico validado, página 373"
2025-10-27,2025-10-27,Credicorp Capital,PARAUCO,Mantener,,,,,"Histórico validado, página 373"
2025-10-29,2025-10-29,Credicorp Capital,CENCOMALLS,Mantener,,,,,"Histórico validado, página 373"
2025-10-29,2025-10-29,Credicorp Capital,FALABELLA,Mantener,,,,,"Histórico validado, página 373"
2025-10-30,2025-10-30,Credicorp Capital,ECL,Comprar,,,,,"Histórico validado, página 373"
2025-10-30,2025-10-30,Credicorp Capital,FALABELLA,Mantener,,,,,"Histórico validado, página 373"
2025-11-04,2025-11-04,Credicorp Capital,ENTEL,Mantener,,,,,"Histórico validado, página 372"
2025-11-05,2025-11-05,Credicorp Capital,MALLPLAZA,Mantener,,,,,"Histórico validado, página 372"
2025-11-06,2025-11-06,Credicorp Capital,CCU,Mantener,,,,,"Histórico validado, página 372"
2025-11-06,2025-11-06,Credicorp Capital,CENCOMALLS,Mantener,,,,,"Histórico validado, página 372"
2025-11-06,2025-11-06,Credicorp Capital,MALLPLAZA,Mantener,,,,,"Histórico validado, página 372"
2025-11-06,2025-11-06,Credicorp Capital,MALLPLAZA,Sobreponderar,,,,,"Histórico validado, página 372"
2025-11-07,2025-11-07,Credicorp Capital,CENCOSUD,Comprar,,,,,"Histórico validado, página 371"
2025-11-11,2025-11-11,Credicorp Capital,SMU,Mantener,,,,,"Histórico validado, página 371"
2025-11-13,2025-11-13,Credicorp Capital,CHILE,Mantener,,,,,"Histórico validado, página 370"
2025-11-13,2025-11-13,Credicorp Capital,ITAUCL,Comprar,,,,,"Histórico validado, página 371"
2025-11-14,2025-11-14,Credicorp Capital,AGUAS-A,Mantener,,,,,"Histórico validado, página 370"
2025-11-14,2025-11-14,Credicorp Capital,FALABELLA,Mantener,,,,,"Histórico validado, página 370"
2025-11-14,2025-11-14,Credicorp Capital,VAPORES,Comprar,,,,,"Histórico validado, página 370"
2025-11-19,2025-11-19,Credicorp Capital,BSANTANDER,Mantener,,,,,"Histórico validado, página 370"
2025-11-20,2025-11-20,Credicorp Capital,PARAUCO,Comprar,,,,,"Histórico validado, página 369"
2025-11-21,2025-11-21,Credicorp Capital,RIPLEY,Mantener,,,,,"Histórico validado, página 369"
2025-11-24,2025-11-24,Credicorp Capital,VAPORES,Comprar,,,,,"Histórico validado, página 368"
2025-11-26,2025-11-26,Credicorp Capital,SMU,Mantener,,,,,"Histórico validado, página 368"
2025-11-28,2025-11-28,Credicorp Capital,QUINENCO,Mantener,,,,,"Histórico validado, página 367"
2025-12-05,2025-12-05,Credicorp Capital,COLBUN,Mantener,,,,,"Histórico validado, página 366"
2025-12-05,2025-12-05,Credicorp Capital,ECL,Comprar,,,,,"Histórico validado, página 366"
2025-12-05,2025-12-05,Credicorp Capital,ENELCHILE,Comprar,,,,,"Histórico validado, página 366"
2025-12-10,2025-12-10,Credicorp Capital,CMPC,Inferior al mercado,,,,,"Histórico validado, página 365"
2025-12-10,2025-12-10,Credicorp Capital,LTM,Comprar,,,,,"Histórico validado, página 365"
2025-12-12,2025-12-12,Credicorp Capital,ENELCHILE,Comprar,,,,,"Histórico validado, página 364"
2025-12-18,2025-12-18,Credicorp Capital,SQM-ADR,Mantener,,,,,"Histórico validado, página 363"
2025-12-20,2025-12-20,Credicorp Capital,RIPLEY,Mantener,,,,,"Histórico validado, página 363"
2025-12-24,2025-12-24,Credicorp Capital,ECL,Comprar,,,,,"Histórico validado, página 362"
2025-12-24,2025-12-24,Credicorp Capital,ENELCHILE,Comprar,,,,,"Histórico validado, página 362"
2025-12-29,2025-12-29,Credicorp Capital,SQM-B,Mantener,,,,,"Histórico validado, página 361"
2025-12-31,2025-12-31,Credicorp Capital,ANDINA-B,Mantener,,,,,"Histórico validado, página 361"
2025-12-31,2025-12-31,Credicorp Capital,CCU,Mantener,,,,,"Histórico validado, página 361"
2026-01-07,2026-01-07,Credicorp Capital,CENCOSUD,Comprar,,,,,"Histórico validado, página 400"
2026-01-07,2026-01-07,Credicorp Capital,PARAUCO,Comprar,,,,,"Histórico validado, página 399"
2026-01-08,2026-01-08,Credicorp Capital,ENTEL,Mantener,,,,,"Histórico validado, página 399"
2026-01-13,2026-01-13,Credicorp Capital,LTM,Comprar,,,,,"Histórico validado, página 398"
2026-02-04,2026-02-04,Credicorp Capital,LTM,Comprar,,,,,"Histórico validado, página 394"
2026-02-10,2026-02-10,Credicorp Capital,ENELCHILE,Comprar,,,,,"Histórico validado, página 393"
2026-02-23,2026-02-23,Credicorp Capital,BSANTANDER,Mantener,,,,,"Histórico validado, página 390"
2026-02-24,2026-02-24,Credicorp Capital,AGUAS-A,Mantener,,,,,"Histórico validado, página 389"
2026-02-24,2026-02-24,Credicorp Capital,ENELAM,Mantener,,,,,"Histórico validado, página 390"
2026-03-03,2026-03-03,Credicorp Capital,QUINENCO,Mantener,,,,,"Histórico validado, página 388"
2026-03-04,2026-03-04,Credicorp Capital,BSANTANDER,Mantener,,,,,"Histórico validado, página 387"
2026-03-04,2026-03-04,Credicorp Capital,CHILE,Mantener,,,,,"Histórico validado, página 387"
2026-03-04,2026-03-04,Credicorp Capital,ENELCHILE,Comprar,,,,,"Histórico validado, página 387"
2026-03-04,2026-03-04,Credicorp Capital,LTM,Comprar,,,,,"Histórico validado, página 387"
2026-03-09,2026-03-09,Credicorp Capital,CENCOSUD,Mantener,,,,,"Histórico validado, página 386"
2026-03-09,2026-03-09,Credicorp Capital,CMPC,Inferior al mercado,,,,,"Histórico validado, página 386"
2026-03-09,2026-03-09,Credicorp Capital,SMSAAM,Mantener,,,,,"Histórico validado, página 386"
2026-03-16,2026-03-16,Credicorp Capital,SMU,Mantener,,,,,"Histórico validado, página 385"
2026-03-18,2026-03-18,Credicorp Capital,SQM-B,Mantener,,,,,"Histórico validado, página 384"
2026-03-23,2026-03-23,Credicorp Capital,AGUAS-A,Mantener,,,,,"Histórico validado, página 383"
2026-03-23,2026-03-23,Credicorp Capital,CAP,Mantener,,,,,"Histórico validado, página 384"
2026-03-23,2026-03-23,Credicorp Capital,SQM-B,Mantener,,,,,"Histórico validado, página 384"
2026-04-01,2026-04-01,Credicorp Capital,CENCOMALLS,Comprar,,,,,"Histórico validado, página 382"
2026-04-10,2026-04-10,Credicorp Capital,BSANTANDER,Mantener,,,,,"Histórico validado, página 420"
2026-04-10,2026-04-10,Credicorp Capital,CHILE,Mantener,,,,,"Histórico validado, página 420"
2026-04-10,2026-04-10,Credicorp Capital,ENELCHILE,Mantener,,,,,"Histórico validado, página 420"
2026-04-10,2026-04-10,Credicorp Capital,LTM,Comprar,,,,,"Histórico validado, página 419"
2026-04-10,2026-04-10,Credicorp Capital,SQM-B,Mantener,,,,,"Histórico validado, página 420"
2026-04-22,2026-04-22,Credicorp Capital,CENCOMALLS,Comprar,,,,,"Histórico validado, página 417"
2026-04-22,2026-04-22,Credicorp Capital,MALLPLAZA,Mantener,,,,,"Histórico validado, página 417"
2026-04-22,2026-04-22,Credicorp Capital,PARAUCO,Mantener,,,,,"Histórico validado, página 417"
2026-04-29,2026-04-29,Credicorp Capital,ENELCHILE,Mantener,,,,,"Histórico validado, página 416"
2026-04-30,2026-04-30,Credicorp Capital,BSANTANDER,Mantener,,,,,"Histórico validado, página 415"
2026-04-30,2026-04-30,Credicorp Capital,ECL,Mantener,,,,,"Histórico validado, página 415"
2026-04-30,2026-04-30,Credicorp Capital,ENELAM,Mantener,,,,,"Histórico validado, página 415"
2026-05-05,2026-05-05,Credicorp Capital,ENTEL,Mantener,,,,,"Histórico validado, página 414"
2026-05-06,2026-05-06,Credicorp Capital,CONCHATORO,Mantener,,,,,"Histórico validado, página 414"
2026-05-06,2026-05-06,Credicorp Capital,FALABELLA,Mantener,,,,,"Histórico validado, página 414"
2026-05-06,2026-05-06,Credicorp Capital,MALLPLAZA,Mantener,,,,,"Histórico validado, página 414"
2026-05-18,2026-05-18,Credicorp Capital,SALFACORP,Mantener,,,,,"Histórico validado, página 411"
2026-05-19,2026-05-19,Credicorp Capital,ANTARCHILE,Mantener,,,,,"Histórico validado, página 411"
2026-05-19,2026-05-19,Credicorp Capital,RIPLEY,Mantener,,,,,"Histórico validado, página 411"
2026-05-22,2026-05-22,Credicorp Capital,PARAUCO,Mantener,,,,,"Histórico validado, página 410"
2026-05-26,2026-05-26,Credicorp Capital,LTM,Comprar,,,,,"Histórico validado, página 410"
2026-05-26,2026-05-26,Credicorp Capital,PARAUCO,Mantener,,,,,"Histórico validado, página 409"
2026-06-01,2026-06-01,Credicorp Capital,FALABELLA,Mantener,,,,,"Histórico validado, página 409"
2026-06-01,2026-06-01,Credicorp Capital,RIPLEY,Mantener,,,,,"Histórico validado, página 409"
2026-06-04,2026-06-04,Credicorp Capital,CAP,Mantener,,,,,"Histórico validado, página 408"
2026-06-18,2026-06-18,Credicorp Capital,SMU,Mantener,,,,,"Histórico validado, página 406"
2026-06-19,2026-06-19,Credicorp Capital,ENELAM,Mantener,,,,,"Histórico validado, página 405"
2026-06-22,2026-06-22,Credicorp Capital,PARAUCO,Comprar,,,,,"Histórico validado, página 405"
2026-06-24,2026-06-24,Credicorp Capital,ANDINA-B,Mantener,,,,,"Histórico validado, página 405"
2026-06-24,2026-06-24,Credicorp Capital,CCU,Mantener,,,,,"Histórico validado, página 405"
2026-07-01,2026-07-01,Credicorp Capital,BCI,Comprar,,,,,"Histórico validado, página 404"
2026-07-01,2026-07-01,Credicorp Capital,BSANTANDER,Mantener,,,,,"Histórico validado, página 404"
2026-07-01,2026-07-01,Credicorp Capital,CHILE,Mantener,,,,,"Histórico validado, página 404"
2026-07-01,2026-07-01,Credicorp Capital,FALABELLA,Mantener,,,,,"Histórico validado, página 404"
2026-07-01,2026-07-01,Credicorp Capital,LTM,Comprar,,,,,"Histórico validado, página 404"
2026-07-01,2026-07-01,Credicorp Capital,PARAUCO,Comprar,,,,,"Histórico validado, página 404"
2026-07-02,2026-07-02,Credicorp Capital,CENCOSUD,Mantener,,,,,"Histórico validado, página 403"
2026-07-03,2026-07-03,Credicorp Capital,BSANTANDER,Mantener,,,,,"Histórico validado, página 403"
2026-07-03,2026-07-03,Credicorp Capital,CHILE,Mantener,,,,,"Histórico validado, página 403"
2026-07-03,2026-07-03,Credicorp Capital,ITAUCL,Mantener,,,,,"Histórico validado, página 403"
2026-07-08,2026-07-08,Credicorp Capital,FALABELLA,Mantener,,,,,"Histórico validado, página 403"
2026-07-09,2026-07-09,Credicorp Capital,BSANTANDER,Mantener,,,,,"Histórico validado, página 402"
2026-07-09,2026-07-09,Credicorp Capital,CHILE,Mantener,,,,,"Histórico validado, página 402"
2026-07-09,2026-07-09,Credicorp Capital,ITAUCL,Mantener,,,,,"Histórico validado, página 402"
2026-07-09,2026-07-09,Credicorp Capital,LTM,Comprar,,,,,"Histórico validado, página 402"
2026-07-22,2026-07-22,Credicorp Capital,SQM-B,Mantener,82400,82400,CLP,,"Fuente: captura aportada por Rodrigo; precio de referencia CLP 65.350; precio objetivo CLP 82.400; potencial 26,09%"
