date,Sigma-6,Delta-12,Gamma-6,Conjunto AlphaData,Oro,Mercado chileno (canasta igual peso)
2021-07-08,100.0,100.0,100.0,100.0,99.8215,100.0
2021-07-09,100.0,100.0,100.0,100.21684280910223,100.68732297875191,100.96961653039531
2021-07-12,99.98215,100.0,100.0,100.039264096271,99.97827603943658,100.11932001667223
2021-07-13,99.7868158429812,100.0,100.0,99.9060851257948,99.44651105538102,99.07018530957863
2021-07-14,99.81575423661361,100.0,100.0,100.36325295180374,101.27191818113917,98.33552900577092
2021-07-15,99.96768080318381,100.0,100.0,100.21511458284509,100.68042241325885,97.60615061819503
2021-07-19,100.40175670767006,100.0,100.0,100.41577858376422,101.48164567596885,100.18512104207116
2021-07-20,100.25706473950797,100.0,100.0,100.4758322776353,101.72143166807885,101.37643783493355
2021-07-21,100.18471875542693,100.0,100.0,100.31294125611223,101.07103062388029,101.19646824478457
2021-07-22,100.22016846425258,100.0,100.0,100.17909750097725,100.53661124775202,101.04427760921442
2021-07-23,100.14854576338642,100.0,100.0,100.13031658688672,100.34183588711652,99.49662774205899
2021-07-26,100.1123727713459,100.0,100.0,100.36371920185525,101.27377985231979,98.21094936783517
2021-07-27,100.18471875542694,100.0,100.0,100.34012987915256,101.17959098927307,97.70088707921836
2021-07-28,100.1123727713459,100.0,100.0,100.71196455252456,102.66427478319325,97.93608843141617
2021-07-29,100.13407656657022,100.0,100.0,100.7978050871365,103.00702402022377,99.21375870909282
2021-07-30,99.94163642554058,100.0,100.0,100.54335848874479,101.99105437536949,99.4157884916509
2021-08-02,99.9722468630293,99.83935000000001,99.8215,100.27367762494511,101.41565267219391,98.88755355659279
2021-08-03,99.9722468630293,99.81873869869624,102.06019706828582,101.47061690775492,102.87897379722203,98.32175207660062
2021-08-04,99.9722468630293,100.30561884199744,102.7765867917238,102.1818028199304,103.92383668331219,98.1774213769192
2021-08-05,99.9722468630293,100.66580045345106,103.6726803639507,102.4887127458866,103.24722037164024,98.29031122800541
2021-08-06,99.9722468630293,101.01720105705735,104.71778888676762,102.51753033204272,101.22767888820246,98.52152850739539
2021-08-09,99.95440181696425,100.43458726631579,106.0210932620729,102.65848358359621,100.6970501922874,97.71937115317085
2021-08-10,100.11820668950709,102.84243591319839,106.45180583306977,103.66185164881824,100.42569355245686,98.96721091053328
2021-08-11,100.38865155057131,103.07403635628293,105.85802496744978,103.65102335604044,100.93584417455536,99.94537504815534
2021-08-12,100.58087155406548,103.75985713312193,104.63137425543724,103.21196079816742,99.98170341378093,100.39605972689863
2021-08-13,100.55613400181552,104.78860565735117,104.90934815129361,104.16877973503668,101.86497708047179,101.20804020588648
2021-08-16,100.19942619986418,103.27243258499134,104.38015445917414,103.55495814830725,102.50347444095911,100.26534037077207
2021-08-17,100.06963465390682,102.00778047704249,103.4415788288863,103.03779259188188,103.77566892334832,100.25018591764542
2021-08-18,100.12861797213225,102.08634521589433,101.88257310703794,102.61392810682628,104.32067460720988,100.64647415695134
2021-08-19,100.09405675601374,99.97584038051235,100.49541579853994,101.13868728512152,103.68569873793538,99.99951453795954
2021-08-20,100.12672694369247,100.90706864155966,102.41824178360258,102.18334257409872,103.55816667191384,100.46651960204123
2021-08-23,100.33920376684458,100.8626171576892,104.57553870918156,103.29240273424013,104.82591349403697,101.04009575403954
2021-08-24,100.1632778897247,100.39932184386133,104.75101509915139,103.10243729860447,104.49543504606493,100.43218433023613
2021-08-25,100.79081858638305,101.25376827534545,105.5324180206258,103.48756101229225,103.55548105364744,101.52696817754794
2021-08-26,100.55856767662297,101.39369124636731,104.76790828876533,103.32775370774166,103.86258168582084,102.6532129641033
2021-08-27,100.50971254076131,101.28787959570403,107.3391589397694,104.72224235464847,105.74906084478317,102.86075319908174
2021-08-30,100.6256426746744,101.31735190990747,106.2791184161684,104.09084951695084,104.76375556798216,103.94690885630004
2021-08-31,100.48065012436537,100.12529934888609,105.57363470621726,103.41198687167233,104.91218184321798,103.43884847493008
2021-09-01,100.17073268644104,99.3236098780811,104.13615480944145,102.36125133726632,104.05100423589042,102.75574060646824
2021-09-02,99.67084405393872,99.75833956165881,102.90414163200936,101.8531663737839,103.14235214682185,102.2086628985366
2021-09-03,99.78890510207034,99.90460237931843,103.00329393843373,102.15322815072369,103.98233135223944,102.28303122856985
2021-09-06,99.86203684155204,99.69367533472816,103.00329393843373,102.07153407000223,103.98233135223944,101.56650819756415
2021-09-07,99.5776130530576,98.99134759631058,102.95270118049612,101.31661242646538,102.09810983576784,100.63190260067938
2021-09-08,99.07893061007512,97.39595323961332,103.91091526670378,101.31405805682226,103.16693094193924,98.87514868941616
2021-09-09,99.35266790339227,98.8725177559875,104.72654732835512,102.51584211554481,104.50728517165365,98.89461027650371
2021-09-10,99.53637101003487,99.92662712774508,104.94237894959059,103.08427363749898,104.83551928952994,99.4525246726431
2021-09-13,99.77693690112937,98.84471385972923,103.92250338033597,102.20508092111645,104.4884168620014,98.60001902045235
2021-09-14,99.46841396564291,98.92280624962527,103.59732526237873,102.17749590865107,104.73844841608067,98.60724406236355
2021-09-15,99.37727680086107,99.36782569840156,104.28425333229241,102.4019756091962,103.92601391414566,98.75481166433742
2021-09-16,99.52157725292597,99.02576824360824,103.42081310639463,101.19256833761484,100.84286749048276,98.42145369254118
2021-09-20,98.93404451478,95.22619900582025,100.76990331699115,99.09626405127403,102.2592915110381,95.57492122265671
2021-09-21,98.95850015729532,95.71575250215999,101.62948399541578,99.90442154235737,103.48808667979317,95.64548709050523
2021-09-22,99.3884457222253,97.65745129531196,102.66014824831086,100.83436953569814,102.67373738877407,97.36961342849185
2021-09-23,99.45187492591748,98.06207315425544,103.89314164366634,101.20762557403313,101.71456877301073,97.97551991600353
2021-09-24,98.72916719518581,97.70653814169519,102.34965535723244,100.41756590799139,101.36800751712939,97.72867651144463
2021-09-27,98.79661794998627,97.9527953869677,102.01595619954188,100.68023849031053,102.54430701309232,97.40338424668067
2021-09-28,98.37932648523794,97.89368955571568,98.71869235290701,99.20948681552596,101.58376125467663,96.49736150288824
2021-09-29,98.25836778090397,98.53328138514203,99.58234636950631,99.96410084939875,102.35338659861803,96.26604111194096
2021-09-30,98.99893556645026,99.03826213454828,99.73364549502139,100.87963798686879,105.04945005855713,96.26381473501846
2021-10-01,98.74352176391476,97.65310485988005,101.12135456148911,100.96322817306013,105.40896584515383,95.44002670940496
2021-10-04,98.27192246888,96.02419966622425,98.09169987191619,99.07522084124803,104.92313883226471,93.35233598161794
2021-10-05,98.11121344444506,97.15919751429837,100.25892822631035,100.29974028289239,104.79373298913961,92.69041932010319
2021-10-06,97.76207578706628,95.01306798560401,101.32416185591278,100.1188856953519,105.77198185129798,89.95038643341869
2021-10-07,97.71095351171566,96.01221180878755,102.52677024254103,100.8740999682733,105.42796229393831,89.67521294662079
2021-10-08,98.16243102857034,97.70126153807126,102.54676631091948,101.51396165250563,105.37425830702288,89.6962205548575
2021-10-12,97.21212560353274,96.64354270406845,102.01963836209269,101.36672566718785,107.27668304833209,88.29343062450288
2021-10-13,95.49522240920362,94.96683556976262,102.15293320577395,101.18911514615357,108.99398983598614,86.18207011501089
2021-10-14,95.443586222908,94.64544924582506,103.01799963950407,101.20998734579837,108.22550747147545,85.40943349246584
2021-10-15,95.4306771763341,93.82622938869682,105.73678355165886,101.85424274977362,107.91692072370891,84.83732850005913
2021-10-18,95.34597856586171,94.00297809577033,106.30858132797631,102.00144074152583,107.345423353367,84.87188032799351
2021-10-19,95.34597856586171,93.17222584706359,106.34547219731066,101.57464291391018,106.83114326590147,85.16693829864559
2021-10-20,95.34597856586171,92.89887036279374,104.9856244273276,100.9727973539575,106.90766497497273,85.91550267209186
2021-10-21,95.34597856586171,95.05155882190209,106.05775629498638,102.29146204189352,107.28141368055203,85.95964919393364
2021-10-22,95.34597856586171,94.38828904993825,106.04642702635437,102.31642463559919,108.45858200649492,87.30401779371329
2021-10-25,95.34597856586171,95.30668542520696,106.1497950818677,102.81534741448515,108.91223920023496,89.314689696516
2021-10-26,95.34597856586171,96.42078208818047,107.26047052969207,103.21149184418277,107.03492683143986,89.90905755136497
2021-10-27,95.34597856586171,93.06923123062644,107.51975341470045,101.97709996660586,106.81607623847074,87.91202057659633
2021-10-28,95.34597856586171,93.02310069641192,108.79160317992505,102.48243002373741,106.9848834037708,87.12839072051146
2021-10-29,95.34597856586171,93.3703297114558,110.13977652109155,102.92427282101968,106.14280510940644,87.2953954209112
2021-11-02,95.32895930868771,95.93124804384033,110.84988440595991,104.50815024869627,107.28307080712442,88.53231541761804
2021-11-03,95.32895930868771,96.9978236201332,111.08591591360307,104.85653501618937,106.5602735394621,90.594202768377
2021-11-04,95.70560828648651,99.2847385159704,113.05452148475621,106.776330048707,107.73421526455658,93.02683761504986
2021-11-05,95.77960493195283,99.11687944863938,113.00363639844673,107.04890585897083,109.21840264698602,92.13911145614357
2021-11-08,96.0282609218386,99.1963553758959,114.1237165409917,107.49265506774712,109.2942349189734,91.54557643140605
2021-11-09,95.72894095613677,99.21000004429844,112.4580154715521,106.79057451784911,108.78270645168895,93.13719274459177
2021-11-10,96.22291853486577,98.94249920864723,109.35675914857528,105.55316274244265,108.61748709373751,93.53069036001487
2021-11-11,96.40424362975247,99.85267245298316,110.8718222167148,106.65729297828133,109.42997550243338,94.05515046142062
2021-11-12,97.17287494755723,98.71040000622789,110.89126360868553,106.19357178614695,109.43677529224692,93.05617037029911
2021-11-15,96.9222191308107,97.5546841371055,111.76674088891666,106.20957660139428,110.20795298964775,90.77564945743181
2021-11-16,96.9222191308107,97.2097421518113,111.72545346547368,105.77781828282335,109.07478935255429,88.91853302386396
2021-11-17,96.56356961196477,97.94281747553033,111.76523756626425,106.80180366301109,111.99127090886296,88.03963349906121
2021-11-18,96.56356961196477,97.49905561102995,116.3096957344446,108.71102375184253,114.05435202857225,88.09952079135087
2021-11-19,96.32424648649791,97.72052801544105,116.3650473720667,108.71527051020418,113.61420321052574,89.24874255862488
2021-11-22,97.63331752398751,100.37797614586277,116.15787113871212,108.97198235032437,110.4411921564802,98.58870564553375
2021-11-23,97.228838830896,100.02371684347867,115.2327516939554,107.76825531445917,107.4171175449043,98.4511884546115
2021-11-24,97.19716983476411,100.22628677442401,116.28280894557736,108.23713683584779,107.48794660967651,97.04888900218153
2021-11-25,96.91335040609809,100.32413277957454,116.28280894557736,108.27758355334231,107.48794660967651,96.09656847768426
2021-11-26,96.5672413671711,100.037743317735,112.7136836759148,107.02433669219155,107.96594988909749,95.65052146762405
2021-11-29,96.00909464275148,99.7889755295043,116.78859381286607,108.75112293726066,109.62273631109538,92.36962265982433
2021-11-30,96.00909464275148,98.75598010747765,115.65966478902337,108.1038954044731,110.34626306404097,89.96874824671382
2021-12-01,96.00909464275148,98.88117806539456,111.81251014358052,106.40020305390017,108.68592426714062,87.64725075047922
2021-12-02,96.00909464275148,98.47019815453979,115.90503036320537,107.88239498712187,109.56972629444459,88.46632138992445
2021-12-03,95.82723219771464,98.03408111343965,113.04307839581493,106.88253061835653,110.31397166665947,89.39301720036059
2021-12-06,95.81012703676734,97.79199232595347,111.37441910662952,105.59618336217268,107.85560655212046,90.6573789848678
2021-12-07,95.80864269958164,98.63990419848798,118.54423452289923,109.36078838228106,111.54458977629199,91.27844905197888
2021-12-09,95.98335370926316,98.33551685089357,115.61778863920658,107.83628853610277,110.01827559781937,91.71800668686213
2021-12-10,96.25613392165889,98.26630929276769,114.24735220620416,106.9880843601479,108.63229554830224,91.91990909108686
2021-12-13,95.48025376942047,97.2027219262029,112.09106357003219,106.22386579575281,110.38047614451683,90.44362385947076
2021-12-14,94.56676361919507,95.4568186346598,112.67277956248965,105.63570685268613,110.07276357626907,88.04681959777186
2021-12-15,94.36897594644553,96.04914995507085,114.96119928789442,106.836148245175,110.70642257520508,89.21131428165621
2021-12-16,94.64775299372616,97.60476181836262,114.70192855455977,107.96692060418387,113.08709855466911,91.38034476173098
2021-12-17,94.43616865589603,96.38922046293555,111.37430261329872,106.09705623242834,112.25193032990141,89.83858621848172
2021-12-20,93.09784740048914,92.50903046738236,109.7530234559767,103.70843276931487,111.32281705748277,86.22296306238464
2021-12-21,93.49482432642435,94.38339825168342,116.50529251248678,107.75796239830808,115.05230003866366,87.6799381619907
2021-12-22,93.64255083907737,94.99281489631691,117.54031208639721,108.64550758058805,116.17350565272316,87.45915025459567
2021-12-23,94.28913283455745,96.77240152475325,116.59197884453366,108.74821342811043,114.96733492056934,89.30682882352724
2021-12-24,94.78107761761244,97.99126638186006,116.59197884453366,109.2485528969765,114.96733492056934,90.10814653763913
2021-12-27,95.07989217397356,98.23068624430047,119.72022790226302,110.65605071832809,115.83602311218463,91.4928824137919
2021-12-28,95.24033176857843,98.2371685361063,117.76861427297517,109.59420868947356,114.28262329892894,91.43968596590254
2021-12-29,95.2291788846212,97.1574426810333,117.00853136578078,108.81763993375642,114.00933112934938,91.36400402290815
2021-12-30,95.57925864208507,97.71235979699257,115.31162945701942,108.44460364728145,113.98458862280447,92.27677572145883
2022-01-03,95.15245380778292,99.30727025331824,118.4007351397704,110.03762596229835,113.31109751777454,91.79735843819113
2022-01-04,94.9847798207654,99.01781194573046,116.2719415336787,109.36455392797731,114.14420730437885,91.2957007800188
2022-01-05,95.31377756382463,99.13353822287496,113.07608319737808,108.06020701240269,113.19640650945979,91.99677755079294
2022-01-06,95.43793285952147,99.4065939388789,110.52994260085684,106.67523700108002,110.67098292052744,92.52828957600863
2022-01-07,95.52567951778192,99.60431132648674,110.06034721372322,106.67901850655969,111.03720291035202,91.86331509408949
2022-01-10,95.63763620148713,99.57670970576677,108.07832324272349,105.46756959714283,108.93097429857839,91.94603122599946
2022-01-11,95.75282069959604,100.89592820488133,111.78875149393608,108.17192661347197,112.49106282685945,93.13040379920882
2022-01-12,96.05072188418248,102.83743203979914,112.25521316576032,108.96250649662512,111.72605255859163,95.1203374732519
2022-01-13,96.35283220234588,103.217526231308,108.45612470421185,107.54979353665605,110.75448523321191,95.39014453619981
2022-01-14,96.04308080306224,103.00766503023394,107.9940233658108,106.99503924498062,109.47449738116289,95.11140894290648
2022-01-17,94.91652555003593,103.06675456544568,107.9940233658108,107.01963160939228,109.47449738116289,94.79446143170719
2022-01-18,94.82115657187751,103.80715452810938,106.71737401761534,107.03894501431192,110.15308318734581,95.30203199963707
2022-01-19,94.96571610373958,103.48238592627223,104.87173849562502,106.52160758382846,111.2828914842332,95.31201180684201
2022-01-20,94.60436170222286,102.96947056161804,102.48167794312432,105.10982556378202,109.78860581520486,95.61774906841913
2022-01-21,94.56233759184224,103.47415695915862,99.1861969483443,103.86685811798401,108.56597804031824,98.8904778926755
2022-01-24,94.7382967100628,101.91780160497261,97.89922456773482,102.76833787117673,108.57897130201235,96.56699328002027
2022-01-25,94.59039379524178,102.0541105434088,97.41500415322595,103.01544011149325,110.09733267267033,97.33859542256262
2022-01-26,94.40940715844768,102.95719398743911,97.02660002240427,102.59315804363423,107.3176017108596,98.08615525328943
2022-01-27,93.98860467524078,102.03145799463739,96.59057277591543,101.83978050474701,106.41650869778003,98.57955483105131
2022-01-28,93.97886356933593,101.99091448784063,99.12472252746879,102.70580395481898,106.37103263116411,98.70681797157968
2022-01-31,94.02796837317042,102.94764421286827,100.05170751031078,103.25406582642877,105.6275547016601,98.7608927910809
2022-02-01,94.56075654478971,103.90240107804219,101.40556644146655,104.3551039694339,106.5195651385731,99.07132600582199
2022-02-02,94.20453982336892,103.73844404363582,102.96016875830425,105.04618233579012,107.13789958672214,98.41326434396595
2022-02-03,93.70514839145513,102.84059442022023,102.41978679569911,104.74765917253713,108.15393773513556,96.45921985066639
2022-02-04,93.57502417421402,102.97980027003238,103.94170250382246,105.66506878727004,109.28358797662676,95.31166734884664
2022-02-07,93.59767594183367,103.90146716106631,106.10269131326324,107.38243621673557,111.47034613519483,95.13377644480369
2022-02-08,93.62243274697975,104.83649017215721,105.42909665368182,107.40251463824389,111.1801617817139,95.84678167063153
2022-02-09,93.64179287063513,105.46497446658135,107.53751230663444,108.66037607515314,112.02112208569272,96.00342593514289
2022-02-10,93.64507792310246,106.39211174758654,103.49308119798347,106.86320504523846,109.64502286158545,96.43064182005261
2022-02-11,93.5414807861372,107.11699073152154,101.01244432921413,106.42989550298714,110.68464250225325,96.05402243900515
2022-02-14,93.60860000188138,106.72995494133416,98.99430742038511,105.25769510621328,109.67963699995715,95.11623778681532
2022-02-15,93.0866534859376,106.91008932700142,103.51657545287563,107.45555913679183,111.23450715910909,94.81301555115836
2022-02-16,92.81283345730833,106.94411900808005,102.03034305510366,106.7662357403819,110.7150481197585,94.5670260596496
2022-02-17,92.24041399356707,105.79384824135353,98.93419034646897,105.40831049352524,111.83186116380048,93.0328561618986
2022-02-18,91.90152057239196,105.31382207508356,97.31017948380801,104.47314712409698,111.31577952751378,93.26321925125947
2022-02-21,92.02529633184193,105.53312424277567,97.31017948380801,104.55563021768266,111.31577952751378,92.91689029684605
2022-02-22,92.06844321358668,104.65480778995318,96.43708097432953,104.06817998468132,112.05556362841588,92.18769787254104
2022-02-23,92.06516051024666,104.16935559992532,94.62986471887854,103.10680440903367,111.73069697839038,90.09009220114915
2022-02-24,91.85880476321047,105.31616295572725,95.17610940893556,103.52383497093672,110.80714288519897,89.06851733864684
2022-02-25,91.99340476011898,107.09179455768465,101.13643554205647,107.28108681242401,114.01009898378025,89.85647969382626
2022-02-28,91.77066502483397,108.69757275506852,98.60043920260946,106.32049642331093,111.62403413926094,90.57113489300882
2022-03-01,91.41108502373243,106.8751115964741,98.91834392404732,106.52592261123273,114.75417592031852,89.02550262605773
2022-03-02,91.47419605572853,107.92396413874006,101.70154818041922,108.00896225068195,114.64037571737379,89.00893258222223
2022-03-03,91.44852552140574,110.47479544392995,101.79511525971547,109.0767050793391,115.03624432786269,88.74383274584223
2022-03-04,92.14074212013479,113.07347407075248,100.53686897883536,109.65062678647307,115.5801434856971,89.18822599097626
2022-03-07,92.01397224706088,111.80740519677943,97.52310972035156,108.2556380851059,116.78982455821473,89.30259638171216
2022-03-08,92.01371667095009,111.79294690976454,100.61038304218492,110.96570677476508,122.9505295514721,89.0869147844029
2022-03-09,92.32859091665478,113.16447875157998,100.62555108948189,110.52558756202623,118.96379202732282,90.60654135002567
2022-03-10,92.2979316484952,112.73968783093531,101.0196982344645,110.43683143299396,118.57608747072918,90.10569584939408
2022-03-11,92.66785806170172,113.36804917482908,100.03985090378585,109.96832229725169,117.30455619771234,90.41880900922999
2022-03-14,92.71030997175873,111.99307622800426,99.77779356288339,109.07138922063311,116.10085219984316,90.28969261574437
2022-03-15,92.63904875365048,112.28379531204244,99.32673218440907,108.758142583879,115.1035037570849,91.3937139178489
2022-03-16,92.65920847087274,113.30392608621776,100.36325064960816,109.57913409081175,115.21974899159278,93.19821002234492
2022-03-17,92.47636660021172,113.79425672958565,101.08521966089269,109.79948472140906,114.16382547308648,94.96443810904583
2022-03-18,92.37322503214652,114.70440456301367,101.51454679332032,110.09768061723496,113.2850786505512,96.03062405034174
2022-03-21,92.92672668410229,117.16244765429485,103.45215589233614,112.12409073649555,114.71841180202668,97.92394214736542
2022-03-22,92.82053309682189,116.55016164393537,103.1622848691313,111.27452944283814,112.58604709805233,96.39583880978392
2022-03-23,92.81267867966413,116.3939345030888,102.16824100627568,111.1119083280732,113.83177722616833,95.72930149100215
2022-03-24,93.23452022534268,118.32757996372024,103.28118230972336,112.48516930675898,114.7303552976592,96.83047451483854
2022-03-25,93.17400787583047,118.15430391735896,104.36407322171803,112.6439541219439,113.8252025426681,97.53132615206593
2022-03-28,92.65356378660086,117.1134584775869,101.34768352685683,110.17195272069529,110.1694723846139,96.53879088680681
2022-03-29,92.84196658866952,117.23386529893865,101.1458091383788,110.16811357776069,110.31068530743418,96.19331343402732
2022-03-30,92.47078472676414,117.48358166064517,101.43414746328259,110.61883080325275,111.32919166471488,95.52862757301422
2022-03-31,92.42391830116497,118.11359048389174,100.86519424040453,110.97419324101809,112.81724589279779,95.93497268201428
2022-04-01,92.41923165860506,118.36032026154284,101.50606574508376,111.02506370814416,111.59539031449613,95.9573393163206
2022-04-04,92.31370451186383,118.14836353804212,101.37292415091932,110.90553107972785,111.6363749325845,95.97875299848423
2022-04-05,92.05214219768109,117.53026755118327,99.24973472834685,109.49400843928633,110.34425034815568,95.40328672337385
2022-04-06,92.15795994565117,117.56486536357873,99.69828340069333,110.05099034848854,111.80706028546012,95.64551133160533
2022-04-07,92.51977899955237,117.97375346129793,101.94968179904635,111.65233218058594,113.95571011576787,95.68638429292025
2022-04-08,92.72251675097783,119.14285030946962,103.34545421309122,113.06310755784868,115.67577470941379,95.96355236061548
2022-04-11,92.56800456517792,118.31707260804487,101.3262123040386,112.38736394014838,117.49880165440176,94.99465099009072
2022-04-12,92.68512883623909,118.9371092568592,101.91660104962786,113.14766802538863,118.71165549877367,94.4815804366566
2022-04-13,92.31033116884335,118.42955381693298,102.53431386685041,112.97726609542029,117.70955848863035,94.19190503363637
2022-04-14,92.47430514832897,118.58990722027488,102.1199408647139,112.74022633176352,117.2111193824005,94.00432912820817
2022-04-18,92.50873085967079,118.96709652468728,104.86180279218738,114.42341994080776,118.91515822445467,92.69445524534629
2022-04-19,92.61379305041176,119.29738165803603,105.24032766785167,114.30272806352629,117.31609332755959,93.47429581177042
2022-04-20,92.99657786970856,119.3446260209927,105.4678383419462,114.69106195447435,118.44583335385873,93.71923228223334
2022-04-21,93.138135308676,119.00670974386018,100.6880813434703,112.34339796020367,117.4025671585662,93.1610369748403
2022-04-22,93.00497311335977,119.12190033188583,98.49346952959422,111.52091230442478,117.57494190258413,92.76746414133122
2022-04-25,91.8250968983721,118.36145586903369,99.54520468513245,111.59432912083537,117.19846306341259,90.5588430257872
2022-04-26,91.76109310387889,119.44583201290527,98.21848107124937,111.73317361813876,118.4353386605789,89.97190079402905
2022-04-27,91.35356398962982,119.00164551412423,99.11951198281652,111.79911676863969,117.82819674380049,90.20344897426703
2022-04-28,91.58689030838352,120.04491556619482,102.08188781048796,113.55199728722685,118.49132758511982,90.05433371159491
2022-04-29,91.30670168686952,120.02068031887592,99.80853845625471,112.98625030214394,120.03957470533537,89.74014819297686
2022-05-02,91.46973495959169,120.08566159728537,99.70848582048943,112.26379550311603,117.05236697474186,88.66859768403822
2022-05-03,91.65350248949368,120.74897791792041,101.2285681064375,113.50479521660846,118.58881835247864,88.76246628670384
2022-05-04,91.81671164099517,122.38096093170736,103.33895681267494,115.06390648019104,118.95898045421778,89.8617184540997
2022-05-05,91.74567412673656,122.42710562612244,101.38520197522702,114.0683798003042,118.18372410361917,89.22793987810054
2022-05-06,91.99704618656448,122.3720845754666,102.93580928790931,115.04826574290661,119.63312591204983,89.25603043404766
2022-05-09,91.3814616863276,120.34807719845043,98.0490332022771,111.73591715227757,117.40908567401068,88.28079543477915
2022-05-10,90.93812428776066,118.97190056586065,99.63122331102416,111.99809615815981,117.73351278533337,87.86688289702842
2022-05-11,91.24174368992017,119.66707146130287,100.28784473008959,112.69093816931965,118.45039050228864,88.02872984594977
2022-05-12,92.25035708823643,119.86253146947043,99.5242178997254,111.85865612871059,115.99781990912646,89.22555043532398
2022-05-13,93.05032668587592,122.51762906936354,101.59867757320437,113.57491649261404,115.56572363158749,91.44769443665815
2022-05-16,93.2371650163108,122.91035085489595,102.64731178878613,114.24488187535746,115.93191772260853,91.34476205768127
2022-05-17,94.13123845804428,125.6170308392007,103.81227300085408,115.45510833173986,114.91271915291718,93.90442667186699
2022-05-18,93.95267818174167,125.46760263630888,99.33666372536892,113.2885563144158,114.00390105869496,92.98811334615577
2022-05-19,93.75457536959563,126.09108162610592,100.1876497362684,114.39355553390588,116.22923736249302,92.46012289939483
2022-05-20,93.54165944519254,125.54201079856422,99.00152753414892,113.15379869136252,113.9241926890829,92.65264793490158
2022-05-23,94.15985530878078,127.6097078960023,101.20974472929554,114.93270258808863,114.39824749831465,94.10600015689144
2022-05-24,94.15211654210337,127.83340132003612,100.9694882367502,114.90548405132697,114.38041793935692,94.33028690023934
2022-05-25,94.79644355864095,128.99192701780655,101.70779535948319,115.4571291717616,113.65474391762588,95.63312083002151
2022-05-26,95.08395576827901,130.73180807666463,102.32728863339453,116.34479848116781,113.6992492938288,96.37993845487597
2022-05-27,95.46285572591442,132.946746988857,102.49247285666269,116.95302873581073,112.6631171868304,98.12953435684544
2022-05-30,95.4499211297846,132.78474559370977,102.49247285666269,116.89583880987641,112.6631171868304,98.56930854102453
2022-05-31,95.82859243462183,132.31729092529088,101.52934025342377,116.2636319741057,112.41525379018805,98.75883121921851
2022-06-01,95.35769403476932,130.31082689049282,101.14573786633139,115.39984297872037,112.26856628503836,97.85643628713203
2022-06-02,95.40030852419558,130.66571837749854,100.84163016808107,115.72050054182185,113.56154420170981,98.36665730348693
2022-06-03,95.25870766204272,130.57506504115452,99.91027635549717,114.61840817213307,110.96144027132364,98.64188547251771
2022-06-06,94.94079702353274,130.03441255832092,99.73980440082879,114.17841508818496,110.2318468149262,98.01017863129357
2022-06-07,95.53376429666133,130.49152648310886,103.1110522417923,116.35061828757198,112.45145145101765,98.25790204076603
2022-06-08,95.12085849486316,129.93073039801556,103.27064932215838,116.30600636256058,112.72851586691061,97.93400604313773
2022-06-09,94.67945912363328,129.24923320103713,100.84280873204825,114.83326862197711,111.933274577359,96.5635092049769
2022-06-10,94.07305549137895,129.14442693182158,99.90373315760525,114.95275462820341,114.08860577062411,96.3996448814071
2022-06-13,93.02887394015441,128.82326258471815,98.51858542552482,114.10269873534254,113.510711073922,94.77224148050422
2022-06-14,93.11470729978866,129.28730778283594,100.28879720410204,115.4105531641172,115.03757610382158,93.65672236540307
2022-06-15,93.29917642746825,129.4990459620016,100.72607885265396,116.27902235927408,117.40038043738534,94.419164220772
2022-06-16,92.30692300437373,129.3911248529981,96.98000636226598,114.55020505481508,117.07312865225005,92.32925377643575
2022-06-17,92.79136126840743,129.49676594428865,95.53459174430486,114.05946292242668,117.44109469691357,92.71101174101757
2022-06-20,91.44091919390138,129.4704099354604,95.53459174430486,114.05077855484717,117.44109469691357,92.68215037522475
2022-06-22,91.61298677995329,129.42973424922093,99.94896352188226,116.2010920763527,118.47796280885089,91.59958605907988
2022-06-23,90.4625603261724,128.8005071224116,101.97096125685094,117.2178279059702,119.85397208177984,89.77647415035838
2022-06-24,90.28344745631081,128.40737105036683,104.97524021622401,118.83983440568453,121.63865351360552,89.67804852573475
2022-06-28,89.84724364400279,128.76974377360008,108.17786802117821,120.81854319179168,123.5106851203956,89.41201894405698
2022-06-29,90.26532435209717,128.929117403705,106.34895507595421,119.74992924947288,122.2121245362002,89.70688372694791
2022-06-30,89.75097262075981,128.40509103265393,107.45716489854998,120.37187247955809,123.44481415963276,88.90903230178284
2022-07-01,89.54597698279073,128.89873311244096,107.4494948752063,120.20701081858309,122.06989035205423,88.57220695547679
2022-07-04,89.39275712842006,128.67335682301336,107.4494948752063,120.12778216684295,122.06989035205423,88.02370861177887
2022-07-05,89.0403489138136,129.1644429813765,106.79297226777192,119.78153493957734,121.07267275005522,88.06310495397544
2022-07-06,89.22320254532472,130.05377957732134,109.82803738904484,121.67154330576123,122.31329143779305,88.58641424593995
2022-07-07,89.50074652532965,132.62695890894267,112.828803875952,124.37762119050637,124.53242948302815,89.42649117659622
2022-07-08,89.91318961559114,132.98397994264357,110.73239490746424,123.06998170535306,122.2659720803474,89.66455150324302
2022-07-11,89.34850675721539,131.1623950341045,113.12634684929037,123.94129726129108,124.34184259308267,89.74144304889829
2022-07-12,89.26320227440922,131.49268015946356,114.15624616658913,124.99958934378222,126.43209491204243,89.80075835763276
2022-07-13,89.56953726166026,131.81289895162584,116.41128561659312,127.02558435429638,130.39536440995784,90.31384062669954
2022-07-14,89.64550713784104,132.02864415825266,114.75389398530584,125.71880961465352,127.57967926438648,90.20213397809268
2022-07-15,89.72923598569301,130.08104289302054,116.50362579777642,125.61815877384764,126.96025678243576,90.28400089529194
2022-07-18,90.14336261025193,129.900361800511,120.44764213590794,128.50169427507427,132.25318282668925,90.44142105827004
2022-07-19,90.39136826811112,131.83662038928185,122.87104895996399,130.29017350156008,132.62159077373565,91.05034015134473
2022-07-20,90.95491001907979,131.24500866408795,121.80767614818804,129.33716970761435,131.3977710842857,91.35889722776724
2022-07-21,91.36505322633454,131.69030701513304,107.25778227622487,120.01621215644705,117.59196268063663,91.87265706532098
2022-07-22,91.16405122339343,132.08049037125633,107.13451017336612,120.22276202979486,118.08900717481266,92.05910322784206
2022-07-25,90.90953460971252,132.78497695285455,111.8760899151684,123.10422356311575,120.72262572390034,92.01516100021473
2022-07-26,91.04281359342211,132.05395213094806,110.44390071600051,121.73096298949098,118.61144001278723,91.9641570979906
2022-07-27,91.04129628069172,132.98174558138,109.69384889933723,121.66818794304011,118.30846883736321,92.33215853048038
2022-07-28,91.76021328952818,135.95239486203803,108.3797017565532,122.04794740772735,117.84694784610764,93.1100292973359
2022-07-29,92.31208494712725,137.11573020669275,110.93236413142496,123.57417010308306,118.03141769525183,93.61601668530052
2022-08-01,92.43768585224635,137.49542606689522,108.66466959378388,122.65305081996685,117.64115192468374,93.41710742825155
2022-08-02,92.45084436300743,138.07644181631497,106.64101321666318,121.49240819588545,115.6863348277524,92.9400025108013
2022-08-03,92.43777872273867,137.08769385455292,107.88796655565525,122.38621811879256,118.38777999478229,92.78277001827287
2022-08-04,92.00946095431706,135.57768707390662,106.1638897894391,121.70897677521658,120.50169076890002,92.46113523594886
2022-08-05,92.04324253366092,135.49778073846682,105.61206377186362,120.79303039274848,117.98612608353183,92.84468693477962
2022-08-08,92.04648114094,136.25560796421382,107.73648871422837,122.74609075880655,121.07887082219648,93.30143143944339
2022-08-09,91.93676038244503,135.44999626335093,107.41086741372332,122.00713022265624,119.81552305007855,92.8779388856779
2022-08-10,91.95780588919506,136.6982448806186,107.49195949040427,122.33330021754155,119.32049247779773,93.525145689839
2022-08-11,92.1447429087406,136.9170758039226,105.84978218841222,121.06296591165056,116.80541327773388,94.32420510179146
2022-08-12,92.22456962361973,138.50845439129534,107.18533055046164,122.34540903863602,117.51874645964376,95.17643877184895
2022-08-16,92.86417740872996,137.74337287162012,105.85867827321111,120.94942624027591,115.29049255470983,95.87968366091852
2022-08-17,93.15441459544665,137.582366081554,106.15505183047789,120.84752050138029,114.636039091426,96.65339724011378
2022-08-18,93.57183648473406,136.01441226359012,108.82305504157647,121.89836985508532,116.41736761315352,96.9885864984546
2022-08-19,93.44629987490065,134.76273405923578,112.86815523101062,124.00982976124527,119.64463138352674,96.61878026985167
2022-08-22,93.22562397864652,135.60232178461956,113.92466396284352,125.02257029355638,120.74361811841946,96.58213551775509
2022-08-23,93.68879935717045,135.5545734965425,113.89553500520373,125.01493331285012,120.82258369171072,96.93781906580203
2022-08-24,93.36783722151148,135.08206029619132,111.4514248988853,123.20127292920907,118.40423901537233,97.5138598185525
2022-08-25,94.06068844138468,136.04732068637105,112.81887842277861,124.36001493232598,119.40249998252673,99.15586794542173
2022-08-26,94.16026955460863,134.92537329730803,108.3005990151843,120.95006648182441,115.03432232875113,99.56052328603349
2022-08-29,94.93058032837553,135.5544823835946,107.80847243962005,120.78680236921141,114.3836669733581,100.8675234174772
2022-08-30,95.04288268565003,134.37036986635175,104.52714846620567,118.4079562033136,112.0610022265789,102.2851316132861
2022-08-31,95.36263632626361,134.1851748219127,104.39490175273843,118.32797247357803,112.20561049883591,101.88052751805088
2022-09-01,95.28142962007406,132.5812018726882,105.5430175149934,118.22787843001146,111.98678798585262,102.24946923658939
2022-09-02,97.78269769049238,138.3924421660965,105.52140757437812,120.42730436389118,113.0750967077718,106.93956019486693
2022-09-05,98.98641922094545,140.90335140008298,105.52140757437812,121.25762373165234,113.0750967077718,109.45210329723128
2022-09-06,96.75462319188505,135.8246922225114,103.55588689523611,118.05286412771356,110.45835164159429,105.6682487394071
2022-09-07,96.15962200612512,134.4005761833796,105.1255728781632,118.93162909790763,113.04711621733007,103.64863287949177
2022-09-08,95.12537245507227,134.23361012087932,104.71072876340422,118.21054719469713,111.19027438291236,107.55763430894393
2022-09-09,95.16881509242681,135.66317280548603,105.34062565533618,119.05448956695666,111.58274193230979,109.0827386517909
2022-09-12,95.28557914384145,135.02021358268658,109.20684994404651,121.4177717485455,115.11998724951748,107.56943099210072
2022-09-13,94.85133290913032,134.0569120386716,105.64624443746065,118.94212375216925,112.67853921935124,105.93544977247235
2022-09-14,93.8890680780749,135.16372866543793,109.23875676323131,121.35637575815748,114.65565796003564,113.8576043673047
2022-09-15,93.96878616706265,134.95277978459768,108.67327743449357,120.56852049086953,112.84356823782278,114.22032564332724
2022-09-20,91.01999029828433,129.92292811827767,107.84093381342244,118.65641640831836,113.2417547208252,110.14144684667293
2022-09-21,91.1339119027319,129.38262274395393,107.45723863950442,118.77156582446429,114.97482983370725,111.6903338086718
2022-09-22,90.63303045960068,126.92740701881445,108.30396776210341,118.42893854412519,115.38968722288517,111.30195609939008
2022-09-23,90.07313045670868,125.01129761580849,106.06777791722867,116.57676792069662,114.37295840448238,109.48131182487573
2022-09-26,89.86906817958555,126.312002554124,107.31684507689432,117.99982024788416,116.1253941459074,108.23470769138912
2022-09-27,89.52189965282044,126.04622288678154,109.47303176203518,119.62987295270393,119.16534738250606,107.31174928605066
2022-09-28,89.21586619062789,124.05714709026331,110.55956558446245,119.79941772864282,120.55159354225009,106.54590981426533
2022-09-29,88.66627638753691,121.63776928814612,106.67666087406117,116.42483786890396,117.04643902394666,105.24208441725432
2022-09-30,88.87815077666932,123.8493629076947,106.37699375960163,117.27171142579813,117.96779295535676,106.59072717508067
2022-10-03,88.98744622709435,124.74679446317437,110.20293617957103,120.00216624260135,121.30799730702972,106.65975569270599
2022-10-04,93.36420815138138,126.6899981156931,109.75765463125758,120.07607432404919,119.56970107614985,109.58482409959707
2022-10-05,93.16569111083382,125.00844673232163,110.27443481584304,119.26727401380867,117.85820682488715,108.52333462567681
2022-10-06,92.88174585624596,125.37607067738045,111.03406944805192,119.94629711953712,118.80156635587652,107.98146891831135
2022-10-07,92.36083144772253,123.36688551196512,110.53251085271881,118.82078471555282,117.97776092436412,106.069967149406
2022-10-11,91.63928542836805,121.59663270658275,109.8940390652685,117.22897513899105,115.16406424038477,103.92137549531681
2022-10-12,91.3503421212053,119.97510758366292,109.21229490569348,116.21569924858431,114.53772214831665,103.90155016682392
2022-10-13,91.57655774961694,120.46421009611917,111.87318543969026,117.79271016348672,115.75816493470263,105.27340368319737
2022-10-14,92.17798949646968,121.08045081486274,110.87512770779506,117.03883843187062,113.5045243692625,105.74996263932464
2022-10-17,92.81096683585324,123.25601210784303,113.46916143797021,119.7079673606752,116.82102707161627,107.38897600619399
2022-10-18,92.69767835393918,124.2918029514182,114.26251545076232,120.75711547299785,118.2429304090715,108.01920280520036
2022-10-19,92.47322483743216,123.5846749998817,114.75913543492408,120.35930112481643,116.82645059912703,107.43570199342847
2022-10-20,92.95320925565908,123.05373773426085,114.81572136888423,120.18492446708986,116.78926136675132,108.3817995006438
2022-10-21,92.62455033875763,123.967904586845,116.61137610584392,121.89928859936552,119.39432826563618,108.19522187392516
2022-10-24,91.619121797445,122.82604185573717,117.04187182278201,121.39410774929732,118.27696104069659,106.77106179452866
2022-10-25,91.80910633668411,123.69274369665449,117.8274180929769,122.51652436743163,120.2482542108287,107.36633565035511
2022-10-26,91.95806202752449,122.53059443671246,117.07842300139596,121.4069525350219,118.68996953975658,107.62070543646169
2022-10-27,92.24305544064353,123.19304468058672,116.30293949070614,120.80594135034724,116.61513914128348,108.67402504056881
2022-10-28,92.45670469352218,124.167676981763,117.05314537915814,120.90732838789027,114.38265144653764,107.05606461248047
2022-11-02,91.83009017466384,124.18418074805581,115.13038834424142,120.00378654539257,113.7590510475867,106.2426509643486
2022-11-03,91.79877599851788,123.89028669463178,115.9507494463135,120.15748889543943,113.54431571036069,104.85245897667195
2022-11-04,91.87424664778979,124.67950654726978,117.83127557304286,122.0934867627671,117.02343544480286,105.47885163391437
2022-11-07,91.87037622692324,125.82558240690666,116.36319521558364,121.2239294857614,114.30114786570364,106.4136266320296
2022-11-08,92.26078649781688,128.13183065144005,116.2857521454439,122.39011724174993,115.64092658406732,107.38651826999094
2022-11-09,92.3121721622062,128.29245817730774,112.6209816852613,120.5611729823329,113.86972780012593,106.90942037387374
2022-11-10,93.00336862567487,129.68172949388097,114.22770862699765,122.61199523552169,117.35554168747254,107.11899329807397
2022-11-11,92.98050980055233,130.57574431602666,112.34377777115992,121.99040575077265,116.52944043601866,107.07168407124573
2022-11-14,92.7861531187276,129.39307485816855,112.17745216757754,121.44702189679775,116.35119868315876,106.78666523731431
2022-11-15,92.9696686871668,128.4826071804016,111.81595976981967,121.07425203317985,116.72852952136229,106.51915887909651
2022-11-16,93.09717469911476,129.09367232833628,111.23465209396295,120.85396478378651,115.90263405578474,106.90175814199512
2022-11-17,93.23874217911884,127.60482350146668,115.0873210185912,122.44105007004347,118.31851277441564,106.91229834078038
2022-11-18,93.61094664920886,128.13482494993258,117.02604887679423,123.50159227541984,118.75765842870173,107.57059631734278
2022-11-21,94.30585122560775,129.94026335523392,119.07177182171054,125.46410187235139,120.69075712530908,108.35755097021726
2022-11-22,94.28386139721762,129.90715367567503,120.81881098396377,126.15821782380625,120.80236942775159,108.36981064220417
2022-11-23,94.15295706090521,128.66353902164974,118.8772067423603,124.62274600951122,119.55630386290049,107.76956335467473
2022-11-24,93.9433102608727,128.94176384718062,118.8772067423603,124.72434074766238,119.55630386290049,107.39512187885695
2022-11-25,94.33963474992025,127.77257661100126,117.18209825466428,123.1271457214948,117.61251742781462,107.86623816404102
2022-11-28,93.9073616306203,126.10502318310145,117.09824724119547,122.63612569579101,118.18154748806508,107.43842750541657
2022-11-29,93.95346317190139,126.49483454120141,116.2237228653483,122.31090839957015,117.69409930033233,107.67676324569753
2022-11-30,94.48428471974103,126.78540276078577,116.73905784169935,122.55592932530985,117.46442157705192,107.87676796993387
2022-12-01,95.08404424840717,128.00903587430628,114.98876358011654,122.53637030047186,118.33067895724788,108.5621307490146
2022-12-02,95.1420073960418,129.35007520357308,113.85810355228925,122.10172401617596,116.50717674060438,109.07795297839283
2022-12-05,94.92603569267506,128.8336217674792,112.23378358848717,120.8638076194143,114.93057145606637,109.08475784341528
2022-12-06,95.36658164775382,128.29559384574472,111.90666957741023,121.06860356540939,116.95715255392892,108.8824207937906
2022-12-07,95.25705278139432,127.37354851058679,109.90663176042709,119.63021008750678,115.74269283010419,108.10351261685072
2022-12-09,95.27085973205837,126.87803849947532,107.00439525960847,117.90658047355062,114.20362909010896,108.2647905929291
2022-12-12,95.54500347205445,126.47251442733207,105.77107976609769,116.31991297607615,110.545661850712,108.4137274096405
2022-12-13,95.76586399616711,125.04169418866954,109.6650289529499,118.67271646558982,115.67712056948474,107.98330000043264
2022-12-14,95.96489961737348,126.01438427692962,108.3623717723726,118.09664986748865,114.08294029628576,108.92324058050788
2022-12-15,95.91171827826453,124.58600704469052,108.34101170612985,117.55751730290316,114.03329005761833,108.32858189225331
2022-12-16,96.89004305215899,123.88269969913128,108.40277121631777,117.8287768805103,115.95743888882276,108.93210139417262
2022-12-19,97.47073722952794,125.60291660762262,106.6158269023237,117.24795219526382,114.03710590259988,109.88174998105946
2022-12-20,98.11764839429715,126.920789425329,110.35858971589009,120.50807563152732,119.05533409222721,111.33925599909244
2022-12-21,98.78861874795297,127.78647848022419,111.27660059962278,121.02845284421568,118.46172722786235,111.98224665665579
2022-12-22,98.82516107564668,127.54521723709168,108.00166987858346,118.73821527844667,114.95956865686067,111.89123478341125
2022-12-23,98.95924821406446,127.69421169355338,109.5192916619539,119.4993526937166,115.37999597714622,112.40372228647489
2022-12-26,98.7953293802742,126.83107890261269,109.5192916619539,119.18647546468989,115.37999597714622,111.65913165830514
2022-12-27,98.66867477529567,125.78533027542406,111.51162693085784,120.0786756016273,117.24676214430626,111.44866382222196
2022-12-28,98.75176820367288,127.15738889598462,108.55764849200021,118.91020520462739,115.31877179000647,112.0507863666943
2022-12-29,98.8653613544539,127.15293233326392,108.5651918893828,118.90081675941411,115.27758614320226,112.71758556712832
2022-12-30,99.27147118356011,127.56826950671838,107.93100103686287,118.73115725865301,115.00713510335301,112.62290440456925
2023-01-03,98.45985464390445,126.4027050870129,106.02763671374218,117.49954705945588,114.85363492764424,111.03545176882352
2023-01-04,98.0542340835638,125.20059237344515,108.40394206857572,118.85606517544335,117.93698623895297,109.97025996009906
2023-01-05,98.4959323003019,125.26775060725343,108.3585275118458,118.23820035997302,115.5248145665639,109.92332354027448
2023-01-06,97.99038445402151,125.13604383787849,110.56966188169318,119.53176727367853,117.18074770340189,110.38881436059167
2023-01-09,97.20118638347404,125.2669228544372,108.18493924899317,118.27549476427333,115.94788606700436,110.32086058114396
2023-01-10,96.39549669903238,124.33014613295155,108.90430800394849,118.14112684173801,115.54427876084708,110.0575673833839
2023-01-11,95.69692720932733,124.57675782259348,108.62897360247325,117.79538253299259,114.31126425719945,110.91336316050484
2023-01-12,95.8201533107716,125.53655625062174,109.11166844535887,118.55399541603526,115.18109164833734,111.48357523448342
2023-01-13,95.69021876408372,124.40892438681833,108.6746990569766,118.14284493145782,115.81139738412723,111.00204017569193
2023-01-16,95.94933862860772,124.18307028841234,108.6746990569766,118.06401679130086,115.81139738412723,110.9332968996111
2023-01-17,95.27152308671857,124.98050796199286,108.32960125722708,118.15490326512905,115.63674928234957,111.15067783267048
2023-01-18,95.73144295715508,125.22793004012499,105.39547931567905,116.67585593641383,114.26126478827605,111.94363385959257
2023-01-19,96.26572603876289,125.75675415978999,106.57832596392973,118.14756727382037,117.35774483589755,112.18790270125447
2023-01-20,96.59980803254778,125.40287125236677,108.04635997922894,118.5049173171327,116.87444674813094,112.81882334297717
2023-01-23,96.42610544031217,126.18709702339862,107.00547064006756,118.09679791490663,115.89636038194324,114.18906782668769
2023-01-24,95.85572537961376,124.6833898698248,106.59242450366746,117.43334910301944,116.01945577487777,113.62265450460399
2023-01-25,95.94323626876802,125.20400110125898,105.58896306953916,116.91782409290364,114.92188575905102,113.87648423376959
2023-01-26,96.44498642476671,126.85777449471993,107.02039151066383,117.87786013456403,114.11727083910145,114.85529133763346
2023-01-27,96.40369492444198,126.77342918692734,105.17812611118183,117.01337396751909,113.82641644430305,115.34494293623901
2023-01-30,96.95583334386701,125.4491117028359,102.28752877113361,114.84616203828234,111.84050894374883,115.08498100682809
2023-01-31,97.47228984405872,126.24243229528189,105.75831812310041,117.29101386617299,114.69286526819288,114.87047983682021
2023-02-01,97.54157904702758,125.74215238071149,103.91673114150991,116.31802290156091,114.56462811086449,114.37017979568529
2023-02-02,96.7520337308136,125.25856950849457,101.30482802270191,114.07722838446627,110.70784611216963,114.42154903420172
2023-02-03,97.05926652835447,124.61903965289551,99.10616633697708,112.01522214270292,107.09066678912687,114.6601494105956
2023-02-06,96.7286567504121,123.99563408397685,98.79634331034336,111.67504627452541,107.11365825968622,114.4399340098557
2023-02-07,96.77219628329888,125.13372264043751,104.24959322188221,115.2784980806442,110.7863116433346,114.75156590361524
2023-02-08,98.39932353366977,125.79362837347355,102.40313013290331,114.50303011509611,109.85753172191288,116.12860351002851
2023-02-09,98.89039362454875,127.46776187830523,103.20237734695087,115.38008374897319,109.70642478518027,116.92215668815366
2023-02-10,99.09258364599648,128.44373876215678,103.59086558661176,115.91007159264673,109.81742319074282,117.65391710621074
2023-02-13,99.48024702539317,126.70552552364758,103.54268142674051,114.89673968950139,108.30104771069206,117.88884871277796
2023-02-14,99.14966668544584,126.18699923393893,104.3038956887157,115.03660034727065,108.31644623834296,117.84203636462891
2023-02-15,99.19085474594283,127.89267186726057,103.25064325778769,114.72278783535933,106.47791154615193,119.20474716078604
2023-02-16,100.22237084863926,127.60790681035274,102.68843400510389,114.55582244535968,107.12747074514213,119.92948890143924
2023-02-17,99.7184731985901,125.46489117838868,101.37504548213765,113.3160059195724,107.33501147975704,118.56957566654687
2023-02-20,99.38275326012692,125.63010023507175,101.37504548213765,113.37356641272211,107.33501147975704,118.50652000003043
2023-02-21,99.02153977572743,123.78309634802882,101.1433780191265,112.73860672561065,107.74533183905731,117.15735931346963
2023-02-22,99.07700691058918,124.2569105877983,101.04693055111531,112.8911795804069,107.85329819937445,117.22889147631967
2023-02-23,99.75365533013479,124.42973807857031,102.62819331451684,113.52503589162033,107.52476283888666,117.87359367934502
2023-02-24,99.97213408045782,124.53655042887986,101.88582953506558,113.16590131949445,107.1821040585445,117.92437036066666
2023-02-27,99.7189563214892,123.67262237174903,101.46709312867324,112.59688897609725,106.81497407246232,117.84146881350723
2023-02-28,101.03498274012293,125.66225608249042,105.38379782113881,116.25305376982972,112.03287993537297,118.93014860802302
2023-03-01,101.89213959113238,127.27716837100178,105.230104486801,116.71745824842563,111.90851157087222,119.65223048053552
2023-03-02,103.4859589803439,129.5164663733207,104.01042261144806,116.40621440128895,109.6590511390804,120.61083389841565
2023-03-03,104.372929996394,130.26141655862648,105.72262272210736,117.73115927323734,111.03986673681132,121.31898095364357
2023-03-06,105.09322652859112,130.6362511534997,104.66740178280136,116.94252864675097,109.18128718619978,121.60499014496764
2023-03-07,105.21166251695053,132.0807347407625,102.26343436140917,115.80615970584181,106.70256292433223,121.90390706980416
2023-03-08,105.41448078160442,134.15565151535796,102.68046707101512,116.85140539309536,107.29194603428803,122.37143016110565
2023-03-09,106.03773303922756,134.9149354672268,100.68822681931512,116.51709691604596,108.16476618705907,123.18023047711691
2023-03-10,105.64656205922228,135.3092088678092,98.59639254919156,116.16835008713039,109.62887822685069,122.94351333293318
2023-03-13,104.84792378420461,134.1633839328606,95.80921115951537,114.69110798735717,109.91129101523033,121.85085810292067
2023-03-14,105.3173207083844,134.3122752052699,100.37658420381987,117.31710253352426,112.55152399522353,121.67143246834667
2023-03-15,104.48024903429858,131.28961002521672,98.2076216310082,115.54584544200033,113.2246488072697,119.84387435824996
2023-03-16,103.47967669888178,130.502695945817,101.88338337376224,117.5250754670641,116.044999311693,119.37705109462466
2023-03-17,101.20632003291718,128.14978469131677,101.59185515404235,117.64282007882524,120.11033372373647,117.61581101818417
2023-03-20,101.2144859623111,128.7962162258553,100.45330280054333,116.53627241270937,116.79592416265162,117.53430983398965
2023-03-21,103.13519794842492,132.22896899296282,105.59558452980127,120.16856332731552,118.00691000131668,119.70666050621075
2023-03-22,103.02596697256158,132.5439092452776,103.4516393882945,119.78112375119574,119.51106058630751,119.67881072223008
2023-03-23,103.81974556073486,133.00533631893552,102.2550163049361,119.3856109347552,119.27755373871572,119.89937913976138
2023-03-24,103.00478878065938,133.2646667464719,101.69502977768126,118.754470654318,117.39081069211302,119.22082006283135
2023-03-27,103.61467886208895,132.93080543319812,102.64028262735995,118.94739487839549,117.07363071932807,119.17132855440403
2023-03-28,103.16995012161692,131.47708364591418,101.98456594243704,118.1893514442628,117.1412383255361,118.66853776494378
2023-03-29,103.35139080314069,132.40572197634864,102.69995567988977,118.36239033425747,115.42560095075349,119.1208825422408
2023-03-30,103.48430546068629,133.16160301501637,102.76059986051646,118.6742817225996,115.52032532309194,119.0592618807116
2023-03-31,104.74088262066822,135.4987370881648,103.75004601621373,119.6294290280638,114.49893818412977,119.66068969297412
2023-04-03,103.64239442963557,134.16521092950103,106.38690421071286,120.76494025587267,116.171402126539,119.1615963409833
2023-04-04,102.33500184624656,132.43021150641616,107.29864931526696,121.76522190913822,120.69078624725057,117.7988576961339
2023-04-05,102.6198588664471,132.69325583413718,107.47247400509207,121.78617843810666,120.14985100610285,118.04484360300928
2023-04-06,103.03527264423779,133.88607295407516,107.52753428542762,122.14360054427223,119.91514917986743,118.60389638450344
2023-04-10,103.39963921504663,134.15707252968508,108.92899797044679,122.87054502195534,120.0347322802312,118.67036478278725
2023-04-11,103.91381723334025,133.3235936950544,109.4939709089367,123.04733659177525,120.83276882556241,118.94171131370082
2023-04-12,104.68000461423468,133.42868130200787,107.60294391329462,122.046254094648,119.99738587055381,119.65215174846702
2023-04-13,105.21917039312501,135.02396077835834,108.27912682250535,122.99442821910718,120.48600882821344,120.52504815996753
2023-04-14,105.37716218549528,135.5655770992612,107.67158626820505,122.04759761002714,117.18032382926432,120.99587222764934
2023-04-17,105.14424207908083,136.60580314626316,107.65670793214248,122.37809024773186,117.15171396910954,121.1960740923912
2023-04-18,105.85971724050832,135.6547470898462,109.3828814652401,123.05265879847904,118.08224115407602,121.2751525018188
2023-04-19,105.89404662135597,136.2287195426675,108.10613944624718,122.31202525196728,116.63275965934054,120.86520551090447
2023-04-20,104.8881875221314,136.69800038475051,106.93622595313595,122.09735280956804,117.15275097893577,120.15355263808165
2023-04-21,103.78136237370758,135.36729846703395,106.48020021248672,121.0725329947802,115.67088472662525,118.17876477778468
2023-04-24,104.7178913813611,136.73931538096863,108.08840710149646,122.70005682766316,117.50048049070712,118.68991441576881
2023-04-25,105.30942078550706,136.97953057362923,107.66713066720094,123.18984973609629,119.76853400543314,118.90266950569368
2023-04-26,105.83392124508129,137.75765722308242,107.25476416325486,123.0288819933741,118.84861313588513,119.68086770367394
2023-04-27,106.73094496391197,138.47564400711272,107.54247576432226,123.11435734737702,117.78950402950663,120.72119948955797
2023-04-28,106.80498800570439,138.4384317187042,108.70070243644071,123.55260525002328,117.5971486039125,120.38964162362649
2023-05-02,106.2985968508769,137.3925291974572,108.61066900380368,123.73372008270722,119.76546072740447,119.88975430258913
2023-05-03,106.86914716032163,136.97432757886537,106.98492057319476,123.26628807193806,121.15692985441291,120.18244543122454
2023-05-04,106.81818778226275,138.29090598290423,106.0322108286563,123.35100072605353,121.34791136249595,120.6304362791714
2023-05-05,107.11609439705659,139.79435420503611,107.62917070768721,123.79926696280764,118.54739008480318,121.72192264779271
2023-05-08,109.12882914586227,142.98784339106598,107.29004826934356,124.57593183220185,117.98553349330868,123.55225599566984
2023-05-09,108.04830221770148,139.78882680772566,106.76093753365826,123.59560040370093,119.1879737538619,122.12751015189505
2023-05-10,108.36211998464258,141.20175150116293,106.79927492904697,123.82445630219772,118.19673684396047,122.38781886327857
2023-05-11,108.39020992583907,140.8970450442976,105.93795904904535,123.01672668174312,116.90751930191283,122.5505519899259
2023-05-12,107.75225127266373,139.6025250997871,106.54363343395124,123.02537682931653,117.60703842090707,122.2024247377983
2023-05-15,106.25540797532753,139.2435144659683,105.62817224366687,122.21946294099656,116.48179224050375,121.68001273543629
2023-05-16,107.11552717243134,139.6184697871431,105.4537975487779,121.84945859525563,114.87832231296713,122.20557915747874
2023-05-17,106.90716131642573,138.14834177003434,108.10184911917473,122.93975394335605,116.60533116831202,122.29833622261961
2023-05-18,107.49560473101691,138.24776658744003,108.93408645822008,122.69635566608724,114.20145586535006,122.67587535696538
2023-05-19,108.44970962585306,139.57004408314492,109.17577640423559,123.64500425328424,115.73611607971442,123.42054314025465
2023-05-22,104.97076546665264,139.3813311512222,108.65045810399268,123.40650366028117,115.92102118695709,122.00697065533967
2023-05-23,105.873707157704,140.0371535576612,106.86530679761297,122.85860156864301,115.8962968365582,122.31500671416204
2023-05-24,105.14043066342583,138.79068524220074,107.05488238972994,122.40451457494703,115.44809057733825,121.66181860824643
2023-05-25,105.18469817297535,138.34842154171983,113.50028102715902,124.93898428597934,115.20146090489835,121.63239186968644
2023-05-26,105.89325860768832,138.74874570671798,114.86965345812567,125.83617911139494,115.88499887893519,122.10853201214708
2023-05-29,106.15224764195243,137.9122712387109,114.86965345812567,125.55622993525847,115.88499887893519,122.59280101584282
2023-05-30,106.51602685968217,140.40530449865034,114.23666497694583,126.01988060918003,115.50082064238167,123.27836749875812
2023-05-31,105.82424880440043,136.98420604330568,113.21672706707126,124.62961447423757,116.22203037398273,121.4078950203512
2023-06-01,106.03985564698021,137.82552247645106,116.0085312261317,126.51813331595045,117.89693399171323,121.95920571364978
2023-06-02,106.73540904557443,140.79842489533388,115.15805943686021,126.38570446664679,114.92905810607061,123.47945457121956
2023-06-05,106.60444822929233,142.79062727119464,115.0647603319272,127.11132762961704,115.24403277184727,123.46705093074668
2023-06-06,107.13903098760865,143.8318386869613,114.85381670940862,127.36083863580025,115.17446433210206,124.28575127526625
2023-06-07,107.22334167757934,144.80165960977462,111.12906015935471,125.73686736564052,113.61799565427137,124.13386519272443
2023-06-08,108.16155572682948,146.24653656882057,111.89863803925051,126.7747140590089,114.46549472915595,124.48091488269178
2023-06-09,108.32120238816547,147.35772465914073,111.74601610254608,126.89385430850376,113.73076221242711,124.69753237667074
2023-06-12,108.43002146140758,147.9129088637348,113.51438302820381,127.76621669409057,113.55529442887078,124.84238348803845
2023-06-13,108.77070786354673,147.12884532090303,114.75076217037113,127.79474032338717,112.75573341021995,125.10505027390192
2023-06-14,109.40266888626718,148.22113127780517,118.4858021869998,130.30997452111086,114.9965769800002,125.66145161554047
2023-06-15,110.0316331619389,148.5223979784975,119.17751611397162,130.8057659690983,115.3974371200403,126.06329013625046
2023-06-16,110.35912807825176,148.79056928483996,116.9915631629404,129.6622402690332,114.15658507747875,126.19298115321517
2023-06-19,110.23264148240781,148.11975418756444,116.9915631629404,129.433372387002,114.15658507747875,126.20375760193221
2023-06-20,110.46330633063221,150.67231740968597,117.61829071262568,130.28889105350547,113.13423752686433,126.6584584243651
2023-06-22,111.38353939900993,153.30813087026664,119.15623121653987,131.77629923812628,112.95988784703768,126.91257102395592
2023-06-23,111.08050293285488,150.84763423260137,118.27398463233521,130.72918179899327,113.54382571265505,126.01961715274021
2023-06-27,110.3720886597549,150.10822960945708,117.23728418400049,130.00259101501635,113.37086029971175,125.61880153204577
2023-06-28,110.00720247735332,150.14348778316997,116.24792344096464,129.23820255515042,111.99813395863245,125.51749338330734
2023-06-29,110.28589853324866,150.92485152672424,116.01044480863386,129.49517871611812,112.32796610573241,126.30664850391298
2023-06-30,110.39246410880838,152.42628261542694,118.76776677240629,131.45433693797133,113.47936664841349,127.17908160055156
2023-07-03,110.83857895998067,153.77351023666913,118.24699767179301,131.6256014183859,113.31263136815079,127.76049350258083
2023-07-04,111.24166629880679,153.8374344434844,118.24699767179301,131.64627480737678,113.31263136815079,128.70316443090988
2023-07-05,111.12603445837232,153.89436849360268,118.24837635674388,131.4591388378927,112.6008869115154,128.2741408412179
2023-07-06,110.2928788469633,153.06261813879922,117.34987012400892,130.63941909983285,111.98694766477207,127.73940452193722
2023-07-07,111.8211149320828,156.02268929151558,118.28402108309574,132.51882836603758,113.83219363278222,129.95044750357346
2023-07-10,112.5682379075101,157.06239198061755,116.85282298761217,132.42357180369055,114.3934073328043,130.52324285217983
2023-07-11,113.25759762725208,158.2231937195605,118.14819721765919,133.6726166602276,115.55356813813633,131.8812143779604
2023-07-12,114.1613392887012,160.27592218029585,120.87280584938105,136.0524462714639,117.5739438010135,133.1469167134522
2023-07-13,114.85233513718231,159.75611550096417,123.97297298773158,137.00560883149382,117.00255099196659,133.2501626506393
2023-07-14,116.5164629370091,162.15258476630848,123.82799488471517,137.54435890745424,116.39445219979265,134.98854050443734
2023-07-17,118.16758541197181,163.23811652352276,125.26364808119344,138.69867103948988,117.1105040140838,136.43932686920158
2023-07-18,119.33749851127072,165.38019512674842,127.05520209880187,140.68729703442625,119.01751919930084,137.9851728950944
2023-07-19,120.01217769511577,168.3960827001617,126.17506725861205,141.20486557462837,118.6981898172831,138.97353098413816
2023-07-20,120.07340914276534,168.2400542438233,121.46621018654906,138.6418990465378,116.77117515497237,139.35052084379643
2023-07-21,119.09729581366284,167.15670355360635,122.07290746892514,138.86517951088445,117.88245863724381,138.72726701154357
2023-07-24,119.86423545040661,168.47762406736763,123.09914103926695,139.69048790000875,117.78636460338463,139.43229074746372
2023-07-25,120.02070713449557,168.543340682276,125.91141103275281,141.4367327113673,119.71226405364729,140.28251102821702
2023-07-26,118.45706414929772,166.83604852847586,126.81981410702878,141.45675310429297,120.38604863000462,139.44266768648572
2023-07-27,118.26927264301167,166.39485023542846,126.00940290425808,140.2703198976005,117.94343211087711,139.19540699817463
2023-07-28,118.0485724642719,166.57304738917966,129.24129236763645,142.060498394673,119.29402357269336,139.10092618665573
2023-07-31,119.04299393426454,167.83724896745144,129.44035185519607,142.64316205891905,119.60892010904719,140.67263267344953
2023-08-01,120.37139362926347,168.81655464935506,130.55319290443066,143.60077452765034,120.23149669158902,141.50299130591003
2023-08-02,119.61758065837023,166.99581353891588,126.86881161432092,141.3707223707267,119.80486942956395,140.34403509498205
2023-08-03,119.03100676188026,164.25941044795087,127.44503679843447,140.85561695459177,120.20361875987619,139.39260752710138
2023-08-04,119.2365217804787,164.27864244885518,128.9788455457353,141.88800812395417,121.51981017523467,139.92670898105638
2023-08-07,120.41168917378342,165.92496170686027,130.2614356722986,142.76618230320852,120.92764170966753,140.62240581787435
2023-08-08,119.7250689736199,164.5351420888385,130.75018711063564,142.72353489313534,121.59283423524266,139.30915931808096
2023-08-09,120.62493382029132,165.5003315609465,128.23640633773428,141.87049630628215,121.18419501950488,140.9421214924015
2023-08-10,120.94754018150418,165.94710937115923,128.458584349065,142.12404448248927,121.24906690057284,141.05416598789967
2023-08-11,119.1233812434049,163.0434803431983,124.93364854054727,139.0948115555814,119.07850308934458,140.48215120655166
2023-08-14,118.87034936978742,162.64904836312843,130.1716730915665,141.6028409000645,120.65198692168103,139.94789313626546
2023-08-16,118.23907902864103,162.93316736930757,128.38313308196763,140.7722769897654,120.04154051316137,139.50872228736327
2023-08-17,117.43337974829487,162.66791959070338,129.04061860527136,141.20107620694455,120.85198632334287,138.0234729617952
2023-08-18,116.84014640747836,162.40083143517364,127.46532019082797,140.25376826162656,120.14362927218275,137.6608030477841
2023-08-21,116.58503184728865,161.76795886317754,131.97324261310501,142.25513257356232,121.2845802496344,137.07540404505218
2023-08-22,116.95636850779582,162.76942683413873,131.1522873877534,142.24401863722508,121.31466306364084,137.5669628712751
2023-08-23,117.20708426845249,162.89714059524863,134.09540426433622,143.87416741217652,122.56641392035414,138.21081672450282
2023-08-24,116.39046718016155,160.48543004299512,131.7717414274002,142.116297923695,122.46920119530668,136.44231948584064
2023-08-25,115.69748886220157,159.81594270810615,128.8036206030204,139.84290825210306,119.67377115117178,136.1133228758598
2023-08-28,115.89127147559225,159.22488312141115,129.18138971838218,139.7196654342302,119.36861760324047,135.805970890405
2023-08-29,116.48513979950037,159.689763583065,133.23710671076446,142.05674599295787,121.08890631940965,135.62897566803343
2023-08-30,116.33835072739492,159.93849281413117,135.42588541607816,143.42581982397752,122.38119583707683,135.43505949209413
2023-08-31,116.8742154625259,160.72852783716021,135.3112115705195,143.3945541299862,121.5907487611888,135.53514687210867
2023-09-01,116.46476008925862,159.6705503330409,134.72815499676216,142.8161191634712,121.61526250556045,135.05132982837853
2023-09-04,116.51464946964697,159.5292810206113,134.72815499676216,142.76885643495774,121.61526250556045,134.68963739838847
2023-09-05,115.15729897190162,157.6454237111275,135.2115029069417,142.28984373974743,121.47675131482357,133.23812829572333
2023-09-06,114.43167837370498,156.8313765518957,136.0152194768725,142.82817999310802,123.14307696172291,132.85422202979245
2023-09-07,114.60536159459446,156.24827057522185,136.1679813388142,142.6818199921933,123.10242537144993,132.36952902642608
2023-09-08,114.96863906630824,155.87638124680495,137.34380464167245,143.47799244266574,124.63997498700566,132.3513317634869
2023-09-11,115.442304107281,156.14348263284697,140.72674300701487,145.50860632389953,126.66441507724115,132.56429527999165
2023-09-12,115.83597599178513,157.16362568730395,138.43122670888454,144.36303501853715,124.7154126459941,132.80528339254676
2023-09-13,115.01282880772412,157.25273807648335,140.46322327353576,145.36218473513784,125.26425991115195,132.28070401063903
2023-09-14,115.4142793785724,158.38461208447117,139.71638506570858,145.0171490152147,123.81624815083438,132.85897296300612
2023-09-15,115.6691913228113,157.7831527083813,138.18209132881984,144.7683938626698,125.72310503511378,133.0046585393744
2023-09-20,114.92886235446376,156.91827264329237,131.57596050861696,141.84211568691825,125.68363905793761,132.3734133447606
2023-09-21,113.38681650113767,154.47304459054487,127.82475972720289,139.18719849750786,124.50970131375844,131.12661996538185
2023-09-22,113.23231942948206,154.87771785648488,128.87400432546582,140.15805743366414,125.92916325508374,130.70851346475382
2023-09-25,112.7363916327618,153.39249739709166,130.72899469995906,140.41752875975007,125.99423845134521,129.35316638524102
2023-09-26,111.37403385725271,150.29890528551283,129.54972358497227,138.9695881973694,126.18312381679624,128.66065918801124
2023-09-27,110.31620676473497,149.0777122714008,131.12139520108897,138.75915214061757,124.73665729689677,128.2765086090431
2023-09-28,110.14722238643814,149.4255541478454,133.60516488560413,139.86959513727334,124.76044922852867,128.70753176326863
2023-09-29,110.3446939023803,149.35636891433748,133.33852962465215,139.21643609333066,122.98298211355166,129.09555450476776
2023-10-02,109.41480431115403,147.78549317559566,133.01069575752544,137.64825216699842,119.83547903366292,127.906957453067
2023-10-03,109.06511844652184,146.38532721618844,134.36984264624695,138.2448677671683,121.79266632055774,126.82226344861552
2023-10-04,109.04559049724865,145.49539946892514,135.87049141961865,138.85363596529928,122.96681690729687,126.69610210348243
2023-10-05,108.50287488400888,143.51077792793558,135.5873837519498,137.91267072447164,122.48478982732733,125.35240028688612
2023-10-06,108.84671816635239,144.45479682868455,136.6960042387271,138.81224238704303,122.96372785324346,125.53363513893952
2023-10-10,110.28047900966185,147.59621373439506,139.1239234338911,141.70101110912796,125.93231867796807,127.1915462324022
2023-10-11,110.24607163380368,148.56700358665725,140.7786842229904,143.269176285081,127.98512980582142,126.97860025084917
2023-10-12,109.91074774683376,148.95234180917183,139.86486221826922,142.7914837551871,127.08550103084993,126.83348444750217
2023-10-13,110.0479876417057,148.6515253683402,140.31591457140766,144.4589068503661,132.7249823860335,126.62306608214786
2023-10-16,110.06211653980942,149.43761623238646,142.33911694999398,145.47182355621695,132.5341671059344,127.47804251514478
2023-10-17,110.01972573073634,150.1793015587113,142.2179651505635,146.04044908107963,133.79498547409733,128.1135641045604
2023-10-18,109.56231211665018,149.69980002003282,139.0552424472083,144.7862578086819,134.33109270641475,127.26243413886368
2023-10-19,109.12426156636712,147.88384145472654,139.4015315048511,144.87285769308986,136.40095169724904,126.16919696013609
2023-10-20,109.07006096500086,148.43275175905558,137.2794961762015,144.39896110261188,136.98427217196422,125.27122025286776
2023-10-23,108.2852594841333,145.34573662013966,137.47516844700337,143.39226266979594,136.96917653777322,123.09418666627896
2023-10-24,108.60717069643515,145.83277459882842,136.77323354603806,142.79912150324938,135.24284200312297,123.73628900928553
2023-10-25,108.49308731607351,145.73447880532822,129.19399903385258,139.70391243096697,134.91299801883926,123.25997747118885
2023-10-26,108.79111395004308,145.70734432414108,126.3199967998965,138.54723150647948,134.83548747397808,123.66623617144185
2023-10-30,107.92543314995815,143.54478225869332,127.50062919441838,138.2471504703426,134.81276222160616,122.2031253997073
2023-10-31,107.62169091519014,144.106074030594,125.95677503578922,137.16153450505328,132.41931643926625,122.06426483659098
2023-11-02,108.02385822402884,144.80441139843603,127.94375880126313,137.7865632965346,130.73704088169902,122.98351430809768
2023-11-03,108.84205244714315,146.07193314841675,128.458820118964,138.24302777743472,129.94044799473522,125.50541225930128
2023-11-06,108.37897254584568,145.53522281189268,127.04802917004672,136.5660369251671,126.42894443391782,125.28409114382144
2023-11-07,109.57784987083541,146.06375194668533,130.2703042709749,138.36867591264198,127.58029988066137,126.25447660304276
2023-11-08,110.09105418314643,145.86645646397508,131.00678165726296,138.43878380231268,126.96158211632665,126.61259911185508
2023-11-09,110.63601609094883,146.14978185195653,132.58582449426623,139.7770216356711,129.24884879521355,126.540967805002
2023-11-10,110.90498074102366,146.40916686600187,137.40268548111965,141.93141463782706,129.61494924128212,126.52830954613592
2023-11-13,110.90118688795326,148.05020825371082,135.54496006069903,141.62223243040708,129.08860676326532,127.82627213917583
2023-11-14,110.76956028712648,148.42489916148247,141.00615491865062,145.0501175593421,133.19753520040854,127.86225430933644
2023-11-15,111.70155856073742,150.211542535013,136.11240724597272,142.42257058181886,128.30535297951198,128.9227705674965
2023-11-16,111.80371404923305,150.9459376731861,138.31547161516656,143.81922837640982,129.21242924331992,129.06819919926946
2023-11-17,112.30178741399469,151.83335386293072,137.0995927225731,143.40334259344525,128.30062312826706,129.38068500131985
2023-11-20,111.94155387429403,151.74619546436506,135.80011198704113,141.998871778766,125.04633835284415,129.87514728798527
2023-11-21,111.0296085143198,150.53939756171732,137.34128665128395,143.21878958985238,128.9903199971772,129.40126454269597
2023-11-22,111.77703905711326,150.16505646967227,136.10170317542378,142.11754140379088,127.20837463265205,129.49960591953956
2023-11-23,112.2315778956931,150.31657150767666,136.10170317542378,142.1716214501727,127.20837463265205,129.65842655898402
2023-11-24,111.79257546948116,149.72759921589358,135.99856835093055,142.22863579611368,128.40299826806677,129.3892024244137
2023-11-27,111.69138073318513,149.86478820454752,133.68218778604518,140.8897563952825,126.69639013136853,128.96088681271198
2023-11-28,112.6529178979839,151.68988062667103,135.98194682775767,143.5097019074436,130.6715924885752,129.29235941723422
2023-11-29,112.84245444790321,151.69431594991252,135.310814564329,143.16302544383467,130.38506680072706,129.56636315120488
2023-11-30,112.50144575468869,150.5147523501452,134.71989531401056,142.42917778670315,130.10887561982193,129.38233423925084
2023-12-01,112.18088158725666,152.2219153232293,133.95110430285595,143.39295739230667,132.53066393589944,130.6602150840103
2023-12-04,112.28750696833323,152.39257631344702,129.38593411232472,140.27870595437955,127.54329816720274,130.35436581246302
2023-12-05,113.01725713410696,154.0400717230214,132.15457975761444,142.30042660674286,128.7836223458564,131.73754385239366
2023-12-06,113.70543787681433,154.57808224190347,132.12662944480445,143.05586621134103,130.88687990012914,132.1405436486741
2023-12-07,113.84784122371646,155.22744500595118,132.70450040709636,143.24388268279114,129.89476348885438,132.71754085577865
2023-12-11,113.75889915231627,153.89031755657115,132.34366664792122,141.35753723919345,125.25856382564422,131.24265575172237
2023-12-12,114.56087312381727,154.69890563801013,136.86589416136718,144.29754980275854,128.40173831762243,131.6050280094498
2023-12-13,115.94056119937618,157.34665089716108,137.15835546551085,145.93269141774408,130.51969058361342,133.10468972058715
2023-12-14,118.04739784572757,160.342086775067,136.01275578323813,146.66897196848723,130.9856410902086,135.29650921538422
2023-12-15,118.0866798677364,158.41662108398742,135.88782160386762,145.2000659287943,128.29588702094898,134.49878495577846
2023-12-18,115.32458794009082,156.9088508052097,135.72768256808516,144.45636663868498,127.76543444354384,133.46290788035975
2023-12-19,116.12565448056714,158.23380904826936,138.58052433811255,146.96166033381348,131.06897484961098,133.7748983690899
2023-12-20,116.85765844287711,157.9540558078155,134.37363944166066,144.53484135388362,128.65847499709304,133.94169624835283
2023-12-21,117.41778215698211,159.63640123023868,137.6696730640286,147.0039138328596,130.72422679360318,134.5396825201102
2023-12-22,118.42390918758379,160.05656279608644,139.40241327069322,148.36088034056266,132.62762640491286,134.9824320643326
2023-12-26,118.86262859474033,159.5888915837173,143.46961918762617,150.6331085225445,135.644739367599,135.4831750672466
2023-12-27,119.82806455495589,159.24007772911528,143.7615194605709,150.81349405474873,136.3332886550227,135.72444068913995
2023-12-28,120.13198287634262,159.9143035184126,142.47613213413558,149.95890794328153,134.1984968680447,136.40885103568564
2023-12-29,119.27590769337324,159.97835543398992,142.45478924260954,149.94932911481214,134.11136225007482,135.9488057031228
2024-01-02,119.12305058612158,159.09445332243953,137.81686960455463,147.21473605123947,131.98922167536975,136.44889726773474
2024-01-03,118.5217184637872,158.25097886563154,137.70722072418587,147.05918373438493,132.6482106378431,136.41679476767877
2024-01-04,117.08799931521901,157.62648429181894,137.2943958323742,146.61776219146174,132.43726877691265,135.71945368556223
2024-01-05,116.81620526288219,156.19935464604083,139.40816737148307,147.1612973269394,133.19138106157519,135.33417265618414
2024-01-08,118.2643473797048,155.98957278836352,141.9051374452637,147.3885627652621,130.74213119215202,135.79876449848285
2024-01-09,120.07866058967866,157.6268786454999,146.8853791211265,151.0332773978315,134.68945506482774,136.65111981935348
2024-01-10,120.20132892117951,156.92032241698757,150.4366038527906,152.6966252222795,136.51372028598698,136.5587916345448
2024-01-11,119.7186749537125,156.22515831583,150.41314568613214,152.45193981576872,136.54562572162965,136.74114071579
2024-01-12,119.03690031134502,156.20630347086353,149.33510025082785,152.28333859935086,137.48852039665675,136.19298184496492
2024-01-15,118.77449720071192,156.31647503506952,149.33510025082785,152.32206294450228,137.48852039665675,136.27416149240113
2024-01-16,119.32114782998329,155.64982536715533,149.5277136769771,151.66793569588356,135.7146622967728,136.00444672377463
2024-01-17,119.02705316244429,153.34326251365616,149.90024189575755,151.07007480769775,135.95016369479887,134.70775476583177
2024-01-18,119.85429183351474,152.72721894843735,151.199984299535,151.6417301738474,136.93449323531988,134.2917197848404
2024-01-19,119.47206884271932,152.1773367663895,154.50026302126966,152.80407970986897,137.12379187544863,134.04155850324224
2024-01-22,121.62736687651615,152.63746786710163,151.1437204148845,150.54929705203534,133.21861279900816,134.93648973376827
2024-01-23,121.11997318120902,154.33476844492748,154.3026010459812,153.0558939884498,135.5908950881722,135.84032043525622
2024-01-24,122.63115742959634,156.85244006399745,156.18867405485778,154.490075370354,134.8924021739792,137.605388063266
2024-01-25,121.8275345086757,156.24508384244905,157.25485432952888,154.77706919680273,135.17725172192723,136.88667703317867
2024-01-26,123.0409249702593,158.01859238089688,153.15193931664592,153.69169022140656,134.8580899901544,137.94516751885112
2024-01-29,123.17524786736446,158.72534381437487,152.41610471074128,153.31980044585208,133.67804178833455,138.20497363198328
2024-01-30,122.84081111520649,157.5616141754947,158.18474420470207,156.69642433997237,139.07513633986795,137.09223187052413
2024-01-31,123.18970380295484,158.13472302911467,155.98150785675165,156.10745958940308,139.3587370202336,137.65290110821954
2024-02-01,123.60655499325428,160.48897575126537,158.25226160802032,158.15767780131043,140.5245135726004,138.66162261005348
2024-02-02,122.8514416379482,158.73754058064705,160.8062040721918,158.13731921126808,139.3443787788137,137.77268525500548
2024-02-05,122.78610233799245,158.4121755312178,161.45673764474566,157.88967801967632,138.01838065699297,137.87745373431252
2024-02-06,122.63740103762585,158.31373811058666,164.910467521987,160.4598345587829,142.69762107110142,138.06397668182615
2024-02-07,122.89354528677626,158.40589826249416,166.11913610929207,160.65937900927418,141.66854298058877,138.28682661116247
2024-02-08,122.76411056996824,158.7131027385355,166.69066014312068,161.1763996692874,142.3427223588801,138.11303795239564
2024-02-09,124.25877310621354,160.47718408147352,171.2411542133979,163.91601645386788,143.69519209087417,138.91864527483108
2024-02-12,124.74622355224315,160.9753136579896,170.69235655683175,163.4336163611031,142.04961043783808,139.56288615478866
2024-02-13,125.31218507709131,159.84830252168706,170.77750908426722,163.05465030141283,142.07206064281266,139.10923174273086
2024-02-14,126.77213962908067,161.19836351797494,173.24008010986702,164.42280721361706,141.87268118469794,139.9530835436493
2024-02-15,128.21541369769187,163.34816002803416,172.3148759892446,164.6384688130153,141.04087027896574,141.49881985635778
2024-02-16,130.2563600182474,166.40199092633625,173.43219085918972,166.74240143097728,143.01945820115054,143.62678888848905
2024-02-19,131.0927913162815,166.60348601427114,173.43219085918972,166.8169934126466,143.01945820115054,144.28217611469907
2024-02-20,131.0977785926151,166.03612772041146,171.37116275777532,165.9738516389538,143.52080312697314,143.76451964028112
2024-02-21,130.1084044275394,164.4193625657275,169.01318138000926,164.37989939391355,143.12629375033984,142.42252591178382
2024-02-22,130.3325547340497,164.27938843430692,178.2289466148314,168.08174445972315,144.1795487461538,142.33283755149662
2024-02-23,130.03982807456322,163.97740880396896,180.4455455017097,169.42303300768268,146.39769595331146,142.18860153544637
2024-02-26,130.36695756692092,164.35379922097454,178.41865662475067,168.18562644572305,144.19789204280758,142.1711986953536
2024-02-27,130.92866091833105,164.67302193916748,182.47015951757052,170.65016807709858,147.146790400095,143.26970569072822
2024-02-28,130.37540653664078,165.32030363589305,180.29310988047496,169.925439602047,146.6208251074119,143.73573627141826
2024-02-29,131.50531570369913,165.59143655025426,182.7093526506335,171.0156605524158,146.91730089600128,145.13347199784172
2024-03-01,131.68031650627344,166.88453983481116,182.7728841686297,171.81794441174594,147.87668247971203,145.54908096562775
2024-03-04,128.88733895757957,163.33080214106818,180.1211050927534,169.29040245035344,147.11909078823163,143.59174964563508
2024-03-05,129.9347427846989,163.02493312194414,184.2798499879555,172.17030134999095,152.40639236434754,143.03986643972618
2024-03-06,130.3130477600932,164.23344159346388,186.82198884765657,174.02563839227568,154.10742599523917,144.13424146177306
2024-03-07,130.79436301876302,163.67100409009635,192.06170078646133,176.26649737808472,156.23640176335482,144.53273677644717
2024-03-08,131.2547852452065,163.55381447325635,187.80475331391074,174.9020801385265,156.83829308941586,144.742704587023
2024-03-11,131.4419398067378,163.76127652122204,180.77440450989897,171.3369904545875,152.7910038925038,145.67211112151458
2024-03-12,132.02715932224686,165.04183021198986,188.03429879389762,174.47261058602209,153.10530587459849,146.97764308760824
2024-03-13,131.2287553574818,164.39225496575466,184.82800358876833,172.70981977187455,151.7795177578163,146.70621131858923
2024-03-14,132.49215859896913,163.9885186442487,182.49533219579476,171.29194860134726,150.25809423435643,146.87083957278105
2024-03-15,132.70255740504857,163.76465985096897,180.59918016354777,170.22470121825094,149.17563696897918,146.8036261922637
2024-03-18,132.1996978493325,163.01644336990412,178.38142021321403,168.46684576824808,146.80575676055906,146.68923291358288
2024-03-19,131.78793416588456,162.97207826944475,183.16559615959764,171.0746885412879,150.05579142978715,146.6126620002717
2024-03-20,131.01603504329424,161.95889345785045,189.0589116064911,174.1727698078485,154.94200619706154,147.2133685903755
2024-03-21,130.57993926738644,162.10896750805426,189.56533706589255,174.20827483243056,154.25346100085687,146.91780358132584
2024-03-22,131.0327863003723,162.92397234936985,191.7900915340602,175.2289160700974,153.9926959421686,147.51897463409694
2024-03-25,131.05565868963834,161.7739762898535,191.29361198777724,174.52891266684932,153.71653528696103,147.21256660412544
2024-03-26,131.66410283350353,162.97964957354256,192.10556382199252,176.08759103790933,156.48879505122386,147.6584385307601
2024-03-27,131.54007216947173,163.9546316242193,193.9625072380853,177.60869217595078,158.17851716123397,148.34020169016512
2024-03-28,131.85789586878647,164.84690396380358,193.86433293159863,178.39508642013544,159.8117813774203,149.02718203324
2024-04-01,132.46931957014144,164.9679752718539,193.66039086700664,178.84605209656561,161.5038559295096,149.65344104506676
2024-04-02,132.7218230656339,165.76916167658197,193.95083859621425,180.20685865320857,164.85584725619748,149.91094789311774
2024-04-03,132.22089736354616,165.4841112705563,191.04552336926935,179.0403679511257,164.6829391102221,149.6708301481345
2024-04-04,132.92622176691634,166.5228441133295,183.06621220105123,175.46237558300717,160.21793063416655,149.55418129531296
2024-04-05,132.0693564463298,164.82390484245505,183.13594818014795,174.8809268127707,160.51875175415836,148.56186331461657
2024-04-08,132.93140441483297,165.1149700940966,180.02609818183146,173.60734863679914,159.37724859879665,149.58721182643905
2024-04-09,133.7499363432218,166.8072897763102,180.21564184305797,174.87118864814377,161.21067626595598,150.59562333945118
2024-04-10,134.24980774788355,166.47056515545614,181.91287082621213,175.25656567911423,160.98260351394362,151.21168111812375
2024-04-11,134.81758798171873,167.66488364158064,185.37366316700815,178.11399029853501,165.20557029563258,152.0641947581855
2024-04-12,132.8833815414784,165.0519175014212,183.27560301134807,176.077551597583,164.30238559317914,149.76842754837628
2024-04-15,130.85224112514135,163.0080550987355,183.24995837703813,176.55182406569048,169.00571825423987,148.14739862889624
2024-04-16,130.465038300887,162.46329738723574,185.17235090777058,177.44648993997248,170.62669012228278,147.22784473051357
2024-04-17,130.1517635034806,161.79148363270957,184.6952113269756,177.04442624801263,170.75290080885364,147.16164959877807
2024-04-18,130.1447474869127,161.35140882201188,185.3301401193757,177.1590153052817,171.01835600613967,147.40393090282717
2024-04-19,129.6132993215184,158.4336332193189,180.21704232988571,173.73562232403927,169.31667861647688,146.28702666245442
2024-04-22,130.02836648784262,159.9902861347788,181.2538592214197,173.2371263011668,163.98469964282327,146.57539821945036
2024-04-23,131.15777223099096,161.3445226928602,182.80698022204388,173.8777052024639,162.390322207057,147.87806299535168
2024-04-24,131.30717010592346,160.26742208436974,180.8232114237389,172.7553110275393,162.3876994003069,147.28982026414778
2024-04-25,130.4312385099279,159.39699448137713,180.75640490546652,172.58855838334748,163.13854027090224,145.96457984324724
2024-04-26,131.93591421246114,160.92909948859295,183.4535476050395,174.09531615533814,162.97469873412155,147.38198032129452
2024-04-29,132.20667487556642,163.79922732346822,184.30257638262023,175.6163934356219,163.20167274009438,149.3697806217777
2024-04-30,132.3616634071782,163.58412050190861,179.33658672157833,172.4624099175032,158.35329703504937,149.07837106832903
2024-05-02,132.11226565502798,162.43969716306245,180.79265541660845,173.62867774376193,162.3699112209514,149.05642974053757
2024-05-03,132.73987736543776,163.44437830042085,180.91666975506521,173.45424965367823,160.10618986223145,150.19966948613148
2024-05-06,131.81403960900283,160.78439249633598,182.49389293302178,173.1976117105151,160.9369937049832,148.74185006176612
2024-05-07,132.54138019097059,163.50050431414186,180.1278348184803,172.61044704919453,157.9704135998722,150.1008732329515
2024-05-08,133.0695756800744,165.3346980196175,180.91482216574533,173.86028383975253,158.85509215986718,150.99950933734877
2024-05-09,132.24419056248388,164.95851282994946,182.09117327718366,174.7476997498888,161.10252471329736,150.86269075704172
2024-05-10,133.37838764889335,166.01391892685356,181.45209204344488,174.73362854764315,160.3648156978233,151.68720677167443
2024-05-13,133.64874880870678,166.86201113740307,179.3815541848752,173.34479743164715,156.77492281826082,151.7733418982129
2024-05-14,133.3145925678251,167.49759065840365,183.1793775818204,175.8054406837189,159.859204810572,151.94149931858664
2024-05-15,133.5444355621506,167.8571005710853,183.18169657385207,176.04998935533771,160.23228096598254,151.87754372198597
2024-05-16,133.23605366317028,166.28104342268205,180.40410198416774,173.82872388801212,158.04149790823774,151.4533703639085
2024-05-17,133.68600161895867,167.5545336466571,178.75951889742703,174.10142827916118,159.3721607372333,150.9415052514328
2024-05-20,133.92104083684936,167.5388860135664,178.54022386058173,174.0105202347596,159.3514527575484,150.36560573875136
2024-05-22,134.27786619359122,167.14973541135691,173.9839617086207,171.07716709686034,155.1777432337339,150.87209942622678
2024-05-23,134.70409348297818,167.96434671006824,179.52781524807753,173.00941599506874,153.74879498722404,151.64750589761454
2024-05-24,134.72423105888367,166.0034586522324,184.73210377351532,174.66799345532357,155.794591792439,151.95179809500732
2024-05-27,135.1872035005406,166.11776800654303,184.73210377351532,174.71318595321097,155.794591792439,152.91151500764065
2024-05-28,135.4300217679269,166.19973795484674,187.185202616131,175.72163215742214,156.13023949805483,152.6747289183734
2024-05-29,134.39224519429487,165.0582922337199,185.1525929828193,173.86654887873843,153.66655792954992,151.82995507524865
2024-05-30,133.3420518762389,163.36416118991252,187.0824045034266,174.64223807488284,156.41939652803862,151.30794904628468
2024-05-31,132.44517507418738,162.41505797366844,190.49377757000386,175.56175300064643,156.65634880052875,150.50510091064618
2024-06-03,132.0645321058341,162.80845494249675,191.62082187677305,176.59387626812958,158.38082066781507,149.9922354944066
2024-06-04,131.63613404356818,162.90741185087748,187.99673714141332,174.27430938091038,154.42902028021214,149.83784528193559
2024-06-05,132.91620292703251,164.76999592171302,191.54437553688513,176.8413683429854,156.52049809300627,150.65700725068922
2024-06-06,133.6298338759115,165.716473747813,191.88513933582237,177.8405124424127,158.29697328027504,151.3404738950276
2024-06-07,133.52617460684783,165.33369118477256,190.02029861490192,175.41927697782742,152.50915524261134,150.55708853231118
2024-06-10,133.32351622065173,164.79516457541948,189.4480539260039,175.0531310736321,152.68732914480373,150.27308195489456
2024-06-11,131.9159776470204,162.27239485194727,191.85770829566647,175.90346033835215,156.39991461223957,149.1667254867614
2024-06-12,131.8941680513722,162.59069374239573,194.5583824850698,177.21015642290416,157.27190226601573,149.5427833405476
2024-06-13,131.56715023210165,162.44475556698958,193.37774002414207,176.0930666482292,154.95225211216743,148.97488640832745
2024-06-14,131.0674159971359,162.01502933359293,195.48040205954123,177.25405284556166,157.12409809153567,149.21409335974857
2024-06-17,131.00150322781187,162.1251919461777,196.914276951577,177.90718701678588,157.5271549807243,149.08089719879152
2024-06-18,131.54929956705828,162.81002828130545,199.12873376084335,179.20363626521075,158.43203299779873,149.72364177084464
2024-06-19,132.5639733523322,163.40107575620567,199.12873376084335,179.44321995612898,158.43203299779873,150.5836307074079
2024-06-21,131.45013385268723,160.6755124687166,198.59599617791392,178.28013778177197,158.88123785184175,149.10972881040655
2024-06-24,131.366367330114,160.4629576665944,193.22850837891352,175.8630607519135,157.18268157803786,148.56437937276095
2024-06-25,130.11183555874916,158.27804843980732,202.4240638966356,179.20823109308208,160.94039854514074,147.12516772189062
2024-06-26,130.74491319533652,159.52530963320893,201.31576692972357,178.72780024766786,158.78820538927027,147.96827880632384
2024-06-27,130.45193112120953,159.96620424703596,201.21588159227423,179.65889463772,161.59684372368346,147.94904040825998
2024-06-28,129.85423957649198,158.55303649035568,202.83301667662138,179.98359587419145,162.8055539036676,146.9558524325781
2024-07-01,129.55160205596698,158.02380072873834,201.5105810610134,178.88002619242778,161.21992474876438,146.81510125434852
2024-07-02,128.90026924308748,157.40113154501543,203.64238034404593,179.53010394145173,161.96445188052485,146.38186162305686
2024-07-03,130.3689961316638,160.27208565694298,206.1212115772263,182.09354521549255,163.8331605989416,148.35279488221175
2024-07-04,130.33223771240273,160.04845187884106,206.1212115772263,181.99834738981698,163.8331605989416,148.7202601635845
2024-07-05,130.02329394024565,159.08062475267042,206.31582062760853,181.78159287000094,164.3052634256772,148.37983561648693
2024-07-08,130.4818093248317,159.93497604098607,206.32802777528647,181.5114199134466,161.99711953164763,149.02196809933614
2024-07-09,130.21564421838875,159.2574004663338,208.76793835723248,182.30414258986505,162.97137546667005,148.72266358816353
2024-07-10,129.8848230986318,158.39800349553897,210.78563124048839,182.56459945295,162.80816240344015,148.5888412032751
2024-07-11,129.90180594500234,159.67697639977305,199.45813408975147,179.04548279536388,161.74343186014724,149.62415946360645
2024-07-12,129.48046845974937,160.50307304443402,200.35609998799276,179.73608313567996,161.88866423117992,149.7130345728328
2024-07-15,130.26774946335587,161.5844345187747,197.68278754302315,178.7240905500435,159.78012831914083,150.21206027612757
2024-07-17,130.94959543274004,161.97713582305911,193.38171388450917,178.6576014485715,164.11314170251953,150.2686727427517
2024-07-18,132.4921006257216,162.7671951159258,195.16573603194422,180.00386296493485,165.6194132075767,150.6072773474853
2024-07-19,132.57842017506428,162.9465596453592,195.65937595562073,179.85181081859116,164.19865449689803,150.22431735285113
2024-07-22,133.0322846373514,163.64927474002607,200.7968740326351,182.30747824352687,165.8160013630245,150.7274879705771
2024-07-23,132.05813110695135,163.2463201673079,201.69735507610804,182.68719602442323,166.72638364562005,149.80720490861435
2024-07-24,131.20318062563678,161.78091180465697,194.08906867754988,179.47582505406194,166.5242479914767,149.34459106053103
2024-07-25,129.44225825565064,158.67411720004688,191.18970653766766,176.53124301116054,164.1460466079828,147.79969508259506
2024-07-26,129.601544572442,158.12364719819632,191.64583630757258,176.89364932584297,165.75599306269686,147.79705045628978
2024-07-29,129.76813741334175,158.75833274379977,190.11647816885596,176.1535258727423,163.94182045062666,148.69764298893148
2024-07-30,129.6510886475012,158.4747581685356,190.54573637701472,177.56592075391367,168.97214037981394,148.36088259418338
2024-07-31,129.21001984465084,158.53117181357348,197.28619929293498,180.62613699190578,171.84238916226118,148.06559226832474
2024-08-01,129.21164552584332,158.30430485057374,190.73804018201676,177.52497836170576,168.96533320979074,147.68029486273454
2024-08-02,127.99502987812528,156.38716137804695,186.27743144905733,175.33594463671506,169.58017407008802,145.99966615890483
2024-08-05,125.59632026100437,152.4484416352446,175.6471229570192,168.65881695666835,164.4636321220839,141.43468239784022
2024-08-06,126.1407963154778,153.68870480388554,181.164549787277,171.74210888360935,166.97166581553566,142.86640317699158
2024-08-07,126.9672204807205,154.47190644894724,176.77969114997555,170.13775696146735,165.32190871275512,143.4301651224118
2024-08-08,127.94687887724281,155.70146751918506,181.04707122827654,172.7898674208473,167.8397342024627,145.25400695024848
2024-08-09,128.17174883486138,155.94716724720982,179.76560412337957,172.15317143295195,166.69160002536827,145.74675158283466
2024-08-12,128.16913864628464,156.991433466564,181.2821804777837,173.70498902027836,168.9176133343531,145.76522015876552
2024-08-13,128.04512420896035,157.35173290073,186.1488334714495,175.54361942825244,168.97015203053462,146.05525128567615
2024-08-14,128.64888034149226,158.7262762631681,187.56854641670537,176.1629366584119,167.237094577749,146.84494641923146
2024-08-16,128.87861226002707,159.64808980484406,194.13795608479782,179.96610169538897,171.6279109822868,147.2159747829884
2024-08-19,128.65217448109016,159.37946990344955,198.3263871317409,181.5129050200475,172.47862607275476,147.78133298574957
2024-08-20,128.81935213865478,160.25049722693007,194.4342814923174,179.97938876390904,170.31182809300577,147.9388281662753
2024-08-21,129.31346288620952,160.4063635373352,195.59183432892155,180.41908058785344,170.21924031358463,148.39961005520246
2024-08-22,129.44199910805233,160.52648235171822,191.11621559072714,178.01391520218158,166.718722880809,148.27599089550068
2024-08-23,129.6752422938146,160.78967816452942,195.03394694330999,180.15148754714514,169.30657553883384,147.92297517158153
2024-08-26,129.1458693546843,160.5155226295173,191.7487040333863,178.5318590769906,167.88119351584902,147.36616864251826
2024-08-27,128.3741518822301,158.8987613453124,191.68495758953281,177.8403761341275,167.96182637128445,146.28723960047733
2024-08-28,127.48341578957083,158.37612686472352,190.24038533446762,176.85982997313337,166.96755308007084,145.73058696811648
2024-08-29,128.00395711490563,159.03152939085197,189.01914440574814,177.19118527308504,168.75847677865815,146.57458443858766
2024-08-30,127.62654059099141,160.3091897761098,191.89242316774448,178.51311781193894,167.95758491455643,146.62106867661154
2024-09-02,128.1485238395248,160.01097749550138,191.89242316774448,178.38858938333897,167.95758491455643,146.7214945296025
2024-09-03,127.57723972865594,158.42149431337393,184.33238060938973,174.93342538164904,167.37773711246606,145.24024621876558
2024-09-04,126.9122337547184,157.76733985729362,185.85959524871356,175.8537238155782,169.8642207142497,144.9614700917133
2024-09-05,126.64418334355487,156.9744515467273,188.35186493966634,177.48775591376466,173.9878303020402,144.3763896365053
2024-09-06,125.60409222970125,154.26323180684426,185.30864482818268,174.91104879489555,172.54676337890825,142.92234977019967
2024-09-09,125.06552248277626,154.35746439368359,188.18661372050556,176.2001767925028,173.47177905056637,142.53722063678532
2024-09-10,125.2107214869307,153.1966324671787,188.94075430687866,176.18253551035485,174.23959538106138,142.09498911070895
2024-09-11,125.97012370690682,152.8172570983531,194.4227728023595,178.15749766618816,175.07117148440764,142.93529332148563
2024-09-12,126.38999929257074,154.05278263737245,194.23536556088573,179.0495408018433,176.73269550478278,143.60483660953295
2024-09-13,126.43517128350956,154.90361876568616,193.88261068184042,179.34936983444274,176.98708447246253,143.42692458748925
2024-09-16,126.51046401184347,155.40059779057648,191.4308256759412,178.42553608162942,175.94817960474248,143.69726999131836
2024-09-17,127.20542165406277,155.47705947744362,188.6904337758251,176.94733881483566,173.86272310778546,143.48608049554136
2024-09-23,127.1974066756226,157.09412485681375,192.10350699657903,180.1159427077833,178.7653344362979,144.17209078031675
2024-09-24,126.92203079298365,157.92788627213244,192.85592406735833,181.11627906062327,180.23191695511267,145.4382243208373
2024-09-25,127.0468787746092,158.1488507607885,192.26037399497463,180.4727698495597,178.2447237352063,145.81982322257693
2024-09-26,128.36257208071635,159.9841488100788,191.72271814613725,181.19028441226868,178.76667432001747,147.1376707369706
2024-09-27,128.0070381444019,160.6667470445538,190.1683966626001,180.23882112680886,176.15378989194903,147.57373313327795
2024-09-30,126.85180129878695,159.56309443508675,190.2419095766521,179.1493556701356,173.6915565577187,147.06471878809242
2024-10-01,126.47281373137422,158.36599261309527,186.8939195148364,177.8049582544929,175.01753448883923,146.4697861234744
2024-10-02,126.17073615332235,157.20737612953783,188.68163846799814,178.27532624636927,176.28520509263703,144.92951812815326
2024-10-03,125.79613350961004,157.07856865781142,191.38444476289064,179.531516427825,177.66569712973208,144.49930152084883
2024-10-04,125.74023325970548,159.0688252520797,195.82355902251064,182.2900307157651,179.03448480797076,145.36359761474043
2024-10-07,125.55818568656026,157.8986310250118,196.3725422734305,182.01670286278264,179.13335869077738,145.05434124959316
2024-10-08,126.16781617051821,158.73525706018458,198.74229510575086,182.95440992188423,178.15847097583,145.01757092073385
2024-10-09,126.94060782373413,159.56287878390012,201.00763072149417,184.21367689672485,178.58833987370588,145.83474546187455
2024-10-10,127.29685598605798,160.68174384272854,200.66184545247907,184.89841699549382,179.89051054158512,146.48361233771556
2024-10-11,126.8978428693913,160.7627759054972,201.4090533033289,185.51160475126449,181.1129225474757,146.74949421288593
2024-10-14,126.87519160443911,160.98948412274305,203.211162751176,186.19610894464788,180.92935365527876,146.79589004641053
2024-10-15,126.87519160443911,160.98948412274305,198.46810243504254,184.51505098885588,180.90562310353206,146.79589004641053
2024-10-16,126.87519160443911,160.98948412274305,204.0176437318108,187.3737490477653,184.39192636648335,146.79589004641053
2024-10-17,126.63474467718333,162.4937280656483,203.30941521266,187.9285110619131,185.05713868029193,147.1880662210592
2024-10-18,126.89509771435185,163.64500992470258,205.31188977806974,190.06956276338397,188.73820379279985,148.3878097470538
2024-10-21,126.62574345567427,163.62999460253093,203.07344095912222,188.50257000069928,185.75127213378596,149.1367083285239
2024-10-22,126.90031864722461,163.2302979286136,207.98313860531283,191.66301527502137,191.9366941528587,149.37537648952846
2024-10-23,127.31143021161077,163.81586284720717,206.22674872236655,190.52439414844827,188.97022755631104,149.55305557383895
2024-10-24,127.42455946590367,164.02561250578697,205.16719749529196,190.416504048281,189.66039306240742,150.22845039832364
2024-10-25,127.25027919932728,164.38508523515443,205.46737478986063,190.87197765961935,190.42873571849927,150.6067494515433
2024-10-28,127.19642436651937,163.15693385291837,203.46273368152134,189.07096023986156,188.19485200646454,150.41658802801797
2024-10-29,126.8682653627379,162.40128651806407,205.0894832064629,190.43308623263854,192.48335833623088,149.66733351743423
2024-10-30,126.41241393530576,160.32680298023777,206.53971383533946,190.8376237933376,195.45336474224723,148.04630601684877
2024-11-04,126.87329997256357,161.53508604095134,200.96949988216554,188.1775311824666,190.25295904930164,149.01961730193412
2024-11-05,126.35439643160782,159.8415787622585,205.4641969554566,189.39436360493744,191.95467365508395,147.65662123505618
2024-11-06,126.88690771963036,161.00604158143108,216.21585546847695,192.31630939108445,186.53394353566358,148.29492919807464
2024-11-07,126.59042475316008,160.22509530020182,216.48579441646686,193.14572718210303,190.9767538635271,148.03974655298936
2024-11-08,127.29777972367894,159.5512574783128,216.19448197313997,192.1384597811185,188.49595482580608,147.87801987797508
2024-11-11,126.79770743205063,159.1897049538504,215.81549997387668,190.23037098491974,181.87810661800071,147.61197619545018
2024-11-12,126.89884683032884,158.87792906028756,221.21936829815203,192.6430138440695,184.6615093285229,146.85523119299862
2024-11-13,127.318805517361,159.75809586860439,224.80065990704063,194.59840953497772,185.97917216579685,147.10458060353977
2024-11-14,126.852730266489,157.83053201032604,223.01660402657467,192.72272369854622,184.3522235063406,146.1844117248881
2024-11-15,126.26074334552997,159.02715979923912,220.90591433136208,192.24337378361813,183.19633901661612,146.51505098785637
2024-11-18,126.58097487644706,158.8030535956545,217.5261982810983,191.21125448490974,184.17527361160614,146.92765483029368
2024-11-19,126.24252533835892,158.74394531901203,222.3267117379984,193.74705543681512,187.85763893582015,147.30176978164724
2024-11-20,126.71140447849554,159.75709649767876,221.95981127634917,194.26551311018082,188.64974954588442,147.3057709886744
2024-11-21,126.27959821867707,159.92116813452753,225.65199125996736,196.08916171828272,190.57975398587226,147.77146212534788
2024-11-22,126.01804816880211,158.88908374118463,226.920138025365,196.67460685156206,193.06537020099495,147.6209684182539
2024-11-25,126.12724749817563,158.74676516006954,222.66713064491282,193.35838040851115,185.77695964508948,147.3648007938949
2024-11-26,126.75815625261558,159.71428144837307,225.6913690201634,195.4577299415269,188.3153629413897,147.5342448884053
2024-11-27,127.26078995272027,160.80023809261243,225.66490609632456,196.07648820678793,188.90199867905275,147.8804132300459
2024-11-28,127.31489443936294,160.47584420022997,225.66490609632456,195.93169045983154,188.90199867905275,148.46985411013128
2024-11-29,127.24032807557157,160.1942406591278,227.17295097704326,196.7862630553236,190.77727070839373,148.53766934064495
2024-12-02,127.4809726546231,161.58540637495426,222.51430455590412,194.64128708912324,185.84264306823448,149.5634262879305
2024-12-03,127.27318713929724,161.0153714600528,226.74904496203314,196.71534574774006,189.56940870473022,149.48870380119453
2024-12-04,127.83451563728028,161.77131136513947,226.7504672977255,196.89725566225405,188.92265068720886,149.5585410174806
2024-12-05,128.28643672871434,163.01941968103918,228.31977119650395,197.7575696322209,188.0524191255443,149.65868567422984
2024-12-06,128.6029814237269,163.1819998270025,226.90252641831455,197.1305580762313,187.11580882363165,149.50002668580603
2024-12-09,128.38613460986926,163.45830422364415,219.49733949917882,194.73309761559818,186.65340556017597,149.8579504536565
2024-12-10,128.17374789342506,163.6280776355356,220.8287656246565,196.4545454730362,191.34848231736143,150.0310378501819
2024-12-11,127.94013424883536,164.0999544527024,224.12036689106853,198.4692380789771,194.17185316791114,150.2780917085756
2024-12-12,128.56728633854598,165.98103557733265,222.5393183041109,198.12131439947885,191.45397115726365,151.0771747824408
2024-12-13,129.34110354833254,166.63313931499567,221.5286448800566,197.60199648970817,189.54836103717992,151.36698548471992
2024-12-16,129.64692210906284,167.8314864632547,219.43181489584893,196.99319771518284,187.68817795026303,151.58918616939494
2024-12-17,128.721924621032,165.93714946230492,221.85974370155554,197.6794169298272,190.67480108937264,150.67665728289967
2024-12-18,128.72496508059325,165.17016259215805,214.98842024054406,194.0569898243294,186.653355427869,150.66186434206045
2024-12-19,128.21823161215877,164.1625546168279,218.61693524882998,195.42000772093758,189.16812478077046,150.19999593344272
2024-12-20,128.05900031946803,163.72207422668555,221.5985741653606,196.54608674190035,190.5658390478193,150.33806289877717
2024-12-23,127.28947433058848,163.28066434686048,219.03668130049488,194.45982996830375,186.49132611079196,149.88626154539878
2024-12-24,127.41228821715293,163.7840707688319,225.76064902365908,197.75956616072722,189.9178956642954,149.8613833566133
2024-12-26,127.0102817229654,164.4854310077215,225.91516619306972,198.4008122585292,190.9570263250615,150.06610039153995
2024-12-27,127.74595922050523,164.09005320913673,223.16372999560355,196.9708420358982,189.58403336760577,150.8208031651134
2024-12-30,127.57196767522653,164.73369620422991,219.41805442432894,195.42943431887235,187.1752543713788,151.14514419855217
2025-01-02,127.66487140644057,164.22419144233604,222.72252819845443,197.99681884930885,193.65108101429217,150.7428911556413
2025-01-03,127.50852223909845,163.57176324582053,229.40863135503943,200.08107354224936,194.1925369018729,150.79611104078865
2025-01-06,127.72951238191641,164.17420296365947,233.88485721982727,202.10843675869853,195.20502587647994,151.28447768351353
2025-01-07,127.75839365016996,164.36086809713578,229.46797305508105,201.00295615103036,196.30348185275176,151.71300898592145
2025-01-08,127.46705190721491,163.513088146343,228.30131829983753,200.2048626190479,196.18367755570847,151.63583498294776
2025-01-09,128.25249120577195,165.15692214119832,228.30131829983753,200.93616461235055,196.18367755570847,152.53066491771008
2025-01-10,128.04231027324934,164.62701661332738,224.41638162353303,199.99086312803118,198.4364023435862,152.6477132970478
2025-01-13,127.28780184177891,163.0850665809572,223.92404443627575,198.746051518844,196.92545782198042,152.16179573591168
2025-01-14,127.69649081939801,163.8782852934391,223.6175158738106,199.23533004384245,197.840221215143,153.1052550524082
2025-01-15,128.5780944042218,164.9480677927335,230.04759080176873,202.14867636176976,198.95034227178044,154.63652950706
2025-01-16,128.7651635621053,166.13735566248374,229.42672389783436,202.78551424816047,200.15759664595694,155.8764126974647
2025-01-17,128.85274293210082,166.22541435809575,234.3825469769381,204.60624022019059,200.6414462079152,156.18858217565256
2025-01-20,130.04108918112786,166.97114023126522,234.3825469769381,204.9379956281046,200.6414462079152,157.02378777398403
2025-01-21,130.3431268799257,168.03850852878261,236.170206275749,206.48831106884026,202.47417555464054,157.3732889430795
2025-01-22,130.69729130709533,168.0194666569116,237.88759546223653,207.13525698337423,202.78757889798615,157.65601383255324
2025-01-23,131.5078485765511,169.49934284757043,236.6994638921911,206.68082791160984,200.0447268258097,158.23692586893867
2025-01-24,131.7826015326835,170.0816839825232,234.2461855347607,206.25258781283665,200.55077073063225,158.80646180593035
2025-01-27,131.4121581207258,169.67900512453716,221.187368818116,200.0891127799599,194.3342552067197,158.24935661979902
2025-01-28,131.8905613355473,171.16250262574223,229.97630983822847,205.16659285002441,200.0118231060924,158.5896877004673
2025-01-29,133.08755516091844,173.0526608398421,230.0501436318042,206.23058329953247,200.7720736415353,159.58520664714754
2025-01-30,136.36515391865754,177.00890605374713,231.287520579814,209.0238115696618,203.14696123194054,162.27121771311553
2025-01-31,137.01134581685898,177.10970085642163,227.10708950311525,207.3793060183741,202.02417472663137,163.3622290542194
2025-02-03,137.9797504580153,177.35564262807623,226.84145629612635,207.90941270567788,204.02348029802084,163.44938298366617
2025-02-04,139.21287341724604,179.12301550495184,227.8372628111455,209.39131782456678,205.44530541109194,164.34655128152872
2025-02-05,140.3951388684236,180.12805896672833,226.35372435157484,208.92444328698468,203.885926080135,165.0998712251206
2025-02-06,140.07159990788142,181.08593699358218,227.41003607265912,209.50132727642085,203.0854664921852,165.92583103916002
2025-02-07,139.95776717248523,180.05420278362405,222.5762607960741,207.0320243196191,201.67848022323147,165.93880920880088
2025-02-10,140.20374240007712,179.68162474451253,219.143991348022,205.7857782951198,202.03949412970883,166.39902698636558
2025-02-11,140.6474728977546,180.08571524829327,222.21181754306647,207.57445977627285,204.22456326088835,166.4071500524705
2025-02-12,141.10635628040842,181.1598089588138,221.4657115830581,207.82845231880583,204.37206740496615,166.44975672706474
2025-02-13,141.65388290094813,181.85525148741868,221.5300145211617,208.38637539773705,205.27042121713154,167.0664671375745
2025-02-14,141.59076205605987,181.75017963047628,221.1434414220813,207.23321095473452,201.47247130144066,167.4522854765136
2025-02-17,141.11850154807541,181.54329766212518,221.1434414220813,207.14237098630625,201.47247130144066,166.61078992315407
2025-02-18,141.10418837362815,181.27773831521034,220.73974362898628,207.46004977244434,203.70341419942815,166.54121097307828
2025-02-19,141.0476357232804,181.3491048417175,220.59102156556514,207.58765288458724,204.27698218236426,166.30968602257045
2025-02-20,141.6950019323401,182.13217024375334,214.15119207375454,205.8441682041092,204.73616954886845,166.91893987907542
2025-02-21,140.8812224694515,181.77279327702453,208.11211646874176,203.10340370146244,202.72923841895218,167.0566733548435
2025-02-24,141.37610892204572,182.34647017366106,204.2212192722475,201.65240045437602,201.28528426171766,166.9070497475662
2025-02-25,141.57586786478956,182.63020196949697,208.11857359543825,203.1445936859296,201.41409398554526,167.4632314596954
2025-02-26,142.78030952241386,184.5536796404604,208.02450934285554,203.9399417787368,201.34775930242802,168.78465232863414
2025-02-27,143.13724169833128,185.04280936514118,207.45277823803997,203.1768343485086,198.3001259565924,169.18253452283642
2025-02-28,143.09727014037907,184.99770780731558,214.04087570760137,205.65619716362087,199.24793978798397,168.90278168850625
2025-03-03,143.12021431187628,184.92853802189953,207.80429573784966,203.412455368378,199.37270979025885,169.01151160732627
2025-03-04,142.33489150095568,183.66069954346614,203.70137799820995,202.37201246647373,203.11789907821048,168.3823744289869
2025-03-05,142.74384436630643,183.77746872856412,205.0689406060907,202.86747420584712,202.93977578462616,168.6456584698355
2025-03-06,143.09093113371566,184.88874547388667,198.51616481127854,200.24719057988816,200.13976160852874,169.12248344444848
2025-03-07,142.76622887365687,184.33003418550766,194.80649785666702,198.13412572267018,198.03342055579859,169.43964562974566
2025-03-10,142.7324738794881,184.38815377841115,185.97429544140988,193.77972504442766,193.39733447911837,169.1519766527162
2025-03-11,142.37022255918592,183.8108482273392,189.74938894805982,196.9956722014828,201.52166916023901,168.70240630594105
2025-03-12,142.95965062787695,185.00867625684285,188.72976061325107,197.07433718346127,201.31511920974393,169.59686938320002
2025-03-13,144.22823591769532,186.73246868020868,186.69511019154467,198.04717469116338,205.1413977804753,171.2263794586699
2025-03-14,144.8686521911246,187.86743480805765,188.81992326765393,199.2545080287138,205.01971894692687,171.9856335012573
2025-03-17,145.12823071942861,188.27096386025715,186.29811659474336,197.63793645316775,201.6242803985105,173.3780662994712
2025-03-18,145.42874657658408,187.85911704301154,185.5468611411053,197.97677346790093,204.65175361589803,173.333554335133
2025-03-19,146.29701665885963,187.69246908578077,187.41147904254274,198.609651929191,204.76998867012506,174.01817431196127
2025-03-20,145.57650774478904,187.0957026034699,186.87073738789846,198.078695777239,204.43149929992052,173.24280543677705
2025-03-21,145.89313613173798,185.9759458894103,188.72622249477294,198.43465558066794,205.02911631710649,173.29928086822974
2025-03-24,147.25048539347725,188.8369644036589,190.85054027065388,199.52684934872147,201.67340850463714,174.7415989948177
2025-03-25,147.4774955420855,188.28105378453344,192.432405136237,200.8312287536398,205.41763905112555,174.67472634557853
2025-03-26,148.31886011833416,189.2860414741445,189.41381300623618,199.60111541349238,203.24185934138606,174.9016633777114
2025-03-27,149.92863125043843,191.87788513593597,190.97747596079148,202.16723643723927,206.8158734487922,175.9007472885381
2025-03-28,151.0588707495548,193.4848089960074,189.1432583562526,203.15248968948526,210.5992032301534,177.0096352103229
2025-03-31,150.3793059842046,192.50977517741734,188.55377131454813,202.3407167053035,209.85161976203278,176.45257776469296
2025-04-01,151.33027447913318,192.74376470380145,193.07950776730726,205.51003700052806,215.06147783899735,177.59882553400024
2025-04-02,151.7589624612543,194.64590529347166,195.0243929365645,207.41698636656773,216.61533250063007,177.80058918022374
2025-04-03,153.04282409403447,195.94125887328238,187.27402813051825,205.00944092542656,217.44830933009632,178.26344805953562
2025-04-04,148.95011154053847,190.44594147807686,173.80179294108012,195.88668094093484,211.07920794880357,174.0216930594488
2025-04-07,144.6909156461556,185.34465959584557,174.52781227300366,193.45150558724293,208.10612252867975,168.69346580612813
2025-04-08,144.5174427848324,185.59042044690943,178.68252061530512,197.278165899616,216.64310081262204,167.50503143763927
2025-04-09,149.01028297148943,190.72222897807697,193.89715741197523,207.90737136413628,226.94722531062496,171.65969739645746
2025-04-10,147.39622976346863,188.98036276129054,184.4862530402889,203.66489758391833,227.9064257493284,170.4731336067855
2025-04-11,148.31053744596673,189.51759401150827,188.66815906969182,207.06445691901666,234.1495890286291,170.9357573489368
2025-04-14,151.78429382859895,194.52706696189335,186.85097028354477,206.96494145069073,228.5793101495652,173.28780006955705
2025-04-15,155.40884770062206,198.90556873926343,185.18489751941596,208.03443270464555,228.63807129037954,176.2480541952357
2025-04-16,155.90865125288312,199.25955638810981,183.94901064019157,209.65429695694777,236.84245974031143,176.50978988358725
2025-04-17,158.95187079696424,203.33620152981857,185.9568299459557,211.79399702142067,235.70122648032364,178.7961589221203
2025-04-21,157.3357003700664,201.5224415271942,183.0368545034747,211.68210314324207,243.0774564196982,177.96237813009995
2025-04-22,158.67160170304757,202.81068415312978,186.17648501865315,212.14771163719874,237.66119198869512,178.67692897586232
2025-04-23,159.72308989014806,203.71112382713247,185.19422179561107,210.19044082782293,229.70898194959062,180.8884800667496
2025-04-24,161.66988163500002,204.51781218702158,184.94395608382987,210.61448774122783,230.56689763331673,182.4044011970695
2025-04-25,161.62808989738107,206.2297957772079,183.46595326919208,209.7919169623552,226.82259590124502,182.92973008632333
2025-04-28,161.91454687134356,205.83912941760028,183.77778646029668,210.45579852469422,229.6948997237406,182.63123576271815
2025-04-29,164.52794566265084,209.34513461461705,187.22912686678927,213.19320507583893,229.5564490969162,184.26763422407578
2025-04-30,164.32645708733378,210.0183065331914,186.58940723751317,212.88486580539788,228.2445573832649,184.67842472912724
2025-05-02,164.56451389365753,211.47435338939528,189.52999253098702,213.7834965513455,224.3292288123904,185.75835616362372
2025-05-05,164.71903972970676,211.86118402560354,190.93763512102132,216.13233584022328,231.18902343060762,186.26125435698225
2025-05-06,164.55397740087173,211.48069140515875,188.98651517745648,216.1764314962627,235.5784486400065,186.3903485623965
2025-05-07,167.78469560376024,214.45188694239343,189.5234393242737,216.67507878724342,231.88819108274808,188.21137098433834
2025-05-08,166.4095261316568,212.52734799448504,190.0690530092225,215.52031754723708,229.07208967555587,188.05423351495094
2025-05-09,167.31602378159312,212.70202387706894,188.19037438493478,214.86596759589497,229.42821773796328,189.06699358895713
2025-05-12,168.30071143197168,212.75822653909003,186.28456572021554,212.19435626948842,221.37602907712227,190.59783491168344
2025-05-13,169.48852620489885,212.9521923042062,187.10580896359545,213.49799023082164,225.14372398296413,190.9752774511401
2025-05-14,169.5312191390724,214.9472654048436,186.2363101617667,212.44215944170602,218.9587815743448,193.13819935250876
2025-05-15,168.89834026508584,215.53634818763234,189.93389296316062,215.10566973415,222.63663108538677,192.59103894392697
2025-05-16,167.7795161464847,215.46735033342028,191.97701453310376,215.23292588928263,219.54600327198676,193.00278173432363
2025-05-19,167.8162806117394,213.74261342055425,193.40790828854588,216.00666826157845,223.05040008544512,192.8226220572352
2025-05-20,169.2101600709677,214.62039507042059,192.6674486861828,216.93250968057416,226.94867096830455,193.64748607930574
2025-05-22,168.65759767761648,213.35906997898607,189.7340367377329,215.26852687941775,227.2511171016876,193.1471677082215
2025-05-23,170.0741822176468,214.01473529126847,189.40887029724553,216.4888322708569,232.01230728424213,194.25373377550147
2025-05-26,169.8967235233421,214.51020452005883,189.40887029724553,216.67716924613578,232.01230728424213,194.72073661767655
2025-05-27,168.91748358768822,213.16782895454435,190.8212007594967,215.75513097061793,227.65492249664698,194.03387909830752
2025-05-28,167.1566899579284,212.48613763967526,189.64344873146086,214.7506501964686,226.61940116142566,192.0303403682521
2025-05-29,164.98099737418022,211.02876726514177,190.32617090162583,214.8293203282129,228.0798516880283,191.3749527438517
2025-05-30,163.7329780382927,209.73629843198523,192.04892257485048,214.72437301606894,226.57570539934778,189.29113795036545
2025-06-02,163.5720131242513,209.61280150599606,189.55226913125372,214.04226998387898,228.31507897835792,188.51119658070172
2025-06-03,164.91566943324523,211.34011034096682,193.4399629311395,216.86076577898538,230.53238001189217,189.08006893735185
2025-06-04,166.3910298285799,212.89654364825589,194.08215689789094,218.12007053411483,232.18905145844278,190.1222827986019
2025-06-05,164.94731522070248,210.87935195442796,193.07723582615992,216.5247962862444,230.5028649513884,189.44630001304884
2025-06-06,164.60130773573232,209.5978261066729,192.23784699819305,214.5484593323097,225.7232645496032,189.550204153103
2025-06-09,164.33886894106,210.16206817014438,192.41438960599473,215.11816622697884,226.90112922461074,189.39681580577422
2025-06-10,165.0993548298852,212.25282526962494,193.23728811849324,216.55901899489552,228.13845012520872,190.2296447471491
2025-06-11,166.73187517944913,214.7733841341233,193.0418172376578,217.8605682609388,229.89351731158146,191.6553700964124
2025-06-12,165.39771442376596,213.5293627140316,192.03090642617423,217.3836735040134,231.68548616102873,191.00104178550274
2025-06-13,164.7663245621465,213.73662397107526,188.4830570264963,216.46768946571697,233.76200155734188,190.13711618781238
2025-06-16,163.90706704262985,212.52143216063294,185.31330602182877,212.94628738442884,226.47751841764932,189.41563191658574
2025-06-17,162.54509079457347,211.55704444958218,189.12886425937586,215.4781848771911,231.97452248693028,187.73270312539609
2025-06-18,162.2899436673409,210.53173062506448,189.3639682975747,215.42893611223224,233.0120497092806,187.34511033341832
2025-06-19,161.97028820014074,210.667754161264,189.3639682975747,215.4811580608367,233.0120497092806,186.12465953549795
2025-06-23,161.88338190084443,208.929553201822,190.1607397766647,214.9896998247889,232.34432977803175,185.25541481907985
2025-06-24,163.3517083906762,210.3756745837917,192.40759916528924,216.11496550744613,230.77427467874145,187.05255067350018
2025-06-25,163.33415717633454,211.10617838570982,188.440975962946,214.16051169752302,228.36085781710418,186.82378060053878
2025-06-26,163.23923170127017,210.74077558928494,188.27580979445608,213.99404453902233,228.54263829027593,187.57767472069656
2025-06-27,163.62783126704252,210.45447848789055,188.548678797507,212.6563778374598,222.87768749732524,187.9177853474709
2025-06-30,164.33072396948992,212.19483575186393,187.62513800695643,212.87713513512125,222.6236861613012,188.48882357028657
2025-07-01,164.11910585628033,212.25591228075098,191.14541381744505,215.5789653634161,227.5643086989319,187.96716501683193
2025-07-02,163.82584117428937,211.98461039818196,191.05783980250976,215.59988998093993,228.23465721487688,188.44294830072022
2025-07-03,164.55430702438363,212.63812689900843,192.52563950297557,215.95270424248397,226.0696833276778,188.88144563886573
2025-07-04,164.43726033671655,212.19780146167392,192.52563950297557,215.78705126376974,226.0696833276778,188.93000096906542
2025-07-07,164.5324133115815,211.7148679768275,193.10832024882458,216.14397624259283,227.28569684540062,188.35533838136166
2025-07-08,165.85912864930702,213.56377777681809,193.57645382695065,217.10123704572857,227.54719867126806,188.86411213370272
2025-07-09,165.93734202750775,213.41449129777723,195.12662012402433,218.06472478489218,229.05354903863287,188.59416239207087
2025-07-10,165.7033085852328,211.44358915156573,196.42371525589297,218.3387801070798,230.99303927745498,188.56079551806647
2025-07-11,164.6864355138184,209.32286271965475,196.0229796478791,217.96199927781953,233.46757473824866,187.09359198756187
2025-07-14,163.5955580984308,207.5892306283511,194.58162271481052,215.78793829148142,229.6667575923494,186.6301971979261
2025-07-15,162.85550450863644,205.33462349638035,201.26044599822,219.30526646068367,236.04137442311637,185.19989974328658
2025-07-17,162.69188133896208,204.17310577544487,202.35389509417564,219.46315911701325,236.58364408352975,185.7299322077823
2025-07-18,161.6459548269662,204.21878063414843,201.79083586924833,219.21880708044162,236.49173967403078,185.68669412688254
2025-07-21,161.05765204453087,204.1528622807508,201.77148902307806,219.98239648576174,239.8241113129059,185.22480015080728
2025-07-22,159.9079075796998,202.69321773923892,199.62493354746036,218.47869915697513,239.65145232462754,184.8401370972091
2025-07-23,161.19361416179305,203.58548821124106,200.56663195749894,218.31435063556518,235.88373812766258,185.14248851466013
2025-07-24,160.38286334222445,202.04648966181202,201.4540503719496,217.64965069482736,233.94573159342764,184.81854605410547
2025-07-25,161.52733733750992,203.46278649544632,201.95821607733274,217.9499081752297,232.07557908623596,185.66744699972492
2025-07-28,159.83219259342718,199.96275659726467,198.5634391597724,214.0990510672723,227.51700783851115,183.3670951639948
2025-07-29,160.5256463257161,201.4391727369383,203.14900718612554,218.01407398821743,233.4092256976389,184.03415999241497
2025-07-30,161.41142242101256,204.32957680501679,203.7946850878145,218.51994065344616,229.82746751679068,184.63451283335593
2025-07-31,163.16075445717047,205.83527754377016,214.76886051703232,225.32339665710728,236.38586402815207,185.7549444534737
2025-08-01,163.72512012930807,208.06223384301097,210.06649512404312,225.00959386510553,238.9963016953286,185.85120061062253
2025-08-04,164.1677608748691,208.8638598544337,208.32307348261975,223.4781867144721,234.0673733318578,186.36922449244346
2025-08-05,163.997816703425,208.80162812407863,210.60714478119382,225.5367792847606,239.0422674950656,186.27413187209996
2025-08-06,164.89559533580194,209.24020811523735,210.3898623779182,225.51917953885584,238.57162811263748,187.23839274133613
2025-08-07,166.1305993186787,211.34212310468448,211.31427080379459,227.6853337035734,242.514634158333,189.05677854390802
2025-08-08,167.2854043325429,213.87317742173502,211.82788996179858,228.64036669147177,241.31426530060054,190.87868479461608
2025-08-11,168.14760752661465,215.2542115067909,212.1470697551614,228.41406469025944,237.45864030589553,191.52195484192958
2025-08-12,167.83770661830897,214.7100098419566,215.631981944384,229.55217580700005,237.41853603461544,191.84285391023482
2025-08-13,170.42607657578313,218.46369070647475,213.58868305590633,229.73664884109317,235.09988111662756,195.08784823708226
2025-08-14,171.40632908258303,220.17805845895683,212.89721145789733,229.60597000266276,232.7398796246897,195.4199892983185
2025-08-18,173.09761674583464,222.12478483189253,213.4454183367155,231.20653401211214,235.19788615160854,196.6226637375314
2025-08-19,172.21301956988867,220.0068138676936,211.85224488759619,229.40333667860287,233.90976159626783,195.7025628703186
2025-08-20,171.38221759713198,217.68131100345207,211.57630865252594,228.87303975872308,236.14598672475034,194.87168659221294
2025-08-21,171.50725013847224,217.084072183874,211.54306136322543,228.5687144165278,235.95263509368874,195.30639958850372
2025-08-22,174.02142362410834,219.18946174762686,215.53326310412353,231.8849518980795,239.6542875400065,197.5747564150865
2025-08-25,174.9023886948259,220.22468165339322,213.23522449417774,230.63940663431381,236.438209402252,198.72193419018674
2025-08-26,174.16387649290095,218.05091839646707,213.3760589025532,230.34757970353215,238.72567494588415,197.90222726484222
2025-08-27,174.83794997356344,218.90854496219566,214.77799940593826,231.59922648350692,240.18611498367432,199.33018089712766
2025-08-28,176.16071359986003,219.26565462356294,214.65048266483652,232.25140244013897,242.51825387378415,200.6380783428918
2025-08-29,175.75807710038362,219.29620701102726,212.79573256000057,232.0597908511905,244.7237002889511,201.16326807282303
2025-09-01,177.03950115957812,220.79407883918245,212.79573256000057,232.6541852343081,244.7237002889511,202.14027198163257
2025-09-02,179.57733763836296,222.91699309264845,210.88099261982447,234.0421160124862,250.3278325717699,203.1890830571902
2025-09-03,180.86390521195142,226.03539491286998,218.64016665657266,239.32478387829082,254.00662293093927,205.05381938556138
2025-09-04,182.5788141775603,229.10257010674738,219.946005498575,240.49386003469508,251.55124716393016,207.6022132176723
2025-09-05,182.5044980906724,229.47472932455315,219.1560626534746,241.31502479254902,255.7548882652673,208.65450261108455
2025-09-08,180.56949699863176,226.60119991207094,218.5572881704121,240.31034161121525,257.3598432173438,207.53690159386952
2025-09-09,179.6345551979707,226.4535092242386,222.2027050625915,241.83656415706483,257.75654585839015,206.4806156821549
2025-09-10,179.30996186122,225.8345094156698,222.68487745361173,241.78055143841087,257.7246511735427,206.4526995763676
2025-09-11,183.55973973418963,230.1268882146266,222.85898964495252,243.12399108144658,255.90618801252126,209.44480711208647
2025-09-12,181.13214088092613,226.91725754924508,221.07868503033075,240.6827374989902,254.05209638708294,208.42846217789491
2025-09-15,182.9183721772333,230.0448906410737,221.9050691448134,242.07407182608551,253.26015584360897,209.76816989532026
2025-09-16,183.04947208007937,229.82716940607096,222.6402528504502,243.1488894719076,256.8902578200018,209.29606019273726
2025-09-17,181.6735995700383,227.93615798204297,221.19060586767765,241.090686060304,253.8743066778707,208.3810901800935
2025-09-22,183.59984995760746,231.21348181439438,227.75120738437064,246.99537539896983,261.9785488224828,209.7193925093764
2025-09-23,183.71663900972916,233.46594076133516,226.53823759661927,247.72127902701075,263.3626162959569,210.17831580242165
2025-09-24,183.09213354885478,233.72143763227885,223.32962418104555,245.44008774574343,258.84726680740704,210.65209386066775
2025-09-25,181.30465120398864,233.12553532038257,223.8547565915654,245.92630016100745,260.98986122821935,209.59847384918197
2025-09-26,181.49277532218971,231.52026598131766,225.62400179713399,246.83763923613589,264.4691972335095,208.7518006829394
2025-09-29,180.48053986060117,230.47020240955555,226.00191954605268,247.6340529606633,268.9344962228609,207.45252962296132
2025-09-30,180.33243241131234,230.76205500371364,227.57009862423786,249.29395401177234,272.7426916522291,207.66744600670881
2025-10-01,179.9631093406717,229.80261201755536,225.80424634589886,248.03602828081833,272.1132436566054,206.57397066533701
2025-10-02,179.58293389531633,229.09368308865297,227.40395617577295,248.09949506587597,270.771959878214,206.33092267928131
2025-10-03,179.37147542288875,229.27441173482663,228.98702192480656,249.4332515230303,273.44243503041866,206.49890020164085
2025-10-06,178.3409378400791,225.18460220478727,226.64013397797262,247.07093971471136,274.5742549290534,205.52284493982933
2025-10-07,179.01302316626405,225.62416781016253,229.00233833727629,249.4856364099161,280.1156029447419,205.3680120251678
2025-10-08,179.6181171838828,230.16021595999783,228.621742245135,252.0424901805205,283.9473502759391,206.61869277705085
2025-10-09,178.912539583819,227.62794808126424,226.00299828785938,248.18375298205225,276.2578404493762,205.01126812223455
2025-10-10,177.96481713133238,226.62473116143698,219.61261753290398,245.78421585991848,279.0237742364967,202.87330514934152
2025-10-13,179.32768430479086,228.51959241700527,224.08306739016624,249.71322572272166,284.8219579927586,204.1343079288628
2025-10-14,181.2229295285873,234.4288007420357,224.19769249382858,253.31787109203785,289.91435983849533,207.510596044635
2025-10-15,183.55547642089383,237.77378691780166,230.04957072886415,258.47484709656516,296.03205757773117,209.16802719190363
2025-10-16,183.3496066175051,237.5603677435194,229.36237719788056,259.542139680203,302.3165576058888,209.40536188340104
2025-10-17,184.3244949811281,239.95875774251226,229.48212875277275,258.97569997315134,295.37033289929605,209.8040030887299
2025-10-20,184.32565005869773,241.03996790189055,235.01119748849547,264.53356063872366,307.8361388697565,211.38713481950774
2025-10-21,183.85840731693006,239.922189349204,229.56963436546886,256.7861793742945,285.695978357938,210.8190267815183
2025-10-22,182.87858219690327,238.37872660455565,228.5626017989145,255.69028458280886,285.4468477290855,209.777725575693
2025-10-23,183.77570851495264,239.8383400311638,230.65122731888266,257.284892151582,286.0826881263521,211.3687299203044
2025-10-24,183.38997029758102,240.14911976305498,234.6876497225988,258.6738154531993,284.35350068228956,211.8573782672359
2025-10-27,183.6723437100951,240.66604158525482,236.80077095321042,256.8696028612672,271.74252466300055,212.4493883430223
2025-10-28,184.02096014505602,240.56794613089318,242.7692129641304,259.411228823467,272.30944382883536,212.61164609355708
2025-10-29,185.40015759685122,242.84106560123797,246.25507262490632,261.67560340189476,271.92221925169434,213.81201915637692
2025-10-30,186.2527900311773,245.55353907950717,240.39515923650788,261.4978141773877,276.8699299468167,215.6728234823799
2025-11-03,187.5177707586169,247.67328684102148,237.69963381279402,260.21717272498967,272.51787342971295,217.3084212814915
2025-11-04,184.89823994639673,244.81014890184568,234.3481598441974,257.23663124336554,270.52727353821916,215.5438448736005
2025-11-05,186.42310914103643,246.87761262740557,239.48512401529163,261.4217853031811,275.88070052163243,216.987258509764
2025-11-06,185.80259678574478,247.65917410142498,235.95564087754553,260.0205083749977,274.7217506279102,217.7095962842111
2025-11-07,187.5433410322773,251.14191205287602,234.26466433439978,261.0213341934099,275.99134866277075,220.55730298238015
2025-11-10,187.33568679715168,251.45194110507785,237.90076924760064,263.53790569406516,279.8433197356596,222.17179812128643
2025-11-11,187.53786800469828,255.16213970233318,239.54889061224478,266.5045156077806,283.28498246327564,223.3349256718001
2025-11-12,190.86849146931948,258.95964187313524,238.26441016958356,268.43197343785863,287.244375702067,226.74224879494784
2025-11-13,187.5610505021238,252.7069102678759,229.8201841798981,261.51040708497766,283.0940088265331,224.08144984310047
2025-11-14,186.19099746473773,249.284641509764,228.8939732833175,258.53695478030863,277.8892244813063,221.508443511414
2025-11-17,187.04628728206637,255.30281194324988,225.87124878529076,258.18932015156156,271.46044335462494,225.6112363923239
2025-11-18,186.0553619693424,250.02557321628217,225.62743986212047,256.8304644964414,275.0521006285619,223.43727513976845
2025-11-19,187.47685939837692,249.81141164573899,232.7779518150518,260.33864412163445,277.9187708971606,223.1976366489693
2025-11-20,186.63432516989437,248.916259002934,228.11163930961172,258.08120926779844,277.93367866153216,222.20124215329645
2025-11-21,186.93035311450478,249.27906718763677,231.97604418670736,259.5306881317917,276.78268885403594,222.43010730847743
2025-11-24,187.4232140670588,250.7262282767547,243.72199779146027,266.5503803481681,283.77225751485463,222.6126891787457
2025-11-25,189.78216798914258,255.13214028437886,245.70387727557667,269.25747976287647,284.36159838538316,224.3721389994006
2025-11-26,190.3498130057228,255.70976866878357,245.17421736126096,269.38972175005745,284.85975484551483,225.48463397231745
2025-11-27,191.37178408346756,257.59921826396857,245.17421736126096,270.144272480101,284.85975484551483,226.97317258432372
2025-11-28,191.55877038698765,258.4512415121422,246.7638057793037,271.37624596918323,285.89014566143794,227.84246278717188
2025-12-01,191.5765202035932,258.60624019231705,245.53877419934747,271.3245661031637,287.54409369145,228.0936936198731
2025-12-02,192.22811768297038,256.98374606596076,250.4886197008455,272.4088794971924,286.2034145150158,227.555897823358
2025-12-03,195.10325083092442,258.17709383170626,249.91645578496517,272.1649153891216,284.1896320077903,228.7810445518998
2025-12-04,196.37884841018445,258.99911494929347,244.4191877088218,269.89794311978517,282.826185041559,229.23097054040457
2025-12-05,197.17156854981678,260.50698720204963,245.64537611795228,270.78983787282846,281.95171502326696,230.29335242445498
2025-12-09,195.53717898355944,257.9040600093102,244.84794185788937,270.00445100860105,284.346867021269,228.69845877133312
2025-12-10,195.45237074791174,257.34363518768896,248.0310145267679,271.5967253712561,286.4548242951552,228.5143068019407
2025-12-11,198.18768683446405,260.8702548111228,243.68848820557184,271.7623432136116,288.8477847555062,231.69723269279135
2025-12-12,199.87635464141775,261.9623155479869,237.68053524613623,269.3824598481376,287.44796204206585,233.3744217560713
2025-12-15,198.04843626404318,260.74486752778773,236.12356072682212,268.03784848448606,286.5076816888348,231.6078931014236
2025-12-16,195.847414195851,257.565793202938,235.99123270864993,267.03642631132664,287.7926019830497,230.18297819881948
2025-12-17,192.8927135646007,254.42184442616926,230.14475126403053,263.9307671700979,290.08239832725747,227.56590062563689
2025-12-18,195.1000444945344,255.67198226211943,233.47830234403773,265.987783400087,290.88306245292875,228.81173784004324
2025-12-19,197.26113547560476,258.03571622446384,234.90731636300578,267.06485219841784,289.01633661901747,229.99071802322297
2025-12-22,199.79361264832622,261.76031783358974,235.47943967055963,270.30688455326737,295.5037328665398,231.6599652624687
2025-12-23,201.31061806426447,264.451588574357,237.5817076776482,273.0863254353308,299.0972133800113,232.30083128024773
2025-12-24,201.2541548903916,263.8415962554982,237.2247518618205,272.2561296576747,297.23128693906716,232.26523982840405
2025-12-26,201.67501692966675,266.07368227296837,236.43029998369929,273.37074927412505,299.6052553080851,233.82849631021188
2025-12-29,203.01374096051586,268.24545995223,236.84017826754075,271.40398265253265,287.00161423047973,234.6108069326838
2025-12-30,203.026660699207,267.24045800690766,239.52324969013006,272.86476619501207,290.16206349766736,234.09138950113893
2026-01-02,203.09305940780212,266.96752886688506,237.98282327473748,270.88885030427434,285.0010266866109,234.52434832515746
2026-01-05,208.36915752141695,273.7998851368477,242.2083124165198,277.5670431540964,294.60136203945876,239.2378835259626
2026-01-06,212.739189994483,278.01785150182104,242.868344638787,280.0206843653607,296.9691058260752,242.97905662067305
2026-01-07,211.7531798449069,275.7311826820642,244.5219023499394,278.4110240327503,290.841792234924,242.5134096069403
2026-01-08,213.6413856360373,276.80964206745625,243.37151090942828,278.82447692508634,292.9344029164188,242.97804674975202
2026-01-09,214.69961660517907,279.04000929273946,250.7080070944851,283.4389707380901,295.5986400656043,244.04741568525301
2026-01-12,216.81517241448486,280.5075550256592,252.12929381387747,285.7709777498052,300.5452044271346,245.85225946192395
2026-01-13,221.3876353386814,286.50711783029925,253.66946643327677,287.7556112940875,296.41706039799175,248.58640071612678
2026-01-14,221.78465604140732,286.83318871582014,256.62578165958695,289.99518423996216,300.0401867025762,248.21399204013653
2026-01-15,221.36478393700008,283.475383413124,256.00644565705545,287.691079845417,296.83365009175316,247.23672718991682
2026-01-16,226.5258072187137,289.54295540604807,252.84696004841024,288.40262728422067,295.71944169737293,248.69631525481185
2026-01-19,225.99470409190195,287.65079141129706,252.84696004841024,287.6781324464803,295.71944169737293,248.08669839310812
2026-01-20,225.2472542129772,287.07583719234975,252.81436564218873,290.4782082619162,308.62537994915596,247.624852206086
2026-01-21,226.1869335594513,291.85009357308195,259.96437622737955,296.20784861262956,312.22871014565595,249.45244128356111
2026-01-22,230.1784946275076,300.80468074156687,256.63232314036185,298.7110024657422,314.3468358412605,252.3246400275693
2026-01-23,228.77957256476847,298.27922274512457,246.72148926714937,294.226681370776,317.39478566173443,251.46126394920483
2026-01-26,230.5582398827366,302.0012401747752,246.72137677008266,296.6524676968104,321.6513415097761,252.65024011944354
2026-01-27,231.65558127410682,305.6153876138702,248.60937269418008,300.1850423732644,327.3604533711157,253.50531534072695
2026-01-28,230.7716166080491,306.80627098697124,253.09311076518517,305.0854266590315,338.11751839485044,253.61618183376936
2026-01-29,229.54469038284864,304.35088304767817,255.34460267283873,305.60784031850443,340.2473878521941,252.65489493826738
2026-01-30,227.74616103280152,299.0424009834988,249.44098245250083,292.6132177473001,304.347203788013,251.82718842292826
2026-02-02,231.53202055864557,302.44957956599245,256.64844736969707,294.6758280449938,294.53613727843896,253.26424484775023
2026-02-03,232.3221266545101,303.76892900973,259.1730490191699,300.61339008266003,312.6041912217428,255.2021352200874
2026-02-04,228.84591760213632,298.40942192916344,254.15510636528737,295.91070128276317,310.40469994050113,252.9258019978573
2026-02-05,224.7410858723803,294.22354173135807,251.99859401719732,291.35239024927165,301.7772890075255,249.20428925396766
2026-02-06,224.24637924416766,292.6937099026344,255.9983364807236,295.418275394971,313.70823226465495,249.04293005480102
2026-02-09,226.1165195962679,294.1793004356768,254.73693988235829,296.8216819340666,319.58763009327686,249.73559320962835
2026-02-10,219.27034556021715,289.0077388202378,247.38546835563886,290.2419504537109,313.5627338464265,245.43844268083186
2026-02-11,222.449232289403,290.0675170904559,249.4778976832668,292.63629271436434,318.0767816609798,246.54440332307536
2026-02-12,218.89604116259775,282.26770142863035,245.3439336661422,285.24893472272294,306.81554624818364,242.7294017926441
2026-02-13,215.70253566926712,281.46398162214683,246.33036659631722,287.41661716082336,315.2555984180359,241.55437402521102
2026-02-16,216.60949970027275,282.04947618263867,246.33036659631722,287.63145723879677,315.2555984180359,240.91440482494218
2026-02-17,216.46723260306644,283.43352829966506,245.30482673885416,285.83443034595575,307.543254617797,240.82991741826442
2026-02-18,214.87186046419376,283.4552390822454,247.16596708061135,288.59331186339887,315.58195511409133,239.80682897671488
2026-02-19,214.559494604767,280.2710753315823,245.44458796973552,286.523007043593,314.9800523618052,238.76694465102526
2026-02-20,215.9724504343444,283.2427622083913,249.968288527679,291.38270685660035,322.3825902123135,240.15638696471112
2026-02-23,217.94902944193774,283.7496250594241,250.67251198880058,294.1213700188945,331.7138977938043,241.30972982108597
2026-02-24,219.00911050881345,284.4326466970852,254.5993574489655,294.9912630447346,327.10347928448175,241.6770068471935
2026-02-25,221.21315514574874,287.8688544340756,254.21568683788425,295.3776619896073,324.16749360573226,242.670922402736
2026-02-26,219.99053291087472,288.13315600793305,248.5306008000826,293.2555871265841,325.3400283976543,241.59721944226308
2026-02-27,217.7743506343326,286.79799131897477,254.3955651466172,297.1683845127268,332.92320070854254,239.96732871145264
2026-03-02,209.55436450199556,278.41660655201264,254.4663761489047,295.6202677527309,340.44068425755034,234.87724170565366
2026-03-03,203.96239056928349,270.69039554359256,251.44707263820763,288.70914680282834,328.85023443434346,229.57953536832864
2026-03-04,208.76918782386298,280.1482443235031,258.21973403600083,297.3560862750928,337.83622622121766,233.41537243802279
2026-03-05,203.78905503313618,274.40067294139243,253.4185486099233,291.67955746005555,331.8309087118379,230.3703341528383
2026-03-06,202.73102613537932,275.3200082644054,251.40823762630077,293.23699004376425,341.1556947810728,230.11721668181627
2026-03-09,204.4710333844784,278.0231234807205,258.4241208769953,297.6415032935901,342.4143918593963,230.10836313074145
2026-03-10,206.2765853375708,284.2027081988152,261.87952516699335,302.7343852143839,347.6937898433648,232.83463542221878
2026-03-11,205.51156354598092,281.3408570967497,256.1891384776759,296.6824758612134,336.72707531627054,232.2988947182167
2026-03-12,204.85769790677168,277.4554364734686,253.09638819560894,293.0384125878057,333.23363549572326,231.82445641951563
2026-03-13,206.47134746601523,279.64390562277515,257.09164919741136,296.186207777499,335.68631512228535,233.28680256152632
2026-03-16,206.78430912121937,281.93210689297484,259.93840095899367,298.3652310010321,335.8785569425317,235.57012319209986
2026-03-17,207.4667622550178,283.13681694217723,257.45410702416234,296.9440952140671,332.28909727369876,236.9007328103748
2026-03-18,209.1130463696568,283.4981853911424,254.5302290979725,293.28013069873583,320.9802850485074,237.26135372483213
2026-03-19,207.43703823541773,279.83807526869276,256.77568322075007,290.51629974326346,310.56005921166087,235.31775447009133
2026-03-20,204.93567254195435,275.4750569569547,250.6725876088866,283.8358817811978,300.200879446847,231.5811364841996
2026-03-23,202.97091644543625,275.5182521441443,257.45840521842393,286.3872127090328,298.23814960974596,229.48419954923685
2026-03-24,202.21392225068794,272.47129614724906,251.5089207639598,281.37089946259397,292.7431522730679,227.37398645153425
2026-03-25,203.14985279641954,278.3714449155581,257.27341569326336,288.6635517784099,303.83408654028716,228.23420391466115
2026-03-26,203.90532636072527,278.15370721545617,250.61979942419697,283.08813836527406,292.2894820142351,228.18546423417757
2026-03-27,203.92700213119002,277.43296400164013,252.4510473681423,286.7183941302425,306.2178544034029,228.05949248871426
2026-03-30,204.05266142645604,276.63874692480204,248.2177541367768,284.1476846697936,304.39078620337057,228.15340131387364
2026-03-31,205.95665759761687,281.4637711263682,260.33289981559807,294.4859266081524,318.53540804026903,232.00852860366302
2026-04-01,212.92002387852241,289.12754100529344,265.1589914429294,300.47845736344215,322.5957372110838,236.50112793279106
2026-04-02,209.90648839569218,284.13412843370435,263.93950970547655,295.4777412739483,311.6741440036456,234.68493401580392
2026-04-06,210.37966028448562,284.1611178846706,266.3548312762381,296.7860534019362,312.85598364717146,235.49540187133582
2026-04-07,208.5422097266937,281.1748785166984,267.04794817997936,296.33995847323905,314.72310184046216,233.7096361578245
2026-04-08,214.45190115391824,289.72696916490605,274.19311482834644,303.2424263957138,316.9561165083467,238.00103404107128
2026-04-09,218.4001555097922,293.21910332432145,271.1377771663371,302.32708621854766,312.67524883170194,239.7939818823965
2026-04-10,222.02397071557345,296.64311683683394,269.0925470916849,302.22299105513076,310.16609960101374,242.20020343581763
2026-04-13,222.28771743079895,298.6974204221237,272.9969538328939,304.63092447687495,309.9311341278429,241.8364415124365
2026-04-14,228.63329356489936,308.24822524782854,270.3917513116656,308.8917476119342,316.9346393201044,245.0352752779431
2026-04-15,229.8049309681823,308.9879535049467,267.83615558262755,306.6411718335514,310.6318409997888,245.46690701690483
2026-04-16,229.46269414973884,312.12413839637225,270.4885147825254,308.8295302511386,309.90823505109955,247.0077943132576
2026-04-17,231.989042877841,313.04365416536166,271.0846142297612,310.47654648094243,314.37932904499576,248.08947545514278
2026-04-20,230.54757174708502,310.4871422763485,268.48935475170305,308.1015621651799,313.2066364982437,246.62106343380557
2026-04-21,226.6999192856982,305.60777241640346,263.0923615530507,301.15637284436855,301.34557988776015,243.11057577898296
2026-04-22,223.22433656534722,301.7829226642425,267.5344281951944,303.30810904498605,308.99558502338544,241.4411629584712
2026-04-23,224.8475251734459,302.4868949742617,264.43983756521243,301.4157109483518,305.29244582591406,241.80044840106015
2026-04-24,227.92386840478747,306.9001691782582,278.4784696011732,309.8075313611906,308.3433475977831,244.03363442647014
2026-04-27,225.81750712641568,306.58887154192684,279.83942944170803,309.84633575624616,306.54184569665654,242.99334973478972
2026-04-28,224.17946312072294,299.9335485554712,278.7267585277641,305.26845876088254,300.07490077317664,239.65820146445665
2026-04-29,223.0149664404578,297.89945811363833,289.129835091431,307.967509195488,296.1124546050997,237.31172965926783
2026-04-30,224.00883561053044,299.3388871479346,293.6079654302073,312.5127279008841,305.11560782235404,239.32001183429583
2026-05-04,221.69919805134543,293.1172405410459,292.356935303021,307.4452458862771,296.78813001153316,235.4125824367568
2026-05-05,221.59129991937334,290.8510597707242,307.1272668343624,314.1602658553967,303.4534500825604,234.6730544928689
2026-05-06,224.34488208265736,294.48034392619155,308.0431673026413,317.70746547201446,310.3297204103576,238.33037795469343
2026-05-07,224.53198667280668,291.9664708382742,300.39630637946016,313.04961084368824,307.9027408158882,237.65620187872884
2026-05-08,222.35451434427523,288.99633219864154,309.49434611953455,315.384255159024,307.379520214994,236.67757972584823
2026-05-11,221.09092632252757,287.5633934385641,310.85175663660897,315.6847983345996,308.62820658830856,235.8490655311068
2026-05-12,219.27245232688273,287.7930438966862,307.0313030803538,314.3838960644224,309.1519305981027,233.9831204957109
2026-05-13,216.56660259669056,280.71927993847095,315.48878687328624,315.9068347984737,312.7314593668092,230.51604458650763
2026-05-14,217.03404753204032,283.2045536108684,304.4422754853577,309.58711989962245,301.47029406662756,231.84060126473148
2026-05-15,218.1919078270167,281.8722407008733,302.726109768855,307.24357868180124,297.03019377153123,231.35978168651562
2026-05-18,217.49664624229536,282.6727747171972,305.6410184849689,309.23539298447577,299.04115998523133,233.81241884755119
2026-05-19,217.1852430734738,278.76529442728645,308.98754101401835,307.98791481575495,294.92716073915363,232.55688834293431
2026-05-20,218.12058902833434,282.48529197781505,312.25930195781024,312.21928143988566,300.66433288070385,236.80465731471378
2026-05-22,216.9049343573158,282.068868436719,310.3006753228141,310.06206718101265,295.92949831689197,237.53684635183342
2026-05-25,217.12153163833358,288.14998602606533,310.3006753228141,312.4428470363796,295.92949831689197,240.97984605722135
2026-05-26,216.6256989477779,288.67299704826416,310.92245703352654,312.7582963685239,295.3925451445913,239.63329084074934
2026-05-27,216.95366418612454,293.2523569284332,308.64160982230936,312.43770320794687,290.69428944906235,240.9229327405944
2026-05-28,217.2738281107246,294.74339731514834,308.33447248270807,313.68021436526715,293.745734576937,241.94887310191115
2026-05-29,216.3130494517164,297.35102929342395,299.7638000175766,311.8202530531437,295.8549428750102,240.18657128787783
2026-06-01,214.91152719314258,292.56431204667746,295.11153137138564,306.89249031269924,291.1844611067162,237.8093323082282
2026-06-02,213.23292139455688,288.45511155737256,290.8857131616109,303.9668868957595,292.4700752085224,235.30884549154806
2026-06-03,213.22719864269072,286.1483023156701,293.2152593077536,303.02770529154583,288.8997447266288,233.45452165010335
2026-06-04,212.82389457851954,283.49607166326047,299.4014562435825,305.4712943556382,292.973684460551,233.0276846339694
2026-06-05,212.42851704181916,283.3709858684355,290.39175489934115,299.1604796261939,282.54789931569854,232.08370243694668
2026-06-08,210.82180222218625,279.0723008703344,303.9550831720393,304.4591654837958,288.9933512276983,230.11539063197853
2026-06-09,212.4669229402121,289.44538882655445,307.1522111540109,309.2694027181082,287.0346539458529,234.31161740244795
2026-06-10,212.4230844798177,286.9229668644729,301.311668778549,302.3909620265481,273.34077625642493,233.1968336257416
2026-06-11,213.12214293965505,294.5090113060994,310.9866829616862,311.2417041254279,281.28600453835287,237.18356556933796
2026-06-12,213.50349040695676,299.3391953286954,314.30289164018967,313.7485734079172,278.68179989271147,239.10955773562986
2026-06-15,212.64495286705608,297.5411960090179,316.39343739603635,315.20176143473196,283.78543811482876,238.18336182242112
2026-06-16,212.77104305322013,299.6421061211536,306.4610817398344,311.61196796994307,281.7302094521176,238.72377717024028
2026-06-17,211.33423757999668,296.5083240262216,302.2982855553366,306.67772510987254,273.843571671084,236.8696401616779
2026-06-18,212.12555354937552,297.4509358211241,313.5581528952628,311.2483126788398,273.1134936975966,236.17365465231978
2026-06-19,212.16844786445287,299.23686456613297,313.5581528952628,311.9506249692919,273.1134936975966,237.3139570360618
2026-06-22,213.2443275683038,299.7144527048212,318.5246825111897,314.7934408727727,275.83711600406104,238.59707688400462
2026-06-23,212.44283937429762,296.9896982997972,317.10567841904856,312.18770351535954,272.1151439237883,236.59928803508237
2026-06-24,212.61802640504598,296.72921802038354,321.0532196422351,312.03264598146893,266.07132518291934,235.09477971492467
2026-06-25,212.10777389713704,296.0148433435706,323.18139101564003,313.62305867181044,270.0227969965691,235.62858565744483
2026-06-26,213.84784584447272,297.17792692959966,320.95552980550355,314.13711142780335,273.5331364355404,236.62753374634113
2026-06-30,214.04856808072708,300.9393626052951,330.63868833475516,318.55420409220795,270.3477761560174,237.28551058797333
2026-07-01,214.24740567610124,300.40967637320256,323.7163317445725,316.30102527872486,271.9028372484306,236.89693864443896
2026-07-02,214.4174342493594,300.8643202489595,322.29863098115084,317.91321829036156,278.50186412779397,237.42400041528492
2026-07-03,215.38305908510586,301.6458118773681,322.29863098115084,318.2234312534531,278.50186412779397,238.3157273648185
2026-07-06,215.88274329764567,302.6912887667066,324.0394610019272,319.7254923781832,280.05699482459937,238.5801099747239
2026-07-07,217.28891161335426,306.7693094802323,320.5570770721498,319.70289559383093,278.7561468272654,240.249443306119
2026-07-08,215.26291838351943,304.65412096348143,317.988684996556,317.1709701650046,276.16139688114515,238.4092632067303
2026-07-09,217.52415656461628,306.1546844686466,324.3805460348706,321.6168018353472,281.3920670371415,239.36046393046774
2026-07-10,217.45820017687404,306.02032137360715,318.7466149742947,318.5799200425622,278.1737700659972,240.84626061045702
2026-07-13,216.17619076318988,304.21567564385504,312.7897910988948,313.5717899353303,270.91046642104504,239.47982997859603
2026-07-14,217.7854451905079,306.9894276083229,318.2684869485994,318.050763386246,275.6579748138447,240.39475166460122
2026-07-15,217.15539585741055,305.5538015095055,315.40459345742454,315.9811591871392,274.0793625938327,239.80087667936846
