fecha,vc_a,vc_e,vc_d,razon_45,senal_45,pos_45,razon_64,senal_64,pos_64,razon_90,senal_90,pos_90,razon_105,senal_105,pos_105,razon_126,senal_126,pos_126,votos,posicion,acum_a,acum_voto,acum_45_e,acum_45_d,acum_64_e,acum_64_d,acum_90_e,acum_90_d,acum_105_e,acum_105_d,acum_126_e,acum_126_d,aviso,aviso_estado
2002-08-01,10000.00,13408.81,10000.00,,,,,,,,,,,,,,,,,,,,,,,,,,,,,,,
2002-09-30,10038.80,13931.11,10019.26,,,,,,,,,,,,,,,,,,,,,,,,,,,,,,,
2002-10-01,9988.76,13901.08,9985.69,,,,,,,,,,,,,,,,,,,,,,,,,,,,,,,
2002-10-02,9915.49,13881.15,9962.16,,,,,,,,,,,,,,,,,,,,,,,,,,,,,,,
2002-10-03,9959.10,13924.45,9988.53,,,,,,,,,,,,,,,,,,,,,,,,,,,,,,,
2002-10-04,9945.12,13937.21,10011.25,,,,,,,,,,,,,,,,,,,,,,,,,,,,,,,
2002-10-07,9940.09,13925.37,10004.42,,,,,,,,,,,,,,,,,,,,,,,,,,,,,,,
2002-10-08,9911.77,13963.07,10008.48,,,,,,,,,,,,,,,,,,,,,,,,,,,,,,,
2002-10-09,9811.32,13976.94,9988.69,,,,,,,,,,,,,,,,,,,,,,,,,,,,,,,
2002-10-10,9802.22,14020.50,10015.04,,,,,,,,,,,,,,,,,,,,,,,,,,,,,,,
2002-10-11,9743.08,14007.47,10006.07,,,,,,,,,,,,,,,,,,,,,,,,,,,,,,,
2002-10-14,9727.28,13997.47,9977.38,,,,,,,,,,,,,,,,,,,,,,,,,,,,,,,
2002-10-15,9813.75,14012.27,10012.22,,,,,,,,,,,,,,,,,,,,,,,,,,,,,,,
2002-10-16,9820.52,14010.92,10003.50,,,,,,,,,,,,,,,,,,,,,,,,,,,,,,,
2002-10-17,9885.39,14017.03,10014.03,,,,,,,,,,,,,,,,,,,,,,,,,,,,,,,
2002-10-18,9875.61,14007.94,9995.38,,,,,,,,,,,,,,,,,,,,,,,,,,,,,,,
2002-10-21,9944.29,14014.30,10007.04,,,,,,,,,,,,,,,,,,,,,,,,,,,,,,,
2002-10-22,9970.13,14018.22,10017.02,,,,,,,,,,,,,,,,,,,,,,,,,,,,,,,
2002-10-23,9960.94,14011.17,9996.30,,,,,,,,,,,,,,,,,,,,,,,,,,,,,,,
2002-10-24,9931.07,14008.45,9992.11,,,,,,,,,,,,,,,,,,,,,,,,,,,,,,,
2002-10-25,9974.32,14026.45,10017.99,,,,,,,,,,,,,,,,,,,,,,,,,,,,,,,
2002-10-28,10010.05,14012.79,10030.32,,,,,,,,,,,,,,,,,,,,,,,,,,,,,,,
2002-10-29,10031.45,14021.28,10038.64,,,,,,,,,,,,,,,,,,,,,,,,,,,,,,,
2002-10-30,10039.42,14029.24,10052.03,,,,,,,,,,,,,,,,,,,,,,,,,,,,,,,
2002-10-31,10024.25,14035.31,10079.95,,,,,,,,,,,,,,,,,,,,,,,,,,,,,,,
2002-11-04,10088.88,14034.87,10080.90,,,,,,,,,,,,,,,,,,,,,,,,,,,,,,,
2002-11-05,10120.66,14062.94,10125.22,,,,,,,,,,,,,,,,,,,,,,,,,,,,,,,
2002-11-06,10193.51,14090.14,10150.20,,,,,,,,,,,,,,,,,,,,,,,,,,,,,,,
2002-11-07,10239.78,14080.97,10155.01,,,,,,,,,,,,,,,,,,,,,,,,,,,,,,,
2002-11-08,10255.51,14090.31,10168.96,,,,,,,,,,,,,,,,,,,,,,,,,,,,,,,
2002-11-11,10213.33,14079.95,10143.59,,,,,,,,,,,,,,,,,,,,,,,,,,,,,,,
2002-11-12,10154.79,14100.43,10139.90,,,,,,,,,,,,,,,,,,,,,,,,,,,,,,,
2002-11-13,10081.85,14094.26,10133.09,,,,,,,,,,,,,,,,,,,,,,,,,,,,,,,
2002-11-14,10087.85,14131.44,10146.22,,,,,,,,,,,,,,,,,,,,,,,,,,,,,,,
2002-11-15,10091.36,14128.76,10131.67,,,,,,,,,,,,,,,,,,,,,,,,,,,,,,,
2002-11-18,10185.45,14146.66,10163.64,,,,,,,,,,,,,,,,,,,,,,,,,,,,,,,
2002-11-19,10191.03,14133.80,10156.79,,,,,,,,,,,,,,,,,,,,,,,,,,,,,,,
2002-11-20,10174.63,14117.32,10147.12,,,,,,,,,,,,,,,,,,,,,,,,,,,,,,,
2002-11-21,10134.73,14113.14,10136.94,,,,,,,,,,,,,,,,,,,,,,,,,,,,,,,
2002-11-22,10133.54,14102.37,10147.80,,,,,,,,,,,,,,,,,,,,,,,,,,,,,,,
2002-11-25,10235.59,14162.59,10199.32,,,,,,,,,,,,,,,,,,,,,,,,,,,,,,,
2002-11-26,10251.57,14125.19,10174.26,,,,,,,,,,,,,,,,,,,,,,,,,,,,,,,
2002-11-27,10237.65,14099.95,10163.66,,,,,,,,,,,,,,,,,,,,,,,,,,,,,,,
2002-11-28,10162.31,14080.47,10124.92,,,,,,,,,,,,,,,,,,,,,,,,,,,,,,,
2002-11-29,10197.03,14055.31,10117.07,0.016326,A,,,,,,,,,,,,,,,,,,,,,,,,,,,,,
2002-12-02,10211.62,14062.47,10144.97,0.017303,A,,,,,,,,,,,,,,,,,,,,,,,,,,,,,
2002-12-03,10232.58,14040.34,10138.70,0.018954,A,,,,,,,,,,,,,,,,,,,,,,,,,,,,,
2002-12-04,10279.77,14077.14,10181.95,0.022995,A,,,,,,,,,,,,,,,,,,,,,,,,,,,,,
2002-12-05,10286.14,14106.42,10187.72,0.022790,A,A,,,,,,,,,,,,,,,,,,,,,,,,,,,,
2002-12-06,10252.82,14094.91,10169.92,0.018816,A,A,,,,,,,,,,,,,,,,,,,,,,,,,,,,
2002-12-09,10251.87,14107.17,10150.72,0.018032,A,A,,,,,,,,,,,,,,,,,,,,,,,,,,,,
2002-12-10,10274.74,14130.89,10186.52,0.019550,A,A,,,,,,,,,,,,,,,,,,,,,,,,,,,,
2002-12-11,10230.32,14128.70,10174.25,0.014430,A,A,,,,,,,,,,,,,,,,,,,,,,,,,,,,
2002-12-12,10231.71,14113.01,10154.83,0.013628,A,A,,,,,,,,,,,,,,,,,,,,,,,,,,,,
2002-12-13,10228.49,14117.57,10157.86,0.012359,A,A,,,,,,,,,,,,,,,,,,,,,,,,,,,,
2002-12-16,10253.33,14152.25,10199.52,0.013680,A,A,,,,,,,,,,,,,,,,,,,,,,,,,,,,
2002-12-17,10214.84,14132.35,10196.92,0.008795,A,A,,,,,,,,,,,,,,,,,,,,,,,,,,,,
2002-12-18,10244.67,14112.02,10196.27,0.010785,A,A,,,,,,,,,,,,,,,,,,,,,,,,,,,,
2002-12-19,10297.67,14122.30,10222.29,0.014952,A,A,,,,,,,,,,,,,,,,,,,,,,,,,,,,
2002-12-20,10312.62,14135.70,10239.86,0.015475,A,A,,,,,,,,,,,,,,,,,,,,,,,,,,,,
2002-12-23,10321.50,14133.23,10228.00,0.015359,A,A,,,,,,,,,,,,,,,,,,,,,,,,,,,,
2002-12-24,10377.50,14145.68,10248.71,0.019902,A,A,,,,,,,,,,,,,,,,,,,,,,,,,,,,
2002-12-26,10401.92,14152.91,10249.14,0.021339,A,A,,,,,,,,,,,,,,,,,,,,,,,,,,,,
2002-12-27,10410.58,14170.32,10269.07,0.021187,A,A,0.030097,A,,,,,,,,,,,,,,,,,,,,,,,,,,
2002-12-30,10417.59,14173.08,10244.13,0.020792,A,A,0.030126,A,,,,,,,,,,,,,,,,,,,,,,,,,,
2002-12-31,10376.47,14215.84,10258.43,0.015874,A,A,0.025525,A,,,,,,,,,,,,,,,,,,,,,,,,,,
2003-01-02,10417.34,14240.77,10286.90,0.018972,A,A,0.028883,A,,,,,,,,,,,,,,,,,,,,,,,,,,
2003-01-03,10418.60,14236.95,10275.95,0.018238,A,A,0.028209,A,A,,,,,,,,,,,,,,,,,,,,,,,,,
2003-01-06,10465.67,14220.33,10281.65,0.021892,A,A,0.032048,A,A,,,,,,,,,,,,,,,,,,,,,,,,,
2003-01-07,10507.30,14204.90,10270.81,0.024883,A,A,0.035257,A,A,,,,,,,,,,,,,,,,,,,,,,,,,
2003-01-08,10581.83,14231.52,10316.08,0.031051,A,A,0.041571,A,A,,,,,,,,,,,,,,,,,,,,,,,,,
2003-01-09,10524.26,14226.74,10291.04,0.024546,A,A,0.034929,A,A,,,,,,,,,,,,,,,,,,,,,,,,,
2003-01-10,10498.78,14246.99,10310.70,0.021391,A,A,0.031334,A,A,,,,,,,,,,,,,,,,,,,,,,,,,
2003-01-13,10559.58,14260.16,10336.43,0.026597,A,A,0.036103,A,A,,,,,,,,,,,,,,,,,,,,,,,,,
2003-01-14,10597.11,14261.47,10340.66,0.029485,A,A,0.038425,A,A,,,,,,,,,,,,,,,,,,,,,,,,,
2003-01-15,10633.61,14319.94,10381.82,0.032095,A,A,0.040558,A,A,,,,,,,,,,,,,,,,,,,,,,,,,
2003-01-16,10674.18,14326.70,10386.30,0.034873,A,A,0.043156,A,A,,,,,,,,,,,,,,,,,,,,,,,,,
2003-01-17,10664.58,14354.84,10400.86,0.032646,A,A,0.040876,A,A,,,,,,,,,,,,,,,,,,,,,,,,,
2003-01-20,10661.93,14356.62,10406.86,0.031116,A,A,0.039386,A,A,,,,,,,,,,,,,,,,,,,,,,,,,
2003-01-21,10594.41,14350.52,10399.16,0.023479,A,A,0.031675,A,A,,,,,,,,,,,,,,,,,,,,,,,,,
2003-01-22,10581.17,14354.68,10399.58,0.021333,A,A,0.029388,A,A,,,,,,,,,,,,,,,,,,,,,,,,,
2003-01-23,10552.14,14368.25,10416.38,0.017742,A,A,0.025656,A,A,,,,,,,,,,,,,,,,,,,,,,,,,
2003-01-24,10483.21,14346.31,10378.11,0.010426,A,A,0.018149,A,A,,,,,,,,,,,,,,,,,,,,,,,,,
2003-01-27,10524.68,14400.78,10418.57,0.013576,A,A,0.021256,A,A,,,,,,,,,,,,,,,,,,,,,,,,,
2003-01-28,10456.04,14388.89,10398.29,0.006271,A,A,0.013855,A,A,,,,,,,,,,,,,,,,,,,,,,,,,
2003-01-29,10350.48,14373.84,10358.59,-0.004132,A,A,0.003103,A,A,,,,,,,,,,,,,,,,,,,,,,,,,
2003-01-30,10356.63,14393.69,10363.78,-0.003764,A,A,0.003205,A,A,,,,,,,,,,,,,,,,,,,,,,,,,
2003-01-31,10328.99,14342.20,10334.68,-0.006617,A,A,0.000089,A,A,,,,,,,,,,,,,,,,,,,,,,,,,
2003-02-03,10347.92,14364.28,10362.22,-0.005191,A,A,0.001431,A,A,,,,,,,,,,,,,,,,,,,,,,,,,
2003-02-04,10372.46,14362.72,10361.54,-0.003205,A,A,0.003376,A,A,0.014965,A,,,,,,,,,,,,,,,,,,,,,,,
2003-02-05,10444.96,14417.90,10421.03,0.003262,A,A,0.009894,A,A,0.021565,A,,,,,,,,,,,,,,,,,,,,,,,
2003-02-06,10437.62,14417.82,10403.84,0.002118,A,A,0.008813,A,A,0.020405,A,,,,,,,,,,,,,,,,,,,,,,,
2003-02-07,10453.22,14400.88,10416.01,0.003245,A,A,0.009995,A,A,0.021415,A,,,,,,,,,,,,,,,,,,,,,,,
2003-02-10,10401.42,14393.74,10385.65,-0.001972,A,A,0.004769,A,A,0.015818,A,A,,,,,,,,,,,,,,,,,,,,,,
2003-02-11,10387.91,14402.17,10387.48,-0.003555,A,A,0.003199,A,A,0.014026,A,A,,,,,,,,,,,,,,,,,,,,,,
2003-02-12,10391.35,14398.54,10389.52,-0.003522,A,A,0.003173,A,A,0.013871,A,A,,,,,,,,,,,,,,,,,,,,,,
2003-02-13,10417.36,14415.53,10401.70,-0.001331,A,A,0.005176,A,A,0.015884,A,A,,,,,,,,,,,,,,,,,,,,,,
2003-02-14,10392.41,14396.62,10378.49,-0.004067,A,A,0.002308,A,A,0.012923,A,A,,,,,,,,,,,,,,,,,,,,,,
2003-02-17,10363.33,14392.25,10350.38,-0.007132,A,A,-0.000906,A,A,0.009485,A,A,,,,,,,,,,,,,,,,,,,,,,
2003-02-18,10346.80,14378.51,10327.86,-0.008965,A,A,-0.002742,A,A,0.007281,A,A,,,,,,,,,,,,,,,,,,,,,,
2003-02-19,10363.59,14402.71,10354.14,-0.007590,A,A,-0.001384,A,A,0.008239,A,A,,,,,,,,,,,,,,,,,,,,,,
2003-02-20,10430.42,14451.20,10396.70,-0.001648,A,A,0.004669,A,A,0.013970,A,A,,,,,,,,,,,,,,,,,,,,,,
2003-02-21,10426.47,14452.44,10391.56,-0.002412,A,A,0.003848,A,A,0.012916,A,A,,,,,,,,,,,,,,,,,,,,,,
2003-02-24,10411.13,14462.37,10397.46,-0.004120,A,A,0.001953,A,A,0.010781,A,A,,,,,,,,,,,,,,,,,,,,,,
2003-02-25,10455.09,14455.60,10406.81,-0.000218,A,A,0.005851,A,A,0.014426,A,A,0.020360,A,,,,,,,,,,,,,,,,,,,,
2003-02-26,10411.30,14473.27,10402.57,-0.004595,A,A,0.001398,A,A,0.009594,A,A,0.015698,A,,,,,,,,,,,,,,,,,,,,
2003-02-27,10368.66,14473.45,10400.78,-0.008653,A,A,-0.002900,A,A,0.004999,A,A,0.011228,A,,,,,,,,,,,,,,,,,,,,
2003-02-28,10346.04,14494.90,10422.49,-0.010699,A,A,-0.005349,A,A,0.002401,A,A,0.008687,A,,,,,,,,,,,,,,,,,,,,
2003-03-03,10367.29,14496.35,10428.14,-0.008575,A,A,-0.003561,A,A,0.004021,A,A,0.010335,A,A,,,,,,,,,,,,,,,,,,,
2003-03-04,10401.25,14509.92,10442.87,-0.005293,A,A,-0.000582,A,A,0.006800,A,A,0.013229,A,A,,,,,,,,,,,,,,,,,,,
2003-03-05,10443.78,14564.35,10483.65,-0.001369,A,A,0.003186,A,A,0.010407,A,A,0.016901,A,A,,,,,,,,,,,,,,,,,,,
2003-03-06,10444.39,14586.63,10494.24,-0.001368,A,A,0.002997,A,A,0.009994,A,A,0.016485,A,A,,,,,,,,,,,,,,,,,,,
2003-03-07,10412.11,14574.33,10488.56,-0.004441,A,A,-0.000292,A,A,0.006461,A,A,0.012874,A,A,,,,,,,,,,,,,,,,,,,
2003-03-10,10437.19,14594.13,10516.18,-0.001982,A,A,0.001839,A,A,0.008454,A,A,0.014725,A,A,,,,,,,,,,,,,,,,,,,
2003-03-11,10426.90,14554.20,10508.11,-0.002796,A,A,0.000589,A,A,0.007025,A,A,0.013139,A,A,,,,,,,,,,,,,,,,,,,
2003-03-12,10306.90,14555.42,10458.15,-0.013696,A,A,-0.010974,A,A,-0.004797,A,A,0.000957,A,A,,,,,,,,,,,,,,,,,,,
2003-03-13,10265.67,14576.20,10466.72,-0.017101,A,A,-0.014983,A,A,-0.008933,A,A,-0.003543,A,A,,,,,,,,,,,,,,,,,,,
2003-03-14,10222.83,14562.02,10454.43,-0.020628,fuera,A,-0.019080,A,A,-0.013100,A,A,-0.008077,A,A,,,,,,,,,,,,,,,,,,,
2003-03-17,10269.06,14546.64,10456.54,-0.015590,fuera,A,-0.014704,A,A,-0.008668,A,A,-0.004004,A,A,,,,,,,,,,,,,,,,,,,
2003-03-18,10297.30,14569.48,10473.28,-0.012252,fuera,A,-0.012060,A,A,-0.005986,A,A,-0.001645,A,A,,,,,,,,,,,,,,,,,,,
2003-03-19,10305.44,14556.42,10462.85,-0.010779,fuera,A,-0.011413,A,A,-0.005299,A,A,-0.001252,A,A,,,,,,,,,,,,,,,,,,,
2003-03-20,10362.40,14565.27,10477.90,-0.004650,fuera,fuera,-0.006124,A,A,-0.000023,A,A,0.003881,A,A,,,,,,,,,,,,,,,,,,,
2003-03-21,10422.34,14568.51,10475.70,0.001626,fuera,fuera,-0.000562,A,A,0.005394,A,A,0.009266,A,A,,,,,,,,,,,,,,,,,,,
2003-03-24,10412.21,14500.15,10437.22,0.001186,fuera,fuera,-0.001683,A,A,0.004068,A,A,0.007866,A,A,,,,,,,,,,,,,,,,,,,
2003-03-25,10461.77,14511.65,10458.12,0.006237,fuera,fuera,0.002858,A,A,0.008446,A,A,0.012168,A,A,,,,,,,,,,,,,,,,,,,
2003-03-26,10343.40,14518.59,10446.79,-0.004642,fuera,fuera,-0.008438,A,A,-0.003132,A,A,0.000376,A,A,0.007468,A,,,,,,,,,,,,,,,,,
2003-03-27,10350.75,14545.30,10469.64,-0.003506,fuera,fuera,-0.007657,A,A,-0.002595,A,A,0.000772,A,A,0.007910,A,,,,,,,,,,,,,,,,,
2003-03-28,10375.86,14575.92,10487.70,-0.000859,fuera,fuera,-0.005198,A,A,-0.000390,A,A,0.002882,A,A,0.010092,A,,,,,,,,,,,,,,,,,
2003-03-31,10348.25,14570.92,10493.97,-0.003141,fuera,fuera,-0.007742,A,A,-0.003278,A,A,-0.000071,A,A,0.007125,A,,,,,,,,,,,,,,,,,
2003-04-01,10353.82,14620.33,10529.80,-0.002386,fuera,fuera,-0.007174,A,A,-0.002977,A,A,0.000164,A,A,0.007326,A,A,1,A,,,,,,,,,,,,,,
2003-04-02,10274.40,14613.92,10516.33,-0.009877,fuera,fuera,-0.014579,A,A,-0.010665,A,A,-0.007677,A,A,-0.000644,A,A,1,A,,,,,,,,,,,,,,
2003-04-03,10236.30,14559.24,10481.97,-0.013295,fuera,fuera,-0.017965,A,A,-0.014318,A,A,-0.011462,A,A,-0.004574,A,A,1,A,,,,,,,,,,,,,,
2003-04-04,10322.30,14612.80,10518.11,-0.004991,fuera,fuera,-0.009501,A,A,-0.006127,A,A,-0.003275,A,A,0.003493,A,A,1,A,,,,,,,,,,,,,,
2003-04-07,10358.46,14602.84,10524.27,-0.001528,fuera,fuera,-0.005810,A,A,-0.002854,A,A,0.000108,A,A,0.006661,A,A,1,A,,,,,,,,,,,,,,
2003-04-08,10376.66,14582.38,10517.57,0.000218,fuera,fuera,-0.003756,A,A,-0.001294,A,A,0.001753,A,A,0.007991,A,A,1,A,,,,,,,,,,,,,,
2003-04-09,10448.08,14614.31,10550.45,0.007095,fuera,fuera,0.003215,A,A,0.005325,A,A,0.008430,A,A,0.014423,A,A,1,A,,,,,,,,,,,,,,
2003-04-10,10462.06,14609.84,10568.45,0.008390,fuera,fuera,0.004613,A,A,0.006424,A,A,0.009495,A,A,0.015218,A,A,1,A,,,,,,,,,,,,,,
2003-04-11,10501.33,14628.13,10596.19,0.012071,fuera,fuera,0.008472,A,A,0.009962,A,A,0.012893,A,A,0.018422,A,A,1,A,,,,,,,,,,,,,,
2003-04-14,10502.75,14635.87,10596.45,0.011988,fuera,fuera,0.008751,A,A,0.009865,A,A,0.012644,A,A,0.018020,A,A,1,A,,,,,,,,,,,,,,
2003-04-15,10519.00,14628.99,10607.47,0.013269,fuera,fuera,0.010486,A,A,0.011140,A,A,0.013813,A,A,0.019047,A,A,1,A,,,,,,,,,,,,,,
2003-04-16,10607.88,14623.19,10623.72,0.021357,A,fuera,0.019125,A,A,0.019296,A,A,0.021983,A,A,0.027087,A,A,1,A,,,,,,,,,,,,,,
2003-04-17,10661.01,14627.67,10635.89,0.025938,A,fuera,0.024235,A,A,0.023979,A,A,0.026659,A,A,0.031609,A,A,1,A,,,,,,,,,,,,,,
2003-04-21,10662.78,14651.99,10656.72,0.025515,A,fuera,0.024404,A,A,0.023676,A,A,0.026370,A,A,0.031211,A,A,1,A,,,,,,,,,,,,,,
2003-04-22,10703.81,14658.27,10671.50,0.028713,A,fuera,0.028177,A,A,0.027098,A,A,0.029782,A,A,0.034596,A,A,1,A,,,,,,,,,,,,,,
2003-04-23,10748.06,14655.49,10687.86,0.032081,A,A,0.032169,A,A,0.030773,A,A,0.033457,A,A,0.038246,A,A,0,A,,,,,,,,,,,,,,
2003-04-24,10780.15,14640.42,10674.10,0.034243,A,A,0.034896,A,A,0.033271,A,A,0.036026,A,A,0.040669,A,A,0,A,,,,,,,,,,,,,,
2003-04-25,10855.31,14665.09,10724.74,0.040512,A,A,0.041530,A,A,0.039765,A,A,0.042673,A,A,0.047218,A,A,0,A,,,,,,,,,,,,,,
2003-04-28,10864.96,14702.63,10757.91,0.040465,A,A,0.041925,A,A,0.040003,A,A,0.043002,A,A,0.047463,A,A,0,A,,,,,,,,,,,,,,
2003-04-29,10800.63,14700.85,10756.00,0.033448,A,A,0.035221,A,A,0.033293,A,A,0.036221,A,A,0.040649,A,A,0,A,,,,,,,,,,,,,,
2003-04-30,10884.53,14679.00,10764.25,0.040526,A,A,0.042429,A,A,0.040687,A,A,0.043615,A,A,0.048055,A,A,0,A,,,,,,,,,,,,,,
2003-05-02,11009.35,14684.94,10805.11,0.051122,A,A,0.053354,A,A,0.051852,A,A,0.054815,A,A,0.059276,A,A,0,A,,,,,,,,,,,,,,
2003-05-05,11076.18,14698.91,10836.43,0.055918,A,A,0.058566,A,A,0.057453,A,A,0.060401,A,A,0.064904,A,A,0,A,,,,,,,,,,,,,,
2003-05-06,11171.73,14707.54,10864.30,0.063167,A,A,0.066386,A,A,0.065705,A,A,0.068680,A,A,0.073229,A,A,0,A,,,,,,,,,,,,,,
2003-05-07,11266.96,14729.22,10886.32,0.070194,A,A,0.074043,A,A,0.073815,A,A,0.076827,A,A,0.081493,A,A,0,A,,,,,,,,,,,,,,
2003-05-08,11211.15,14711.72,10859.25,0.063075,A,A,0.067505,A,A,0.067598,A,A,0.070560,A,A,0.075340,A,A,0,A,,,,,,,,,,,,,,
2003-05-09,11221.02,14735.64,10872.85,0.062271,A,A,0.067201,A,A,0.067584,A,A,0.070558,A,A,0.075496,A,A,0,A,,,,,,,,,,,,,,
2003-05-12,11218.99,14727.38,10867.28,0.060351,A,A,0.065795,A,A,0.066487,A,A,0.069447,A,A,0.074480,A,A,0,A,,,,,,,,,,,,,,
2003-05-13,11327.46,14729.47,10893.08,0.068549,A,A,0.074622,A,A,0.075766,A,A,0.078713,A,A,0.083902,A,A,0,A,,,,,,,,,,,,,,
2003-05-14,11384.89,14713.63,10899.57,0.071837,A,A,0.078477,A,A,0.080172,A,A,0.083049,A,A,0.088320,A,A,0,A,,,,,,,,,,,,,,
2003-05-15,11428.71,14732.35,10929.42,0.073712,A,A,0.080968,A,A,0.083278,A,A,0.086037,A,A,0.091399,A,A,0,A,,,,,,,,,,,,,,
2003-05-16,11485.51,14761.90,10958.35,0.076400,A,A,0.084628,A,A,0.087626,A,A,0.090218,A,A,0.095666,A,A,0,A,,,,,,,,,,,,,,
2003-05-19,11514.45,14781.61,10967.23,0.076313,A,A,0.085564,A,A,0.089232,A,A,0.091683,A,A,0.097322,A,A,0,A,,,,,,,,,,,,,,
2003-05-20,11435.84,14782.79,10939.39,0.066278,A,A,0.076452,A,A,0.080731,A,A,0.083065,A,A,0.088806,A,A,0,A,,,,,,,,,,,,,,
2003-05-22,11325.37,14813.51,10934.09,0.053672,A,A,0.064521,A,A,0.069432,A,A,0.071609,A,A,0.077351,A,A,0,A,,,,,,,,,,,,,,
2003-05-23,11287.98,14793.23,10917.81,0.048047,A,A,0.059568,A,A,0.065129,A,A,0.067133,A,A,0.072860,A,A,0,A,,,,,,,,,,,,,,
2003-05-26,11403.18,14806.70,10940.79,0.056350,A,A,0.068857,A,A,0.075132,A,A,0.076975,A,A,0.082772,A,A,0,A,,,,,,,,,,,,,,
2003-05-27,11457.83,14814.62,10958.53,0.059024,A,A,0.072360,A,A,0.079398,A,A,0.081086,A,A,0.086960,A,A,0,A,,,,,,,,,,,,,,
2003-05-28,11475.34,14830.39,10989.76,0.058354,A,A,0.072330,A,A,0.080131,A,A,0.081695,A,A,0.087619,A,A,0,A,,,,,,,,,,,,,,
2003-05-29,11578.23,14814.76,11002.11,0.065297,A,A,0.080173,A,A,0.088772,A,A,0.090251,A,A,0.096265,A,A,0,A,,,,,,,,,,,,,,
2003-05-30,11640.18,14816.89,11009.25,0.068423,A,A,0.084011,A,A,0.093403,A,A,0.094884,A,A,0.100908,A,A,0,A,,,,,,,,,,,,,,
2003-06-02,11688.10,14830.62,11023.96,0.069887,A,A,0.086387,A,A,0.096637,A,A,0.098101,A,A,0.104205,A,A,0,A,,,,,,,,,,,,,,
2003-06-03,11684.75,14802.84,11012.07,0.066686,A,A,0.083969,A,A,0.095030,A,A,0.096543,A,A,0.102670,A,A,0,A,,,,,,,,,,,,,,
2003-06-04,11770.97,14826.08,11044.50,0.071524,A,A,0.089750,A,A,0.101633,A,A,0.103300,A,A,0.109528,A,A,0,A,,,,,,,,,,,,,,
2003-06-05,11748.21,14812.82,11038.21,0.066432,A,A,0.085528,A,A,0.098106,A,A,0.099908,A,A,0.106168,A,A,0,A,,,,,,,,,,,,,,
2003-06-06,11881.61,14862.46,11100.97,0.075228,A,A,0.095579,A,A,0.108933,A,A,0.111036,A,A,0.117396,A,A,0,A,,,,,,,,,,,,,,
2003-06-09,11883.17,14837.41,11084.05,0.071901,A,A,0.093457,A,A,0.107318,A,A,0.109895,A,A,0.116185,A,A,0,A,,,,,,,,,,,,,,
2003-06-10,12010.45,14870.66,11134.59,0.079543,A,A,0.102635,A,A,0.117266,A,A,0.120302,A,A,0.126663,A,A,0,A,,,,,,,,,,,,,,
2003-06-11,11965.03,14861.05,11123.28,0.071943,A,A,0.096063,A,A,0.111162,A,A,0.114614,A,A,0.120992,A,A,0,A,,,,,,,,,,,,,,
2003-06-12,11990.64,14868.94,11138.25,0.070758,A,A,0.095956,A,A,0.111656,A,A,0.115583,A,A,0.121922,A,A,0,A,,,,,,,,,,,,,,
2003-06-13,11988.31,14829.17,11110.30,0.067137,A,A,0.093118,A,A,0.109593,A,A,0.113993,A,A,0.120243,A,A,0,A,,,,,,,,,,,,,,
2003-06-17,12051.78,14852.45,11145.69,0.069394,A,A,0.096116,A,A,0.113627,A,A,0.118487,A,A,0.124653,A,A,0,A,,,,,,,,,,,,,,
2003-06-18,12096.65,14839.80,11158.76,0.069927,A,A,0.097275,A,A,0.115872,A,A,0.121242,A,A,0.127302,A,A,0,A,,,,,,,,,,,,,,
2003-06-19,12109.50,14848.76,11167.91,0.067689,A,A,0.095583,A,A,0.115165,A,A,0.121003,A,A,0.126920,A,A,0,A,,,,,,,,,,,,,,
2003-06-20,12071.46,14838.97,11147.60,0.061074,A,A,0.089409,A,A,0.109765,A,A,0.116094,A,A,0.121866,A,A,0,A,,,,,,,,,,,,,,
2003-06-23,11975.05,14832.15,11126.92,0.049614,A,A,0.078170,A,A,0.099120,A,A,0.105836,A,A,0.111531,A,A,0,A,,,,,,,,,,,,,,
2003-06-24,11931.79,14834.10,11117.74,0.043132,A,A,0.071908,A,A,0.093432,A,A,0.100534,A,A,0.106196,A,A,0,A,,,,,,,,,,,,,,
2003-06-25,11759.65,14829.83,11076.53,0.025893,A,A,0.054464,A,A,0.076186,A,A,0.083507,A,A,0.089085,A,A,0,A,,,,,,,,,,,,,,
2003-06-26,11733.39,14854.57,11084.08,0.021482,A,A,0.050166,A,A,0.072320,A,A,0.079903,A,A,0.085571,A,A,0,A,,,,,,,,,,,,,,
2003-06-27,11718.90,14837.31,11069.90,0.018221,A,A,0.047028,A,A,0.069524,A,A,0.077442,A,A,0.083183,A,A,0,A,,,,,,,,,,,,,,
2003-06-30,11670.79,14826.77,11049.84,0.012238,A,A,0.040801,A,A,0.063705,A,A,0.071878,A,A,0.077740,A,A,0,A,,,,,,,,,,,,,,
2003-07-01,11735.94,14842.82,11076.76,0.016017,A,A,0.044595,A,A,0.068158,A,A,0.076557,A,A,0.082710,A,A,0,A,,,,,,,,,,,,,,
2003-07-02,11752.29,14814.43,11065.77,0.015680,A,A,0.044052,A,A,0.068219,A,A,0.076744,A,A,0.083127,A,A,0,A,,,,,,,,,,,,,,
2003-07-03,11832.98,14830.32,11103.54,0.020755,A,A,0.049058,A,A,0.074027,A,A,0.082716,A,A,0.089436,A,A,0,A,,,,,,,,,,,,,,
2003-07-04,11925.70,14832.21,11131.19,0.026540,A,A,0.054981,A,A,0.080792,A,A,0.089702,A,A,0.096764,A,A,0,A,,,,,,,,,,,,,,
2003-07-07,11921.75,14827.43,11129.70,0.024168,A,A,0.052235,A,A,0.078841,A,A,0.087874,A,A,0.095237,A,A,0,A,,,,,,,,,,,,,,
2003-07-08,11940.09,14835.92,11138.81,0.023924,A,A,0.051384,A,A,0.078842,A,A,0.088134,A,A,0.095777,A,A,0,A,,,,,,,,,,,,,,
2003-07-09,12050.55,14849.81,11168.54,0.031481,A,A,0.058593,A,A,0.086987,A,A,0.096665,A,A,0.104733,A,A,0,A,,,,,,,,,,,,,,
2003-07-10,12036.63,14833.18,11151.33,0.028597,A,A,0.054940,A,A,0.083895,A,A,0.093897,A,A,0.102244,A,A,0,A,,,,,,,,,,,,,,
2003-07-11,12014.49,14851.94,11156.80,0.025250,A,A,0.050643,A,A,0.080121,A,A,0.090363,A,A,0.099006,A,A,0,A,,,,,,,,,,,,,,
2003-07-14,11961.61,14861.01,11157.25,0.019287,A,A,0.043860,A,A,0.073694,A,A,0.084089,A,A,0.093056,A,A,0,A,,,,,,,,,,,,,,
2003-07-15,11991.01,14866.04,11159.62,0.020305,A,A,0.044249,A,A,0.074674,A,A,0.085255,A,A,0.094636,A,A,0,A,,,,,,,,,,,,,,
2003-07-16,11988.73,14855.03,11142.26,0.018628,A,A,0.041942,A,A,0.072820,A,A,0.083581,A,A,0.093354,A,A,0,A,,,,,,,,,,,,,,
2003-07-17,11965.67,14861.42,11147.47,0.015445,A,A,0.037876,A,A,0.069105,A,A,0.080034,A,A,0.090232,A,A,0,A,,,,,,,,,,,,,,
2003-07-18,11898.25,14861.93,11133.39,0.008747,A,A,0.030102,A,A,0.061542,A,A,0.072534,A,A,0.083123,A,A,0,A,,,,,,,,,,,,,,
2003-07-21,11870.65,14891.13,11148.07,0.005570,A,A,0.025960,A,A,0.057566,A,A,0.068648,A,A,0.079668,A,A,0,A,,,,,,,,,,,,,,
2003-07-22,11898.08,14881.27,11153.52,0.007111,A,A,0.026616,A,A,0.058342,A,A,0.069710,A,A,0.081145,A,A,0,A,,,,,,,,,,,,,,
2003-07-23,11894.97,14883.36,11160.00,0.006128,A,A,0.024645,A,A,0.056365,A,A,0.068091,A,A,0.079839,A,A,0,A,,,,,,,,,,,,,,
2003-07-24,12017.48,14930.42,11213.93,0.015380,A,A,0.033371,A,A,0.065358,A,A,0.077625,A,A,0.089810,A,A,0,A,,,,,,,,,,,,,,
2003-07-25,12028.26,14934.23,11214.16,0.014952,A,A,0.032522,A,A,0.064469,A,A,0.077104,A,A,0.089576,A,A,0,A,,,,,,,,,,,,,,
2003-07-28,12076.46,14935.25,11234.35,0.017514,A,A,0.034861,A,A,0.066868,A,A,0.079927,A,A,0.092723,A,A,0,A,,,,,,,,,,,,,,
2003-07-29,12130.16,14932.38,11238.85,0.020650,A,A,0.037691,A,A,0.069696,A,A,0.083144,A,A,0.096265,A,A,0,A,,,,,,,,,,,,,,
2003-07-30,12181.32,14946.30,11257.07,0.023570,A,A,0.040237,A,A,0.072297,A,A,0.086038,A,A,0.099444,A,A,0,A,,,,,,,,,,,,,,
2003-07-31,12166.50,14937.78,11245.25,0.021007,A,A,0.037082,A,A,0.069168,A,A,0.083042,A,A,0.096685,A,A,0,A,,,,,,,,,,,,,,
2003-08-01,12160.51,14916.23,11226.92,0.019397,A,A,0.034812,A,A,0.066821,A,A,0.080866,A,A,0.094711,A,A,0,A,,,,,,,,,,,,,,
2003-08-04,12245.91,14933.34,11252.34,0.025399,A,A,0.040369,A,A,0.072448,A,A,0.086759,A,A,0.100906,A,A,0,A,,,,,,,,,,,,,,
2003-08-05,12288.25,14965.96,11278.50,0.027796,A,A,0.042289,A,A,0.074123,A,A,0.088820,A,A,0.103204,A,A,0,A,,,,,,,,,,,,,,
2003-08-06,12223.98,14942.05,11249.41,0.021397,A,A,0.035394,A,A,0.066564,A,A,0.081501,A,A,0.096045,A,A,0,A,,,,,,,,,,,,,,
2003-08-07,12149.66,14933.47,11219.31,0.014474,A,A,0.027898,A,A,0.058260,A,A,0.073354,A,A,0.088055,A,A,0,A,,,,,,,,,,,,,,
2003-08-08,12149.39,14934.78,11215.47,0.013697,A,A,0.026602,A,A,0.056395,A,A,0.071786,A,A,0.086721,A,A,0,A,,,,,,,,,,,,,,
2003-08-11,12167.65,14911.50,11224.50,0.014682,A,A,0.026861,A,A,0.056132,A,A,0.071829,A,A,0.086991,A,A,0,A,,,,,,,,,,,,,,
2003-08-12,12254.50,14933.75,11254.72,0.021222,A,A,0.032781,A,A,0.061643,A,A,0.077719,A,A,0.093303,A,A,0,A,,,,,,,,,,,,,,
2003-08-13,12328.25,14941.87,11282.08,0.026764,A,A,0.037629,A,A,0.065886,A,A,0.082335,A,A,0.098377,A,A,0,A,,,,,,,,,,,,,,
2003-08-14,12409.05,14943.86,11299.25,0.032644,A,A,0.043024,A,A,0.070725,A,A,0.087441,A,A,0.104021,A,A,0,A,,,,,,,,,,,,,,
2003-08-18,12452.23,14910.18,11287.56,0.035354,A,A,0.045249,A,A,0.072299,A,A,0.089240,A,A,0.106253,A,A,0,A,,,,,,,,,,,,,,
2003-08-19,12536.58,14909.41,11314.86,0.041312,A,A,0.050881,A,A,0.077336,A,A,0.094577,A,A,0.112043,A,A,0,A,,,,,,,,,,,,,,
2003-08-20,12607.18,14938.74,11338.18,0.046104,A,A,0.055288,A,A,0.081174,A,A,0.098638,A,A,0.116529,A,A,0,A,,,,,,,,,,,,,,
2003-08-21,12609.42,14928.40,11330.79,0.045302,A,A,0.053858,A,A,0.079158,A,A,0.096788,A,A,0.114967,A,A,0,A,,,,,,,,,,,,,,
2003-08-22,12580.14,14908.79,11318.72,0.041971,A,A,0.049691,A,A,0.074528,A,A,0.092289,A,A,0.110702,A,A,0,A,,,,,,,,,,,,,,
2003-08-25,12567.96,14903.60,11312.25,0.040012,A,A,0.046928,A,A,0.071388,A,A,0.089289,A,A,0.107964,A,A,0,A,,,,,,,,,,,,,,
2003-08-26,12522.21,14912.31,11301.21,0.035184,A,A,0.041599,A,A,0.065466,A,A,0.083481,A,A,0.102303,A,A,0,A,,,,,,,,,,,,,,
2003-08-27,12451.01,14924.37,11288.55,0.028318,A,A,0.034342,A,A,0.057565,A,A,0.075453,A,A,0.094509,A,A,0,A,,,,,,,,,,,,,,
2003-08-28,12468.05,14953.50,11299.65,0.028388,A,A,0.034425,A,A,0.057209,A,A,0.075052,A,A,0.094437,A,A,0,A,,,,,,,,,,,,,,
2003-08-29,12535.33,14957.57,11335.09,0.032420,A,A,0.038718,A,A,0.061042,A,A,0.078940,A,A,0.098684,A,A,0,A,,,,,,,,,,,,,,
2003-09-01,12589.91,14970.11,11351.19,0.035265,A,A,0.041959,A,A,0.063775,A,A,0.081650,A,A,0.101748,A,A,0,A,,,,,,,,,,,,,,
2003-09-02,12641.13,14933.50,11330.66,0.037636,A,A,0.044910,A,A,0.066208,A,A,0.084022,A,A,0.104486,A,A,0,A,,,,,,,,,,,,,,
2003-09-03,12613.00,14924.25,11311.73,0.033674,A,A,0.041337,A,A,0.062011,A,A,0.079548,A,A,0.100341,A,A,0,A,,,,,,,,,,,,,,
2003-09-04,12643.91,14912.26,11303.59,0.034527,A,A,0.042715,A,A,0.062836,A,A,0.080074,A,A,0.101360,A,A,0,A,,,,,,,,,,,,,,
2003-09-05,12615.15,14868.15,11279.77,0.030708,A,A,0.039182,A,A,0.058687,A,A,0.075611,A,A,0.097208,A,A,0,A,,,,,,,,,,,,,,
2003-09-08,12605.58,14905.37,11290.32,0.028656,A,A,0.037427,A,A,0.056107,A,A,0.072837,A,A,0.094718,A,A,0,A,,,,,,,,,,,,,,
2003-09-09,12641.58,14906.00,11320.47,0.030249,A,A,0.039376,A,A,0.057393,A,A,0.073929,A,A,0.096179,A,A,0,A,,,,,,,,,,,,,,
2003-09-10,12709.72,14938.76,11346.95,0.034361,A,A,0.044040,A,A,0.061416,A,A,0.077746,A,A,0.100359,A,A,0,A,,,,,,,,,,,,,,
2003-09-11,12653.47,14923.84,11317.36,0.028661,A,A,0.038502,A,A,0.055174,A,A,0.071081,A,A,0.093726,A,A,0,A,,,,,,,,,,,,,,
2003-09-12,12561.42,14899.16,11284.37,0.020211,A,A,0.030193,A,A,0.046151,A,A,0.061526,A,A,0.084062,A,A,0,A,,,,,,,,,,,,,,
2003-09-15,12595.57,14881.75,11285.14,0.021913,A,A,0.032191,A,A,0.047707,A,A,0.062622,A,A,0.085245,A,A,0,A,,,,,,,,,,,,,,
2003-09-16,12579.54,14878.99,11280.80,0.019476,A,A,0.030181,A,A,0.045051,A,A,0.059515,A,A,0.082154,A,A,0,A,,,,,,,,,,,,,,
2003-09-17,12549.90,14870.03,11272.75,0.016052,A,A,0.027158,A,A,0.041312,A,A,0.055375,A,A,0.077947,A,A,0,A,,,,,,,,,,,,,,
2003-09-22,12638.16,14889.76,11305.94,0.022003,A,A,0.033683,A,A,0.047265,A,A,0.061117,A,A,0.083804,A,A,0,A,,,,,,,,,,,,,,
2003-09-23,12603.09,14873.13,11286.62,0.018001,A,A,0.030115,A,A,0.043134,A,A,0.056533,A,A,0.079151,A,A,0,A,,,,,,,,,,,,,,
2003-09-24,12547.52,14862.65,11282.50,0.012333,A,A,0.024823,A,A,0.037425,A,A,0.050328,A,A,0.072843,A,A,0,A,,,,,,,,,,,,,,
2003-09-25,12654.98,14904.88,11331.62,0.019569,A,A,0.032647,A,A,0.045132,A,A,0.057716,A,A,0.080387,A,A,0,A,,,,,,,,,,,,,,
2003-09-26,12634.02,14904.58,11321.72,0.016541,A,A,0.029789,A,A,0.042303,A,A,0.054408,A,A,0.077013,A,A,0,A,,,,,,,,,,,,,,
2003-09-29,12691.08,14899.63,11347.44,0.019680,A,A,0.033179,A,A,0.045882,A,A,0.057627,A,A,0.080161,A,A,0,A,,,,,,,,,,,,,,
2003-09-30,12692.11,14891.97,11347.20,0.018536,A,A,0.031986,A,A,0.044765,A,A,0.056181,A,A,0.078543,A,A,0,A,,,,,,,,,,,,,,
2003-10-01,12674.44,14866.45,11315.27,0.015947,A,A,0.029237,A,A,0.042025,A,A,0.053147,A,A,0.075374,A,A,0,A,,,,,,,,,,,,,,
2003-10-02,12695.44,14902.70,11340.54,0.016510,A,A,0.029688,A,A,0.042411,A,A,0.053382,A,A,0.075456,A,A,0,A,,,,,,,,,,,,,,
2003-10-03,12867.71,14934.86,11403.03,0.028953,A,A,0.042187,A,A,0.055146,A,A,0.066110,A,A,0.088210,A,A,0,A,,,,,,,,,,,,,,
2003-10-06,12897.21,14907.73,11385.47,0.030002,A,A,0.043172,A,A,0.056180,A,A,0.067021,A,A,0.088788,A,A,0,A,,,,,,,,,,,,,,
2003-10-07,13028.39,14923.77,11427.46,0.038889,A,A,0.052316,A,A,0.065417,A,A,0.076299,A,A,0.097809,A,A,0,A,,,,,,,,,,,,,,
2003-10-08,12999.62,14888.33,11407.93,0.035056,A,A,0.048565,A,A,0.061693,A,A,0.072461,A,A,0.093427,A,A,0,A,,,,,,,,,,,,,,
2003-10-09,12980.83,14878.37,11393.76,0.032217,A,A,0.045678,A,A,0.058871,A,A,0.069423,A,A,0.089939,A,A,0,A,,,,,,,,,,,,,,
2003-10-10,13056.04,14891.13,11441.06,0.036791,A,A,0.050407,A,A,0.063687,A,A,0.074073,A,A,0.094300,A,A,0,A,,,,,,,,,,,,,,
2003-10-13,13121.28,14916.79,11471.39,0.040325,A,A,0.054219,A,A,0.067614,A,A,0.077834,A,A,0.097816,A,A,0,A,,,,,,,,,,,,,,
2003-10-14,13191.78,14914.08,11490.66,0.043998,A,A,0.058319,A,A,0.071973,A,A,0.082047,A,A,0.101717,A,A,0,A,,,,,,,,,,,,,,
2003-10-15,13236.62,14987.60,11521.82,0.045547,A,A,0.060222,A,A,0.074173,A,A,0.084156,A,A,0.103461,A,A,0,A,,,,,,,,,,,,,,
2003-10-16,13366.07,15030.22,11607.22,0.053556,A,A,0.068751,A,A,0.083228,A,A,0.093107,A,A,0.112146,A,A,0,A,,,,,,,,,,,,,,
2003-10-17,13322.67,15002.17,11555.77,0.048174,A,A,0.063508,A,A,0.078313,A,A,0.088001,A,A,0.106486,A,A,0,A,,,,,,,,,,,,,,
2003-10-20,13411.94,15022.11,11597.28,0.053202,A,A,0.068707,A,A,0.084172,A,A,0.093677,A,A,0.111845,A,A,0,A,,,,,,,,,,,,,,
2003-10-21,13350.68,15015.86,11571.39,0.046671,A,A,0.061905,A,A,0.077879,A,A,0.087065,A,A,0.104812,A,A,0,A,,,,,,,,,,,,,,
2003-10-22,13411.68,15001.59,11590.94,0.049699,A,A,0.064718,A,A,0.081425,A,A,0.090268,A,A,0.107860,A,A,0,A,,,,,,,,,,,,,,
2003-10-23,13403.56,15017.07,11594.61,0.047484,A,A,0.062090,A,A,0.079402,A,A,0.087826,A,A,0.105233,A,A,0,A,,,,,,,,,,,,,,
2003-10-24,13226.54,14969.78,11514.78,0.032539,A,A,0.046338,A,A,0.064028,A,A,0.071949,A,A,0.088870,A,A,0,A,,,,,,,,,,,,,,
2003-10-27,13168.92,15014.98,11545.75,0.027044,A,A,0.040299,A,A,0.058378,A,A,0.065871,A,A,0.082437,A,A,0,A,,,,,,,,,,,,,,
2003-10-28,13172.00,15046.91,11562.97,0.026232,A,A,0.039075,A,A,0.057622,A,A,0.064728,A,A,0.081056,A,A,0,A,,,,,,,,,,,,,,
2003-10-29,13176.63,15006.38,11545.38,0.025512,A,A,0.038033,A,A,0.056951,A,A,0.063793,A,A,0.079810,A,A,0,A,,,,,,,,,,,,,,
2003-10-30,13219.58,15008.07,11538.77,0.027615,A,A,0.040022,A,A,0.059222,A,A,0.065966,A,A,0.081628,A,A,0,A,,,,,,,,,,,,,,
2003-10-31,13142.17,14944.28,11453.88,0.020379,A,A,0.032712,A,A,0.051886,A,A,0.058542,A,A,0.073721,A,A,0,A,,,,,,,,,,,,,,
2003-11-03,13160.50,14962.98,11491.67,0.020583,A,A,0.032892,A,A,0.052042,A,A,0.058820,A,A,0.073721,A,A,0,A,,,,,,,,,,,,,,
2003-11-04,13116.84,14954.36,11475.09,0.016179,A,A,0.028259,A,A,0.047265,A,A,0.054220,A,A,0.068746,A,A,0,A,,,,,,,,,,,,,,
2003-11-05,13150.68,14940.99,11475.00,0.017818,A,A,0.029771,A,A,0.048635,A,A,0.055807,A,A,0.070134,A,A,0,A,,,,,,,,,,,,,,
2003-11-06,13113.15,14947.58,11464.61,0.014090,A,A,0.025797,A,A,0.044308,A,A,0.051803,A,A,0.065809,A,A,0,A,,,,,,,,,,,,,,
2003-11-07,13051.48,14953.28,11461.03,0.008561,A,A,0.019941,A,A,0.038188,A,A,0.045923,A,A,0.059539,A,A,0,A,,,,,,,,,,,,,,
2003-11-10,12934.79,14902.87,11392.44,-0.000955,A,A,0.009854,A,A,0.027832,A,A,0.035841,A,A,0.048908,A,A,0,A,,,,,,,,,,,,,,
2003-11-11,12922.59,14918.73,11384.45,-0.002424,A,A,0.007950,A,A,0.025875,A,A,0.034109,A,A,0.046771,A,A,0,A,,,,,,,,,,,,,,
2003-11-12,12944.82,14998.67,11446.80,-0.001289,A,A,0.008729,A,A,0.026717,A,A,0.035135,A,A,0.047482,A,A,0,A,,,,,,,,,,,,,,
2003-11-13,12950.40,14999.02,11465.52,-0.001387,A,A,0.008309,A,A,0.026229,A,A,0.034823,A,A,0.046881,A,A,0,A,,,,,,,,,,,,,,
2003-11-14,13041.14,14983.26,11470.32,0.005039,A,A,0.014495,A,A,0.032419,A,A,0.041290,A,A,0.053127,A,A,0,A,,,,,,,,,,,,,,
2003-11-17,13071.55,14980.82,11476.05,0.006662,A,A,0.016042,A,A,0.033898,A,A,0.042944,A,A,0.054511,A,A,0,A,,,,,,,,,,,,,,
2003-11-18,13020.87,14965.99,11458.13,0.001971,A,A,0.011404,A,A,0.028999,A,A,0.038182,A,A,0.049410,A,A,0,A,,,,,,,,,,,,,,
2003-11-19,13004.84,15062.91,11524.96,0.000038,A,A,0.009585,A,A,0.026840,A,A,0.036169,A,A,0.047068,A,A,0,A,,,,,,,,,,,,,,
2003-11-20,12938.47,14999.98,11482.00,-0.005676,A,A,0.004029,A,A,0.020724,A,A,0.030128,A,A,0.040651,A,A,0,A,,,,,,,,,,,,,,
2003-11-21,12841.25,14983.51,11432.81,-0.013638,A,A,-0.003795,A,A,0.012300,A,A,0.021683,A,A,0.031809,A,A,0,A,,,,,,,,,,,,,,
2003-11-24,12787.90,14976.70,11416.03,-0.017987,A,A,-0.008184,A,A,0.007389,A,A,0.016646,A,A,0.026615,A,A,0,A,,,,,,,,,,,,,,
2003-11-25,12790.16,14936.17,11403.89,-0.018127,A,A,-0.008275,A,A,0.006841,A,A,0.016013,A,A,0.025926,A,A,0,A,,,,,,,,,,,,,,
2003-11-26,12848.61,14941.31,11418.57,-0.014146,A,A,-0.004137,A,A,0.010602,A,A,0.019785,A,A,0.029714,A,A,0,A,,,,,,,,,,,,,,
2003-11-27,12943.08,14963.33,11454.21,-0.007385,A,A,0.002588,A,A,0.017079,A,A,0.026296,A,A,0.036385,A,A,0,A,,,,,,,,,,,,,,
2003-11-28,12967.29,14925.50,11445.70,-0.006093,A,A,0.003856,A,A,0.018031,A,A,0.027260,A,A,0.037449,A,A,0,A,,,,,,,,,,,,,,
2003-12-01,12984.01,14913.32,11440.95,-0.005308,A,A,0.004606,A,A,0.018376,A,A,0.027630,A,A,0.037933,A,A,0,A,,,,,,,,,,,,,,
2003-12-02,13034.24,14914.22,11452.07,-0.002041,A,A,0.007951,A,A,0.021411,A,A,0.030672,A,A,0.041057,A,A,0,A,,,,,,,,,,,,,,
2003-12-03,13141.17,14907.45,11468.11,0.005348,A,A,0.015606,A,A,0.028794,A,A,0.038177,A,A,0.048686,A,A,0,A,,,,,,,,,,,,,,
2003-12-04,13072.32,14834.80,11403.58,-0.000560,A,A,0.009725,A,A,0.022518,A,A,0.031845,A,A,0.042318,A,A,0,A,,,,,,,,,,,,,,
2003-12-05,13114.26,14930.36,11455.18,0.002227,A,A,0.012390,A,A,0.024922,A,A,0.034242,A,A,0.044847,A,A,0,A,,,,,,,,,,,,,,
2003-12-09,13160.42,14939.03,11476.02,0.005305,A,A,0.015285,A,A,0.027655,A,A,0.037018,A,A,0.047679,A,A,0,A,,,,,,,,,,,,,,
2003-12-10,13099.26,14890.99,11445.16,0.000513,A,A,0.009966,A,A,0.022052,A,A,0.031376,A,A,0.042093,A,A,0,A,,,,,,,,,,,,,,
2003-12-11,13110.04,14887.20,11451.97,0.001148,A,A,0.010227,A,A,0.022052,A,A,0.031378,A,A,0.042197,A,A,0,A,,,,,,,,,,,,,,
2003-12-12,13015.65,14912.12,11441.50,-0.006118,A,A,0.002584,A,A,0.014018,A,A,0.023144,A,A,0.034025,A,A,0,A,,,,,,,,,,,,,,
2003-12-15,13088.04,14887.42,11444.67,-0.000645,A,A,0.007633,A,A,0.018952,A,A,0.027990,A,A,0.039055,A,A,0,A,,,,,,,,,,,,,,
2003-12-16,13095.29,14909.95,11454.46,-0.000047,A,A,0.007544,A,A,0.018748,A,A,0.027709,A,A,0.038948,A,A,0,A,,,,,,,,,,,,,,
2003-12-17,13123.51,14934.62,11468.78,0.002224,A,A,0.009075,A,A,0.020085,A,A,0.029033,A,A,0.040514,A,A,0,A,,,,,,,,,,,,,,
2003-12-18,13074.12,14928.54,11452.80,-0.001273,A,A,0.004681,A,A,0.015435,A,A,0.024261,A,A,0.035969,A,A,0,A,,,,,,,,,,,,,,
2003-12-19,13061.01,14876.44,11422.50,-0.001757,A,A,0.003058,A,A,0.013635,A,A,0.022326,A,A,0.034287,A,A,0,A,,,,,,,,,,,,,,
2003-12-22,13087.79,14839.83,11401.35,0.000689,A,A,0.004572,A,A,0.014984,A,A,0.023514,A,A,0.035683,A,A,0,A,,,,,,,,,,,,,,
2003-12-23,13116.25,14893.87,11423.04,0.003369,A,A,0.006138,A,A,0.016501,A,A,0.024808,A,A,0.037164,A,A,0,A,,,,,,,,,,,,,,
2003-12-24,13174.19,14911.28,11454.11,0.008104,A,A,0.009824,A,A,0.020319,A,A,0.028450,A,A,0.040821,A,A,0,A,,,,,,,,,,,,,,
2003-12-26,13185.55,14906.92,11452.92,0.009361,A,A,0.010053,A,A,0.020555,A,A,0.028451,A,A,0.040771,A,A,0,A,,,,,,,,,,,,,,
2003-12-29,13188.54,14905.12,11452.80,0.009959,A,A,0.009611,A,A,0.020215,A,A,0.027836,A,A,0.040049,A,A,0,A,,,,,,,,,,,,,,
2003-12-30,13316.57,14985.60,11539.14,0.019607,A,A,0.018650,A,A,0.029491,A,A,0.036900,A,A,0.049065,A,A,0,A,,,,,,,,,,,,,,
2003-12-31,13346.12,14889.95,11493.12,0.021562,A,A,0.020113,A,A,0.031123,A,A,0.038304,A,A,0.050336,A,A,0,A,,,,,,,,,,,,,,
2004-01-02,13334.16,14867.51,11456.81,0.020365,A,A,0.018397,A,A,0.029532,A,A,0.036477,A,A,0.048359,A,A,0,A,,,,,,,,,,,,,,
2004-01-05,13318.05,14892.74,11451.93,0.018887,A,A,0.016411,A,A,0.027627,A,A,0.034339,A,A,0.046123,A,A,0,A,,,,,,,,,,,,,,
2004-01-06,13341.62,14863.33,11421.89,0.020479,A,A,0.017635,A,A,0.028723,A,A,0.035330,A,A,0.047050,A,A,0,A,,,,,,,,,,,,,,
2004-01-07,13328.10,14780.32,11356.97,0.019123,A,A,0.016082,A,A,0.026909,A,A,0.033487,A,A,0.045073,A,A,0,A,,,,,,,,,,,,,,
2004-01-08,13425.65,14903.60,11474.95,0.026119,A,A,0.023035,A,A,0.033578,A,A,0.040128,A,A,0.051750,A,A,0,A,,,,,,,,,,,,,,
2004-01-09,13424.28,14899.51,11470.90,0.025479,A,A,0.022413,A,A,0.032687,A,A,0.039045,A,A,0.050745,A,A,0,A,,,,,,,,,,,,,,
2004-01-12,13396.10,14872.75,11443.21,0.022900,A,A,0.019763,A,A,0.029810,A,A,0.035911,A,A,0.047655,A,A,0,A,,,,,,,,,,,,,,
2004-01-13,13467.40,14909.83,11473.32,0.027727,A,A,0.024689,A,A,0.034561,A,A,0.040429,A,A,0.052282,A,A,0,A,,,,,,,,,,,,,,
2004-01-14,13538.84,14942.38,11517.85,0.032325,A,A,0.029614,A,A,0.039227,A,A,0.044961,A,A,0.056830,A,A,0,A,,,,,,,,,,,,,,
2004-01-15,13581.52,14969.10,11541.71,0.034446,A,A,0.032382,A,A,0.041670,A,A,0.047290,A,A,0.059118,A,A,0,A,,,,,,,,,,,,,,
2004-01-16,13489.35,14900.87,11481.53,0.026441,A,A,0.025068,A,A,0.033831,A,A,0.039358,A,A,0.050955,A,A,0,A,,,,,,,,,,,,,,
2004-01-19,13553.77,14964.59,11542.61,0.030282,A,A,0.029733,A,A,0.037930,A,A,0.043478,A,A,0.054938,A,A,0,A,,,,,,,,,,,,,,
2004-01-20,13452.79,14920.07,11481.00,0.021739,A,A,0.021904,A,A,0.029487,A,A,0.035009,A,A,0.046074,A,A,0,A,,,,,,,,,,,,,,
2004-01-21,13452.90,14933.92,11477.97,0.021038,A,A,0.021862,A,A,0.028845,A,A,0.034376,A,A,0.045062,A,A,0,A,,,,,,,,,,,,,,
2004-01-22,13497.66,14954.65,11494.97,0.023699,A,A,0.025084,A,A,0.031528,A,A,0.037143,A,A,0.047506,A,A,0,A,,,,,,,,,,,,,,
2004-01-23,13557.72,14993.44,11530.91,0.027325,A,A,0.029466,A,A,0.035242,A,A,0.041013,A,A,0.051090,A,A,0,A,,,,,,,,,,,,,,
2004-01-26,13643.01,15040.25,11593.47,0.032678,A,A,0.035648,A,A,0.040830,A,A,0.046739,A,A,0.056646,A,A,0,A,,,,,,,,,,,,,,
2004-01-27,13646.80,15048.21,11595.77,0.031736,A,A,0.035420,A,A,0.040178,A,A,0.046170,A,A,0.055889,A,A,0,A,,,,,,,,,,,,,,
2004-01-28,13608.23,15037.06,11575.77,0.027496,A,A,0.031956,A,A,0.036309,A,A,0.042333,A,A,0.051915,A,A,0,A,,,,,,,,,,,,,,
2004-01-29,13685.30,15079.90,11626.56,0.031761,A,A,0.037170,A,A,0.041256,A,A,0.047306,A,A,0.056864,A,A,0,A,,,,,,,,,,,,,,
2004-01-30,13663.72,15123.51,11640.00,0.028629,A,A,0.034937,A,A,0.038682,A,A,0.044796,A,A,0.054240,A,A,0,A,,,,,,,,,,,,,,
2004-02-02,13447.11,15060.88,11546.10,0.011310,A,A,0.018256,A,A,0.021440,A,A,0.027591,A,A,0.036714,A,A,0,A,,,,,,,,,,,,,,
2004-02-03,13280.41,15000.48,11479.44,-0.001790,A,A,0.005469,A,A,0.008245,A,A,0.014380,A,A,0.023161,A,A,0,A,,,,,,,,,,,,,,
2004-02-04,13451.35,15081.36,11576.37,0.010242,A,A,0.018061,A,A,0.020520,A,A,0.026811,A,A,0.035568,A,A,0,A,,,,,,,,,,,,,,
2004-02-05,13488.61,15100.17,11596.29,0.012188,A,A,0.020432,A,A,0.022659,A,A,0.029023,A,A,0.037675,A,A,0,A,,,,,,,,,,,,,,
2004-02-06,13489.72,15123.36,11610.85,0.011503,A,A,0.020107,A,A,0.022056,A,A,0.028454,A,A,0.036959,A,A,0,A,,,,,,,,,,,,,,
2004-02-09,13505.64,15126.76,11616.85,0.012082,A,A,0.020838,A,A,0.022547,A,A,0.028996,A,A,0.037325,A,A,0,A,,,,,,,,,,,,,,
2004-02-10,13432.53,15041.72,11550.96,0.006000,A,A,0.014855,A,A,0.016381,A,A,0.022838,A,A,0.030903,A,A,0,A,,,,,,,,,,,,,,
2004-02-11,13536.22,15067.99,11581.25,0.013054,A,A,0.021963,A,A,0.023652,A,A,0.030116,A,A,0.037996,A,A,0,A,,,,,,,,,,,,,,
2004-02-12,13600.60,15116.92,11626.87,0.017127,A,A,0.026003,A,A,0.027913,A,A,0.034306,A,A,0.042079,A,A,0,A,,,,,,,,,,,,,,
2004-02-13,13588.04,15101.72,11608.53,0.015363,A,A,0.024279,A,A,0.026481,A,A,0.032583,A,A,0.040319,A,A,0,A,,,,,,,,,,,,,,
2004-02-16,13643.96,15115.11,11629.96,0.018639,A,A,0.027655,A,A,0.030148,A,A,0.036046,A,A,0.043818,A,A,0,A,,,,,,,,,,,,,,
2004-02-17,13718.35,15147.58,11670.06,0.023000,A,A,0.032435,A,A,0.035125,A,A,0.040838,A,A,0.048702,A,A,0,A,,,,,,,,,,,,,,
2004-02-18,13661.25,15109.92,11638.34,0.017775,A,A,0.027425,A,A,0.030293,A,A,0.035674,A,A,0.043625,A,A,0,A,,,,,,,,,,,,,,
2004-02-19,13804.45,15126.86,11681.85,0.027238,A,A,0.037240,A,A,0.040497,A,A,0.045649,A,A,0.053800,A,A,0,A,,,,,,,,,,,,,,
2004-02-20,13969.58,15184.03,11755.56,0.038073,A,A,0.048460,A,A,0.052258,A,A,0.057115,A,A,0.065527,A,A,0,A,,,,,,,,,,,,,,
2004-02-23,13874.21,15148.43,11719.49,0.029626,A,A,0.040161,A,A,0.044517,A,A,0.048896,A,A,0.057425,A,A,0,A,,,,,,,,,,,,,,
2004-02-24,13851.59,15161.98,11733.85,0.026609,A,A,0.037237,A,A,0.042391,A,A,0.046284,A,A,0.054882,A,A,0,A,,,,,,,,,,,,,,
2004-02-25,13899.75,15200.56,11770.69,0.028802,A,A,0.039491,A,A,0.045511,A,A,0.048967,A,A,0.057669,A,A,0,A,,,,,,,,,,,,,,
2004-02-26,13771.97,15171.39,11729.07,0.018246,A,A,0.028755,A,A,0.035588,A,A,0.038517,A,A,0.047110,A,A,0,A,,,,,,,,,,,,,,
2004-02-27,13880.21,15219.10,11777.87,0.025060,A,A,0.035594,A,A,0.043265,A,A,0.045787,A,A,0.054442,A,A,0,A,,,,,,,,,,,,,,
2004-03-01,13861.46,15200.40,11764.99,0.022541,A,A,0.033089,A,A,0.041465,A,A,0.043485,A,A,0.052176,A,A,0,A,,,,,,,,,,,,,,
2004-03-02,13875.92,15196.98,11766.68,0.022456,A,A,0.033073,A,A,0.042140,A,A,0.043690,A,A,0.052458,A,A,0,A,,,,,,,,,,,,,,
2004-03-03,14011.57,15200.87,11795.40,0.031278,A,A,0.041927,A,A,0.051639,A,A,0.053031,A,A,0.061871,A,A,0,A,,,,,,,,,,,,,,
2004-03-04,14147.63,15218.23,11830.81,0.039929,A,A,0.050685,A,A,0.060985,A,A,0.062305,A,A,0.071193,A,A,0,A,,,,,,,,,,,,,,
2004-03-05,14090.69,15222.18,11828.64,0.034465,A,A,0.045305,A,A,0.055907,A,A,0.057227,A,A,0.065955,A,A,0,A,,,,,,,,,,,,,,
2004-03-08,13998.04,15201.14,11789.71,0.026524,A,A,0.037319,A,A,0.048247,A,A,0.049526,A,A,0.058068,A,A,0,A,,,,,,,,,,,,,,
2004-03-09,14010.60,15231.29,11790.21,0.026326,A,A,0.037173,A,A,0.048498,A,A,0.049696,A,A,0.058126,A,A,0,A,,,,,,,,,,,,,,
2004-03-10,13984.24,15264.89,11802.45,0.023302,A,A,0.034236,A,A,0.045793,A,A,0.047028,A,A,0.055286,A,A,0,A,,,,,,,,,,,,,,
2004-03-11,14048.03,15294.06,11839.39,0.026931,A,A,0.037816,A,A,0.049789,A,A,0.051109,A,A,0.059250,A,A,0,A,,,,,,,,,,,,,,
2004-03-12,13899.27,15275.08,11804.96,0.015273,A,A,0.025892,A,A,0.037998,A,A,0.039455,A,A,0.047253,A,A,0,A,,,,,,,,,,,,,,
2004-03-15,13753.92,15282.03,11780.83,0.004073,A,A,0.014300,A,A,0.026629,A,A,0.028206,A,A,0.035563,A,A,0,A,,,,,,,,,,,,,,
2004-03-16,13797.80,15308.43,11800.80,0.006736,A,A,0.016704,A,A,0.029320,A,A,0.031169,A,A,0.038121,A,A,0,A,,,,,,,,,,,,,,
2004-03-17,13719.75,15319.80,11791.63,0.000748,A,A,0.010227,A,A,0.022931,A,A,0.025047,A,A,0.031546,A,A,0,A,,,,,,,,,,,,,,
2004-03-18,13776.59,15325.88,11800.16,0.004576,A,A,0.013651,A,A,0.026453,A,A,0.029026,A,A,0.035062,A,A,0,A,,,,,,,,,,,,,,
2004-03-19,13800.00,15298.25,11782.82,0.005777,A,A,0.014526,A,A,0.027451,A,A,0.030446,A,A,0.036103,A,A,0,A,,,,,,,,,,,,,,
2004-03-22,13865.55,15337.30,11821.99,0.010045,A,A,0.018404,A,A,0.031546,A,A,0.035006,A,A,0.040242,A,A,0,A,,,,,,,,,,,,,,
2004-03-23,13788.57,15352.66,11813.71,0.003891,A,A,0.011936,A,A,0.025108,A,A,0.028978,A,A,0.033703,A,A,0,A,,,,,,,,,,,,,,
2004-03-24,13699.31,15345.72,11797.59,-0.003005,A,A,0.004714,A,A,0.017919,A,A,0.021974,A,A,0.026373,A,A,0,A,,,,,,,,,,,,,,
2004-03-25,13702.61,15346.82,11788.63,-0.003095,A,A,0.004348,A,A,0.017634,A,A,0.021832,A,A,0.025969,A,A,0,A,,,,,,,,,,,,,,
2004-03-26,13662.26,15343.75,11775.05,-0.006199,A,A,0.000844,A,A,0.014101,A,A,0.018469,A,A,0.022358,A,A,0,A,,,,,,,,,,,,,,
2004-03-29,13792.08,15380.30,11824.99,0.003003,A,A,0.009656,A,A,0.023072,A,A,0.027697,A,A,0.031398,A,A,0,A,,,,,,,,,,,,,,
2004-03-30,13850.92,15378.31,11834.30,0.006950,A,A,0.013344,A,A,0.026665,A,A,0.031620,A,A,0.035076,A,A,0,A,,,,,,,,,,,,,,
2004-03-31,13985.20,15368.16,11865.86,0.016093,A,A,0.022421,A,A,0.035642,A,A,0.040998,A,A,0.044312,A,A,0,A,,,,,,,,,,,,,,
2004-04-01,13941.57,15341.07,11838.96,0.012504,A,A,0.018525,A,A,0.031432,A,A,0.037176,A,A,0.040392,A,A,0,A,,,,,,,,,,,,,,
2004-04-02,13982.65,15332.16,11847.12,0.014965,A,A,0.020752,A,A,0.033459,A,A,0.039595,A,A,0.042787,A,A,0,A,,,,,,,,,,,,,,
2004-04-05,14082.85,15312.16,11857.92,0.021191,A,A,0.027198,A,A,0.039810,A,A,0.046354,A,A,0.049604,A,A,0,A,,,,,,,,,,,,,,
2004-04-06,14142.91,15300.01,11875.03,0.024123,A,A,0.030622,A,A,0.043218,A,A,0.050051,A,A,0.053368,A,A,0,A,,,,,,,,,,,,,,
2004-04-07,14210.31,15325.20,11897.85,0.027748,A,A,0.034609,A,A,0.047123,A,A,0.054192,A,A,0.057620,A,A,0,A,,,,,,,,,,,,,,
2004-04-08,14257.81,15358.89,11916.17,0.029910,A,A,0.037084,A,A,0.049529,A,A,0.056728,A,A,0.060402,A,A,0,A,,,,,,,,,,,,,,
2004-04-12,14131.97,15335.56,11868.18,0.019769,A,A,0.027072,A,A,0.039332,A,A,0.046507,A,A,0.050416,A,A,0,A,,,,,,,,,,,,,,
2004-04-13,14141.54,15362.50,11878.91,0.019420,A,A,0.026981,A,A,0.039187,A,A,0.046333,A,A,0.050539,A,A,0,A,,,,,,,,,,,,,,
2004-04-14,14117.09,15291.07,11839.07,0.016543,A,A,0.024533,A,A,0.036506,A,A,0.043666,A,A,0.048179,A,A,0,A,,,,,,,,,,,,,,
2004-04-15,14158.47,15307.70,11856.82,0.018508,A,A,0.026864,A,A,0.038659,A,A,0.045902,A,A,0.050760,A,A,0,A,,,,,,,,,,,,,,
2004-04-16,14037.46,15302.21,11833.07,0.009099,A,A,0.017456,A,A,0.029046,A,A,0.036259,A,A,0.041341,A,A,0,A,,,,,,,,,,,,,,
2004-04-19,13921.50,15309.28,11808.37,0.000230,A,A,0.008631,A,A,0.019862,A,A,0.027048,A,A,0.032429,A,A,0,A,,,,,,,,,,,,,,
2004-04-20,13927.11,15310.39,11791.29,0.000181,A,A,0.008496,A,A,0.019595,A,A,0.026797,A,A,0.032495,A,A,0,A,,,,,,,,,,,,,,
2004-04-21,13944.14,15308.55,11787.84,0.001043,A,A,0.009168,A,A,0.020072,A,A,0.027327,A,A,0.033434,A,A,0,A,,,,,,,,,,,,,,
2004-04-22,13939.11,15325.32,11796.98,0.000239,A,A,0.008301,A,A,0.018999,A,A,0.026166,A,A,0.032736,A,A,0,A,,,,,,,,,,,,,,
2004-04-23,13972.71,15345.95,11815.04,0.002381,A,A,0.010257,A,A,0.020728,A,A,0.027786,A,A,0.034771,A,A,0,A,,,,,,,,,,,,,,
2004-04-26,13983.02,15317.24,11806.40,0.003099,A,A,0.010615,A,A,0.020769,A,A,0.027685,A,A,0.035039,A,A,0,A,,,,,,,,,,,,,,
2004-04-27,14003.30,15328.22,11827.09,0.004347,A,A,0.011673,A,A,0.021479,A,A,0.028345,A,A,0.036035,A,A,0,A,,,,,,,,,,,,,,
2004-04-28,14084.03,15367.58,11861.75,0.009763,A,A,0.016959,A,A,0.026517,A,A,0.033448,A,A,0.041453,A,A,0,A,,,,,,,,,,,,,,
2004-04-29,14072.95,15395.26,11868.63,0.008690,A,A,0.015715,A,A,0.024892,A,A,0.031838,A,A,0.040112,A,A,0,A,,,,,,,,,,,,,,
2004-04-30,13952.15,15348.11,11840.84,-0.000255,A,A,0.006669,A,A,0.015407,A,A,0.022290,A,A,0.030694,A,A,0,A,,,,,,,,,,,,,,
2004-05-03,13783.21,15360.52,11817.79,-0.012208,A,A,-0.005897,A,A,0.002618,A,A,0.009384,A,A,0.017843,A,A,0,A,,,,,,,,,,,,,,
2004-05-04,13695.90,15377.08,11806.88,-0.018206,A,A,-0.012657,A,A,-0.004143,A,A,0.002602,A,A,0.011052,A,A,0,A,,,,,,,,,,,,,,
2004-05-05,13702.69,15419.52,11826.67,-0.017448,A,A,-0.012447,A,A,-0.004063,A,A,0.002658,A,A,0.011226,A,A,0,A,,,,,,,,,,,,,,
2004-05-06,13828.42,15439.74,11872.04,-0.008143,A,A,-0.003767,A,A,0.004660,A,A,0.011355,A,A,0.020077,A,A,0,A,,,,,,,,,,,,,,
2004-05-07,13916.15,15453.54,11894.41,-0.001482,A,A,0.002073,A,A,0.010568,A,A,0.017236,A,A,0.026030,A,A,0,A,,,,,,,,,,,,,,
2004-05-10,13788.83,15468.62,11881.18,-0.010141,A,A,-0.007412,A,A,0.000955,A,A,0.007445,A,A,0.016135,A,A,0,A,,,,,,,,,,,,,,
2004-05-11,13630.91,15475.66,11865.23,-0.020905,fuera,A,-0.018998,A,A,-0.010758,A,A,-0.004453,A,A,0.004081,A,A,0,A,,,,,,,,,,,,,,
2004-05-12,13290.95,15442.19,11783.85,-0.044226,fuera,A,-0.043201,fuera,A,-0.035391,fuera,A,-0.029469,fuera,A,-0.021159,fuera,A,0,A,,,,,,,,,,,,,,
2004-05-13,13415.68,15478.96,11822.12,-0.034379,fuera,A,-0.034021,fuera,A,-0.026407,fuera,A,-0.020584,fuera,A,-0.012242,fuera,A,0,A,,,,,,,,,,,,,,
2004-05-14,13427.25,15475.30,11817.84,-0.032586,fuera,A,-0.033013,fuera,A,-0.025569,fuera,A,-0.019965,fuera,A,-0.011613,fuera,A,0,A,,,,,,,,,,,,,,
2004-05-17,13329.01,15488.16,11801.90,-0.038786,fuera,fuera,-0.039748,fuera,A,-0.032624,fuera,A,-0.027275,fuera,A,-0.018992,fuera,A,1,A,,,,,,,,,,,,,,
2004-05-18,13342.20,15539.44,11828.54,-0.037200,fuera,fuera,-0.038390,fuera,fuera,-0.031624,fuera,fuera,-0.026493,fuera,fuera,-0.018206,fuera,fuera,5,E,,,,,,,,,,,,,,
2004-05-19,13147.14,15545.70,11795.44,-0.050285,fuera,fuera,-0.051900,fuera,fuera,-0.045535,fuera,fuera,-0.040783,fuera,fuera,-0.032640,fuera,fuera,5,E,,,,,,,,,,,,,,
2004-05-20,13261.31,15545.08,11815.65,-0.041332,fuera,fuera,-0.043081,fuera,fuera,-0.037031,fuera,fuera,-0.032570,fuera,fuera,-0.024423,fuera,fuera,5,E,,,,,,,,,,,,,,
2004-05-24,13489.68,15597.96,11885.82,-0.024373,fuera,fuera,-0.026075,fuera,fuera,-0.020375,fuera,fuera,-0.016165,fuera,fuera,-0.007998,fuera,fuera,5,E,,,,,,,,,,,,,,
2004-05-25,13416.10,15573.27,11853.19,-0.029096,fuera,fuera,-0.030886,fuera,fuera,-0.025661,fuera,fuera,-0.021696,fuera,fuera,-0.013771,fuera,fuera,5,E,,,,,,,,,,,,,,
2004-05-26,13472.71,15573.58,11860.17,-0.024382,fuera,fuera,-0.026381,fuera,fuera,-0.021486,fuera,fuera,-0.017764,fuera,fuera,-0.010004,fuera,fuera,5,E,,,,,,,,,,,,,,
2004-05-27,13558.52,15601.50,11890.83,-0.017805,fuera,fuera,-0.019802,fuera,fuera,-0.015338,fuera,fuera,-0.011762,fuera,fuera,-0.004110,fuera,fuera,5,E,,,,,,,,,,,,,,
2004-05-28,13615.46,15592.65,11911.02,-0.013547,fuera,fuera,-0.015512,fuera,fuera,-0.011332,fuera,fuera,-0.007817,fuera,fuera,-0.000320,fuera,fuera,5,E,,,,,,,,,,,,,,
2004-05-31,13680.46,15592.07,11930.81,-0.008802,fuera,fuera,-0.010588,fuera,fuera,-0.006759,fuera,fuera,-0.003312,fuera,fuera,0.004035,fuera,fuera,5,E,,,,,,,,,,,,,,
2004-06-01,13759.44,15635.29,11959.89,-0.003236,fuera,fuera,-0.004762,fuera,fuera,-0.001187,fuera,fuera,0.002146,fuera,fuera,0.009376,fuera,fuera,5,E,,,,,,,,,,,,,,
2004-06-02,13796.75,15658.34,11972.99,-0.000541,fuera,fuera,-0.001974,fuera,fuera,0.001397,fuera,fuera,0.004530,fuera,fuera,0.011664,fuera,fuera,5,E,,,,,,,,,,,,,,
2004-06-03,13697.42,15658.66,11949.51,-0.007491,fuera,fuera,-0.008807,fuera,fuera,-0.005853,fuera,fuera,-0.002948,fuera,fuera,0.004055,fuera,fuera,5,E,,,,,,,,,,,,,,
2004-06-04,13705.62,15659.04,11946.65,-0.006449,fuera,fuera,-0.007718,fuera,fuera,-0.005336,fuera,fuera,-0.002612,fuera,fuera,0.004286,fuera,fuera,5,E,,,,,,,,,,,,,,
2004-06-08,13646.33,15669.73,11948.20,-0.010277,fuera,fuera,-0.011513,fuera,fuera,-0.009608,fuera,fuera,-0.007079,fuera,fuera,-0.000367,fuera,fuera,5,E,,,,,,,,,,,,,,
2004-06-09,13773.93,15649.00,11949.65,-0.000686,fuera,fuera,-0.002017,fuera,fuera,-0.000436,fuera,fuera,0.001963,fuera,fuera,0.008620,fuera,fuera,5,E,,,,,,,,,,,,,,
2004-06-10,13848.06,15667.80,11971.54,0.005072,fuera,fuera,0.003538,fuera,fuera,0.004619,fuera,fuera,0.007040,fuera,fuera,0.013607,fuera,fuera,5,E,,,,,,,,,,,,,,
2004-06-11,13838.58,15685.19,11984.82,0.004878,fuera,fuera,0.003017,fuera,fuera,0.003480,fuera,fuera,0.006092,fuera,fuera,0.012485,fuera,fuera,5,E,,,,,,,,,,,,,,
2004-06-14,13795.93,15633.46,11960.10,0.002451,fuera,fuera,0.000211,fuera,fuera,0.000109,fuera,fuera,0.002813,fuera,fuera,0.008907,fuera,fuera,5,E,,,,,,,,,,,,,,
2004-06-15,13765.45,15571.46,11935.28,0.001032,fuera,fuera,-0.001847,fuera,fuera,-0.002323,fuera,fuera,0.000470,fuera,fuera,0.006282,fuera,fuera,5,E,,,,,,,,,,,,,,
2004-06-16,13695.21,15598.98,11935.30,-0.003372,fuera,fuera,-0.006874,fuera,fuera,-0.007578,fuera,fuera,-0.004777,fuera,fuera,0.000799,fuera,fuera,5,E,,,,,,,,,,,,,,
2004-06-17,13742.89,15648.29,11955.86,0.000742,fuera,fuera,-0.003355,fuera,fuera,-0.004313,fuera,fuera,-0.001443,fuera,fuera,0.003923,fuera,fuera,5,E,,,,,,,,,,,,,,
2004-06-18,13776.58,15639.72,11963.45,0.003749,fuera,fuera,-0.000976,fuera,fuera,-0.002148,fuera,fuera,0.000781,fuera,fuera,0.005974,fuera,fuera,5,E,,,,,,,,,,,,,,
2004-06-21,13831.95,15617.48,11980.12,0.008316,fuera,fuera,0.002976,fuera,fuera,0.001624,fuera,fuera,0.004540,fuera,fuera,0.009567,fuera,fuera,5,E,,,,,,,,,,,,,,
2004-06-22,13856.34,15646.70,11994.22,0.010391,fuera,fuera,0.004681,fuera,fuera,0.003184,fuera,fuera,0.006061,fuera,fuera,0.010897,fuera,fuera,5,E,,,,,,,,,,,,,,
2004-06-23,13792.31,15605.61,11969.09,0.005932,fuera,fuera,0.000121,fuera,fuera,-0.001616,fuera,fuera,0.001250,fuera,fuera,0.005832,fuera,fuera,5,E,,,,,,,,,,,,,,
2004-06-24,13801.39,15624.23,11968.22,0.006799,fuera,fuera,0.000765,fuera,fuera,-0.001085,fuera,fuera,0.001799,fuera,fuera,0.006129,fuera,fuera,5,E,,,,,,,,,,,,,,
2004-06-25,13834.82,15598.29,11972.37,0.009417,fuera,fuera,0.003035,fuera,fuera,0.001240,fuera,fuera,0.004095,fuera,fuera,0.008187,fuera,fuera,5,E,,,,,,,,,,,,,,
2004-06-29,13940.26,15635.06,12004.07,0.017108,fuera,fuera,0.010408,fuera,fuera,0.008645,fuera,fuera,0.011516,fuera,fuera,0.015429,fuera,fuera,5,E,,,,,,,,,,,,,,
2004-06-30,13962.17,15594.67,11988.94,0.018724,fuera,fuera,0.011652,fuera,fuera,0.010102,fuera,fuera,0.012912,fuera,fuera,0.016646,fuera,fuera,5,E,,,,,,,,,,,,,,
2004-07-01,13957.08,15598.75,11996.84,0.018396,fuera,fuera,0.011094,fuera,fuera,0.009744,fuera,fuera,0.012337,fuera,fuera,0.015916,fuera,fuera,5,E,,,,,,,,,,,,,,
2004-07-02,13966.68,15602.88,12001.29,0.019157,fuera,fuera,0.011657,fuera,fuera,0.010363,fuera,fuera,0.012670,fuera,fuera,0.016244,fuera,fuera,5,E,,,,,,,,,,,,,,
2004-07-05,13965.43,15621.37,12016.20,0.019262,fuera,fuera,0.011589,fuera,fuera,0.010181,fuera,fuera,0.012101,fuera,fuera,0.015773,fuera,fuera,5,E,,,,,,,,,,,,,,
2004-07-06,13949.67,15654.12,12021.55,0.018315,fuera,fuera,0.010438,fuera,fuera,0.009000,fuera,fuera,0.010611,fuera,fuera,0.014271,fuera,fuera,5,E,,,,,,,,,,,,,,
2004-07-07,13961.37,15690.90,12040.05,0.019154,fuera,fuera,0.011310,fuera,fuera,0.009693,fuera,fuera,0.011129,fuera,fuera,0.014751,fuera,fuera,5,E,,,,,,,,,,,,,,
2004-07-08,13928.82,15685.12,12036.49,0.016538,fuera,fuera,0.009128,fuera,fuera,0.007299,fuera,fuera,0.008466,fuera,fuera,0.012091,fuera,fuera,5,E,,,,,,,,,,,,,,
2004-07-09,13941.54,15695.69,12049.30,0.017061,fuera,fuera,0.010280,fuera,fuera,0.008154,fuera,fuera,0.009084,fuera,fuera,0.012713,fuera,fuera,5,E,,,,,,,,,,,,,,
2004-07-12,13969.41,15728.90,12069.98,0.018653,fuera,fuera,0.012576,fuera,fuera,0.010094,fuera,fuera,0.010727,fuera,fuera,0.014402,fuera,fuera,5,E,,,,,,,,,,,,,,
2004-07-13,13944.36,15724.41,12067.98,0.016636,fuera,fuera,0.011119,fuera,fuera,0.008337,fuera,fuera,0.008631,fuera,fuera,0.012305,fuera,fuera,5,E,,,,,,,,,,,,,,
2004-07-14,13979.84,15718.13,12073.76,0.019117,fuera,fuera,0.013867,fuera,fuera,0.011039,fuera,fuera,0.010933,fuera,fuera,0.014623,fuera,fuera,5,E,,,,,,,,,,,,,,
2004-07-15,13944.22,15702.17,12069.80,0.016265,fuera,fuera,0.011510,fuera,fuera,0.008582,fuera,fuera,0.008110,fuera,fuera,0.011826,fuera,fuera,5,E,,,,,,,,,,,,,,
2004-07-16,13894.43,15718.01,12070.43,0.012204,fuera,fuera,0.008152,fuera,fuera,0.005064,fuera,fuera,0.004337,fuera,fuera,0.007978,fuera,fuera,5,E,,,,,,,,,,,,,,
2004-07-19,13841.26,15697.74,12054.37,0.007433,fuera,fuera,0.004656,fuera,fuera,0.001354,fuera,fuera,0.000409,fuera,fuera,0.003955,fuera,fuera,5,E,,,,,,,,,,,,,,
2004-07-20,13928.09,15710.05,12078.29,0.012914,fuera,fuera,0.011084,fuera,fuera,0.007681,fuera,fuera,0.006500,fuera,fuera,0.009977,fuera,fuera,5,E,,,,,,,,,,,,,,
2004-07-21,13915.53,15711.70,12073.25,0.011202,fuera,fuera,0.010179,fuera,fuera,0.006880,fuera,fuera,0.005516,fuera,fuera,0.008797,fuera,fuera,5,E,,,,,,,,,,,,,,
2004-07-22,13959.68,15733.77,12090.66,0.013378,fuera,fuera,0.013346,fuera,fuera,0.010025,fuera,fuera,0.008713,fuera,fuera,0.011729,fuera,fuera,5,E,,,,,,,,,,,,,,
2004-07-23,13878.22,15750.10,12091.32,0.006595,fuera,fuera,0.007508,fuera,fuera,0.004031,fuera,fuera,0.002824,fuera,fuera,0.005640,fuera,fuera,5,E,,,,,,,,,,,,,,
2004-07-26,13855.57,15753.41,12085.42,0.003806,fuera,fuera,0.005959,fuera,fuera,0.002346,fuera,fuera,0.001184,fuera,fuera,0.003876,fuera,fuera,5,E,,,,,,,,,,,,,,
2004-07-27,13870.62,15825.61,12116.54,0.003911,fuera,fuera,0.007169,fuera,fuera,0.003313,fuera,fuera,0.002292,fuera,fuera,0.004837,fuera,fuera,5,E,,,,,,,,,,,,,,
2004-07-28,13833.98,15818.45,12118.60,0.000705,fuera,fuera,0.004678,fuera,fuera,0.000617,fuera,fuera,-0.000398,fuera,fuera,0.002053,fuera,fuera,5,E,,,,,,,,,,,,,,
2004-07-29,13805.64,15803.93,12112.04,-0.001970,fuera,fuera,0.002845,fuera,fuera,-0.001438,fuera,fuera,-0.002395,fuera,fuera,-0.000069,fuera,fuera,5,E,,,,,,,,,,,,,,
2004-07-30,13778.28,15832.08,12118.98,-0.004437,fuera,fuera,0.001205,fuera,fuera,-0.003347,fuera,fuera,-0.004315,fuera,fuera,-0.002117,fuera,fuera,5,E,,,,,,,,,,,,,,
2004-08-02,13886.77,15876.20,12157.29,0.002874,fuera,fuera,0.009302,fuera,fuera,0.004422,fuera,fuera,0.003518,fuera,fuera,0.005486,fuera,fuera,5,E,,,,,,,,,,,,,,
2004-08-03,13936.80,15874.35,12167.94,0.005968,fuera,fuera,0.012955,fuera,fuera,0.007848,fuera,fuera,0.007185,fuera,fuera,0.008728,fuera,fuera,5,E,,,,,,,,,,,,,,
2004-08-04,13895.02,15888.01,12164.41,0.002607,fuera,fuera,0.009791,fuera,fuera,0.004671,fuera,fuera,0.004340,fuera,fuera,0.005448,fuera,fuera,5,E,,,,,,,,,,,,,,
2004-08-05,13910.69,15890.02,12166.97,0.003495,fuera,fuera,0.010683,fuera,fuera,0.005603,fuera,fuera,0.005597,fuera,fuera,0.006338,fuera,fuera,5,E,,,,,,,,,,,,,,
2004-08-06,13864.89,15886.57,12160.51,0.000082,fuera,fuera,0.007170,fuera,fuera,0.002234,fuera,fuera,0.002378,fuera,fuera,0.002809,fuera,fuera,5,E,,,,,,,,,,,,,,
2004-08-09,13834.70,15913.63,12176.63,-0.002316,fuera,fuera,0.004970,fuera,fuera,0.000065,fuera,fuera,0.000317,fuera,fuera,0.000436,fuera,fuera,5,E,,,,,,,,,,,,,,
2004-08-10,13787.40,15933.34,12178.61,-0.005857,fuera,fuera,0.001680,fuera,fuera,-0.003196,fuera,fuera,-0.002968,fuera,fuera,-0.003187,fuera,fuera,5,E,,,,,,,,,,,,,,
2004-08-11,13775.07,15921.34,12174.35,-0.006951,fuera,fuera,0.000800,fuera,fuera,-0.003954,fuera,fuera,-0.003672,fuera,fuera,-0.004215,fuera,fuera,5,E,,,,,,,,,,,,,,
2004-08-12,13866.92,15948.93,12201.73,-0.000478,fuera,fuera,0.007203,fuera,fuera,0.002780,fuera,fuera,0.002993,fuera,fuera,0.002272,fuera,fuera,5,E,,,,,,,,,,,,,,
2004-08-13,13862.34,15921.09,12202.23,-0.000831,fuera,fuera,0.006218,fuera,fuera,0.002627,fuera,fuera,0.002587,fuera,fuera,0.001783,fuera,fuera,5,E,,,,,,,,,,,,,,
2004-08-16,13832.33,15916.65,12208.70,-0.002984,fuera,fuera,0.003565,fuera,fuera,0.000706,fuera,fuera,0.000393,fuera,fuera,-0.000494,fuera,fuera,5,E,,,,,,,,,,,,,,
2004-08-17,13807.10,15946.02,12212.11,-0.004821,fuera,fuera,0.001304,fuera,fuera,-0.000795,fuera,fuera,-0.001492,fuera,fuera,-0.002368,fuera,fuera,5,E,,,,,,,,,,,,,,
2004-08-18,13859.66,15951.49,12228.70,-0.001183,fuera,fuera,0.004512,fuera,fuera,0.003330,fuera,fuera,0.002252,fuera,fuera,0.001316,fuera,fuera,5,E,,,,,,,,,,,,,,
2004-08-19,13972.51,15999.18,12269.68,0.006503,fuera,fuera,0.011968,fuera,fuera,0.011629,fuera,fuera,0.010293,fuera,fuera,0.009372,fuera,fuera,5,E,,,,,,,,,,,,,,
2004-08-20,14000.92,15991.06,12277.17,0.008133,fuera,fuera,0.013047,fuera,fuera,0.013800,fuera,fuera,0.012252,fuera,fuera,0.011406,fuera,fuera,5,E,,,,,,,,,,,,,,
2004-08-23,14077.29,16041.67,12304.52,0.013144,fuera,fuera,0.017634,fuera,fuera,0.019363,fuera,fuera,0.017572,fuera,fuera,0.016805,fuera,fuera,5,E,,,,,,,,,,,,,,
2004-08-24,14055.36,16029.16,12300.57,0.011205,fuera,fuera,0.015400,fuera,fuera,0.017859,fuera,fuera,0.015737,fuera,fuera,0.015102,fuera,fuera,5,E,,,,,,,,,,,,,,
2004-08-25,14010.81,16000.50,12276.84,0.007751,fuera,fuera,0.011503,fuera,fuera,0.014655,fuera,fuera,0.012303,fuera,fuera,0.011820,fuera,fuera,5,E,,,,,,,,,,,,,,
2004-08-26,14091.12,16024.23,12304.63,0.013043,fuera,fuera,0.016591,fuera,fuera,0.020332,A,fuera,0.017805,fuera,fuera,0.017434,fuera,fuera,5,E,,,,,,,,,,,,,,
2004-08-27,14164.88,15995.76,12311.83,0.017755,fuera,fuera,0.021215,A,fuera,0.025476,A,fuera,0.022871,A,fuera,0.022593,A,fuera,5,E,,,,,,,,,,,,,,
2004-08-30,14147.05,15982.51,12302.20,0.015968,fuera,fuera,0.019319,A,fuera,0.024018,A,fuera,0.021375,A,fuera,0.021138,A,fuera,5,E,,,,,,,,,,,,,,
2004-08-31,14254.22,16007.20,12340.58,0.023151,A,fuera,0.026378,A,fuera,0.031514,A,fuera,0.028922,A,fuera,0.028651,A,fuera,5,E,,,,,,,,,,,,,,
2004-09-01,14185.19,15998.12,12329.18,0.017834,A,fuera,0.020918,A,fuera,0.026344,A,A,0.023768,A,fuera,0.023568,A,fuera,4,E,,,,,,,,,,,,,,
2004-09-02,14265.48,15989.27,12338.86,0.023092,A,fuera,0.026156,A,A,0.031919,A,A,0.029362,A,A,0.029292,A,A,1,A,,,,,,,,,,,,,,
2004-09-03,14288.05,15987.32,12337.17,0.024186,A,fuera,0.027097,A,A,0.033315,A,A,0.030846,A,A,0.030804,A,A,1,A,,,,,,,,,,,,,,
2004-09-06,14291.35,16001.31,12343.22,0.023891,A,A,0.026659,A,A,0.033381,A,A,0.030979,A,A,0.030869,A,A,0,A,,,,,,,,,,,,,,
2004-09-07,14266.86,15957.30,12319.58,0.021621,A,A,0.024187,A,A,0.031450,A,A,0.029172,A,A,0.028951,A,A,0,A,,,,,,,,,,,,,,
2004-09-08,14294.32,15946.11,12317.68,0.023045,A,A,0.025559,A,A,0.033151,A,A,0.031127,A,A,0.030749,A,A,0,A,,,,,,,,,,,,,,
2004-09-09,14278.68,15953.12,12311.17,0.021358,A,A,0.023943,A,A,0.031610,A,A,0.029895,A,A,0.029485,A,A,0,A,,,,,,,,,,,,,,
2004-09-10,14237.56,15952.57,12301.63,0.017937,A,A,0.020538,A,A,0.028192,A,A,0.026861,A,A,0.026322,A,A,0,A,,,,,,,,,,,,,,
2004-09-13,14271.67,15984.75,12317.33,0.019886,A,A,0.022438,A,A,0.030185,A,A,0.029212,A,A,0.028476,A,A,0,A,,,,,,,,,,,,,,
2004-09-14,14289.98,15938.23,12303.60,0.020635,A,A,0.023149,A,A,0.031125,A,A,0.030440,A,A,0.029506,A,A,0,A,,,,,,,,,,,,,,
2004-09-15,14369.19,15943.94,12314.85,0.025658,A,A,0.028045,A,A,0.036464,A,A,0.035915,A,A,0.034828,A,A,0,A,,,,,,,,,,,,,,
2004-09-16,14413.37,15950.39,12334.54,0.028047,A,A,0.030434,A,A,0.039131,A,A,0.038750,A,A,0.037632,A,A,0,A,,,,,,,,,,,,,,
2004-09-20,14361.34,15944.37,12336.75,0.023578,A,A,0.026044,A,A,0.034774,A,A,0.034691,A,A,0.033555,A,A,0,A,,,,,,,,,,,,,,
2004-09-21,14432.52,15930.89,12341.43,0.027689,A,A,0.030438,A,A,0.038954,A,A,0.039471,A,A,0.038341,A,A,0,A,,,,,,,,,,,,,,
2004-09-22,14515.30,15963.78,12370.55,0.032624,A,A,0.035587,A,A,0.043994,A,A,0.045020,A,A,0.043864,A,A,0,A,,,,,,,,,,,,,,
2004-09-23,14543.40,15969.49,12386.90,0.033597,A,A,0.036724,A,A,0.045083,A,A,0.046634,A,A,0.045381,A,A,0,A,,,,,,,,,,,,,,
2004-09-24,14475.11,15976.63,12379.30,0.027907,A,A,0.031082,A,A,0.039225,A,A,0.041368,A,A,0.040014,A,A,0,A,,,,,,,,,,,,,,
2004-09-27,14469.53,15972.89,12389.23,0.026553,A,A,0.029957,A,A,0.037891,A,A,0.040634,A,A,0.039134,A,A,0,A,,,,,,,,,,,,,,
2004-09-28,14466.23,15958.30,12388.17,0.025331,A,A,0.029120,A,A,0.036565,A,A,0.040125,A,A,0.038498,A,A,0,A,,,,,,,,,,,,,,
2004-09-29,14354.64,15971.00,12362.37,0.016647,A,A,0.020737,A,A,0.027674,A,A,0.031902,A,A,0.030192,A,A,0,A,,,,,,,,,,,,,,
2004-09-30,14457.72,15973.83,12379.73,0.022943,A,A,0.027495,A,A,0.034257,A,A,0.038953,A,A,0.037311,A,A,0,A,,,,,,,,,,,,,,
2004-10-01,14553.96,15993.49,12411.65,0.028543,A,A,0.033660,A,A,0.040201,A,A,0.045317,A,A,0.043852,A,A,0,A,,,,,,,,,,,,,,
2004-10-04,14568.38,16003.21,12417.95,0.028286,A,A,0.033993,A,A,0.040327,A,A,0.045729,A,A,0.044538,A,A,0,A,,,,,,,,,,,,,,
2004-10-05,14681.48,15972.50,12439.12,0.034979,A,A,0.041175,A,A,0.047470,A,A,0.053143,A,A,0.052288,A,A,0,A,,,,,,,,,,,,,,
2004-10-06,14762.31,15955.02,12445.16,0.039333,A,A,0.045979,A,A,0.052280,A,A,0.058266,A,A,0.057709,A,A,0,A,,,,,,,,,,,,,,
2004-10-07,14778.71,15977.21,12447.41,0.039051,A,A,0.046157,A,A,0.052534,A,A,0.058818,A,A,0.058542,A,A,0,A,,,,,,,,,,,,,,
2004-10-08,14819.03,15972.81,12449.54,0.040409,A,A,0.047994,A,A,0.054521,A,A,0.060961,A,A,0.061091,A,A,0,A,,,,,,,,,,,,,,
2004-10-12,14686.96,15969.24,12424.43,0.029816,A,A,0.037831,A,A,0.044388,A,A,0.050748,A,A,0.051303,A,A,0,A,,,,,,,,,,,,,,
2004-10-13,14689.38,15993.42,12424.32,0.028616,A,A,0.037149,A,A,0.043742,A,A,0.049921,A,A,0.051149,A,A,0,A,,,,,,,,,,,,,,
2004-10-14,14691.65,16039.10,12451.12,0.027329,A,A,0.036495,A,A,0.043091,A,A,0.049172,A,A,0.050969,A,A,0,A,,,,,,,,,,,,,,
2004-10-15,14660.83,16071.23,12454.21,0.023765,A,A,0.033504,A,A,0.040071,A,A,0.046094,A,A,0.048465,A,A,0,A,,,,,,,,,,,,,,
2004-10-18,14611.20,16062.39,12456.06,0.019122,A,A,0.029193,A,A,0.035866,A,A,0.041645,A,A,0.044576,A,A,0,A,,,,,,,,,,,,,,
2004-10-19,14599.69,16057.93,12454.48,0.017157,A,A,0.027525,A,A,0.034438,A,A,0.039936,A,A,0.043351,A,A,0,A,,,,,,,,,,,,,,
2004-10-20,14682.12,16090.45,12487.54,0.021556,A,A,0.032470,A,A,0.039588,A,A,0.044720,A,A,0.048793,A,A,0,A,,,,,,,,,,,,,,
2004-10-21,14773.98,16113.77,12511.57,0.026413,A,A,0.037951,A,A,0.045288,A,A,0.050180,A,A,0.054859,A,A,0,A,,,,,,,,,,,,,,
2004-10-22,14625.43,16081.71,12474.72,0.014893,A,A,0.026764,A,A,0.034078,A,A,0.038822,A,A,0.043846,A,A,0,A,,,,,,,,,,,,,,
2004-10-25,14672.89,16080.37,12492.20,0.017087,A,A,0.029199,A,A,0.036638,A,A,0.041307,A,A,0.046818,A,A,0,A,,,,,,,,,,,,,,
2004-10-26,14794.17,16146.77,12540.69,0.024243,A,A,0.036639,A,A,0.044344,A,A,0.048977,A,A,0.054986,A,A,0,A,,,,,,,,,,,,,,
2004-10-27,14697.46,16139.10,12515.27,0.016577,A,A,0.028931,A,A,0.036769,A,A,0.041319,A,A,0.047678,A,A,0,A,,,,,,,,,,,,,,
2004-10-28,14709.61,16118.68,12508.18,0.016395,A,A,0.028796,A,A,0.036912,A,A,0.041411,A,A,0.048173,A,A,0,A,,,,,,,,,,,,,,
2004-10-29,14897.58,16153.33,12562.18,0.027984,A,A,0.040701,A,A,0.049307,A,A,0.053854,A,A,0.061073,A,A,0,A,,,,,,,,,,,,,,
2004-11-02,14923.50,16140.64,12572.80,0.028460,A,A,0.041210,A,A,0.050203,A,A,0.054861,A,A,0.062336,A,A,0,A,,,,,,,,,,,,,,
2004-11-03,14883.10,16128.26,12553.91,0.024549,A,A,0.037265,A,A,0.046475,A,A,0.051236,A,A,0.058802,A,A,0,A,,,,,,,,,,,,,,
2004-11-04,14954.17,16138.60,12567.19,0.028172,A,A,0.041065,A,A,0.050553,A,A,0.055364,A,A,0.063103,A,A,0,A,,,,,,,,,,,,,,
2004-11-05,15002.93,16132.98,12557.82,0.030346,A,A,0.043202,A,A,0.053105,A,A,0.057883,A,A,0.065787,A,A,0,A,,,,,,,,,,,,,,
2004-11-08,15097.18,16153.88,12577.05,0.035377,A,A,0.048404,A,A,0.058784,A,A,0.063492,A,A,0.071716,A,A,0,A,,,,,,,,,,,,,,
2004-11-09,15109.83,16157.89,12575.23,0.034913,A,A,0.047867,A,A,0.058720,A,A,0.063430,A,A,0.071893,A,A,0,A,,,,,,,,,,,,,,
2004-11-10,15130.90,16167.38,12580.59,0.035028,A,A,0.047857,A,A,0.059236,A,A,0.063998,A,A,0.072577,A,A,0,A,,,,,,,,,,,,,,
2004-11-11,15062.98,16127.99,12553.06,0.029175,A,A,0.041715,A,A,0.053582,A,A,0.058354,A,A,0.066903,A,A,0,A,,,,,,,,,,,,,,
2004-11-12,15092.60,16121.67,12558.67,0.029908,A,A,0.042280,A,A,0.054717,A,A,0.059516,A,A,0.067919,A,A,0,A,,,,,,,,,,,,,,
2004-11-15,15091.84,16111.61,12553.66,0.028612,A,A,0.040851,A,A,0.053739,A,A,0.058524,A,A,0.066861,A,A,0,A,,,,,,,,,,,,,,
2004-11-16,15107.36,16098.78,12537.79,0.028379,A,A,0.040526,A,A,0.053859,A,A,0.058614,A,A,0.066953,A,A,0,A,,,,,,,,,,,,,,
2004-11-17,15181.43,16126.24,12553.17,0.031947,A,A,0.044111,A,A,0.058009,A,A,0.062784,A,A,0.071072,A,A,0,A,,,,,,,,,,,,,,
2004-11-18,15136.07,16103.15,12537.72,0.027523,A,A,0.039507,A,A,0.053896,A,A,0.058649,A,A,0.066800,A,A,0,A,,,,,,,,,,,,,,
2004-11-22,15222.52,16126.42,12561.74,0.031940,A,A,0.043918,A,A,0.058868,A,A,0.063710,A,A,0.071649,A,A,0,A,,,,,,,,,,,,,,
2004-11-23,15255.68,16125.98,12578.28,0.032808,A,A,0.044755,A,A,0.060129,A,A,0.065036,A,A,0.072788,A,A,0,A,,,,,,,,,,,,,,
2004-11-24,15156.13,16082.98,12547.87,0.024923,A,A,0.036656,A,A,0.052227,A,A,0.057127,A,A,0.064797,A,A,0,A,,,,,,,,,,,,,,
2004-11-25,15214.78,16095.04,12562.61,0.027572,A,A,0.039404,A,A,0.055224,A,A,0.060223,A,A,0.067847,A,A,0,A,,,,,,,,,,,,,,
2004-11-26,15294.43,16126.98,12587.51,0.031617,A,A,0.043466,A,A,0.059561,A,A,0.064741,A,A,0.072349,A,A,0,A,,,,,,,,,,,,,,
2004-11-29,15299.21,16120.06,12582.09,0.030728,A,A,0.042360,A,A,0.058775,A,A,0.064115,A,A,0.071646,A,A,0,A,,,,,,,,,,,,,,
2004-11-30,15353.74,16133.17,12594.91,0.033148,A,A,0.044671,A,A,0.061375,A,A,0.066925,A,A,0.074427,A,A,0,A,,,,,,,,,,,,,,
2004-12-01,15370.19,16123.48,12590.70,0.032873,A,A,0.044452,A,A,0.061362,A,A,0.067070,A,A,0.074570,A,A,0,A,,,,,,,,,,,,,,
2004-12-02,15346.85,16104.02,12586.32,0.029955,A,A,0.041539,A,A,0.058558,A,A,0.064478,A,A,0.071994,A,A,0,A,,,,,,,,,,,,,,
2004-12-03,15400.71,16049.86,12586.27,0.032131,A,A,0.043925,A,A,0.061016,A,A,0.067202,A,A,0.074801,A,A,0,A,,,,,,,,,,,,,,
2004-12-06,15469.63,16105.62,12611.03,0.035031,A,A,0.047172,A,A,0.064462,A,A,0.070904,A,A,0.078552,A,A,0,A,,,,,,,,,,,,,,
2004-12-07,15450.31,16107.57,12602.09,0.032215,A,A,0.044556,A,A,0.061820,A,A,0.068517,A,A,0.076166,A,A,0,A,,,,,,,,,,,,,,
2004-12-09,15456.09,16120.33,12607.79,0.031220,A,A,0.043659,A,A,0.060880,A,A,0.067843,A,A,0.075493,A,A,0,A,,,,,,,,,,,,,,
2004-12-10,15448.73,16151.47,12621.70,0.029386,A,A,0.041889,A,A,0.059026,A,A,0.066277,A,A,0.073987,A,A,0,A,,,,,,,,,,,,,,
2004-12-13,15341.05,16143.57,12609.32,0.021213,A,A,0.033457,A,A,0.050481,A,A,0.057891,A,A,0.065623,A,A,0,A,,,,,,,,,,,,,,
2004-12-14,15219.42,16112.07,12573.12,0.012432,A,A,0.024266,A,A,0.041136,A,A,0.048626,A,A,0.056371,A,A,0,A,,,,,,,,,,,,,,
2004-12-15,15175.96,16078.49,12534.85,0.008949,A,A,0.020379,A,A,0.037153,A,A,0.044811,A,A,0.052554,A,A,0,A,,,,,,,,,,,,,,
2004-12-16,15362.26,16107.82,12576.10,0.020515,A,A,0.031686,A,A,0.048729,A,A,0.056655,A,A,0.064539,A,A,0,A,,,,,,,,,,,,,,
2004-12-17,15361.06,16108.20,12569.63,0.019421,A,A,0.030427,A,A,0.047459,A,A,0.055558,A,A,0.063482,A,A,0,A,,,,,,,,,,,,,,
2004-12-20,15393.57,16110.87,12571.42,0.020519,A,A,0.031415,A,A,0.048437,A,A,0.056718,A,A,0.064767,A,A,0,A,,,,,,,,,,,,,,
2004-12-21,15244.80,16072.41,12514.11,0.009833,A,A,0.020512,A,A,0.037161,A,A,0.045606,A,A,0.053627,A,A,0,A,,,,,,,,,,,,,,
2004-12-22,15358.45,16080.81,12540.20,0.016318,A,A,0.027104,A,A,0.043644,A,A,0.052409,A,A,0.060594,A,A,0,A,,,,,,,,,,,,,,
2004-12-23,15425.24,16094.97,12564.27,0.019517,A,A,0.030425,A,A,0.046950,A,A,0.055976,A,A,0.064291,A,A,0,A,,,,,,,,,,,,,,
2004-12-24,15428.03,16083.95,12558.78,0.018462,A,A,0.029542,A,A,0.045905,A,A,0.055100,A,A,0.063531,A,A,0,A,,,,,,,,,,,,,,
2004-12-27,15418.28,16101.19,12555.37,0.016721,A,A,0.027923,A,A,0.043997,A,A,0.053362,A,A,0.061919,A,A,0,A,,,,,,,,,,,,,,
2004-12-28,15458.95,16093.51,12549.94,0.018380,A,A,0.029653,A,A,0.045451,A,A,0.055050,A,A,0.063776,A,A,0,A,,,,,,,,,,,,,,
2004-12-29,15435.54,16113.06,12539.67,0.015634,A,A,0.027067,A,A,0.042634,A,A,0.052357,A,A,0.061299,A,A,0,A,,,,,,,,,,,,,,
2004-12-30,15499.40,16119.43,12559.93,0.018605,A,A,0.030213,A,A,0.045749,A,A,0.055549,A,A,0.064796,A,A,0,A,,,,,,,,,,,,,,
2004-12-31,15503.63,16104.90,12551.85,0.017828,A,A,0.029385,A,A,0.044857,A,A,0.054657,A,A,0.064189,A,A,0,A,,,,,,,,,,,,,,
2005-01-03,15511.87,16094.43,12554.32,0.017161,A,A,0.028697,A,A,0.044291,A,A,0.054108,A,A,0.063860,A,A,0,A,,,,,,,,,,,,,,
2005-01-04,15581.23,16076.32,12559.44,0.020413,A,A,0.032095,A,A,0.047764,A,A,0.057696,A,A,0.067677,A,A,0,A,,,,,,,,,,,,,,
2005-01-05,15613.03,16078.64,12572.54,0.021432,A,A,0.033070,A,A,0.048647,A,A,0.058679,A,A,0.068890,A,A,0,A,,,,,,,,,,,,,,
2005-01-06,15460.23,16071.00,12538.50,0.010647,A,A,0.022017,A,A,0.037324,A,A,0.047270,A,A,0.057567,A,A,0,A,,,,,,,,,,,,,,
2005-01-07,15285.06,16050.80,12491.41,-0.001387,A,A,0.009807,A,A,0.024715,A,A,0.034456,A,A,0.044815,A,A,0,A,,,,,,,,,,,,,,
2005-01-10,15227.70,16043.17,12476.01,-0.005530,A,A,0.005535,A,A,0.020049,A,A,0.029649,A,A,0.040169,A,A,0,A,,,,,,,,,,,,,,
2005-01-11,15259.94,16046.89,12479.11,-0.003796,A,A,0.007164,A,A,0.021444,A,A,0.030852,A,A,0.041642,A,A,0,A,,,,,,,,,,,,,,
2005-01-12,15281.15,16046.21,12474.90,-0.002677,A,A,0.008083,A,A,0.022031,A,A,0.031285,A,A,0.042335,A,A,0,A,,,,,,,,,,,,,,
2005-01-13,15288.12,16066.37,12481.08,-0.002481,A,A,0.007918,A,A,0.021720,A,A,0.030814,A,A,0.042073,A,A,0,A,,,,,,,,,,,,,,
2005-01-14,15248.99,16046.23,12467.46,-0.005204,A,A,0.004759,A,A,0.018379,A,A,0.027261,A,A,0.038672,A,A,0,A,,,,,,,,,,,,,,
2005-01-17,15354.54,16065.78,12502.12,0.001259,A,A,0.011024,A,A,0.024619,A,A,0.033362,A,A,0.045037,A,A,0,A,,,,,,,,,,,,,,
2005-01-18,15431.49,16075.19,12531.09,0.005782,A,A,0.015286,A,A,0.028866,A,A,0.037461,A,A,0.049373,A,A,0,A,,,,,,,,,,,,,,
2005-01-19,15492.39,16093.33,12552.05,0.009166,A,A,0.018370,A,A,0.032010,A,A,0.040467,A,A,0.052625,A,A,0,A,,,,,,,,,,,,,,
2005-01-20,15426.97,16080.79,12543.06,0.004440,A,A,0.013209,A,A,0.026780,A,A,0.035111,A,A,0.047327,A,A,0,A,,,,,,,,,,,,,,
2005-01-21,15491.75,16112.11,12572.04,0.008205,A,A,0.016619,A,A,0.030136,A,A,0.038468,A,A,0.050857,A,A,0,A,,,,,,,,,,,,,,
2005-01-24,15367.00,16086.34,12536.85,-0.000247,A,A,0.007820,A,A,0.021014,A,A,0.029258,A,A,0.041560,A,A,0,A,,,,,,,,,,,,,,
2005-01-25,15345.53,16080.09,12534.27,-0.001822,A,A,0.005669,A,A,0.018794,A,A,0.026975,A,A,0.039272,A,A,0,A,,,,,,,,,,,,,,
2005-01-26,15471.92,16115.79,12573.46,0.006085,A,A,0.013124,A,A,0.026350,A,A,0.034470,A,A,0.046931,A,A,0,A,,,,,,,,,,,,,,
2005-01-27,15479.39,16153.79,12597.94,0.006101,A,A,0.012903,A,A,0.026039,A,A,0.034055,A,A,0.046511,A,A,0,A,,,,,,,,,,,,,,
2005-01-28,15585.75,16160.68,12623.61,0.012471,A,A,0.018937,A,A,0.032158,A,A,0.040220,A,A,0.052697,A,A,0,A,,,,,,,,,,,,,,
2005-01-31,15611.71,16157.41,12624.61,0.013693,A,A,0.019694,A,A,0.032981,A,A,0.040984,A,A,0.053415,A,A,0,A,,,,,,,,,,,,,,
2005-02-01,15606.00,16120.57,12614.98,0.012874,A,A,0.018585,A,A,0.031776,A,A,0.039710,A,A,0.052061,A,A,0,A,,,,,,,,,,,,,,
2005-02-02,15666.17,16160.16,12651.89,0.016322,A,A,0.021738,A,A,0.034901,A,A,0.042739,A,A,0.055141,A,A,0,A,,,,,,,,,,,,,,
2005-02-03,15691.25,16151.68,12648.73,0.017478,A,A,0.022532,A,A,0.035633,A,A,0.043465,A,A,0.055816,A,A,0,A,,,,,,,,,,,,,,
2005-02-04,15649.96,16134.47,12633.83,0.014357,A,A,0.019119,A,A,0.032014,A,A,0.039823,A,A,0.052061,A,A,0,A,,,,,,,,,,,,,,
2005-02-07,15677.32,16130.83,12634.84,0.015726,A,A,0.020201,A,A,0.032902,A,A,0.040728,A,A,0.052882,A,A,0,A,,,,,,,,,,,,,,
2005-02-08,15783.91,16130.15,12657.70,0.022169,A,A,0.026421,A,A,0.038838,A,A,0.046800,A,A,0.058940,A,A,0,A,,,,,,,,,,,,,,
2005-02-09,15867.27,16162.12,12685.30,0.026951,A,A,0.031048,A,A,0.043249,A,A,0.051284,A,A,0.063355,A,A,0,A,,,,,,,,,,,,,,
2005-02-10,15866.68,16178.70,12692.70,0.026307,A,A,0.030240,A,A,0.042211,A,A,0.050192,A,A,0.062134,A,A,0,A,,,,,,,,,,,,,,
2005-02-11,15767.40,16167.03,12666.00,0.019419,A,A,0.023062,A,A,0.034784,A,A,0.042616,A,A,0.054424,A,A,0,A,,,,,,,,,,,,,,
2005-02-14,15764.20,16160.32,12654.68,0.018592,A,A,0.022159,A,A,0.033758,A,A,0.041425,A,A,0.053147,A,A,0,A,,,,,,,,,,,,,,
2005-02-15,15830.53,16176.41,12673.91,0.021981,A,A,0.025692,A,A,0.037300,A,A,0.044795,A,A,0.056459,A,A,0,A,,,,,,,,,,,,,,
2005-02-16,15885.40,16188.84,12689.95,0.024481,A,A,0.028437,A,A,0.040057,A,A,0.047418,A,A,0.058955,A,A,0,A,,,,,,,,,,,,,,
2005-02-17,15950.77,16203.31,12709.82,0.027830,A,A,0.031866,A,A,0.043478,A,A,0.050714,A,A,0.062137,A,A,0,A,,,,,,,,,,,,,,
2005-02-18,15889.05,16182.56,12687.60,0.023079,A,A,0.027092,A,A,0.038533,A,A,0.045646,A,A,0.056957,A,A,0,A,,,,,,,,,,,,,,
2005-02-21,15917.38,16184.36,12691.43,0.024136,A,A,0.028201,A,A,0.039458,A,A,0.046536,A,A,0.057771,A,A,0,A,,,,,,,,,,,,,,
2005-02-22,15946.25,16178.87,12699.83,0.024966,A,A,0.029349,A,A,0.040396,A,A,0.047496,A,A,0.058646,A,A,0,A,,,,,,,,,,,,,,
2005-02-23,15948.49,16177.52,12701.32,0.024246,A,A,0.028671,A,A,0.039572,A,A,0.046723,A,A,0.057740,A,A,0,A,,,,,,,,,,,,,,
2005-02-24,16006.80,16205.56,12729.09,0.027139,A,A,0.031609,A,A,0.042319,A,A,0.049545,A,A,0.060493,A,A,0,A,,,,,,,,,,,,,,
2005-02-25,16031.65,16225.09,12750.68,0.027848,A,A,0.032444,A,A,0.042857,A,A,0.050150,A,A,0.061057,A,A,0,A,,,,,,,,,,,,,,
2005-02-28,16229.09,16215.73,12796.50,0.039306,A,A,0.044182,A,A,0.054521,A,A,0.061915,A,A,0.072961,A,A,0,A,,,,,,,,,,,,,,
2005-03-01,16207.42,16219.70,12801.80,0.036814,A,A,0.041894,A,A,0.052024,A,A,0.059274,A,A,0.070371,A,A,0,A,,,,,,,,,,,,,,
2005-03-02,16358.27,16245.28,12841.97,0.045094,A,A,0.050548,A,A,0.060491,A,A,0.067870,A,A,0.079143,A,A,0,A,,,,,,,,,,,,,,
2005-03-03,16474.50,16279.77,12880.33,0.051064,A,A,0.056817,A,A,0.066641,A,A,0.074175,A,A,0.085510,A,A,0,A,,,,,,,,,,,,,,
2005-03-04,16368.86,16271.75,12874.31,0.043045,A,A,0.049022,A,A,0.058603,A,A,0.066095,A,A,0.077364,A,A,0,A,,,,,,,,,,,,,,
2005-03-07,16429.77,16274.57,12882.35,0.045567,A,A,0.051915,A,A,0.061221,A,A,0.068903,A,A,0.080165,A,A,0,A,,,,,,,,,,,,,,
2005-03-08,16448.88,16271.38,12883.59,0.045500,A,A,0.052087,A,A,0.061130,A,A,0.069029,A,A,0.080205,A,A,0,A,,,,,,,,,,,,,,
2005-03-09,16526.00,16286.56,12900.51,0.049049,A,A,0.055891,A,A,0.064863,A,A,0.072881,A,A,0.083993,A,A,0,A,,,,,,,,,,,,,,
2005-03-10,16604.14,16304.69,12927.66,0.052312,A,A,0.059661,A,A,0.068612,A,A,0.076765,A,A,0.087811,A,A,0,A,,,,,,,,,,,,,,
2005-03-11,16506.17,16301.93,12912.78,0.044307,A,A,0.052186,A,A,0.061075,A,A,0.069211,A,A,0.080141,A,A,0,A,,,,,,,,,,,,,,
2005-03-14,16402.79,16296.85,12893.56,0.036054,A,A,0.044365,A,A,0.053340,A,A,0.061392,A,A,0.072170,A,A,0,A,,,,,,,,,,,,,,
2005-03-15,16439.65,16299.27,12884.45,0.036666,A,A,0.045398,A,A,0.054625,A,A,0.062633,A,A,0.073373,A,A,0,A,,,,,,,,,,,,,,
2005-03-16,16359.14,16292.63,12859.30,0.030033,A,A,0.039249,A,A,0.048518,A,A,0.056324,A,A,0.066972,A,A,0,A,,,,,,,,,,,,,,
2005-03-17,16349.49,16287.19,12855.38,0.027899,A,A,0.037618,A,A,0.046975,A,A,0.054574,A,A,0.065251,A,A,0,A,,,,,,,,,,,,,,
2005-03-18,16254.89,16285.74,12848.01,0.020517,A,A,0.030734,A,A,0.040085,A,A,0.047407,A,A,0.058079,A,A,0,A,,,,,,,,,,,,,,
2005-03-21,16193.25,16278.73,12837.66,0.015459,A,A,0.025861,A,A,0.035309,A,A,0.042468,A,A,0.053070,A,A,0,A,,,,,,,,,,,,,,
2005-03-22,16288.37,16278.19,12854.89,0.020206,A,A,0.030938,A,A,0.040507,A,A,0.047619,A,A,0.058243,A,A,0,A,,,,,,,,,,,,,,
2005-03-23,16174.13,16270.22,12848.17,0.012090,A,A,0.022950,A,A,0.032416,A,A,0.039286,A,A,0.049922,A,A,0,A,,,,,,,,,,,,,,
2005-03-24,16173.08,16314.35,12846.08,0.010976,A,A,0.022131,A,A,0.031569,A,A,0.038265,A,A,0.048974,A,A,0,A,,,,,,,,,,,,,,
2005-03-28,16035.78,16280.91,12813.36,0.001636,A,A,0.012836,A,A,0.022193,A,A,0.028670,A,A,0.039233,A,A,0,A,,,,,,,,,,,,,,
2005-03-29,16096.76,16311.86,12844.58,0.004428,A,A,0.016048,A,A,0.025382,A,A,0.031700,A,A,0.042313,A,A,0,A,,,,,,,,,,,,,,
2005-03-30,16072.42,16312.82,12849.38,0.001899,A,A,0.013875,A,A,0.023216,A,A,0.029283,A,A,0.039879,A,A,0,A,,,,,,,,,,,,,,
2005-03-31,15986.86,16303.38,12826.08,-0.004145,A,A,0.007993,A,A,0.017243,A,A,0.023124,A,A,0.033477,A,A,0,A,,,,,,,,,,,,,,
2005-04-01,16065.52,16285.65,12837.44,-0.000056,A,A,0.012392,A,A,0.021591,A,A,0.027443,A,A,0.037706,A,A,0,A,,,,,,,,,,,,,,
2005-04-04,16100.27,16324.56,12858.98,0.001394,A,A,0.013995,A,A,0.023161,A,A,0.028903,A,A,0.039127,A,A,0,A,,,,,,,,,,,,,,
2005-04-05,16158.32,16358.85,12868.76,0.004246,A,A,0.017073,A,A,0.026224,A,A,0.031856,A,A,0.042025,A,A,0,A,,,,,,,,,,,,,,
2005-04-06,16083.51,16386.07,12880.76,-0.001063,A,A,0.011896,A,A,0.020908,A,A,0.026405,A,A,0.036456,A,A,0,A,,,,,,,,,,,,,,
2005-04-07,16111.14,16363.60,12888.04,0.000039,A,A,0.012986,A,A,0.022116,A,A,0.027535,A,A,0.037521,A,A,0,A,,,,,,,,,,,,,,
2005-04-08,16098.81,16341.66,12880.10,-0.001287,A,A,0.011402,A,A,0.020809,A,A,0.026132,A,A,0.036028,A,A,0,A,,,,,,,,,,,,,,
2005-04-11,16193.36,16335.51,12900.31,0.003826,A,A,0.016379,A,A,0.026192,A,A,0.031493,A,A,0.041382,A,A,0,A,,,,,,,,,,,,,,
2005-04-12,16180.67,16377.46,12910.43,0.002344,A,A,0.014666,A,A,0.024825,A,A,0.029986,A,A,0.039773,A,A,0,A,,,,,,,,,,,,,,
2005-04-13,16234.49,16378.90,12934.83,0.005055,A,A,0.017091,A,A,0.027681,A,A,0.032697,A,A,0.042410,A,A,0,A,,,,,,,,,,,,,,
2005-04-14,16191.40,16383.92,12941.34,0.001941,A,A,0.013496,A,A,0.024419,A,A,0.029271,A,A,0.038849,A,A,0,A,,,,,,,,,,,,,,
2005-04-15,16217.99,16401.89,12942.72,0.003101,A,A,0.014199,A,A,0.025552,A,A,0.030268,A,A,0.039731,A,A,0,A,,,,,,,,,,,,,,
2005-04-18,16080.12,16426.82,12917.59,-0.005853,A,A,0.004865,A,A,0.016383,A,A,0.020955,A,A,0.030122,A,A,0,A,,,,,,,,,,,,,,
2005-04-19,16009.80,16455.38,12922.15,-0.010535,A,A,-0.000094,A,A,0.011463,A,A,0.015953,A,A,0.024883,A,A,0,A,,,,,,,,,,,,,,
2005-04-20,15829.78,16462.63,12898.04,-0.021660,fuera,A,-0.011663,A,A,-0.000338,A,A,0.004161,A,A,0.012768,A,A,0,A,,,,,,,,,,,,,,
2005-04-21,15967.74,16467.70,12923.94,-0.013245,fuera,A,-0.003575,A,A,0.007814,A,A,0.012477,A,A,0.020976,A,A,0,A,,,,,,,,,,,,,,
2005-04-22,15955.33,16505.42,12934.73,-0.014018,fuera,A,-0.004800,A,A,0.006612,A,A,0.011202,A,A,0.019494,A,A,0,A,,,,,,,,,,,,,,
2005-04-25,15975.32,16502.17,12945.45,-0.012899,fuera,A,-0.004143,A,A,0.007440,A,A,0.012004,A,A,0.020098,A,A,0,A,,,,,,,,,,,,,,
2005-04-26,15992.58,16503.08,12942.65,-0.011935,fuera,fuera,-0.003695,A,A,0.008105,A,A,0.012671,A,A,0.020580,A,A,1,A,,,,,,,,,,,,,,
2005-04-27,16083.02,16537.07,12964.65,-0.006534,fuera,fuera,0.001344,A,A,0.013211,A,A,0.017917,A,A,0.025632,A,A,1,A,,,,,,,,,,,,,,
2005-04-28,16012.72,16506.13,12940.87,-0.010964,fuera,fuera,-0.003550,A,A,0.008320,A,A,0.013065,A,A,0.020476,A,A,1,A,,,,,,,,,,,,,,
2005-04-29,15981.00,16527.31,12929.53,-0.012888,fuera,fuera,-0.005906,A,A,0.005932,A,A,0.010686,A,A,0.017896,A,A,1,A,,,,,,,,,,,,,,
2005-05-02,15852.91,16486.49,12889.59,-0.020559,fuera,fuera,-0.014105,A,A,-0.002427,A,A,0.002280,A,A,0.009264,A,A,1,A,,,,,,,,,,,,,,
2005-05-03,15885.58,16531.29,12915.53,-0.018078,fuera,fuera,-0.012342,A,A,-0.000698,A,A,0.004052,A,A,0.010831,A,A,1,A,,,,,,,,,,,,,,
2005-05-04,15913.18,16534.87,12925.53,-0.015974,fuera,fuera,-0.010863,A,A,0.000720,A,A,0.005528,A,A,0.012098,A,A,1,A,,,,,,,,,,,,,,
2005-05-05,15931.59,16554.78,12945.63,-0.014258,fuera,fuera,-0.009950,A,A,0.001531,A,A,0.006400,A,A,0.012794,A,A,1,A,,,,,,,,,,,,,,
2005-05-06,16038.41,16571.48,12975.10,-0.007053,fuera,fuera,-0.003688,A,A,0.007867,A,A,0.012793,A,A,0.019100,A,A,1,A,,,,,,,,,,,,,,
2005-05-09,16048.31,16564.41,12967.02,-0.006002,fuera,fuera,-0.003431,A,A,0.008106,A,A,0.013053,A,A,0.019247,A,A,1,A,,,,,,,,,,,,,,
2005-05-10,16146.49,16574.99,12995.35,0.000469,fuera,fuera,0.002313,A,A,0.013824,A,A,0.018757,A,A,0.024958,A,A,1,A,,,,,,,,,,,,,,
2005-05-11,16166.41,16588.09,13002.42,0.002093,fuera,fuera,0.003258,A,A,0.014660,A,A,0.019434,A,A,0.025652,A,A,1,A,,,,,,,,,,,,,,
2005-05-12,16103.20,16538.41,12950.72,-0.001243,fuera,fuera,-0.000894,A,A,0.010348,A,A,0.014883,A,A,0.021122,A,A,1,A,,,,,,,,,,,,,,
2005-05-13,16028.47,16553.13,12961.66,-0.005089,fuera,fuera,-0.005782,A,A,0.005261,A,A,0.009770,A,A,0.015905,A,A,1,A,,,,,,,,,,,,,,
2005-05-16,15953.67,16540.21,12934.71,-0.008976,fuera,fuera,-0.010603,A,A,0.000104,A,A,0.004700,A,A,0.010734,A,A,1,A,,,,,,,,,,,,,,
2005-05-17,15942.12,16551.46,12922.12,-0.009064,fuera,fuera,-0.011426,A,A,-0.001118,A,A,0.003642,A,A,0.009616,A,A,1,A,,,,,,,,,,,,,,
2005-05-18,15928.67,16557.60,12922.29,-0.009200,fuera,fuera,-0.012302,A,A,-0.002425,A,A,0.002385,A,A,0.008362,A,A,1,A,,,,,,,,,,,,,,
2005-05-19,15990.79,16613.33,12963.71,-0.004830,fuera,fuera,-0.008488,A,A,0.000971,A,A,0.005913,A,A,0.011904,A,A,1,A,,,,,,,,,,,,,,
2005-05-20,16033.31,16574.50,12967.71,-0.001747,fuera,fuera,-0.005991,A,A,0.003113,A,A,0.008220,A,A,0.014199,A,A,1,A,,,,,,,,,,,,,,
2005-05-24,16162.75,16624.56,13015.21,0.006440,fuera,fuera,0.001796,A,A,0.010570,A,A,0.015913,A,A,0.021870,A,A,1,A,,,,,,,,,,,,,,
2005-05-25,16090.68,16567.46,12979.19,0.002095,fuera,fuera,-0.002811,A,A,0.005549,A,A,0.010976,A,A,0.016867,A,A,1,A,,,,,,,,,,,,,,
2005-05-26,16115.92,16610.24,12995.44,0.003906,fuera,fuera,-0.001408,A,A,0.006648,A,A,0.012164,A,A,0.018042,A,A,1,A,,,,,,,,,,,,,,
2005-05-27,16120.41,16590.02,12984.53,0.004261,fuera,fuera,-0.001240,A,A,0.006490,A,A,0.012031,A,A,0.017907,A,A,1,A,,,,,,,,,,,,,,
2005-05-30,16141.87,16602.89,12998.74,0.005641,fuera,fuera,-0.000017,A,A,0.007330,A,A,0.012989,A,A,0.018860,A,A,1,A,,,,,,,,,,,,,,
2005-05-31,16193.55,16594.65,13011.89,0.008641,fuera,fuera,0.003219,A,A,0.010064,A,A,0.015814,A,A,0.021700,A,A,1,A,,,,,,,,,,,,,,
2005-06-01,16249.30,16608.77,13024.80,0.011899,fuera,fuera,0.006632,A,A,0.012922,A,A,0.018862,A,A,0.024754,A,A,1,A,,,,,,,,,,,,,,
2005-06-02,16252.33,16636.27,13045.15,0.011836,fuera,fuera,0.006923,A,A,0.012475,A,A,0.018644,A,A,0.024509,A,A,1,A,,,,,,,,,,,,,,
2005-06-03,16293.95,16655.66,13072.49,0.013997,fuera,fuera,0.009678,A,A,0.014490,A,A,0.020837,A,A,0.026709,A,A,1,A,,,,,,,,,,,,,,
2005-06-06,16392.58,16657.01,13102.92,0.019673,fuera,fuera,0.015766,A,A,0.019987,A,A,0.026446,A,A,0.032437,A,A,1,A,,,,,,,,,,,,,,
2005-06-07,16514.21,16684.81,13143.00,0.026652,A,fuera,0.023220,A,A,0.026896,A,A,0.033304,A,A,0.039548,A,A,1,A,,,,,,,,,,,,,,
2005-06-08,16432.35,16707.64,13148.66,0.021176,A,fuera,0.018164,A,A,0.021226,A,A,0.027445,A,A,0.033887,A,A,1,A,,,,,,,,,,,,,,
2005-06-09,16416.02,16707.93,13145.97,0.019693,A,fuera,0.017260,A,A,0.019641,A,A,0.025717,A,A,0.032305,A,A,1,A,,,,,,,,,,,,,,
2005-06-10,16466.77,16719.46,13160.06,0.022343,A,fuera,0.020541,A,A,0.022229,A,A,0.028163,A,A,0.034853,A,A,1,A,,,,,,,,,,,,,,
2005-06-13,16447.74,16706.21,13167.77,0.020671,A,A,0.019419,A,A,0.020515,A,A,0.026267,A,A,0.033001,A,A,0,A,,,,,,,,,,,,,,
2005-06-14,16468.43,16700.68,13171.23,0.021567,A,A,0.020637,A,A,0.021222,A,A,0.026814,A,A,0.033731,A,A,0,A,,,,,,,,,,,,,,
2005-06-15,16431.68,16702.81,13157.67,0.018935,A,A,0.018367,A,A,0.018414,A,A,0.023868,A,A,0.030874,A,A,0,A,,,,,,,,,,,,,,
2005-06-16,16503.28,16736.61,13194.82,0.022996,A,A,0.022662,A,A,0.022345,A,A,0.027676,A,A,0.034794,A,A,0,A,,,,,,,,,,,,,,
2005-06-17,16529.59,16715.27,13189.45,0.024150,A,A,0.024113,A,A,0.023508,A,A,0.028681,A,A,0.035782,A,A,0,A,,,,,,,,,,,,,,
2005-06-20,16591.56,16730.91,13208.42,0.027461,A,A,0.027618,A,A,0.026834,A,A,0.031826,A,A,0.039028,A,A,0,A,,,,,,,,,,,,,,
2005-06-21,16703.40,16724.13,13220.78,0.033500,A,A,0.034034,A,A,0.033090,A,A,0.038036,A,A,0.045368,A,A,0,A,,,,,,,,,,,,,,
2005-06-22,16633.96,16728.26,13227.35,0.028321,A,A,0.029392,A,A,0.028181,A,A,0.032946,A,A,0.040399,A,A,0,A,,,,,,,,,,,,,,
2005-06-23,16675.19,16730.79,13246.27,0.029674,A,A,0.031443,A,A,0.030132,A,A,0.034693,A,A,0.042327,A,A,0,A,,,,,,,,,,,,,,
2005-06-24,16723.05,16734.92,13255.47,0.031560,A,A,0.033854,A,A,0.032495,A,A,0.036896,A,A,0.044664,A,A,0,A,,,,,,,,,,,,,,
2005-06-28,16652.40,16748.33,13242.69,0.026222,A,A,0.028874,A,A,0.027638,A,A,0.031800,A,A,0.039623,A,A,0,A,,,,,,,,,,,,,,
2005-06-29,16578.15,16753.50,13237.73,0.020803,A,A,0.023810,A,A,0.022573,A,A,0.026599,A,A,0.034435,A,A,0,A,,,,,,,,,,,,,,
2005-06-30,16623.71,16757.25,13256.91,0.022725,A,A,0.026078,A,A,0.024887,A,A,0.028806,A,A,0.036702,A,A,0,A,,,,,,,,,,,,,,
2005-07-01,16633.89,16728.17,13240.36,0.022581,A,A,0.026066,A,A,0.025032,A,A,0.028813,A,A,0.036761,A,A,0,A,,,,,,,,,,,,,,
2005-07-04,16568.42,16751.04,13233.84,0.017784,A,A,0.021532,A,A,0.020564,A,A,0.024219,A,A,0.032177,A,A,0,A,,,,,,,,,,,,,,
2005-07-05,16658.67,16766.72,13259.93,0.022382,A,A,0.026545,A,A,0.025666,A,A,0.029212,A,A,0.037263,A,A,0,A,,,,,,,,,,,,,,
2005-07-06,16637.42,16771.70,13262.14,0.019987,A,A,0.024762,A,A,0.023933,A,A,0.027302,A,A,0.035337,A,A,0,A,,,,,,,,,,,,,,
2005-07-07,16674.05,16801.20,13277.74,0.021135,A,A,0.026435,A,A,0.025875,A,A,0.028961,A,A,0.036906,A,A,0,A,,,,,,,,,,,,,,
2005-07-08,16674.61,16784.33,13254.78,0.020113,A,A,0.025914,A,A,0.025582,A,A,0.028457,A,A,0.036200,A,A,0,A,,,,,,,,,,,,,,
2005-07-11,16602.95,16774.88,13252.01,0.014802,A,A,0.021010,A,A,0.021004,A,A,0.023595,A,A,0.031064,A,A,0,A,,,,,,,,,,,,,,
2005-07-12,16706.84,16767.70,13264.23,0.020226,A,A,0.026892,A,A,0.027230,A,A,0.029492,A,A,0.036788,A,A,0,A,,,,,,,,,,,,,,
2005-07-13,16782.29,16790.76,13288.99,0.023814,A,A,0.030934,A,A,0.031577,A,A,0.033525,A,A,0.040704,A,A,0,A,,,,,,,,,,,,,,
2005-07-14,16861.05,16799.91,13309.70,0.027623,A,A,0.035150,A,A,0.036113,A,A,0.037708,A,A,0.044759,A,A,0,A,,,,,,,,,,,,,,
2005-07-15,16882.78,16795.90,13321.64,0.027950,A,A,0.035797,A,A,0.037141,A,A,0.038405,A,A,0.045320,A,A,0,A,,,,,,,,,,,,,,
2005-07-18,16888.34,16792.97,13325.76,0.027197,A,A,0.035472,A,A,0.037226,A,A,0.038137,A,A,0.044916,A,A,0,A,,,,,,,,,,,,,,
2005-07-19,16825.91,16808.44,13316.40,0.022298,A,A,0.030908,A,A,0.033236,A,A,0.033770,A,A,0.040372,A,A,0,A,,,,,,,,,,,,,,
2005-07-20,16840.77,16818.90,13327.67,0.021977,A,A,0.030998,A,A,0.033912,A,A,0.034107,A,A,0.040569,A,A,0,A,,,,,,,,,,,,,,
2005-07-21,16994.63,16828.61,13361.68,0.029852,A,A,0.039260,A,A,0.042937,A,A,0.042898,A,A,0.049303,A,A,0,A,,,,,,,,,,,,,,
2005-07-22,16952.40,16858.03,13362.44,0.025879,A,A,0.035703,A,A,0.039982,A,A,0.039695,A,A,0.045883,A,A,0,A,,,,,,,,,,,,,,
2005-07-25,16978.67,16821.32,13361.40,0.026106,A,A,0.036296,A,A,0.041154,A,A,0.040680,A,A,0.046666,A,A,0,A,,,,,,,,,,,,,,
2005-07-26,17064.96,16828.01,13386.80,0.029894,A,A,0.040481,A,A,0.045935,A,A,0.045323,A,A,0.051167,A,A,0,A,,,,,,,,,,,,,,
2005-07-27,16992.31,16832.40,13380.74,0.024369,A,A,0.035066,A,A,0.040960,A,A,0.040290,A,A,0.045918,A,A,0,A,,,,,,,,,,,,,,
2005-07-28,17011.34,16837.23,13387.67,0.024253,A,A,0.035310,A,A,0.041546,A,A,0.040980,A,A,0.046361,A,A,0,A,,,,,,,,,,,,,,
2005-07-29,17096.12,16843.84,13410.08,0.028010,A,A,0.039399,A,A,0.046162,A,A,0.045627,A,A,0.050814,A,A,0,A,,,,,,,,,,,,,,
2005-08-01,17157.53,16847.35,13427.32,0.030275,A,A,0.041968,A,A,0.049218,A,A,0.048894,A,A,0.053791,A,A,0,A,,,,,,,,,,,,,,
2005-08-02,17188.96,16859.04,13434.48,0.030722,A,A,0.042555,A,A,0.050415,A,A,0.050379,A,A,0.054938,A,A,0,A,,,,,,,,,,,,,,
2005-08-03,17282.22,16843.70,13447.65,0.034813,A,A,0.046826,A,A,0.055221,A,A,0.055517,A,A,0.059841,A,A,0,A,,,,,,,,,,,,,,
2005-08-04,17389.06,16857.60,13470.14,0.039633,A,A,0.051828,A,A,0.060814,A,A,0.061450,A,A,0.065491,A,A,0,A,,,,,,,,,,,,,,
2005-08-05,17286.72,16897.49,13464.72,0.032096,A,A,0.044300,A,A,0.053704,A,A,0.054689,A,A,0.058392,A,A,0,A,,,,,,,,,,,,,,
2005-08-08,17126.85,16894.73,13438.20,0.021423,A,A,0.033581,A,A,0.043154,A,A,0.044570,A,A,0.047920,A,A,0,A,,,,,,,,,,,,,,
2005-08-09,17147.31,16879.05,13415.69,0.021621,A,A,0.033744,A,A,0.043636,A,A,0.045488,A,A,0.048520,A,A,0,A,,,,,,,,,,,,,,
2005-08-10,17218.48,16910.29,13447.59,0.024906,A,A,0.036987,A,A,0.047175,A,A,0.049394,A,A,0.052181,A,A,0,A,,,,,,,,,,,,,,
2005-08-11,17195.63,16914.00,13444.03,0.022513,A,A,0.034609,A,A,0.045053,A,A,0.047519,A,A,0.050058,A,A,0,A,,,,,,,,,,,,,,
2005-08-12,17222.51,16922.15,13433.97,0.023021,A,A,0.035137,A,A,0.045882,A,A,0.048680,A,A,0.050956,A,A,0,A,,,,,,,,,,,,,,
2005-08-16,17221.08,16942.28,13433.46,0.021919,A,A,0.033893,A,A,0.045013,A,A,0.048069,A,A,0.050162,A,A,0,A,,,,,,,,,,,,,,
2005-08-17,17120.04,16941.40,13410.52,0.015023,A,A,0.026704,A,A,0.038167,A,A,0.041455,A,A,0.043377,A,A,0,A,,,,,,,,,,,,,,
2005-08-18,17109.32,16950.08,13414.68,0.013532,A,A,0.024940,A,A,0.036877,A,A,0.040288,A,A,0.042140,A,A,0,A,,,,,,,,,,,,,,
2005-08-19,17200.22,16963.74,13437.78,0.017887,A,A,0.029161,A,A,0.041670,A,A,0.045205,A,A,0.047013,A,A,0,A,,,,,,,,,,,,,,
2005-08-22,17195.07,16995.90,13453.13,0.016657,A,A,0.027695,A,A,0.040686,A,A,0.044344,A,A,0.046053,A,A,0,A,,,,,,,,,,,,,,
2005-08-23,17064.49,16993.33,13430.39,0.008228,A,A,0.018910,A,A,0.032177,A,A,0.035880,A,A,0.037550,A,A,0,A,,,,,,,,,,,,,,
2005-08-24,17207.90,17005.46,13453.46,0.015879,A,A,0.026472,A,A,0.040159,A,A,0.043961,A,A,0.045634,A,A,0,A,,,,,,,,,,,,,,
2005-08-25,17277.53,17038.36,13496.92,0.019222,A,A,0.029487,A,A,0.043529,A,A,0.047434,A,A,0.049222,A,A,0,A,,,,,,,,,,,,,,
2005-08-26,17107.80,17022.32,13477.64,0.008583,A,A,0.018433,A,A,0.032517,A,A,0.036539,A,A,0.038376,A,A,0,A,,,,,,,,,,,,,,
2005-08-29,17167.73,17049.16,13501.39,0.011463,A,A,0.021006,A,A,0.035205,A,A,0.039513,A,A,0.041542,A,A,0,A,,,,,,,,,,,,,,
2005-08-30,17179.59,17063.40,13509.19,0.011558,A,A,0.020727,A,A,0.035080,A,A,0.039516,A,A,0.041774,A,A,0,A,,,,,,,,,,,,,,
2005-08-31,17081.91,17066.16,13489.64,0.005241,A,A,0.014087,A,A,0.028419,A,A,0.033001,A,A,0.035490,A,A,0,A,,,,,,,,,,,,,,
2005-09-01,17052.09,17067.55,13478.20,0.002865,A,A,0.011563,A,A,0.025885,A,A,0.030632,A,A,0.033396,A,A,0,A,,,,,,,,,,,,,,
2005-09-02,17192.90,17094.86,13505.78,0.010394,A,A,0.019028,A,A,0.033527,A,A,0.038524,A,A,0.041516,A,A,0,A,,,,,,,,,,,,,,
2005-09-05,17192.95,17100.44,13504.52,0.009660,A,A,0.018183,A,A,0.032764,A,A,0.037865,A,A,0.041137,A,A,0,A,,,,,,,,,,,,,,
2005-09-06,17269.04,17087.31,13496.41,0.013202,A,A,0.021860,A,A,0.036466,A,A,0.041765,A,A,0.045333,A,A,0,A,,,,,,,,,,,,,,
2005-09-07,17288.67,17095.36,13504.92,0.013521,A,A,0.022290,A,A,0.036740,A,A,0.042236,A,A,0.046138,A,A,0,A,,,,,,,,,,,,,,
2005-09-08,17408.16,17091.93,13528.53,0.019503,A,A,0.028428,A,A,0.042824,A,A,0.048708,A,A,0.052962,A,A,0,A,,,,,,,,,,,,,,
2005-09-09,17310.23,17109.23,13525.55,0.012929,A,A,0.021799,A,A,0.035976,A,A,0.042133,A,A,0.046634,A,A,0,A,,,,,,,,,,,,,,
2005-09-12,17386.04,17112.44,13535.36,0.016424,A,A,0.025405,A,A,0.039495,A,A,0.046007,A,A,0.050722,A,A,0,A,,,,,,,,,,,,,,
2005-09-13,17483.35,17108.60,13561.39,0.020946,A,A,0.030161,A,A,0.044236,A,A,0.051083,A,A,0.056074,A,A,0,A,,,,,,,,,,,,,,
2005-09-14,17532.38,17120.61,13584.23,0.022713,A,A,0.032039,A,A,0.046127,A,A,0.053238,A,A,0.058441,A,A,0,A,,,,,,,,,,,,,,
2005-09-15,17437.82,17086.37,13557.08,0.016334,A,A,0.025524,A,A,0.039528,A,A,0.046745,A,A,0.052183,A,A,0,A,,,,,,,,,,,,,,
2005-09-16,17466.90,17082.78,13557.50,0.017230,A,A,0.026325,A,A,0.040351,A,A,0.047618,A,A,0.053327,A,A,0,A,,,,,,,,,,,,,,
2005-09-20,17463.52,17086.25,13560.83,0.016270,A,A,0.025248,A,A,0.039258,A,A,0.046438,A,A,0.052483,A,A,0,A,,,,,,,,,,,,,,
2005-09-21,17587.29,17093.96,13592.75,0.022548,A,A,0.031572,A,A,0.045597,A,A,0.052882,A,A,0.059284,A,A,0,A,,,,,,,,,,,,,,
2005-09-22,17627.85,17099.31,13613.81,0.023845,A,A,0.033075,A,A,0.046903,A,A,0.054304,A,A,0.060990,A,A,0,A,,,,,,,,,,,,,,
2005-09-23,17674.44,17108.50,13633.63,0.025448,A,A,0.034820,A,A,0.048479,A,A,0.056069,A,A,0.063032,A,A,0,A,,,,,,,,,,,,,,
2005-09-26,17639.61,17094.25,13624.01,0.022577,A,A,0.031870,A,A,0.045243,A,A,0.053001,A,A,0.060125,A,A,0,A,,,,,,,,,,,,,,
2005-09-27,17642.47,17072.88,13621.70,0.021834,A,A,0.031171,A,A,0.044235,A,A,0.052239,A,A,0.059516,A,A,0,A,,,,,,,,,,,,,,
2005-09-28,17686.46,17072.99,13630.11,0.023450,A,A,0.032767,A,A,0.045672,A,A,0.053860,A,A,0.061341,A,A,0,A,,,,,,,,,,,,,,
2005-09-29,17676.75,17053.17,13615.37,0.022084,A,A,0.031166,A,A,0.043971,A,A,0.052269,A,A,0.059905,A,A,0,A,,,,,,,,,,,,,,
2005-09-30,17666.75,17066.17,13622.48,0.020621,A,A,0.029604,A,A,0.042352,A,A,0.050593,A,A,0.058499,A,A,0,A,,,,,,,,,,,,,,
2005-10-03,17685.06,17054.62,13620.45,0.020796,A,A,0.029685,A,A,0.042342,A,A,0.050612,A,A,0.058798,A,A,0,A,,,,,,,,,,,,,,
2005-10-04,17735.73,17036.50,13627.05,0.022882,A,A,0.031540,A,A,0.044221,A,A,0.052536,A,A,0.061037,A,A,0,A,,,,,,,,,,,,,,
2005-10-05,17793.79,17046.92,13658.48,0.025394,A,A,0.033851,A,A,0.046494,A,A,0.054872,A,A,0.063646,A,A,0,A,,,,,,,,,,,,,,
2005-10-06,17809.63,17003.83,13634.61,0.025492,A,A,0.033671,A,A,0.046285,A,A,0.054756,A,A,0.063736,A,A,0,A,,,,,,,,,,,,,,
2005-10-07,17667.34,16986.83,13583.03,0.016797,A,A,0.024490,A,A,0.036928,A,A,0.045374,A,A,0.054453,A,A,0,A,,,,,,,,,,,,,,
2005-10-11,17531.61,16980.47,13560.54,0.008802,A,A,0.015830,A,A,0.028103,A,A,0.036534,A,A,0.045690,A,A,0,A,,,,,,,,,,,,,,
2005-10-12,17483.48,16945.03,13559.02,0.005779,A,A,0.012234,A,A,0.024458,A,A,0.032923,A,A,0.042176,A,A,0,A,,,,,,,,,,,,,,
2005-10-13,17565.76,16873.29,13523.99,0.009946,A,A,0.016208,A,A,0.028428,A,A,0.036930,A,A,0.046422,A,A,0,A,,,,,,,,,,,,,,
2005-10-14,17533.08,16876.60,13517.43,0.007570,A,A,0.013630,A,A,0.025754,A,A,0.034126,A,A,0.043813,A,A,0,A,,,,,,,,,,,,,,
2005-10-17,17411.83,16913.35,13507.56,0.000356,A,A,0.006120,A,A,0.018066,A,A,0.026134,A,A,0.036010,A,A,0,A,,,,,,,,,,,,,,
2005-10-18,17302.14,16912.81,13494.38,-0.006082,A,A,-0.000597,A,A,0.011081,A,A,0.018892,A,A,0.028890,A,A,0,A,,,,,,,,,,,,,,
2005-10-19,17322.75,16836.18,13459.80,-0.005025,A,A,0.000201,A,A,0.011690,A,A,0.019309,A,A,0.029477,A,A,0,A,,,,,,,,,,,,,,
2005-10-20,17262.63,16792.94,13420.97,-0.008531,A,A,-0.003663,A,A,0.007658,A,A,0.015048,A,A,0.025212,A,A,0,A,,,,,,,,,,,,,,
2005-10-21,17105.83,16750.65,13388.64,-0.017519,A,A,-0.012948,A,A,-0.001921,A,A,0.005224,A,A,0.015355,A,A,0,A,,,,,,,,,,,,,,
2005-10-24,17129.15,16764.77,13376.28,-0.016204,A,A,-0.011723,A,A,-0.000988,A,A,0.006051,A,A,0.016177,A,A,0,A,,,,,,,,,,,,,,
2005-10-25,17186.53,16803.35,13405.84,-0.012891,A,A,-0.008621,A,A,0.001869,A,A,0.008802,A,A,0.019000,A,A,0,A,,,,,,,,,,,,,,
2005-10-26,17251.59,16814.48,13419.17,-0.009226,A,A,-0.005113,A,A,0.005174,A,A,0.011979,A,A,0.022252,A,A,0,A,,,,,,,,,,,,,,
2005-10-27,17308.37,16797.21,13414.55,-0.006274,A,A,-0.002058,A,A,0.007974,A,A,0.014636,A,A,0.025026,A,A,0,A,,,,,,,,,,,,,,
2005-10-28,17272.08,16760.90,13386.04,-0.008439,A,A,-0.004401,A,A,0.005418,A,A,0.011870,A,A,0.022271,A,A,0,A,,,,,,,,,,,,,,
2005-10-31,17065.10,16681.78,13319.29,-0.020056,fuera,A,-0.016379,A,A,-0.006863,A,A,-0.000742,A,A,0.009507,A,A,0,A,,,,,,,,,,,,,,
2005-11-02,17114.51,16682.66,13315.49,-0.017227,fuera,A,-0.013548,A,A,-0.004297,A,A,0.001668,A,A,0.011830,A,A,0,A,,,,,,,,,,,,,,
2005-11-03,17345.93,16640.31,13346.08,-0.004164,fuera,A,-0.000379,A,A,0.008730,A,A,0.014594,A,A,0.024810,A,A,0,A,,,,,,,,,,,,,,
2005-11-04,17435.46,16567.25,13328.67,0.000649,fuera,A,0.004558,A,A,0.013470,A,A,0.019183,A,A,0.029365,A,A,0,A,,,,,,,,,,,,,,
2005-11-07,17380.54,16593.36,13327.23,-0.002883,fuera,fuera,0.001305,A,A,0.009803,A,A,0.015414,A,A,0.025426,A,A,1,A,,,,,,,,,,,,,,
2005-11-08,17274.83,16612.14,13293.28,-0.009229,fuera,fuera,-0.004683,A,A,0.003210,A,A,0.008811,A,A,0.018600,A,A,1,A,,,,,,,,,,,,,,
2005-11-09,17291.76,16581.97,13247.93,-0.008383,fuera,fuera,-0.003712,A,A,0.003760,A,A,0.009318,A,A,0.019005,A,A,1,A,,,,,,,,,,,,,,
2005-11-10,17197.69,16640.82,13261.03,-0.013783,fuera,fuera,-0.009195,A,A,-0.002063,A,A,0.003391,A,A,0.012963,A,A,1,A,,,,,,,,,,,,,,
2005-11-11,17283.75,16630.84,13278.87,-0.008867,fuera,fuera,-0.004359,A,A,0.002468,A,A,0.007954,A,A,0.017501,A,A,1,A,,,,,,,,,,,,,,
2005-11-14,17232.20,16634.26,13278.69,-0.011752,fuera,fuera,-0.007341,A,A,-0.000891,A,A,0.004510,A,A,0.013931,A,A,1,A,,,,,,,,,,,,,,
2005-11-15,17354.37,16637.91,13294.04,-0.004677,fuera,fuera,-0.000446,A,A,0.005728,A,A,0.011135,A,A,0.020488,A,A,1,A,,,,,,,,,,,,,,
2005-11-16,17267.37,16674.83,13294.76,-0.009613,fuera,fuera,-0.005497,A,A,0.000304,A,A,0.005599,A,A,0.014750,A,A,1,A,,,,,,,,,,,,,,
2005-11-17,17244.51,16676.92,13289.36,-0.010745,fuera,fuera,-0.006835,A,A,-0.001387,A,A,0.003855,A,A,0.012791,A,A,1,A,,,,,,,,,,,,,,
2005-11-18,17313.10,16637.51,13293.22,-0.006595,fuera,fuera,-0.003058,A,A,0.002127,A,A,0.007411,A,A,0.016164,A,A,1,A,,,,,,,,,,,,,,
2005-11-21,17538.60,16652.15,13343.69,0.006336,fuera,fuera,0.009537,A,A,0.014637,A,A,0.019997,A,A,0.028658,A,A,1,A,,,,,,,,,,,,,,
2005-11-22,17521.44,16636.73,13340.81,0.005244,fuera,fuera,0.008258,A,A,0.013163,A,A,0.018537,A,A,0.026940,A,A,1,A,,,,,,,,,,,,,,
2005-11-23,17576.59,16637.37,13331.09,0.008267,fuera,fuera,0.011085,A,A,0.015885,A,A,0.021210,A,A,0.029495,A,A,1,A,,,,,,,,,,,,,,
2005-11-24,17520.79,16648.91,13334.20,0.004993,fuera,fuera,0.007462,A,A,0.012245,A,A,0.017492,A,A,0.025545,A,A,1,A,,,,,,,,,,,,,,
2005-11-25,17618.21,16665.13,13355.58,0.010541,fuera,fuera,0.012691,A,A,0.017397,A,A,0.022643,A,A,0.030528,A,A,1,A,,,,,,,,,,,,,,
2005-11-28,17585.97,16681.66,13356.28,0.008746,fuera,fuera,0.010557,A,A,0.015040,A,A,0.020245,A,A,0.027943,A,A,1,A,,,,,,,,,,,,,,
2005-11-29,17596.78,16658.01,13345.28,0.009466,fuera,fuera,0.010735,A,A,0.015172,A,A,0.020298,A,A,0.027881,A,A,1,A,,,,,,,,,,,,,,
2005-11-30,17536.22,16628.69,13313.99,0.006124,fuera,fuera,0.006923,A,A,0.011327,A,A,0.016275,A,A,0.023706,A,A,1,A,,,,,,,,,,,,,,
2005-12-01,17534.36,16630.20,13307.71,0.006156,fuera,fuera,0.006496,A,A,0.010842,A,A,0.015662,A,A,0.022989,A,A,1,A,,,,,,,,,,,,,,
2005-12-02,17469.82,16631.61,13301.00,0.002730,fuera,fuera,0.002443,A,A,0.006805,A,A,0.011421,A,A,0.018649,A,A,1,A,,,,,,,,,,,,,,
2005-12-05,17562.10,16663.10,13339.56,0.008174,fuera,fuera,0.007277,A,A,0.011801,A,A,0.016257,A,A,0.023429,A,A,1,A,,,,,,,,,,,,,,
2005-12-06,17714.83,16669.25,13370.72,0.016879,fuera,fuera,0.015562,A,A,0.020129,A,A,0.024487,A,A,0.031699,A,A,1,A,,,,,,,,,,,,,,
2005-12-07,17661.55,16668.93,13355.58,0.013851,fuera,fuera,0.012083,A,A,0.016637,A,A,0.020850,A,A,0.028051,A,A,1,A,,,,,,,,,,,,,,
2005-12-09,17667.43,16657.29,13350.31,0.014277,fuera,fuera,0.012059,A,A,0.016604,A,A,0.020632,A,A,0.027806,A,A,1,A,,,,,,,,,,,,,,
2005-12-12,17747.48,16669.59,13349.36,0.018933,fuera,fuera,0.016227,A,A,0.020826,A,A,0.024612,A,A,0.031829,A,A,1,A,,,,,,,,,,,,,,
2005-12-13,17658.20,16673.24,13334.67,0.014003,fuera,fuera,0.010889,A,A,0.015386,A,A,0.018924,A,A,0.026074,A,A,1,A,,,,,,,,,,,,,,
2005-12-14,17689.26,16657.76,13324.24,0.015758,fuera,fuera,0.012324,A,A,0.016907,A,A,0.020208,A,A,0.027291,A,A,1,A,,,,,,,,,,,,,,
2005-12-15,17828.37,16712.71,13350.66,0.023359,A,fuera,0.019881,A,A,0.024617,A,A,0.027685,A,A,0.034721,A,A,1,A,,,,,,,,,,,,,,
2005-12-16,17803.86,16757.33,13357.38,0.021534,A,fuera,0.018187,A,A,0.022870,A,A,0.025753,A,A,0.032646,A,A,1,A,,,,,,,,,,,,,,
2005-12-19,17826.46,16766.24,13374.32,0.022491,A,fuera,0.019212,A,A,0.023712,A,A,0.026527,A,A,0.033327,A,A,1,A,,,,,,,,,,,,,,
2005-12-20,17855.81,16770.38,13391.88,0.023753,A,fuera,0.020509,A,A,0.024934,A,A,0.027637,A,A,0.034397,A,A,1,A,,,,,,,,,,,,,,
2005-12-21,17734.23,16766.34,13370.45,0.016365,A,A,0.013319,A,A,0.017620,A,A,0.020140,A,A,0.026815,A,A,0,A,,,,,,,,,,,,,,
2005-12-22,17653.66,16770.76,13351.00,0.011295,A,A,0.008544,A,A,0.012701,A,A,0.015139,A,A,0.021704,A,A,0,A,,,,,,,,,,,,,,
2005-12-23,17821.45,16765.78,13361.26,0.020259,A,A,0.017917,A,A,0.021936,A,A,0.024300,A,A,0.030852,A,A,0,A,,,,,,,,,,,,,,
2005-12-26,17872.87,16765.15,13371.10,0.022409,A,A,0.020630,A,A,0.024460,A,A,0.026753,A,A,0.033258,A,A,0,A,,,,,,,,,,,,,,
2005-12-27,17871.60,16764.99,13378.42,0.021342,A,A,0.020378,A,A,0.023897,A,A,0.026227,A,A,0.032641,A,A,0,A,,,,,,,,,,,,,,
2005-12-28,17849.00,16769.09,13372.03,0.019119,A,A,0.018898,A,A,0.022121,A,A,0.024449,A,A,0.030769,A,A,0,A,,,,,,,,,,,,,,
2005-12-29,17813.22,16777.46,13372.82,0.016268,A,A,0.016700,A,A,0.019674,A,A,0.021947,A,A,0.028121,A,A,0,A,,,,,,,,,,,,,,
2005-12-30,17825.79,16790.07,13383.55,0.016245,A,A,0.017291,A,A,0.019984,A,A,0.022261,A,A,0.028280,A,A,0,A,,,,,,,,,,,,,,
2006-01-02,17864.94,16793.98,13398.07,0.017760,A,A,0.019355,A,A,0.021704,A,A,0.024111,A,A,0.029958,A,A,0,A,,,,,,,,,,,,,,
2006-01-03,17859.61,16800.28,13404.54,0.016700,A,A,0.018875,A,A,0.020977,A,A,0.023430,A,A,0.029043,A,A,0,A,,,,,,,,,,,,,,
2006-01-04,17924.11,16833.07,13414.20,0.019264,A,A,0.022337,A,A,0.024243,A,A,0.026767,A,A,0.032162,A,A,0,A,,,,,,,,,,,,,,
2006-01-05,18138.83,16828.03,13450.50,0.030141,A,A,0.034213,A,A,0.035835,A,A,0.038642,A,A,0.043810,A,A,0,A,,,,,,,,,,,,,,
2006-01-06,18339.51,16829.98,13497.87,0.040233,A,A,0.045146,A,A,0.046517,A,A,0.049530,A,A,0.054557,A,A,0,A,,,,,,,,,,,,,,
2006-01-09,18476.84,16841.19,13536.57,0.046649,A,A,0.052348,A,A,0.053487,A,A,0.056612,A,A,0.061580,A,A,0,A,,,,,,,,,,,,,,
2006-01-10,18568.57,16864.14,13569.73,0.050274,A,A,0.056725,A,A,0.057721,A,A,0.061036,A,A,0.065895,A,A,0,A,,,,,,,,,,,,,,
2006-01-11,18659.27,16875.24,13586.52,0.053571,A,A,0.060822,A,A,0.061808,A,A,0.065384,A,A,0.070150,A,A,0,A,,,,,,,,,,,,,,
2006-01-12,18633.22,16875.23,13577.98,0.050332,A,A,0.058261,A,A,0.059360,A,A,0.063065,A,A,0.067756,A,A,0,A,,,,,,,,,,,,,,
2006-01-13,18686.85,16886.29,13602.39,0.051394,A,A,0.060252,A,A,0.061408,A,A,0.065278,A,A,0.069941,A,A,0,A,,,,,,,,,,,,,,
2006-01-16,18773.39,16927.05,13620.83,0.054300,A,A,0.063992,A,A,0.065312,A,A,0.069310,A,A,0.073973,A,A,0,A,,,,,,,,,,,,,,
2006-01-17,18763.01,16924.72,13616.72,0.051708,A,A,0.062133,A,A,0.063734,A,A,0.067767,A,A,0.072467,A,A,0,A,,,,,,,,,,,,,,
2006-01-18,18774.10,16951.54,13632.21,0.050471,A,A,0.061379,A,A,0.063448,A,A,0.067435,A,A,0.072153,A,A,0,A,,,,,,,,,,,,,,
2006-01-19,18682.29,16979.87,13625.81,0.043499,A,A,0.054921,A,A,0.057334,A,A,0.061363,A,A,0.066020,A,A,0,A,,,,,,,,,,,,,,
2006-01-20,18573.73,16993.73,13625.77,0.035726,A,A,0.047579,A,A,0.050406,A,A,0.054409,A,A,0.059068,A,A,0,A,,,,,,,,,,,,,,
2006-01-23,18731.43,17002.63,13651.56,0.042687,A,A,0.054963,A,A,0.058494,A,A,0.062404,A,A,0.067201,A,A,0,A,,,,,,,,,,,,,,
2006-01-24,18696.44,17005.49,13640.26,0.039251,A,A,0.051542,A,A,0.055745,A,A,0.059567,A,A,0.064381,A,A,0,A,,,,,,,,,,,,,,
2006-01-25,18632.23,17003.32,13625.80,0.034263,A,A,0.046601,A,A,0.051331,A,A,0.055157,A,A,0.059975,A,A,0,A,,,,,,,,,,,,,,
2006-01-26,18713.90,17032.78,13648.22,0.037341,A,A,0.049841,A,A,0.055115,A,A,0.058865,A,A,0.063794,A,A,0,A,,,,,,,,,,,,,,
2006-01-27,18834.54,17048.63,13683.88,0.042342,A,A,0.055197,A,A,0.061005,A,A,0.064735,A,A,0.069772,A,A,0,A,,,,,,,,,,,,,,
2006-01-30,18926.80,17026.34,13707.46,0.045764,A,A,0.058832,A,A,0.065309,A,A,0.068945,A,A,0.074126,A,A,0,A,,,,,,,,,,,,,,
2006-01-31,19031.76,17047.03,13726.68,0.049700,A,A,0.062877,A,A,0.070277,A,A,0.073746,A,A,0.079171,A,A,0,A,,,,,,,,,,,,,,
2006-02-01,19082.91,17053.14,13740.64,0.050608,A,A,0.063906,A,A,0.072210,A,A,0.075459,A,A,0.081150,A,A,0,A,,,,,,,,,,,,,,
2006-02-02,19102.91,17065.87,13753.76,0.049697,A,A,0.063393,A,A,0.072354,A,A,0.075483,A,A,0.081398,A,A,0,A,,,,,,,,,,,,,,
2006-02-03,19122.29,17071.80,13756.58,0.048728,A,A,0.062913,A,A,0.072452,A,A,0.075462,A,A,0.081653,A,A,0,A,,,,,,,,,,,,,,
2006-02-06,19034.13,17081.08,13743.97,0.041907,A,A,0.056495,A,A,0.066612,A,A,0.069492,A,A,0.075822,A,A,0,A,,,,,,,,,,,,,,
2006-02-07,18919.71,17071.31,13725.61,0.033936,A,A,0.048648,A,A,0.059381,A,A,0.062136,A,A,0.068496,A,A,0,A,,,,,,,,,,,,,,
2006-02-08,18996.02,17085.75,13736.42,0.036494,A,A,0.051326,A,A,0.062775,A,A,0.065516,A,A,0.071917,A,A,0,A,,,,,,,,,,,,,,
2006-02-09,18953.89,17078.31,13725.14,0.032577,A,A,0.047404,A,A,0.059582,A,A,0.062220,A,A,0.068709,A,A,0,A,,,,,,,,,,,,,,
2006-02-10,18889.79,17077.31,13718.03,0.027564,A,A,0.042416,A,A,0.055242,A,A,0.057779,A,A,0.064288,A,A,0,A,,,,,,,,,,,,,,
2006-02-13,18946.63,17080.67,13733.16,0.029164,A,A,0.044009,A,A,0.057660,A,A,0.060134,A,A,0.066668,A,A,0,A,,,,,,,,,,,,,,
2006-02-14,18985.04,17083.77,13745.07,0.029602,A,A,0.044659,A,A,0.059033,A,A,0.061462,A,A,0.067989,A,A,0,A,,,,,,,,,,,,,,
2006-02-15,18882.63,17072.00,13724.29,0.022577,A,A,0.037583,A,A,0.052527,A,A,0.054924,A,A,0.061393,A,A,0,A,,,,,,,,,,,,,,
2006-02-16,18899.75,17061.23,13720.91,0.022186,A,A,0.037050,A,A,0.052589,A,A,0.055076,A,A,0.061507,A,A,0,A,,,,,,,,,,,,,,
2006-02-17,18880.85,17068.26,13718.01,0.019844,A,A,0.034622,A,A,0.050628,A,A,0.053228,A,A,0.059652,A,A,0,A,,,,,,,,,,,,,,
2006-02-20,18901.81,17082.44,13721.59,0.019660,A,A,0.034563,A,A,0.050927,A,A,0.053661,A,A,0.060022,A,A,0,A,,,,,,,,,,,,,,
2006-02-21,18952.32,17105.96,13735.62,0.021043,A,A,0.036060,A,A,0.052812,A,A,0.055734,A,A,0.061963,A,A,0,A,,,,,,,,,,,,,,
2006-02-22,18942.57,17108.52,13732.91,0.019043,A,A,0.034320,A,A,0.051277,A,A,0.054482,A,A,0.060598,A,A,0,A,,,,,,,,,,,,,,
2006-02-23,18992.79,17126.03,13752.72,0.020112,A,A,0.035761,A,A,0.052966,A,A,0.056519,A,A,0.062600,A,A,0,A,,,,,,,,,,,,,,
2006-02-24,19033.44,17126.76,13770.09,0.020818,A,A,0.036728,A,A,0.054109,A,A,0.058001,A,A,0.063965,A,A,0,A,,,,,,,,,,,,,,
2006-02-27,19088.95,17131.31,13789.43,0.022314,A,A,0.038423,A,A,0.055997,A,A,0.060299,A,A,0.066159,A,A,0,A,,,,,,,,,,,,,,
2006-02-28,19170.10,17127.41,13806.33,0.025076,A,A,0.041445,A,A,0.059142,A,A,0.063966,A,A,0.069747,A,A,0,A,,,,,,,,,,,,,,
2006-03-01,19273.27,17120.77,13827.92,0.028851,A,A,0.045508,A,A,0.063442,A,A,0.068785,A,A,0.074462,A,A,0,A,,,,,,,,,,,,,,
2006-03-02,19150.90,17123.02,13800.00,0.020699,A,A,0.037449,A,A,0.055419,A,A,0.061177,A,A,0.066649,A,A,0,A,,,,,,,,,,,,,,
2006-03-03,19218.65,17128.61,13809.92,0.022623,A,A,0.039580,A,A,0.057879,A,A,0.064099,A,A,0.069465,A,A,0,A,,,,,,,,,,,,,,
2006-03-06,19260.30,17130.04,13816.45,0.023151,A,A,0.040340,A,A,0.058907,A,A,0.065581,A,A,0.070805,A,A,0,A,,,,,,,,,,,,,,
2006-03-07,19262.77,17134.21,13827.35,0.021590,A,A,0.039116,A,A,0.057757,A,A,0.064902,A,A,0.070001,A,A,0,A,,,,,,,,,,,,,,
2006-03-08,19225.04,17132.14,13819.57,0.018028,A,A,0.035715,A,A,0.054295,A,A,0.061945,A,A,0.066994,A,A,0,A,,,,,,,,,,,,,,
2006-03-09,19107.52,17136.28,13800.92,0.010653,A,A,0.028138,A,A,0.046580,A,A,0.054579,A,A,0.059679,A,A,0,A,,,,,,,,,,,,,,
2006-03-10,18915.10,17126.90,13766.70,-0.000201,A,A,0.016786,A,A,0.035052,A,A,0.043174,A,A,0.048267,A,A,0,A,,,,,,,,,,,,,,
2006-03-13,18927.89,17117.80,13756.85,-0.000055,A,A,0.016390,A,A,0.034813,A,A,0.043134,A,A,0.048265,A,A,0,A,,,,,,,,,,,,,,
2006-03-14,18995.83,17120.86,13772.15,0.003032,A,A,0.018921,A,A,0.037509,A,A,0.046075,A,A,0.051329,A,A,0,A,,,,,,,,,,,,,,
2006-03-15,19094.71,17099.96,13786.53,0.007738,A,A,0.023139,A,A,0.041759,A,A,0.050593,A,A,0.056076,A,A,0,A,,,,,,,,,,,,,,
2006-03-16,19150.65,17110.54,13810.69,0.010077,A,A,0.024981,A,A,0.043635,A,A,0.052651,A,A,0.058375,A,A,0,A,,,,,,,,,,,,,,
2006-03-17,19279.36,17120.80,13833.94,0.016160,A,A,0.030617,A,A,0.049327,A,A,0.058641,A,A,0.064641,A,A,0,A,,,,,,,,,,,,,,
2006-03-20,19328.63,17127.60,13849.34,0.018095,A,A,0.031981,A,A,0.050709,A,A,0.060201,A,A,0.066490,A,A,0,A,,,,,,,,,,,,,,
2006-03-21,19419.28,17127.52,13868.20,0.022085,A,A,0.035366,A,A,0.054244,A,A,0.063888,A,A,0.070633,A,A,0,A,,,,,,,,,,,,,,
2006-03-22,19452.68,17124.67,13877.19,0.023030,A,A,0.035595,A,A,0.054722,A,A,0.064427,A,A,0.071619,A,A,0,A,,,,,,,,,,,,,,
2006-03-23,19370.07,17134.01,13862.43,0.017868,A,A,0.029870,A,A,0.048914,A,A,0.058702,A,A,0.066278,A,A,0,A,,,,,,,,,,,,,,
2006-03-24,19319.18,17138.85,13857.67,0.014311,A,A,0.025932,A,A,0.044854,A,A,0.054785,A,A,0.062697,A,A,0,A,,,,,,,,,,,,,,
2006-03-27,19375.77,17146.10,13878.13,0.016518,A,A,0.027654,A,A,0.046618,A,A,0.056739,A,A,0.065004,A,A,0,A,,,,,,,,,,,,,,
2006-03-28,19428.37,17156.54,13889.47,0.018408,A,A,0.029097,A,A,0.048270,A,A,0.058422,A,A,0.067084,A,A,0,A,,,,,,,,,,,,,,
2006-03-29,19418.66,17174.51,13891.00,0.016968,A,A,0.027218,A,A,0.046556,A,A,0.056603,A,A,0.065741,A,A,0,A,,,,,,,,,,,,,,
2006-03-30,19341.01,17174.53,13882.53,0.012162,A,A,0.021831,A,A,0.041271,A,A,0.051165,A,A,0.060706,A,A,0,A,,,,,,,,,,,,,,
2006-03-31,19406.29,17167.70,13890.29,0.014904,A,A,0.023977,A,A,0.043608,A,A,0.053590,A,A,0.063490,A,A,0,A,,,,,,,,,,,,,,
2006-04-03,19436.61,17168.50,13894.82,0.015887,A,A,0.024245,A,A,0.044104,A,A,0.054145,A,A,0.064364,A,A,0,A,,,,,,,,,,,,,,
2006-04-04,19476.98,17181.46,13908.13,0.017471,A,A,0.025061,A,A,0.045093,A,A,0.055192,A,A,0.065795,A,A,0,A,,,,,,,,,,,,,,
2006-04-05,19568.24,17168.92,13916.10,0.021663,A,A,0.028655,A,A,0.048757,A,A,0.058883,A,A,0.069971,A,A,0,A,,,,,,,,,,,,,,
2006-04-06,19637.01,17170.86,13928.51,0.024619,A,A,0.031171,A,A,0.051128,A,A,0.061321,A,A,0.072815,A,A,0,A,,,,,,,,,,,,,,
2006-04-07,19660.99,17182.37,13935.21,0.025230,A,A,0.031428,A,A,0.051082,A,A,0.061272,A,A,0.073134,A,A,0,A,,,,,,,,,,,,,,
2006-04-10,19687.20,17186.37,13942.53,0.025820,A,A,0.031857,A,A,0.051099,A,A,0.061375,A,A,0.073540,A,A,0,A,,,,,,,,,,,,,,
2006-04-11,19629.15,17198.80,13931.67,0.021956,A,A,0.027998,A,A,0.046716,A,A,0.056945,A,A,0.069419,A,A,0,A,,,,,,,,,,,,,,
2006-04-12,19592.06,17208.59,13925.45,0.019322,A,A,0.025251,A,A,0.043578,A,A,0.053739,A,A,0.066449,A,A,0,A,,,,,,,,,,,,,,
2006-04-13,19457.67,17208.64,13895.61,0.011741,A,A,0.017577,A,A,0.035319,A,A,0.045338,A,A,0.058199,A,A,0,A,,,,,,,,,,,,,,
2006-04-17,19476.52,17234.67,13916.97,0.012035,A,A,0.017978,A,A,0.035214,A,A,0.045157,A,A,0.058231,A,A,0,A,,,,,,,,,,,,,,
2006-04-18,19505.65,17237.94,13922.71,0.012894,A,A,0.018883,A,A,0.035687,A,A,0.045548,A,A,0.058817,A,A,0,A,,,,,,,,,,,,,,
2006-04-19,19561.59,17239.88,13932.03,0.015124,A,A,0.021149,A,A,0.037493,A,A,0.047465,A,A,0.060803,A,A,0,A,,,,,,,,,,,,,,
2006-04-20,19789.08,17235.97,13974.08,0.025857,A,A,0.032092,A,A,0.048261,A,A,0.058423,A,A,0.071901,A,A,0,A,,,,,,,,,,,,,,
2006-04-21,19927.20,17247.46,14007.90,0.031796,A,A,0.038151,A,A,0.054275,A,A,0.064535,A,A,0.078086,A,A,0,A,,,,,,,,,,,,,,
2006-04-24,19972.41,17248.06,14016.57,0.032839,A,A,0.039456,A,A,0.055322,A,A,0.065621,A,A,0.079241,A,A,0,A,,,,,,,,,,,,,,
2006-04-25,20022.14,17249.01,14035.18,0.034080,A,A,0.040922,A,A,0.056587,A,A,0.066971,A,A,0.080644,A,A,0,A,,,,,,,,,,,,,,
2006-04-26,20011.69,17247.14,14034.23,0.032285,A,A,0.039214,A,A,0.054703,A,A,0.065103,A,A,0.078831,A,A,0,A,,,,,,,,,,,,,,
2006-04-27,20020.15,17239.54,14036.85,0.031447,A,A,0.038553,A,A,0.053738,A,A,0.064246,A,A,0.078019,A,A,0,A,,,,,,,,,,,,,,
2006-04-28,20104.51,17235.27,14053.19,0.034477,A,A,0.041857,A,A,0.056664,A,A,0.067343,A,A,0.081158,A,A,0,A,,,,,,,,,,,,,,
2006-05-02,20038.77,17245.74,14040.93,0.029910,A,A,0.037516,A,A,0.051846,A,A,0.062507,A,A,0.076279,A,A,0,A,,,,,,,,,,,,,,
2006-05-03,20097.45,17250.89,14046.23,0.031738,A,A,0.039658,A,A,0.053560,A,A,0.064207,A,A,0.078166,A,A,0,A,,,,,,,,,,,,,,
2006-05-04,20220.39,17243.80,14063.87,0.036807,A,A,0.045056,A,A,0.058556,A,A,0.069283,A,A,0.083477,A,A,0,A,,,,,,,,,,,,,,
2006-05-05,20246.38,17259.19,14073.19,0.036990,A,A,0.045434,A,A,0.058441,A,A,0.069294,A,A,0.083549,A,A,0,A,,,,,,,,,,,,,,
2006-05-08,20310.43,17270.25,14084.90,0.038899,A,A,0.047737,A,A,0.060251,A,A,0.071250,A,A,0.085577,A,A,0,A,,,,,,,,,,,,,,
2006-05-09,20444.37,17281.26,14124.76,0.044295,A,A,0.053449,A,A,0.065625,A,A,0.076812,A,A,0.091277,A,A,0,A,,,,,,,,,,,,,,
2006-05-10,20567.60,17278.65,14150.54,0.049033,A,A,0.058395,A,A,0.070372,A,A,0.081772,A,A,0.096289,A,A,0,A,,,,,,,,,,,,,,
2006-05-11,20564.37,17276.35,14143.71,0.047323,A,A,0.056896,A,A,0.068533,A,A,0.080030,A,A,0.094598,A,A,0,A,,,,,,,,,,,,,,
2006-05-12,20533.96,17280.03,14137.46,0.044228,A,A,0.053996,A,A,0.065348,A,A,0.076901,A,A,0.091457,A,A,0,A,,,,,,,,,,,,,,
2006-05-15,20431.20,17266.40,14117.77,0.037450,A,A,0.047426,A,A,0.058617,A,A,0.070120,A,A,0.084587,A,A,0,A,,,,,,,,,,,,,,
2006-05-16,20258.48,17275.94,14085.85,0.027123,A,A,0.037481,A,A,0.048510,A,A,0.059776,A,A,0.074065,A,A,0,A,,,,,,,,,,,,,,
2006-05-17,19925.13,17275.90,14031.27,0.009088,A,A,0.019643,A,A,0.030399,A,A,0.041249,A,A,0.055201,A,A,0,A,,,,,,,,,,,,,,
2006-05-18,19916.10,17278.92,14025.97,0.007587,A,A,0.018339,A,A,0.029135,A,A,0.039711,A,A,0.053570,A,A,0,A,,,,,,,,,,,,,,
2006-05-19,19773.89,17292.66,13987.38,-0.000371,A,A,0.010362,A,A,0.021133,A,A,0.031241,A,A,0.045066,A,A,0,A,,,,,,,,,,,,,,
2006-05-22,19530.86,17313.03,13959.44,-0.013078,A,A,-0.002573,A,A,0.008063,A,A,0.017618,A,A,0.031353,A,A,0,A,,,,,,,,,,,,,,
2006-05-23,19488.06,17321.02,13969.80,-0.015472,A,A,-0.005225,A,A,0.005392,A,A,0.014549,A,A,0.028269,A,A,0,A,,,,,,,,,,,,,,
2006-05-24,19177.89,17314.95,13902.76,-0.030978,fuera,A,-0.021233,fuera,A,-0.010839,A,A,-0.002244,A,A,0.011201,A,A,0,A,,,,,,,,,,,,,,
2006-05-25,19200.30,17311.55,13916.83,-0.029607,fuera,A,-0.020291,fuera,A,-0.009931,A,A,-0.001735,A,A,0.011713,A,A,0,A,,,,,,,,,,,,,,
2006-05-26,19104.35,17319.91,13903.01,-0.034078,fuera,A,-0.025274,fuera,A,-0.015065,A,A,-0.007341,A,A,0.006019,A,A,0,A,,,,,,,,,,,,,,
2006-05-29,19158.65,17326.86,13913.43,-0.031103,fuera,A,-0.022601,fuera,A,-0.012535,A,A,-0.005182,A,A,0.008220,A,A,0,A,,,,,,,,,,,,,,
2006-05-30,19373.80,17338.81,13961.95,-0.020282,fuera,fuera,-0.011849,fuera,fuera,-0.001903,A,A,0.005220,A,A,0.018760,A,A,2,E,,,,,,,,,,,,,,
2006-05-31,19449.68,17331.77,13977.93,-0.016527,fuera,fuera,-0.008200,fuera,fuera,0.001594,A,A,0.008368,A,A,0.021934,A,A,2,E,,,,,,,,,,,,,,
2006-06-01,19236.29,17339.09,13933.03,-0.027107,fuera,fuera,-0.019052,fuera,fuera,-0.009701,A,A,-0.003373,A,A,0.009978,A,A,2,E,,,,,,,,,,,,,,
2006-06-02,19233.33,17345.42,13943.54,-0.027054,fuera,fuera,-0.019268,fuera,fuera,-0.010193,A,A,-0.004170,A,A,0.009119,A,A,2,E,,,,,,,,,,,,,,
2006-06-05,19337.39,17362.29,13975.30,-0.021786,fuera,fuera,-0.014055,fuera,fuera,-0.005193,A,A,0.000627,A,A,0.013894,A,A,2,E,,,,,,,,,,,,,,
2006-06-06,19457.82,17378.13,14005.14,-0.015751,fuera,fuera,-0.008071,fuera,fuera,0.000646,A,A,0.006304,A,A,0.019446,A,A,2,E,,,,,,,,,,,,,,
2006-06-07,19359.01,17376.27,13985.85,-0.020663,fuera,fuera,-0.013183,fuera,fuera,-0.004681,A,A,0.000759,A,A,0.013557,A,A,2,E,,,,,,,,,,,,,,
2006-06-08,19178.08,17374.97,13959.78,-0.029490,fuera,fuera,-0.022370,fuera,fuera,-0.014066,A,A,-0.008892,A,A,0.003487,A,A,2,E,,,,,,,,,,,,,,
2006-06-09,18948.76,17372.85,13908.10,-0.040426,fuera,fuera,-0.033937,fuera,fuera,-0.025780,fuera,A,-0.020882,fuera,A,-0.009043,A,A,2,E,,,,,,,,,,,,,,
2006-06-13,18721.22,17376.08,13880.35,-0.050971,fuera,fuera,-0.045391,fuera,fuera,-0.037269,fuera,A,-0.032682,fuera,A,-0.021362,fuera,A,2,E,,,,,,,,,,,,,,
2006-06-14,18486.66,17379.71,13825.42,-0.061620,fuera,fuera,-0.057020,fuera,fuera,-0.048986,fuera,A,-0.044707,fuera,A,-0.033887,fuera,A,2,E,,,,,,,,,,,,,,
2006-06-15,18157.36,17338.06,13737.73,-0.076742,fuera,fuera,-0.073197,fuera,fuera,-0.065458,fuera,A,-0.061439,fuera,A,-0.051235,fuera,A,2,E,,,,,,,,,,,,,,
2006-06-16,18215.39,17339.21,13756.23,-0.072310,fuera,fuera,-0.069583,fuera,fuera,-0.062093,fuera,fuera,-0.058186,fuera,fuera,-0.048357,fuera,A,4,E,,,,,,,,,,,,,,
2006-06-19,18553.88,17355.25,13837.46,-0.053959,fuera,fuera,-0.051842,fuera,fuera,-0.044423,fuera,fuera,-0.040580,fuera,fuera,-0.030953,fuera,fuera,5,E,,,,,,,,,,,,,,
2006-06-20,18653.87,17362.29,13854.13,-0.047994,fuera,fuera,-0.046256,fuera,fuera,-0.039108,fuera,fuera,-0.035396,fuera,fuera,-0.026102,fuera,fuera,5,E,,,,,,,,,,,,,,
2006-06-21,18619.87,17373.37,13860.49,-0.048805,fuera,fuera,-0.047455,fuera,fuera,-0.040711,fuera,fuera,-0.037176,fuera,fuera,-0.028266,fuera,fuera,5,E,,,,,,,,,,,,,,
2006-06-22,18602.00,17379.75,13861.21,-0.048742,fuera,fuera,-0.047747,fuera,fuera,-0.041443,fuera,fuera,-0.038039,fuera,fuera,-0.029512,fuera,fuera,5,E,,,,,,,,,,,,,,
2006-06-23,18715.83,17381.93,13880.47,-0.042000,fuera,fuera,-0.041355,fuera,fuera,-0.035428,fuera,fuera,-0.032162,fuera,fuera,-0.023914,fuera,fuera,5,E,,,,,,,,,,,,,,
2006-06-27,18748.09,17394.54,13890.42,-0.039211,fuera,fuera,-0.039224,fuera,fuera,-0.033691,fuera,fuera,-0.030549,fuera,fuera,-0.022587,fuera,fuera,5,E,,,,,,,,,,,,,,
2006-06-28,18781.86,17393.16,13897.76,-0.036223,fuera,fuera,-0.037079,fuera,fuera,-0.031885,fuera,fuera,-0.028835,fuera,fuera,-0.021204,fuera,fuera,5,E,,,,,,,,,,,,,,
2006-06-29,18735.82,17390.20,13887.97,-0.037228,fuera,fuera,-0.038947,fuera,fuera,-0.034178,fuera,fuera,-0.031169,fuera,fuera,-0.023976,fuera,fuera,5,E,,,,,,,,,,,,,,
2006-06-30,18831.59,17406.74,13920.39,-0.030990,fuera,fuera,-0.033572,fuera,fuera,-0.029202,fuera,fuera,-0.026171,fuera,fuera,-0.019394,fuera,fuera,5,E,,,,,,,,,,,,,,
2006-07-03,19090.38,17417.54,13973.34,-0.016637,fuera,fuera,-0.020033,fuera,fuera,-0.015939,fuera,fuera,-0.012816,fuera,fuera,-0.006422,fuera,fuera,5,E,,,,,,,,,,,,,,
2006-07-04,19216.26,17444.18,14006.21,-0.009241,fuera,fuera,-0.013473,fuera,fuera,-0.009606,fuera,fuera,-0.006372,fuera,fuera,-0.000430,fuera,fuera,5,E,,,,,,,,,,,,,,
2006-07-05,19353.53,17444.96,14043.67,-0.001304,fuera,fuera,-0.006383,fuera,fuera,-0.002737,fuera,fuera,0.000602,fuera,fuera,0.006116,fuera,fuera,5,E,,,,,,,,,,,,,,
2006-07-06,19457.31,17449.55,14052.12,0.004721,fuera,fuera,-0.001072,fuera,fuera,0.002368,fuera,fuera,0.005802,fuera,fuera,0.010962,fuera,fuera,5,E,,,,,,,,,,,,,,
2006-07-07,19317.74,17455.33,14027.46,-0.001593,fuera,fuera,-0.008111,fuera,fuera,-0.004953,fuera,fuera,-0.001552,fuera,fuera,0.003305,fuera,fuera,5,E,,,,,,,,,,,,,,
2006-07-10,19332.97,17469.68,14037.69,0.000214,fuera,fuera,-0.007141,fuera,fuera,-0.004261,fuera,fuera,-0.000969,fuera,fuera,0.003742,fuera,fuera,5,E,,,,,,,,,,,,,,
2006-07-11,19335.98,17473.19,14035.07,0.001418,fuera,fuera,-0.006747,fuera,fuera,-0.004142,fuera,fuera,-0.000980,fuera,fuera,0.003581,fuera,fuera,5,E,,,,,,,,,,,,,,
2006-07-12,19365.94,17481.16,14043.45,0.004061,fuera,fuera,-0.004972,fuera,fuera,-0.002722,fuera,fuera,0.000365,fuera,fuera,0.004843,fuera,fuera,5,E,,,,,,,,,,,,,,
2006-07-13,19349.71,17490.85,14050.24,0.004486,fuera,fuera,-0.005536,fuera,fuera,-0.003632,fuera,fuera,-0.000699,fuera,fuera,0.003705,fuera,fuera,5,E,,,,,,,,,,,,,,
2006-07-14,19273.36,17506.98,14042.37,0.002019,fuera,fuera,-0.009177,fuera,fuera,-0.007571,fuera,fuera,-0.004802,fuera,fuera,-0.000497,fuera,fuera,5,E,,,,,,,,,,,,,,
2006-07-17,19070.53,17549.99,14018.08,-0.006812,fuera,fuera,-0.019194,fuera,fuera,-0.017907,fuera,fuera,-0.015317,fuera,fuera,-0.011136,fuera,fuera,5,E,,,,,,,,,,,,,,
2006-07-18,18949.03,17565.84,14000.13,-0.011327,fuera,fuera,-0.025044,fuera,fuera,-0.024010,fuera,fuera,-0.021623,fuera,fuera,-0.017512,fuera,fuera,5,E,,,,,,,,,,,,,,
2006-07-19,18815.38,17561.22,13975.85,-0.016457,fuera,fuera,-0.031406,fuera,fuera,-0.030732,fuera,fuera,-0.028483,fuera,fuera,-0.024458,fuera,fuera,5,E,,,,,,,,,,,,,,
2006-07-20,18793.91,17565.62,13987.27,-0.015905,fuera,fuera,-0.031957,fuera,fuera,-0.031771,fuera,fuera,-0.029550,fuera,fuera,-0.025616,fuera,fuera,5,E,,,,,,,,,,,,,,
2006-07-21,18951.95,17575.28,14031.62,-0.006505,fuera,fuera,-0.023337,fuera,fuera,-0.023642,fuera,fuera,-0.021414,fuera,fuera,-0.017575,fuera,fuera,5,E,,,,,,,,,,,,,,
2006-07-24,19065.59,17599.59,14050.63,0.000444,fuera,fuera,-0.016908,fuera,fuera,-0.017827,fuera,fuera,-0.015601,fuera,fuera,-0.011820,fuera,fuera,5,E,,,,,,,,,,,,,,
2006-07-25,18987.39,17606.43,14041.33,-0.002745,fuera,fuera,-0.020199,fuera,fuera,-0.021795,fuera,fuera,-0.019660,fuera,fuera,-0.015991,fuera,fuera,5,E,,,,,,,,,,,,,,
2006-07-26,19110.27,17611.50,14072.14,0.004202,fuera,fuera,-0.013172,fuera,fuera,-0.015442,fuera,fuera,-0.013372,fuera,fuera,-0.009817,fuera,fuera,5,E,,,,,,,,,,,,,,
2006-07-27,19233.12,17624.34,14105.15,0.010958,fuera,fuera,-0.006195,fuera,fuera,-0.009086,fuera,fuera,-0.007127,fuera,fuera,-0.003665,fuera,fuera,5,E,,,,,,,,,,,,,,
2006-07-28,19302.86,17633.37,14121.33,0.014476,fuera,fuera,-0.002020,fuera,fuera,-0.005479,fuera,fuera,-0.003632,fuera,fuera,-0.000245,fuera,fuera,5,E,,,,,,,,,,,,,,
2006-07-31,19399.47,17664.68,14154.74,0.019316,fuera,fuera,0.003478,fuera,fuera,-0.000490,fuera,fuera,0.001242,fuera,fuera,0.004564,fuera,fuera,5,E,,,,,,,,,,,,,,
2006-08-01,19518.83,17667.74,14177.53,0.025091,A,fuera,0.010130,fuera,fuera,0.005622,fuera,fuera,0.007281,fuera,fuera,0.010543,fuera,fuera,5,E,,,,,,,,,,,,,,
2006-08-02,19549.81,17672.70,14179.47,0.026250,A,fuera,0.012133,fuera,fuera,0.007114,fuera,fuera,0.008682,fuera,fuera,0.011952,fuera,fuera,5,E,,,,,,,,,,,,,,
2006-08-03,19477.69,17678.71,14172.74,0.022340,A,fuera,0.008905,fuera,fuera,0.003308,fuera,fuera,0.004833,fuera,fuera,0.008064,fuera,fuera,5,E,,,,,,,,,,,,,,
2006-08-04,19545.87,17707.70,14204.81,0.025804,A,fuera,0.012990,fuera,fuera,0.006722,fuera,fuera,0.008209,fuera,fuera,0.011417,fuera,fuera,5,E,,,,,,,,,,,,,,
2006-08-07,19603.29,17733.56,14226.33,0.028377,A,A,0.016495,fuera,fuera,0.009578,fuera,fuera,0.011001,fuera,fuera,0.014151,fuera,fuera,4,E,,,,,,,,,,,,,,
2006-08-08,19663.62,17748.47,14245.12,0.031025,A,A,0.020158,A,fuera,0.012544,fuera,fuera,0.013894,fuera,fuera,0.016961,fuera,fuera,4,E,,,,,,,,,,,,,,
2006-08-09,19651.25,17755.78,14246.62,0.030000,A,A,0.020172,A,fuera,0.011727,fuera,fuera,0.012986,fuera,fuera,0.016048,fuera,fuera,4,E,,,,,,,,,,,,,,
2006-08-10,19678.91,17760.61,14250.15,0.031184,A,A,0.022345,A,fuera,0.012993,fuera,fuera,0.014032,fuera,fuera,0.017176,fuera,fuera,4,E,,,,,,,,,,,,,,
2006-08-11,19713.20,17769.04,14263.11,0.032555,A,A,0.024835,A,fuera,0.014598,fuera,fuera,0.015407,fuera,fuera,0.018604,fuera,fuera,4,E,,,,,,,,,,,,,,
2006-08-14,19672.73,17779.37,14259.22,0.029842,A,A,0.023447,A,A,0.012401,fuera,fuera,0.012986,fuera,fuera,0.016210,fuera,fuera,3,E,,,,,,,,,,,,,,
2006-08-16,19625.19,17810.99,14263.14,0.026546,A,A,0.021643,A,A,0.009922,fuera,fuera,0.010276,fuera,fuera,0.013489,fuera,fuera,3,E,,,,,,,,,,,,,,
2006-08-17,19737.71,17816.07,14284.04,0.031213,A,A,0.027936,A,A,0.015654,fuera,fuera,0.015776,fuera,fuera,0.018942,fuera,fuera,3,E,,,,,,,,,,,,,,
2006-08-18,19796.46,17820.03,14291.07,0.032712,A,A,0.031103,A,A,0.018598,fuera,fuera,0.018541,fuera,fuera,0.021600,A,fuera,3,E,,,,,,,,,,,,,,
2006-08-21,19830.84,17824.39,14297.44,0.032502,A,A,0.032966,A,A,0.020283,A,fuera,0.020059,A,fuera,0.022976,A,fuera,3,E,,,,,,,,,,,,,,
2006-08-22,19784.08,17822.99,14288.64,0.028201,A,A,0.030522,A,A,0.017787,A,fuera,0.017472,A,fuera,0.020196,A,fuera,3,E,,,,,,,,,,,,,,
2006-08-23,19751.40,17831.06,14288.56,0.025085,A,A,0.028635,A,A,0.016014,A,fuera,0.015642,A,fuera,0.018177,A,fuera,3,E,,,,,,,,,,,,,,
2006-08-24,19779.27,17837.00,14296.96,0.025201,A,A,0.029842,A,A,0.017260,A,fuera,0.016872,A,fuera,0.019265,A,A,2,E,,,,,,,,,,,,,,
2006-08-25,19704.74,17844.57,14293.80,0.020063,A,A,0.025522,A,A,0.013295,A,A,0.012849,A,A,0.015129,A,A,0,A,,,,,,,,,,,,,,
2006-08-28,19695.83,17859.17,14300.82,0.018321,A,A,0.024645,A,A,0.012727,A,A,0.012232,A,A,0.014395,A,A,0,A,,,,,,,,,,,,,,
2006-08-29,19706.55,17860.75,14304.17,0.017717,A,A,0.024701,A,A,0.013194,A,A,0.012645,A,A,0.014691,A,A,0,A,,,,,,,,,,,,,,
2006-08-30,19767.80,17861.97,14319.01,0.019686,A,A,0.027378,A,A,0.016356,A,A,0.015619,A,A,0.017596,A,A,0,A,,,,,,,,,,,,,,
2006-08-31,19838.13,17867.99,14338.00,0.022077,A,A,0.030644,A,A,0.020023,A,A,0.018985,A,A,0.020981,A,A,0,A,,,,,,,,,,,,,,
2006-09-01,19917.34,17874.01,14358.65,0.024771,A,A,0.034367,A,A,0.024128,A,A,0.022798,A,A,0.024737,A,A,0,A,,,,,,,,,,,,,,
2006-09-04,19953.56,17897.96,14382.50,0.025320,A,A,0.035645,A,A,0.026031,A,A,0.024399,A,A,0.026292,A,A,0,A,,,,,,,,,,,,,,
2006-09-05,20030.64,17916.02,14400.46,0.028177,A,A,0.038974,A,A,0.029983,A,A,0.028077,A,A,0.029933,A,A,0,A,,,,,,,,,,,,,,
2006-09-06,20081.52,17916.08,14407.29,0.029772,A,A,0.040985,A,A,0.032563,A,A,0.030430,A,A,0.032204,A,A,0,A,,,,,,,,,,,,,,
2006-09-07,20111.13,17929.13,14421.60,0.030401,A,A,0.041969,A,A,0.034082,A,A,0.031711,A,A,0.033353,A,A,0,A,,,,,,,,,,,,,,
2006-09-08,19963.98,17936.58,14398.56,0.022272,A,A,0.033839,A,A,0.026560,A,A,0.024010,A,A,0.025434,A,A,0,A,,,,,,,,,,,,,,
2006-09-11,19870.52,17951.83,14392.03,0.016846,A,A,0.028423,A,A,0.021886,A,A,0.019125,A,A,0.020236,A,A,0,A,,,,,,,,,,,,,,
2006-09-12,19862.53,17960.70,14391.00,0.015826,A,A,0.027250,A,A,0.021684,A,A,0.018599,A,A,0.019437,A,A,0,A,,,,,,,,,,,,,,
2006-09-13,19724.82,17966.06,14371.17,0.008337,A,A,0.019301,A,A,0.014903,A,A,0.011472,A,A,0.012069,A,A,0,A,,,,,,,,,,,,,,
2006-09-14,19787.00,17965.11,14384.57,0.011032,A,A,0.021442,A,A,0.018408,A,A,0.014497,A,A,0.014973,A,A,0,A,,,,,,,,,,,,,,
2006-09-15,19903.84,17976.93,14410.85,0.016363,A,A,0.026028,A,A,0.024738,A,A,0.020275,A,A,0.020654,A,A,0,A,,,,,,,,,,,,,,
2006-09-20,19909.13,17998.89,14423.27,0.015900,A,A,0.024903,A,A,0.025397,A,A,0.020345,A,A,0.020663,A,A,0,A,,,,,,,,,,,,,,
2006-09-21,19971.56,17994.10,14431.55,0.018046,A,A,0.026945,A,A,0.028961,A,A,0.023339,A,A,0.023596,A,A,0,A,,,,,,,,,,,,,,
2006-09-22,20030.03,17996.50,14448.17,0.019777,A,A,0.028814,A,A,0.032271,A,A,0.026215,A,A,0.026338,A,A,0,A,,,,,,,,,,,,,,
2006-09-25,19980.07,18006.52,14437.87,0.015895,A,A,0.025129,A,A,0.029963,A,A,0.023629,A,A,0.023558,A,A,0,A,,,,,,,,,,,,,,
2006-09-26,19867.83,18017.00,14427.49,0.008964,A,A,0.018337,A,A,0.024406,A,A,0.017930,A,A,0.017602,A,A,0,A,,,,,,,,,,,,,,
2006-09-27,19879.07,18019.67,14441.05,0.008480,A,A,0.017965,A,A,0.025012,A,A,0.018577,A,A,0.017946,A,A,0,A,,,,,,,,,,,,,,
2006-09-28,20022.99,18014.22,14475.11,0.014686,A,A,0.024290,A,A,0.032370,A,A,0.025946,A,A,0.025047,A,A,0,A,,,,,,,,,,,,,,
2006-09-29,20103.35,18027.42,14496.54,0.017479,A,A,0.027316,A,A,0.036318,A,A,0.030022,A,A,0.028878,A,A,0,A,,,,,,,,,,,,,,
2006-10-02,20127.83,18042.46,14506.98,0.017554,A,A,0.027425,A,A,0.037225,A,A,0.031264,A,A,0.029835,A,A,0,A,,,,,,,,,,,,,,
2006-10-03,20125.09,18043.01,14505.43,0.016397,A,A,0.026226,A,A,0.036706,A,A,0.031080,A,A,0.029367,A,A,0,A,,,,,,,,,,,,,,
2006-10-04,20118.36,18057.30,14502.97,0.015128,A,A,0.025043,A,A,0.035801,A,A,0.030725,A,A,0.028725,A,A,0,A,,,,,,,,,,,,,,
2006-10-05,20098.81,18062.17,14515.80,0.013347,A,A,0.023328,A,A,0.034263,A,A,0.029785,A,A,0.027449,A,A,0,A,,,,,,,,,,,,,,
2006-10-06,20222.05,18077.96,14554.32,0.018757,A,A,0.028892,A,A,0.039941,A,A,0.036111,A,A,0.033437,A,A,0,A,,,,,,,,,,,,,,
2006-10-10,20297.61,18090.39,14576.50,0.021709,A,A,0.032047,A,A,0.043147,A,A,0.039989,A,A,0.036992,A,A,0,A,,,,,,,,,,,,,,
2006-10-11,20288.41,18091.50,14579.36,0.020320,A,A,0.030784,A,A,0.042130,A,A,0.039597,A,A,0.036248,A,A,0,A,,,,,,,,,,,,,,
2006-10-12,20337.88,18086.04,14594.70,0.021904,A,A,0.032474,A,A,0.044142,A,A,0.042249,A,A,0.038490,A,A,0,A,,,,,,,,,,,,,,
2006-10-13,20329.69,18087.88,14592.47,0.020664,A,A,0.031246,A,A,0.043071,A,A,0.041948,A,A,0.037801,A,A,0,A,,,,,,,,,,,,,,
2006-10-16,20415.83,18109.15,14611.20,0.024130,A,A,0.034754,A,A,0.046785,A,A,0.046423,A,A,0.041866,A,A,0,A,,,,,,,,,,,,,,
2006-10-17,20477.91,18112.10,14623.23,0.026298,A,A,0.036974,A,A,0.049286,A,A,0.049581,A,A,0.044660,A,A,0,A,,,,,,,,,,,,,,
2006-10-18,20518.64,18116.33,14628.26,0.027378,A,A,0.038014,A,A,0.050739,A,A,0.051536,A,A,0.046288,A,A,0,A,,,,,,,,,,,,,,
2006-10-19,20463.07,18123.37,14626.92,0.023742,A,A,0.034064,A,A,0.047235,A,A,0.048412,A,A,0.043038,A,A,0,A,,,,,,,,,,,,,,
2006-10-20,20520.91,18130.17,14643.92,0.025668,A,A,0.035702,A,A,0.049394,A,A,0.051066,A,A,0.045557,A,A,0,A,,,,,,,,,,,,,,
2006-10-23,20534.14,18139.59,14644.95,0.025294,A,A,0.034967,A,A,0.049125,A,A,0.051353,A,A,0.045820,A,A,0,A,,,,,,,,,,,,,,
2006-10-24,20527.94,18136.70,14645.15,0.024087,A,A,0.033243,A,A,0.047734,A,A,0.050525,A,A,0.045192,A,A,0,A,,,,,,,,,,,,,,
2006-10-25,20568.32,18142.59,14657.01,0.025224,A,A,0.033961,A,A,0.048557,A,A,0.052038,A,A,0.046976,A,A,0,A,,,,,,,,,,,,,,
2006-10-26,20603.04,18163.04,14674.92,0.026077,A,A,0.034457,A,A,0.048874,A,A,0.053083,A,A,0.048477,A,A,0,A,,,,,,,,,,,,,,
2006-10-27,20675.24,18193.85,14700.35,0.028658,A,A,0.036710,A,A,0.051087,A,A,0.056015,A,A,0.051873,A,A,0,A,,,,,,,,,,,,,,
2006-10-30,20741.41,18235.33,14726.04,0.030822,A,A,0.038700,A,A,0.053150,A,A,0.058551,A,A,0.054929,A,A,0,A,,,,,,,,,,,,,,
2006-10-31,20699.47,18284.64,14737.66,0.027693,A,A,0.035412,A,A,0.049809,A,A,0.055620,A,A,0.052507,A,A,0,A,,,,,,,,,,,,,,
2006-11-02,20629.15,18284.63,14719.81,0.023159,A,A,0.030826,A,A,0.045059,A,A,0.051393,A,A,0.048710,A,A,0,A,,,,,,,,,,,,,,
2006-11-03,20688.44,18283.01,14734.00,0.024978,A,A,0.032749,A,A,0.046833,A,A,0.053781,A,A,0.051448,A,A,0,A,,,,,,,,,,,,,,
2006-11-06,20691.44,18284.17,14729.32,0.024016,A,A,0.031955,A,A,0.045823,A,A,0.053191,A,A,0.051349,A,A,0,A,,,,,,,,,,,,,,
2006-11-07,20693.80,18281.64,14726.42,0.023091,A,A,0.031154,A,A,0.044801,A,A,0.052566,A,A,0.051268,A,A,0,A,,,,,,,,,,,,,,
2006-11-08,20821.16,18289.93,14757.90,0.028277,A,A,0.036416,A,A,0.050030,A,A,0.058283,A,A,0.057493,A,A,0,A,,,,,,,,,,,,,,
2006-11-09,20919.86,18286.52,14788.14,0.032016,A,A,0.040217,A,A,0.053718,A,A,0.062548,A,A,0.062245,A,A,0,A,,,,,,,,,,,,,,
2006-11-10,20953.09,18292.57,14810.17,0.032524,A,A,0.040778,A,A,0.054140,A,A,0.063416,A,A,0.063714,A,A,0,A,,,,,,,,,,,,,,
2006-11-13,20984.98,18276.14,14811.47,0.033016,A,A,0.041294,A,A,0.054628,A,A,0.064105,A,A,0.065154,A,A,0,A,,,,,,,,,,,,,,
2006-11-14,20974.23,18284.81,14810.03,0.031479,A,A,0.039694,A,A,0.053054,A,A,0.062520,A,A,0.064433,A,A,0,A,,,,,,,,,,,,,,
2006-11-15,20985.79,18282.36,14820.83,0.031062,A,A,0.039215,A,A,0.052675,A,A,0.061946,A,A,0.064825,A,A,0,A,,,,,,,,,,,,,,
2006-11-16,21109.92,18293.87,14861.65,0.035865,A,A,0.044234,A,A,0.057928,A,A,0.066878,A,A,0.070831,A,A,0,A,,,,,,,,,,,,,,
2006-11-17,21152.03,18304.70,14878.71,0.036483,A,A,0.045122,A,A,0.058956,A,A,0.067468,A,A,0.072581,A,A,0,A,,,,,,,,,,,,,,
2006-11-20,21184.72,18308.82,14885.65,0.036592,A,A,0.045478,A,A,0.059502,A,A,0.067594,A,A,0.073695,A,A,0,A,,,,,,,,,,,,,,
2006-11-21,21108.00,18317.19,14864.68,0.031287,A,A,0.040592,A,A,0.054626,A,A,0.062425,A,A,0.069294,A,A,0,A,,,,,,,,,,,,,,
2006-11-22,21099.44,18324.20,14869.62,0.029402,A,A,0.039128,A,A,0.053185,A,A,0.060751,A,A,0.068291,A,A,0,A,,,,,,,,,,,,,,
2006-11-23,21209.94,18332.54,14896.49,0.033330,A,A,0.043462,A,A,0.057609,A,A,0.064985,A,A,0.073161,A,A,0,A,,,,,,,,,,,,,,
2006-11-24,21311.91,18352.49,14924.90,0.036723,A,A,0.047249,A,A,0.061495,A,A,0.068720,A,A,0.077532,A,A,0,A,,,,,,,,,,,,,,
2006-11-27,21379.40,18383.47,14951.32,0.038426,A,A,0.049254,A,A,0.063498,A,A,0.070743,A,A,0.079990,A,A,0,A,,,,,,,,,,,,,,
2006-11-28,21347.48,18392.12,14945.26,0.035403,A,A,0.046429,A,A,0.060504,A,A,0.067820,A,A,0.077450,A,A,0,A,,,,,,,,,,,,,,
2006-11-29,21272.58,18401.00,14935.35,0.030335,A,A,0.041507,A,A,0.055352,A,A,0.062813,A,A,0.072738,A,A,0,A,,,,,,,,,,,,,,
2006-11-30,21234.49,18419.02,14944.04,0.026980,A,A,0.038419,A,A,0.052047,A,A,0.059650,A,A,0.069928,A,A,0,A,,,,,,,,,,,,,,
2006-12-01,21419.19,18405.69,14973.18,0.034201,A,A,0.046083,A,A,0.059758,A,A,0.067554,A,A,0.078353,A,A,0,A,,,,,,,,,,,,,,
2006-12-04,21491.31,18402.41,14981.76,0.036050,A,A,0.048226,A,A,0.061910,A,A,0.069929,A,A,0.081101,A,A,0,A,,,,,,,,,,,,,,
2006-12-05,21489.92,18384.63,14974.45,0.034447,A,A,0.046841,A,A,0.060385,A,A,0.068708,A,A,0.080060,A,A,0,A,,,,,,,,,,,,,,
2006-12-06,21548.84,18386.63,14986.84,0.035709,A,A,0.048409,A,A,0.061872,A,A,0.070525,A,A,0.082022,A,A,0,A,,,,,,,,,,,,,,
2006-12-07,21676.46,18393.94,15015.13,0.040119,A,A,0.053239,A,A,0.066734,A,A,0.075735,A,A,0.087416,A,A,0,A,,,,,,,,,,,,,,
2006-12-11,21678.56,18404.10,15013.05,0.038492,A,A,0.052024,A,A,0.065453,A,A,0.074640,A,A,0.086561,A,A,0,A,,,,,,,,,,,,,,
2006-12-12,21668.27,18406.15,15012.62,0.036268,A,A,0.050261,A,A,0.063630,A,A,0.072947,A,A,0.085048,A,A,0,A,,,,,,,,,,,,,,
2006-12-13,21691.74,18415.36,15021.83,0.035773,A,A,0.050142,A,A,0.063522,A,A,0.072918,A,A,0.085140,A,A,0,A,,,,,,,,,,,,,,
2006-12-14,21680.87,18414.39,15028.33,0.033736,A,A,0.048254,A,A,0.061756,A,A,0.071212,A,A,0.083421,A,A,0,A,,,,,,,,,,,,,,
2006-12-15,21739.78,18427.52,15063.76,0.034954,A,A,0.049620,A,A,0.063332,A,A,0.072916,A,A,0.085065,A,A,0,A,,,,,,,,,,,,,,
2006-12-18,21863.59,18437.42,15089.65,0.039170,A,A,0.054007,A,A,0.068043,A,A,0.077714,A,A,0.089787,A,A,0,A,,,,,,,,,,,,,,
2006-12-19,21953.97,18447.06,15117.77,0.041679,A,A,0.056590,A,A,0.071091,A,A,0.080706,A,A,0.092651,A,A,0,A,,,,,,,,,,,,,,
2006-12-20,21945.33,18442.83,15116.02,0.039592,A,A,0.054463,A,A,0.069347,A,A,0.078765,A,A,0.090614,A,A,0,A,,,,,,,,,,,,,,
2006-12-21,21873.74,18444.93,15116.88,0.034681,A,A,0.049471,A,A,0.064577,A,A,0.073709,A,A,0.085635,A,A,0,A,,,,,,,,,,,,,,
2006-12-22,21984.76,18440.75,15139.38,0.038332,A,A,0.053158,A,A,0.068648,A,A,0.077551,A,A,0.089715,A,A,0,A,,,,,,,,,,,,,,
2006-12-26,21975.72,18449.61,15141.54,0.036260,A,A,0.051149,A,A,0.066905,A,A,0.075590,A,A,0.087831,A,A,0,A,,,,,,,,,,,,,,
2006-12-27,21989.73,18446.70,15149.19,0.035327,A,A,0.050280,A,A,0.066252,A,A,0.074811,A,A,0.087078,A,A,0,A,,,,,,,,,,,,,,
2006-12-28,22038.87,18459.89,15166.41,0.036010,A,A,0.051013,A,A,0.067247,A,A,0.075685,A,A,0.088088,A,A,0,A,,,,,,,,,,,,,,
2006-12-29,22160.86,18468.12,15186.78,0.039970,A,A,0.055028,A,A,0.071757,A,A,0.080107,A,A,0.092650,A,A,0,A,,,,,,,,,,,,,,
2007-01-02,22194.10,18457.92,15184.58,0.039767,A,A,0.054794,A,A,0.071984,A,A,0.080242,A,A,0.092830,A,A,0,A,,,,,,,,,,,,,,
2007-01-03,22270.16,18459.89,15200.33,0.041523,A,A,0.056645,A,A,0.074251,A,A,0.082456,A,A,0.095062,A,A,0,A,,,,,,,,,,,,,,
2007-01-04,22333.53,18472.86,15218.92,0.042690,A,A,0.057903,A,A,0.075838,A,A,0.084063,A,A,0.096680,A,A,0,A,,,,,,,,,,,,,,
2007-01-05,22380.03,18461.44,15236.98,0.043087,A,A,0.058341,A,A,0.076563,A,A,0.084885,A,A,0.097556,A,A,0,A,,,,,,,,,,,,,,
2007-01-08,22314.43,18475.79,15243.86,0.038293,A,A,0.053535,A,A,0.071955,A,A,0.080327,A,A,0.093021,A,A,0,A,,,,,,,,,,,,,,
2007-01-09,22216.51,18470.41,15222.95,0.032043,A,A,0.047291,A,A,0.065822,A,A,0.074229,A,A,0.087015,A,A,0,A,,,,,,,,,,,,,,
2007-01-10,22171.56,18476.75,15217.70,0.028380,A,A,0.043578,A,A,0.062264,A,A,0.070761,A,A,0.083673,A,A,0,A,,,,,,,,,,,,,,
2007-01-11,22087.17,18468.33,15194.39,0.022994,A,A,0.038182,A,A,0.056881,A,A,0.065468,A,A,0.078390,A,A,0,A,,,,,,,,,,,,,,
2007-01-12,21923.34,18461.24,15159.64,0.014123,A,A,0.029253,A,A,0.047841,A,A,0.056469,A,A,0.069318,A,A,0,A,,,,,,,,,,,,,,
2007-01-15,22077.58,18494.10,15219.35,0.019940,A,A,0.035135,A,A,0.053960,A,A,0.062718,A,A,0.075699,A,A,0,A,,,,,,,,,,,,,,
2007-01-16,22214.35,18511.90,15257.45,0.024897,A,A,0.040118,A,A,0.059198,A,A,0.068060,A,A,0.081172,A,A,0,A,,,,,,,,,,,,,,
2007-01-17,22349.24,18516.62,15291.60,0.029646,A,A,0.044890,A,A,0.064279,A,A,0.073250,A,A,0.086478,A,A,0,A,,,,,,,,,,,,,,
2007-01-18,22357.39,18511.75,15288.27,0.028577,A,A,0.043791,A,A,0.063358,A,A,0.072325,A,A,0.085583,A,A,0,A,,,,,,,,,,,,,,
2007-01-19,22349.69,18519.25,15296.40,0.026779,A,A,0.042008,A,A,0.061719,A,A,0.070623,A,A,0.083839,A,A,0,A,,,,,,,,,,,,,,
2007-01-22,22395.66,18524.67,15307.98,0.027412,A,A,0.042726,A,A,0.062622,A,A,0.071526,A,A,0.084630,A,A,0,A,,,,,,,,,,,,,,
2007-01-23,22437.02,18527.44,15318.70,0.027918,A,A,0.043154,A,A,0.063198,A,A,0.072214,A,A,0.085122,A,A,0,A,,,,,,,,,,,,,,
2007-01-24,22511.44,18520.70,15331.03,0.029902,A,A,0.045102,A,A,0.065243,A,A,0.074460,A,A,0.087170,A,A,0,A,,,,,,,,,,,,,,
2007-01-25,22564.12,18532.17,15350.76,0.030867,A,A,0.046008,A,A,0.066222,A,A,0.075615,A,A,0.088208,A,A,0,A,,,,,,,,,,,,,,
2007-01-26,22681.77,18535.39,15381.23,0.034589,A,A,0.049824,A,A,0.070120,A,A,0.079787,A,A,0.092370,A,A,0,A,,,,,,,,,,,,,,
2007-01-29,22624.70,18534.95,15359.33,0.030393,A,A,0.045627,A,A,0.065842,A,A,0.075682,A,A,0.088108,A,A,0,A,,,,,,,,,,,,,,
2007-01-30,22564.46,18528.11,15349.07,0.026242,A,A,0.041368,A,A,0.061525,A,A,0.071431,A,A,0.083782,A,A,0,A,,,,,,,,,,,,,,
2007-01-31,22530.94,18498.41,15325.21,0.023457,A,A,0.038432,A,A,0.058498,A,A,0.068469,A,A,0.080814,A,A,0,A,,,,,,,,,,,,,,
2007-02-01,22583.79,18487.60,15339.37,0.024612,A,A,0.039488,A,A,0.059536,A,A,0.069586,A,A,0.081997,A,A,0,A,,,,,,,,,,,,,,
2007-02-02,22670.57,18497.30,15366.62,0.027179,A,A,0.042005,A,A,0.062145,A,A,0.072292,A,A,0.084806,A,A,0,A,,,,,,,,,,,,,,
2007-02-05,22907.46,18516.03,15428.76,0.036206,A,A,0.051174,A,A,0.071611,A,A,0.082000,A,A,0.094732,A,A,0,A,,,,,,,,,,,,,,
2007-02-06,22989.23,18525.48,15451.55,0.038074,A,A,0.053189,A,A,0.073694,A,A,0.084364,A,A,0.097209,A,A,0,A,,,,,,,,,,,,,,
2007-02-07,23036.23,18529.57,15465.02,0.038511,A,A,0.053573,A,A,0.074129,A,A,0.085078,A,A,0.097972,A,A,0,A,,,,,,,,,,,,,,
2007-02-08,23151.51,18538.71,15499.54,0.041975,A,A,0.056989,A,A,0.077758,A,A,0.088984,A,A,0.101964,A,A,0,A,,,,,,,,,,,,,,
2007-02-09,23191.81,18545.39,15517.35,0.042015,A,A,0.057042,A,A,0.077912,A,A,0.089362,A,A,0.102387,A,A,0,A,,,,,,,,,,,,,,
2007-02-12,23128.80,18550.18,15510.56,0.037548,A,A,0.052514,A,A,0.073320,A,A,0.084937,A,A,0.097957,A,A,0,A,,,,,,,,,,,,,,
2007-02-13,23138.67,18558.24,15520.11,0.036480,A,A,0.051329,A,A,0.072112,A,A,0.083863,A,A,0.096984,A,A,0,A,,,,,,,,,,,,,,
2007-02-14,23045.08,18563.25,15503.86,0.030885,A,A,0.045548,A,A,0.066169,A,A,0.077952,A,A,0.091165,A,A,0,A,,,,,,,,,,,,,,
2007-02-15,23150.40,18566.81,15524.50,0.034073,A,A,0.048708,A,A,0.069364,A,A,0.081295,A,A,0.094738,A,A,0,A,,,,,,,,,,,,,,
2007-02-16,23334.22,18572.08,15559.18,0.040587,A,A,0.055281,A,A,0.076136,A,A,0.088134,A,A,0.101916,A,A,0,A,,,,,,,,,,,,,,
2007-02-19,23393.24,18578.58,15566.84,0.041452,A,A,0.056246,A,A,0.077150,A,A,0.089142,A,A,0.103145,A,A,0,A,,,,,,,,,,,,,,
2007-02-20,23405.16,18582.63,15576.49,0.040268,A,A,0.055107,A,A,0.075983,A,A,0.088008,A,A,0.102195,A,A,0,A,,,,,,,,,,,,,,
2007-02-21,23341.50,18585.52,15556.50,0.035927,A,A,0.050641,A,A,0.071412,A,A,0.083402,A,A,0.097742,A,A,0,A,,,,,,,,,,,,,,
2007-02-22,23216.19,18590.70,15526.96,0.029084,A,A,0.043454,A,A,0.064094,A,A,0.076042,A,A,0.090471,A,A,0,A,,,,,,,,,,,,,,
2007-02-23,23142.83,18589.80,15507.38,0.024624,A,A,0.038666,A,A,0.059260,A,A,0.071170,A,A,0.085666,A,A,0,A,,,,,,,,,,,,,,
2007-02-26,23246.30,18593.48,15531.40,0.027817,A,A,0.041822,A,A,0.062500,A,A,0.074412,A,A,0.089103,A,A,0,A,,,,,,,,,,,,,,
2007-02-27,23153.16,18609.66,15512.05,0.022525,A,A,0.036312,A,A,0.056829,A,A,0.068562,A,A,0.083380,A,A,0,A,,,,,,,,,,,,,,
2007-02-28,23061.00,18632.02,15489.85,0.017371,A,A,0.030974,A,A,0.051238,A,A,0.062823,A,A,0.077725,A,A,0,A,,,,,,,,,,,,,,
2007-03-01,22679.36,18639.30,15420.23,-0.000141,A,A,0.012970,A,A,0.032711,A,A,0.044017,A,A,0.058718,A,A,0,A,,,,,,,,,,,,,,
2007-03-02,22484.31,18653.23,15410.43,-0.009173,A,A,0.003410,A,A,0.022821,A,A,0.033958,A,A,0.048533,A,A,0,A,,,,,,,,,,,,,,
2007-03-05,22437.55,18657.27,15409.71,-0.011501,A,A,0.000484,A,A,0.019709,A,A,0.030765,A,A,0.045320,A,A,0,A,,,,,,,,,,,,,,
2007-03-06,22293.45,18671.66,15401.45,-0.017945,A,A,-0.006547,A,A,0.012279,A,A,0.023175,A,A,0.037664,A,A,0,A,,,,,,,,,,,,,,
2007-03-07,21982.73,18684.33,15357.15,-0.031360,fuera,A,-0.020728,fuera,A,-0.002525,A,A,0.008093,A,A,0.022421,A,A,0,A,,,,,,,,,,,,,,
2007-03-08,22249.66,18688.12,15413.47,-0.019518,fuera,A,-0.009361,fuera,A,0.008787,A,A,0.019376,A,A,0.033960,A,A,0,A,,,,,,,,,,,,,,
2007-03-09,22306.60,18698.51,15431.39,-0.016938,fuera,A,-0.007349,fuera,A,0.010571,A,A,0.021056,A,A,0.035737,A,A,0,A,,,,,,,,,,,,,,
2007-03-12,22519.28,18707.65,15477.75,-0.007764,fuera,A,0.001528,fuera,A,0.019273,A,A,0.029794,A,A,0.044673,A,A,0,A,,,,,,,,,,,,,,
2007-03-13,22642.98,18710.71,15502.75,-0.002730,fuera,fuera,0.006355,fuera,fuera,0.023835,A,A,0.034390,A,A,0.049434,A,A,2,E,,,,,,,,,,,,,,
2007-03-14,22715.10,18725.21,15516.75,-0.000086,fuera,fuera,0.008827,fuera,fuera,0.026051,A,A,0.036612,A,A,0.051712,A,A,2,E,,,,,,,,,,,,,,
2007-03-15,22463.73,18760.39,15481.55,-0.011515,fuera,fuera,-0.002871,fuera,fuera,0.013795,A,A,0.024191,A,A,0.039083,A,A,2,E,,,,,,,,,,,,,,
2007-03-16,22391.56,18764.97,15478.57,-0.015142,fuera,fuera,-0.006564,fuera,fuera,0.009678,A,A,0.020025,A,A,0.034784,A,A,2,E,,,,,,,,,,,,,,
2007-03-19,22538.90,18767.70,15503.47,-0.009108,fuera,fuera,-0.000581,fuera,fuera,0.015448,A,A,0.025820,A,A,0.040519,A,A,2,E,,,,,,,,,,,,,,
2007-03-20,22565.87,18764.75,15508.85,-0.008263,fuera,fuera,0.000128,fuera,fuera,0.015826,A,A,0.026137,A,A,0.040705,A,A,2,E,,,,,,,,,,,,,,
2007-03-21,22715.78,18769.60,15539.82,-0.002032,fuera,fuera,0.006242,fuera,fuera,0.021674,A,A,0.031947,A,A,0.046541,A,A,2,E,,,,,,,,,,,,,,
2007-03-22,22816.32,18772.81,15556.08,0.001936,fuera,fuera,0.010086,fuera,fuera,0.025258,A,A,0.035486,A,A,0.050057,A,A,2,E,,,,,,,,,,,,,,
2007-03-23,22984.13,18777.09,15593.01,0.008681,fuera,fuera,0.016734,fuera,fuera,0.031763,A,A,0.041999,A,A,0.056617,A,A,2,E,,,,,,,,,,,,,,
2007-03-26,23082.86,18782.29,15610.65,0.012335,fuera,fuera,0.020327,A,fuera,0.035112,A,A,0.045321,A,A,0.059976,A,A,2,E,,,,,,,,,,,,,,
2007-03-27,23106.12,18777.39,15613.09,0.012695,fuera,fuera,0.020559,A,fuera,0.035126,A,A,0.045231,A,A,0.059836,A,A,2,E,,,,,,,,,,,,,,
2007-03-28,23109.47,18781.92,15614.01,0.012252,fuera,fuera,0.019918,A,fuera,0.034268,A,A,0.044255,A,A,0.058741,A,A,2,E,,,,,,,,,,,,,,
2007-03-29,23013.75,18784.77,15598.10,0.007619,fuera,fuera,0.015012,A,fuera,0.029048,A,A,0.038884,A,A,0.053155,A,A,2,E,,,,,,,,,,,,,,
2007-03-30,22967.15,18777.96,15587.96,0.005299,fuera,fuera,0.012394,A,A,0.026017,A,A,0.035789,A,A,0.049900,A,A,1,A,,,,,,,,,,,,,,
2007-04-02,23080.85,18769.22,15603.02,0.009828,fuera,fuera,0.016785,A,A,0.030083,A,A,0.039853,A,A,0.053959,A,A,1,A,,,,,,,,,,,,,,
2007-04-03,23114.47,18776.70,15612.89,0.010758,fuera,fuera,0.017674,A,A,0.030610,A,A,0.040259,A,A,0.054353,A,A,1,A,,,,,,,,,,,,,,
2007-04-04,23163.96,18790.86,15629.64,0.012300,fuera,fuera,0.019271,A,A,0.031870,A,A,0.041381,A,A,0.055449,A,A,1,A,,,,,,,,,,,,,,
2007-04-05,23320.44,18800.34,15666.13,0.018409,fuera,fuera,0.025493,A,A,0.037843,A,A,0.047237,A,A,0.061350,A,A,1,A,,,,,,,,,,,,,,
2007-04-09,23413.31,18804.11,15686.46,0.021729,A,fuera,0.028801,A,A,0.040913,A,A,0.050186,A,A,0.064302,A,A,1,A,,,,,,,,,,,,,,
2007-04-10,23431.72,18806.26,15695.45,0.022012,A,fuera,0.028751,A,A,0.040622,A,A,0.049841,A,A,0.063907,A,A,1,A,,,,,,,,,,,,,,
2007-04-11,23568.49,18806.65,15729.50,0.027401,A,fuera,0.033765,A,A,0.045492,A,A,0.054777,A,A,0.068857,A,A,1,A,,,,,,,,,,,,,,
2007-04-12,23634.25,18814.04,15743.87,0.029671,A,fuera,0.035552,A,A,0.047265,A,A,0.056512,A,A,0.070551,A,A,1,A,,,,,,,,,,,,,,
2007-04-13,23600.63,18815.55,15740.56,0.027760,A,A,0.032893,A,A,0.044691,A,A,0.053836,A,A,0.067775,A,A,0,A,,,,,,,,,,,,,,
2007-04-16,23681.19,18824.49,15761.52,0.030780,A,A,0.035283,A,A,0.047128,A,A,0.056217,A,A,0.070132,A,A,0,A,,,,,,,,,,,,,,
2007-04-17,23792.05,18829.46,15786.88,0.034941,A,A,0.039010,A,A,0.050872,A,A,0.059898,A,A,0.073842,A,A,0,A,,,,,,,,,,,,,,
2007-04-18,23889.03,18844.71,15809.98,0.038407,A,A,0.042150,A,A,0.054011,A,A,0.062965,A,A,0.076903,A,A,0,A,,,,,,,,,,,,,,
2007-04-19,23862.34,18849.11,15808.79,0.036428,A,A,0.039919,A,A,0.051707,A,A,0.060560,A,A,0.074414,A,A,0,A,,,,,,,,,,,,,,
2007-04-20,23857.44,18853.45,15820.73,0.035509,A,A,0.038639,A,A,0.050365,A,A,0.059144,A,A,0.072892,A,A,0,A,,,,,,,,,,,,,,
2007-04-23,23914.36,18867.51,15841.07,0.037399,A,A,0.040042,A,A,0.051728,A,A,0.060412,A,A,0.074151,A,A,0,A,,,,,,,,,,,,,,
2007-04-24,24028.33,18871.05,15860.02,0.041705,A,A,0.043870,A,A,0.055529,A,A,0.064150,A,A,0.077928,A,A,0,A,,,,,,,,,,,,,,
2007-04-25,23971.16,18879.05,15847.70,0.038660,A,A,0.040356,A,A,0.051872,A,A,0.060383,A,A,0.074046,A,A,0,A,,,,,,,,,,,,,,
2007-04-26,23962.77,18901.13,15862.92,0.037676,A,A,0.039006,A,A,0.050429,A,A,0.058829,A,A,0.072376,A,A,0,A,,,,,,,,,,,,,,
2007-04-27,24063.28,18904.16,15890.60,0.041180,A,A,0.042389,A,A,0.053752,A,A,0.062071,A,A,0.075552,A,A,0,A,,,,,,,,,,,,,,
2007-04-30,24055.76,18896.62,15886.06,0.039941,A,A,0.041054,A,A,0.052342,A,A,0.060532,A,A,0.073928,A,A,0,A,,,,,,,,,,,,,,
2007-05-02,24043.40,18901.11,15880.02,0.038612,A,A,0.039480,A,A,0.050694,A,A,0.058755,A,A,0.072122,A,A,0,A,,,,,,,,,,,,,,
2007-05-03,24004.44,18910.18,15875.26,0.036082,A,A,0.036764,A,A,0.047963,A,A,0.055813,A,A,0.069134,A,A,0,A,,,,,,,,,,,,,,
2007-05-04,24089.86,18889.00,15886.17,0.038744,A,A,0.039397,A,A,0.050615,A,A,0.058386,A,A,0.071628,A,A,0,A,,,,,,,,,,,,,,
2007-05-07,24193.56,18889.65,15902.38,0.041704,A,A,0.042800,A,A,0.054012,A,A,0.061741,A,A,0.074911,A,A,0,A,,,,,,,,,,,,,,
2007-05-08,24284.56,18856.86,15896.73,0.043824,A,A,0.045753,A,A,0.056828,A,A,0.064492,A,A,0.077589,A,A,0,A,,,,,,,,,,,,,,
2007-05-09,24302.48,18859.64,15906.39,0.042737,A,A,0.045600,A,A,0.056514,A,A,0.064054,A,A,0.077015,A,A,0,A,,,,,,,,,,,,,,
2007-05-10,24240.37,18856.89,15894.52,0.038145,A,A,0.042085,A,A,0.052773,A,A,0.060201,A,A,0.072972,A,A,0,A,,,,,,,,,,,,,,
2007-05-11,24307.99,18864.84,15912.34,0.038742,A,A,0.044180,A,A,0.054673,A,A,0.061995,A,A,0.074686,A,A,0,A,,,,,,,,,,,,,,
2007-05-14,24208.06,18880.99,15898.56,0.032552,A,A,0.039179,A,A,0.049388,A,A,0.056513,A,A,0.069047,A,A,0,A,,,,,,,,,,,,,,
2007-05-15,24302.08,18795.57,15884.69,0.034605,A,A,0.042395,A,A,0.052490,A,A,0.059467,A,A,0.071953,A,A,0,A,,,,,,,,,,,,,,
2007-05-16,24209.87,18789.78,15856.75,0.029033,A,A,0.037694,A,A,0.047541,A,A,0.054340,A,A,0.066677,A,A,0,A,,,,,,,,,,,,,,
2007-05-17,24157.22,18799.68,15844.40,0.025329,A,A,0.034667,A,A,0.044288,A,A,0.050993,A,A,0.063178,A,A,0,A,,,,,,,,,,,,,,
2007-05-18,24227.42,18762.95,15850.55,0.026844,A,A,0.036926,A,A,0.046290,A,A,0.053016,A,A,0.065108,A,A,0,A,,,,,,,,,,,,,,
2007-05-22,24305.62,18788.35,15875.31,0.028374,A,A,0.039598,A,A,0.048551,A,A,0.055387,A,A,0.067372,A,A,0,A,,,,,,,,,,,,,,
2007-05-23,24381.11,18748.90,15867.04,0.029642,A,A,0.042139,A,A,0.050570,A,A,0.057600,A,A,0.069495,A,A,0,A,,,,,,,,,,,,,,
2007-05-24,24312.66,18741.57,15843.33,0.025045,A,A,0.038584,A,A,0.046500,A,A,0.053569,A,A,0.065304,A,A,0,A,,,,,,,,,,,,,,
2007-05-25,24369.85,18752.38,15869.40,0.025723,A,A,0.040313,A,A,0.047882,A,A,0.055009,A,A,0.066597,A,A,0,A,,,,,,,,,,,,,,
2007-05-28,24241.38,18778.86,15863.08,0.018862,A,A,0.034121,A,A,0.041416,A,A,0.048468,A,A,0.059858,A,A,0,A,,,,,,,,,,,,,,
2007-05-29,24348.38,18780.22,15892.14,0.021897,A,A,0.037852,A,A,0.045020,A,A,0.052074,A,A,0.063416,A,A,0,A,,,,,,,,,,,,,,
2007-05-30,24460.06,18782.38,15921.37,0.025173,A,A,0.041770,A,A,0.048758,A,A,0.055847,A,A,0.067154,A,A,0,A,,,,,,,,,,,,,,
2007-05-31,24429.12,18733.84,15897.26,0.022594,A,A,0.039570,A,A,0.046417,A,A,0.053529,A,A,0.064668,A,A,0,A,,,,,,,,,,,,,,
2007-06-01,24537.37,18734.15,15922.43,0.025759,A,A,0.043152,A,A,0.050005,A,A,0.057180,A,A,0.068180,A,A,0,A,,,,,,,,,,,,,,
2007-06-04,24678.84,18752.66,15961.34,0.030171,A,A,0.047775,A,A,0.054971,A,A,0.062226,A,A,0.073061,A,A,0,A,,,,,,,,,,,,,,
2007-06-05,24847.24,18761.99,15997.03,0.035440,A,A,0.053273,A,A,0.061019,A,A,0.068373,A,A,0.079107,A,A,0,A,,,,,,,,,,,,,,
2007-06-06,24862.93,18755.41,15994.07,0.034278,A,A,0.052248,A,A,0.060592,A,A,0.067962,A,A,0.078535,A,A,0,A,,,,,,,,,,,,,,
2007-06-07,24853.39,18757.39,16001.04,0.032190,A,A,0.050067,A,A,0.059066,A,A,0.066444,A,A,0.076874,A,A,0,A,,,,,,,,,,,,,,
2007-06-08,24709.58,18745.66,15965.30,0.024709,A,A,0.042115,A,A,0.051870,A,A,0.059194,A,A,0.069480,A,A,0,A,,,,,,,,,,,,,,
2007-06-11,24491.21,18758.76,15927.69,0.014412,A,A,0.031382,A,A,0.041608,A,A,0.048840,A,A,0.059005,A,A,0,A,,,,,,,,,,,,,,
2007-06-12,24575.98,18759.79,15948.06,0.016748,A,A,0.033408,A,A,0.044230,A,A,0.051404,A,A,0.061615,A,A,0,A,,,,,,,,,,,,,,
2007-06-13,24645.92,18702.01,15937.07,0.018487,A,A,0.034903,A,A,0.046226,A,A,0.053227,A,A,0.063550,A,A,0,A,,,,,,,,,,,,,,
2007-06-14,24616.24,18690.14,15932.50,0.016156,A,A,0.032320,A,A,0.044125,A,A,0.050873,A,A,0.061207,A,A,0,A,,,,,,,,,,,,,,
2007-06-15,24756.83,18632.28,15939.64,0.020846,A,A,0.036829,A,A,0.049214,A,A,0.055784,A,A,0.066145,A,A,0,A,,,,,,,,,,,,,,
2007-06-18,24956.05,18650.57,15987.99,0.027816,A,A,0.043471,A,A,0.056702,A,A,0.063154,A,A,0.073545,A,A,0,A,,,,,,,,,,,,,,
2007-06-19,25114.75,18659.50,16021.90,0.032921,A,A,0.048241,A,A,0.062440,A,A,0.068719,A,A,0.079174,A,A,0,A,,,,,,,,,,,,,,
2007-06-20,25142.21,18671.31,16025.79,0.032671,A,A,0.047609,A,A,0.062628,A,A,0.068678,A,A,0.079180,A,A,0,A,,,,,,,,,,,,,,
2007-06-21,25262.62,18690.78,16071.72,0.036226,A,A,0.050781,A,A,0.066648,A,A,0.072551,A,A,0.083125,A,A,0,A,,,,,,,,,,,,,,
2007-06-22,25189.67,18694.87,16055.99,0.032010,A,A,0.046065,A,A,0.062545,A,A,0.068265,A,A,0.078780,A,A,0,A,,,,,,,,,,,,,,
2007-06-25,25257.83,18707.30,16077.18,0.033490,A,A,0.047236,A,A,0.064317,A,A,0.069969,A,A,0.080497,A,A,0,A,,,,,,,,,,,,,,
2007-06-26,25247.72,18717.07,16087.99,0.031772,A,A,0.045284,A,A,0.062847,A,A,0.068384,A,A,0.078866,A,A,0,A,,,,,,,,,,,,,,
2007-06-27,25202.22,18727.11,16085.29,0.028709,A,A,0.041972,A,A,0.060006,A,A,0.065376,A,A,0.075749,A,A,0,A,,,,,,,,,,,,,,
2007-06-28,25136.06,18735.40,16075.40,0.024979,A,A,0.037876,A,A,0.056362,A,A,0.061506,A,A,0.071801,A,A,0,A,,,,,,,,,,,,,,
2007-06-29,25141.79,18748.94,16085.45,0.024126,A,A,0.036753,A,A,0.055747,A,A,0.060649,A,A,0.070965,A,A,0,A,,,,,,,,,,,,,,
2007-07-03,25299.59,18767.06,16125.29,0.029308,A,A,0.041726,A,A,0.061404,A,A,0.066120,A,A,0.076556,A,A,0,A,,,,,,,,,,,,,,
2007-07-04,25517.44,18798.47,16176.54,0.036808,A,A,0.048975,A,A,0.069396,A,A,0.074036,A,A,0.084637,A,A,0,A,,,,,,,,,,,,,,
2007-07-05,25581.98,18799.28,16193.58,0.038000,A,A,0.049941,A,A,0.070885,A,A,0.075497,A,A,0.086190,A,A,0,A,,,,,,,,,,,,,,
2007-07-06,25616.27,18801.00,16199.45,0.037920,A,A,0.049664,A,A,0.071139,A,A,0.075772,A,A,0.086461,A,A,0,A,,,,,,,,,,,,,,
2007-07-09,25594.77,18809.89,16201.15,0.035566,A,A,0.047154,A,A,0.069028,A,A,0.073750,A,A,0.084352,A,A,0,A,,,,,,,,,,,,,,
2007-07-10,25637.94,18819.47,16205.74,0.035871,A,A,0.047368,A,A,0.069552,A,A,0.074444,A,A,0.084933,A,A,0,A,,,,,,,,,,,,,,
2007-07-11,25717.56,18820.88,16211.06,0.037668,A,A,0.049078,A,A,0.071364,A,A,0.076678,A,A,0.087007,A,A,0,A,,,,,,,,,,,,,,
2007-07-12,25616.49,18832.77,16190.67,0.032357,A,A,0.043502,A,A,0.065609,A,A,0.071411,A,A,0.081455,A,A,0,A,,,,,,,,,,,,,,
2007-07-13,25579.21,18838.56,16180.51,0.029677,A,A,0.040651,A,A,0.062515,A,A,0.068809,A,A,0.078560,A,A,0,A,,,,,,,,,,,,,,
2007-07-17,25707.69,18888.10,16223.61,0.033492,A,A,0.044502,A,A,0.066172,A,A,0.073080,A,A,0.082662,A,A,0,A,,,,,,,,,,,,,,
2007-07-18,25775.02,18901.88,16247.04,0.034843,A,A,0.045794,A,A,0.067100,A,A,0.074724,A,A,0.084208,A,A,0,A,,,,,,,,,,,,,,
2007-07-19,25782.10,18924.62,16268.86,0.033675,A,A,0.044690,A,A,0.065661,A,A,0.073897,A,A,0.083264,A,A,0,A,,,,,,,,,,,,,,
2007-07-20,25730.25,18937.72,16268.15,0.030286,A,A,0.041311,A,A,0.061848,A,A,0.070720,A,A,0.079871,A,A,0,A,,,,,,,,,,,,,,
2007-07-23,25859.56,18965.46,16306.82,0.033946,A,A,0.045242,A,A,0.065553,A,A,0.075050,A,A,0.084030,A,A,0,A,,,,,,,,,,,,,,
2007-07-24,25832.68,18972.78,16306.36,0.031336,A,A,0.042857,A,A,0.062893,A,A,0.072901,A,A,0.081667,A,A,0,A,,,,,,,,,,,,,,
2007-07-25,25965.22,18978.12,16335.59,0.035031,A,A,0.046816,A,A,0.066761,A,A,0.077288,A,A,0.085943,A,A,0,A,,,,,,,,,,,,,,
2007-07-26,25835.39,18998.88,16314.10,0.028462,A,A,0.040323,A,A,0.059796,A,A,0.070793,A,A,0.079323,A,A,0,A,,,,,,,,,,,,,,
2007-07-27,25664.49,18998.62,16274.36,0.020501,A,A,0.032379,A,A,0.051217,A,A,0.062652,A,A,0.071082,A,A,0,A,,,,,,,,,,,,,,
2007-07-30,25291.37,19016.21,16197.72,0.004795,A,A,0.016526,A,A,0.034638,A,A,0.046359,A,A,0.054598,A,A,0,A,,,,,,,,,,,,,,
2007-07-31,25173.93,19039.15,16191.46,-0.000580,A,A,0.011037,A,A,0.028615,A,A,0.040672,A,A,0.048817,A,A,0,A,,,,,,,,,,,,,,
2007-08-01,25327.65,19045.35,16222.36,0.004560,A,A,0.016404,A,A,0.033670,A,A,0.046093,A,A,0.054258,A,A,0,A,,,,,,,,,,,,,,
2007-08-02,25307.75,19072.56,16232.49,0.002923,A,A,0.014809,A,A,0.031692,A,A,0.044191,A,A,0.052464,A,A,0,A,,,,,,,,,,,,,,
2007-08-03,25129.63,19075.67,16200.41,-0.004723,A,A,0.006981,A,A,0.023436,A,A,0.035765,A,A,0.044179,A,A,0,A,,,,,,,,,,,,,,
2007-08-06,25228.47,19088.89,16217.54,-0.001511,A,A,0.010168,A,A,0.026465,A,A,0.038701,A,A,0.047403,A,A,0,A,,,,,,,,,,,,,,
2007-08-07,25011.27,19080.91,16161.93,-0.010520,A,A,0.000894,A,A,0.016752,A,A,0.028663,A,A,0.037666,A,A,0,A,,,,,,,,,,,,,,
2007-08-08,24881.89,19078.69,16134.17,-0.015814,A,A,-0.004712,A,A,0.010684,A,A,0.022181,A,A,0.031655,A,A,0,A,,,,,,,,,,,,,,
2007-08-09,24925.45,19080.89,16139.98,-0.014158,A,A,-0.003369,A,A,0.011580,A,A,0.022899,A,A,0.032819,A,A,0,A,,,,,,,,,,,,,,
2007-08-10,25140.93,19075.91,16183.47,-0.005879,A,A,0.004721,A,A,0.019326,A,A,0.030601,A,A,0.041067,A,A,0,A,,,,,,,,,,,,,,
2007-08-13,24827.15,19098.19,16119.49,-0.018264,A,A,-0.008183,A,A,0.005813,A,A,0.016822,A,A,0.027521,A,A,0,A,,,,,,,,,,,,,,
2007-08-14,24618.61,19112.37,16095.31,-0.026432,fuera,A,-0.016704,A,A,-0.003310,A,A,0.007504,A,A,0.018392,A,A,0,A,,,,,,,,,,,,,,
2007-08-16,24597.53,19121.37,16078.71,-0.027357,fuera,A,-0.017785,A,A,-0.004806,A,A,0.005904,A,A,0.017033,A,A,0,A,,,,,,,,,,,,,,
2007-08-17,24022.04,19134.97,15947.46,-0.049650,fuera,A,-0.040597,fuera,A,-0.028396,fuera,A,-0.018227,A,A,-0.007080,A,A,0,A,,,,,,,,,,,,,,
2007-08-20,23552.38,19162.14,15885.13,-0.067334,fuera,A,-0.058969,fuera,A,-0.047452,fuera,A,-0.037856,fuera,A,-0.026621,fuera,A,0,A,,,,,,,,,,,,,,
2007-08-21,23730.63,19174.83,15950.25,-0.059542,fuera,fuera,-0.051594,fuera,A,-0.040371,fuera,A,-0.031024,fuera,A,-0.019382,fuera,A,1,A,,,,,,,,,,,,,,
2007-08-22,23964.07,19206.85,16002.94,-0.049628,fuera,fuera,-0.042107,fuera,A,-0.031104,fuera,A,-0.022024,fuera,A,-0.009921,fuera,A,1,A,,,,,,,,,,,,,,
2007-08-23,24117.76,19215.25,16052.40,-0.042825,fuera,fuera,-0.035851,fuera,fuera,-0.025101,fuera,fuera,-0.016288,fuera,A,-0.003804,fuera,A,3,E,,,,,,,,,,,,,,
2007-08-24,24470.73,19214.51,16129.35,-0.028265,fuera,fuera,-0.021795,fuera,fuera,-0.011220,fuera,fuera,-0.002532,fuera,fuera,0.010402,fuera,fuera,5,E,,,,,,,,,,,,,,
2007-08-27,24622.54,19236.78,16161.17,-0.021788,fuera,fuera,-0.015917,fuera,fuera,-0.005506,fuera,fuera,0.003018,fuera,fuera,0.016202,fuera,fuera,5,E,,,,,,,,,,,,,,
2007-08-28,24820.08,19243.65,16213.93,-0.013555,fuera,fuera,-0.008301,fuera,fuera,0.002010,fuera,fuera,0.010384,fuera,fuera,0.023792,A,fuera,5,E,,,,,,,,,,,,,,
2007-08-29,24881.95,19254.25,16223.49,-0.010827,fuera,fuera,-0.006226,fuera,fuera,0.004061,fuera,fuera,0.012206,fuera,fuera,0.025795,A,fuera,5,E,,,,,,,,,,,,,,
2007-08-30,24647.25,19263.60,16182.59,-0.019628,fuera,fuera,-0.015783,fuera,fuera,-0.005760,fuera,fuera,0.002061,fuera,fuera,0.015622,A,fuera,5,E,,,,,,,,,,,,,,
2007-08-31,24822.92,19357.49,16261.50,-0.012270,fuera,fuera,-0.008993,fuera,fuera,0.000893,fuera,fuera,0.008497,fuera,fuera,0.022272,A,fuera,5,E,,,,,,,,,,,,,,
2007-09-03,24961.12,19376.36,16306.43,-0.006559,fuera,fuera,-0.003806,fuera,fuera,0.005994,fuera,fuera,0.013330,fuera,fuera,0.027197,A,A,4,E,,,,,,,,,,,,,,
2007-09-04,25213.12,19391.94,16352.05,0.003402,fuera,fuera,0.005827,fuera,fuera,0.015611,fuera,fuera,0.022717,A,fuera,0.036644,A,A,4,E,,,,,,,,,,,,,,
2007-09-05,25246.65,19398.66,16361.28,0.004643,fuera,fuera,0.006809,fuera,fuera,0.016382,fuera,fuera,0.023234,A,fuera,0.037072,A,A,4,E,,,,,,,,,,,,,,
2007-09-06,25307.11,19388.94,16357.95,0.007042,fuera,fuera,0.008931,fuera,fuera,0.018203,fuera,fuera,0.024837,A,fuera,0.038535,A,A,4,E,,,,,,,,,,,,,,
2007-09-07,25198.27,19391.98,16332.11,0.002994,fuera,fuera,0.004382,fuera,fuera,0.013310,fuera,fuera,0.019691,A,fuera,0.032986,A,A,4,E,,,,,,,,,,,,,,
2007-09-10,25217.02,19426.51,16340.10,0.004065,fuera,fuera,0.004901,fuera,fuera,0.013538,fuera,fuera,0.019741,A,A,0.032758,A,A,3,E,,,,,,,,,,,,,,
2007-09-11,24993.44,19431.22,16292.51,-0.004289,fuera,fuera,-0.004184,fuera,fuera,0.004126,fuera,fuera,0.010092,A,A,0.022708,A,A,3,E,,,,,,,,,,,,,,
2007-09-12,24858.85,19433.40,16264.85,-0.009005,fuera,fuera,-0.009773,fuera,fuera,-0.001662,fuera,fuera,0.004154,A,A,0.016429,A,A,3,E,,,,,,,,,,,,,,
2007-09-13,24968.41,19442.32,16277.11,-0.004047,fuera,fuera,-0.005652,fuera,fuera,0.002345,fuera,fuera,0.008062,A,A,0.020139,A,A,3,E,,,,,,,,,,,,,,
2007-09-14,24960.95,19448.99,16274.11,-0.003676,fuera,fuera,-0.006144,fuera,fuera,0.001703,fuera,fuera,0.007234,A,A,0.019092,A,A,3,E,,,,,,,,,,,,,,
2007-09-20,25049.15,19500.67,16333.71,0.000348,fuera,fuera,-0.002901,fuera,fuera,0.004899,fuera,fuera,0.010262,A,A,0.021837,A,A,3,E,,,,,,,,,,,,,,
2007-09-21,25553.18,19514.94,16433.40,0.020500,A,fuera,0.016659,fuera,fuera,0.024549,A,fuera,0.029893,A,A,0.041332,A,A,3,E,,,,,,,,,,,,,,
2007-09-24,25600.35,19539.67,16460.77,0.022481,A,fuera,0.018128,fuera,fuera,0.025818,A,fuera,0.031117,A,A,0.042222,A,A,3,E,,,,,,,,,,,,,,
2007-09-25,25687.84,19549.91,16476.07,0.026055,A,fuera,0.021244,A,fuera,0.028692,A,fuera,0.033917,A,A,0.044730,A,A,3,E,,,,,,,,,,,,,,
2007-09-26,25819.02,19558.50,16479.50,0.031261,A,fuera,0.026027,A,fuera,0.033205,A,fuera,0.038416,A,A,0.049014,A,A,3,E,,,,,,,,,,,,,,
2007-09-27,25787.29,19560.06,16462.51,0.029942,A,A,0.024433,A,fuera,0.031254,A,A,0.036397,A,A,0.046722,A,A,1,A,,,,,,,,,,,,,,
2007-09-28,25940.96,19561.55,16493.40,0.036004,A,A,0.030057,A,fuera,0.036602,A,A,0.041810,A,A,0.051958,A,A,1,A,,,,,,,,,,,,,,
2007-10-01,26174.45,19575.07,16547.17,0.045012,A,A,0.038738,A,A,0.044996,A,A,0.050302,A,A,0.060371,A,A,0,A,,,,,,,,,,,,,,
2007-10-02,26205.67,19578.47,16556.52,0.046036,A,A,0.039359,A,A,0.045325,A,A,0.050654,A,A,0.060579,A,A,0,A,,,,,,,,,,,,,,
2007-10-03,26433.18,19608.63,16616.20,0.054558,A,A,0.047584,A,A,0.053407,A,A,0.058817,A,A,0.068646,A,A,0,A,,,,,,,,,,,,,,
2007-10-04,26526.70,19619.84,16635.82,0.057480,A,A,0.050385,A,A,0.056131,A,A,0.061563,A,A,0.071219,A,A,0,A,,,,,,,,,,,,,,
2007-10-05,26408.23,19626.45,16619.00,0.051717,A,A,0.044876,A,A,0.050440,A,A,0.055870,A,A,0.065260,A,A,0,A,,,,,,,,,,,,,,
2007-10-08,26413.66,19648.96,16634.16,0.050780,A,A,0.044371,A,A,0.049708,A,A,0.055119,A,A,0.064344,A,A,0,A,,,,,,,,,,,,,,
2007-10-09,26601.81,19658.92,16667.90,0.057075,A,A,0.051106,A,A,0.056085,A,A,0.061621,A,A,0.070731,A,A,0,A,,,,,,,,,,,,,,
2007-10-10,26619.94,19663.99,16664.70,0.056571,A,A,0.051149,A,A,0.055747,A,A,0.061365,A,A,0.070279,A,A,0,A,,,,,,,,,,,,,,
2007-10-11,26654.90,19669.43,16677.14,0.056537,A,A,0.051856,A,A,0.056112,A,A,0.061804,A,A,0.070546,A,A,0,A,,,,,,,,,,,,,,
2007-10-12,26823.05,19666.32,16706.06,0.061711,A,A,0.057690,A,A,0.061655,A,A,0.067481,A,A,0.076130,A,A,0,A,,,,,,,,,,,,,,
2007-10-16,26889.50,19640.06,16709.28,0.062586,A,A,0.059493,A,A,0.063185,A,A,0.069052,A,A,0.077609,A,A,0,A,,,,,,,,,,,,,,
2007-10-17,26967.29,19637.01,16718.39,0.063712,A,A,0.061741,A,A,0.065190,A,A,0.071066,A,A,0.079560,A,A,0,A,,,,,,,,,,,,,,
2007-10-18,26844.62,19634.44,16712.86,0.057095,A,A,0.056114,A,A,0.059416,A,A,0.065132,A,A,0.073554,A,A,0,A,,,,,,,,,,,,,,
2007-10-19,26977.45,19652.23,16749.69,0.060621,A,A,0.060428,A,A,0.063672,A,A,0.069321,A,A,0.077711,A,A,0,A,,,,,,,,,,,,,,
2007-10-22,26997.14,19676.08,16759.25,0.059386,A,A,0.060362,A,A,0.063450,A,A,0.068977,A,A,0.077365,A,A,0,A,,,,,,,,,,,,,,
2007-10-23,26735.47,19684.29,16721.67,0.047185,A,A,0.049466,A,A,0.052209,A,A,0.057588,A,A,0.065929,A,A,0,A,,,,,,,,,,,,,,
2007-10-24,26663.22,19692.94,16749.74,0.042481,A,A,0.046065,A,A,0.048370,A,A,0.053763,A,A,0.062116,A,A,0,A,,,,,,,,,,,,,,
2007-10-25,26933.41,19707.52,16795.17,0.050388,A,A,0.055886,A,A,0.057904,A,A,0.063389,A,A,0.071838,A,A,0,A,,,,,,,,,,,,,,
2007-10-26,26931.13,19724.00,16801.78,0.047232,A,A,0.055104,A,A,0.056760,A,A,0.062281,A,A,0.070708,A,A,0,A,,,,,,,,,,,,,,
2007-10-29,27016.61,19751.92,16828.36,0.047582,A,A,0.057687,A,A,0.059006,A,A,0.064571,A,A,0.073056,A,A,0,A,,,,,,,,,,,,,,
2007-10-30,27297.79,19764.29,16876.67,0.055453,A,A,0.067824,A,A,0.068845,A,A,0.074470,A,A,0.083108,A,A,0,A,,,,,,,,,,,,,,
2007-10-31,27519.36,19860.83,16920.43,0.060919,A,A,0.075385,A,A,0.076320,A,A,0.081862,A,A,0.090680,A,A,0,A,,,,,,,,,,,,,,
2007-11-02,27447.60,19882.53,16918.99,0.055461,A,A,0.071414,A,A,0.072427,A,A,0.077790,A,A,0.086645,A,A,0,A,,,,,,,,,,,,,,
2007-11-05,27445.67,19914.11,16922.18,0.052847,A,A,0.069933,A,A,0.071280,A,A,0.076512,A,A,0.085415,A,A,0,A,,,,,,,,,,,,,,
2007-11-06,27052.03,19921.30,16839.46,0.035775,A,A,0.053382,A,A,0.055096,A,A,0.060034,A,A,0.068842,A,A,0,A,,,,,,,,,,,,,,
2007-11-07,27080.55,19918.35,16834.52,0.034931,A,A,0.053369,A,A,0.055344,A,A,0.060145,A,A,0.068951,A,A,0,A,,,,,,,,,,,,,,
2007-11-08,27106.19,19924.99,16841.34,0.033752,A,A,0.053216,A,A,0.055498,A,A,0.060189,A,A,0.068925,A,A,0,A,,,,,,,,,,,,,,
2007-11-09,26905.54,19935.70,16818.32,0.024292,A,A,0.044293,A,A,0.046934,A,A,0.051535,A,A,0.060078,A,A,0,A,,,,,,,,,,,,,,
2007-11-12,26726.90,19949.52,16795.76,0.015974,A,A,0.036418,A,A,0.039298,A,A,0.043829,A,A,0.052206,A,A,0,A,,,,,,,,,,,,,,
2007-11-13,26377.61,19956.44,16754.87,0.001711,A,A,0.022027,A,A,0.025166,A,A,0.029604,A,A,0.037776,A,A,0,A,,,,,,,,,,,,,,
2007-11-14,26330.97,19965.27,16757.45,-0.000975,A,A,0.019326,A,A,0.022828,A,A,0.027164,A,A,0.035285,A,A,0,A,,,,,,,,,,,,,,
2007-11-15,26610.76,19952.60,16788.22,0.008532,A,A,0.029108,A,A,0.033111,A,A,0.037262,A,A,0.045513,A,A,0,A,,,,,,,,,,,,,,
2007-11-16,26551.90,19957.37,16783.31,0.005156,A,A,0.025957,A,A,0.030367,A,A,0.034209,A,A,0.042471,A,A,0,A,,,,,,,,,,,,,,
2007-11-19,26434.10,19973.58,16774.87,-0.000327,A,A,0.020415,A,A,0.025418,A,A,0.028938,A,A,0.037127,A,A,0,A,,,,,,,,,,,,,,
2007-11-20,26193.54,19977.98,16720.97,-0.010423,A,A,0.010169,A,A,0.015834,A,A,0.018979,A,A,0.027083,A,A,0,A,,,,,,,,,,,,,,
2007-11-21,26048.57,19982.44,16693.47,-0.016881,A,A,0.003701,A,A,0.010014,A,A,0.012854,A,A,0.020815,A,A,0,A,,,,,,,,,,,,,,
2007-11-22,25693.20,19985.05,16626.16,-0.030883,fuera,A,-0.010987,A,A,-0.003789,A,A,-0.001236,A,A,0.006407,A,A,0,A,,,,,,,,,,,,,,
2007-11-23,25536.95,19988.90,16615.26,-0.037241,fuera,A,-0.018174,A,A,-0.009770,A,A,-0.007465,A,A,-0.000120,A,A,0,A,,,,,,,,,,,,,,
2007-11-26,25637.45,19990.91,16641.38,-0.033928,fuera,A,-0.015438,A,A,-0.005882,A,A,-0.003742,A,A,0.003400,A,A,0,A,,,,,,,,,,,,,,
2007-11-27,25735.47,19993.97,16651.43,-0.030383,fuera,A,-0.012723,A,A,-0.002148,A,A,-0.000108,A,A,0.006813,A,A,0,A,,,,,,,,,,,,,,
2007-11-28,25578.47,19996.47,16620.65,-0.036280,fuera,fuera,-0.019604,A,A,-0.008180,A,A,-0.006350,A,A,0.000277,A,A,1,A,,,,,,,,,,,,,,
2007-11-29,25789.66,19994.71,16673.21,-0.028406,fuera,fuera,-0.012290,A,A,0.000002,A,A,0.001657,A,A,0.008092,A,A,1,A,,,,,,,,,,,,,,
2007-11-30,26073.84,19997.92,16715.31,-0.017910,fuera,fuera,-0.002272,A,A,0.010894,A,A,0.012385,A,A,0.018621,A,A,1,A,,,,,,,,,,,,,,
2007-12-03,26261.62,20006.32,16756.92,-0.011229,fuera,fuera,0.004048,A,A,0.017942,A,A,0.019276,A,A,0.025349,A,A,1,A,,,,,,,,,,,,,,
2007-12-04,26319.79,20019.21,16770.03,-0.009353,fuera,fuera,0.005408,A,A,0.019994,A,A,0.021087,A,A,0.027028,A,A,1,A,,,,,,,,,,,,,,
2007-12-05,26294.03,20035.83,16753.31,-0.010422,fuera,fuera,0.003438,A,A,0.018794,A,A,0.019654,A,A,0.025431,A,A,1,A,,,,,,,,,,,,,,
2007-12-06,26413.42,20034.17,16779.52,-0.006101,fuera,fuera,0.007039,A,A,0.023222,A,A,0.023862,A,A,0.029489,A,A,1,A,,,,,,,,,,,,,,
2007-12-07,26544.70,20029.60,16812.76,-0.001254,fuera,fuera,0.011090,A,A,0.027994,A,A,0.028561,A,A,0.034009,A,A,1,A,,,,,,,,,,,,,,
2007-12-10,26656.30,20028.07,16839.86,0.002836,fuera,fuera,0.014470,A,A,0.031875,A,A,0.032476,A,A,0.037776,A,A,1,A,,,,,,,,,,,,,,
2007-12-11,26704.95,20016.73,16845.48,0.004417,fuera,fuera,0.015441,A,A,0.033130,A,A,0.033945,A,A,0.039078,A,A,1,A,,,,,,,,,,,,,,
2007-12-12,26576.01,20016.20,16798.98,-0.000568,fuera,fuera,0.009777,A,A,0.027523,A,A,0.028581,A,A,0.033512,A,A,1,A,,,,,,,,,,,,,,
2007-12-13,26481.90,20024.10,16787.30,-0.004008,fuera,fuera,0.005435,A,A,0.023377,A,A,0.024620,A,A,0.029289,A,A,1,A,,,,,,,,,,,,,,
2007-12-14,26109.78,20028.72,16690.88,-0.017584,fuera,fuera,-0.009218,A,A,0.008649,A,A,0.010076,A,A,0.014319,A,A,1,A,,,,,,,,,,,,,,
2007-12-17,25762.73,20003.85,16634.69,-0.029919,fuera,fuera,-0.022834,fuera,A,-0.005028,A,A,-0.003404,A,A,0.000471,A,A,1,A,,,,,,,,,,,,,,
2007-12-18,25420.82,20008.87,16587.92,-0.041669,fuera,fuera,-0.036123,fuera,A,-0.018314,A,A,-0.016573,A,A,-0.013043,A,A,1,A,,,,,,,,,,,,,,
2007-12-19,25219.08,20010.39,16547.32,-0.047942,fuera,fuera,-0.043914,fuera,A,-0.026191,fuera,A,-0.024201,fuera,A,-0.021057,fuera,A,1,A,,,,,,,,,,,,,,
2007-12-20,25255.92,20021.68,16556.48,-0.045180,fuera,fuera,-0.042685,fuera,A,-0.024925,fuera,A,-0.022589,fuera,A,-0.019778,fuera,A,1,A,,,,,,,,,,,,,,
2007-12-21,25309.35,20034.25,16586.27,-0.041925,fuera,fuera,-0.040808,fuera,fuera,-0.023023,fuera,A,-0.020350,fuera,A,-0.017811,fuera,A,2,E,,,,,,,,,,,,,,
2007-12-24,25518.55,20060.16,16655.17,-0.032818,fuera,fuera,-0.032859,fuera,fuera,-0.015108,fuera,A,-0.012176,fuera,A,-0.009816,fuera,A,2,E,,,,,,,,,,,,,,
2007-12-26,25670.10,20066.67,16680.25,-0.025986,fuera,fuera,-0.027156,fuera,fuera,-0.009617,fuera,fuera,-0.006240,fuera,fuera,-0.004097,fuera,fuera,5,E,,,,,,,,,,,,,,
2007-12-27,25700.81,20069.28,16684.66,-0.023969,fuera,fuera,-0.025999,fuera,fuera,-0.008891,fuera,fuera,-0.005003,fuera,fuera,-0.003040,fuera,fuera,5,E,,,,,,,,,,,,,,
2007-12-28,25891.04,20069.60,16713.16,-0.016104,fuera,fuera,-0.018832,fuera,fuera,-0.002109,fuera,fuera,0.002389,fuera,fuera,0.004122,fuera,fuera,5,E,,,,,,,,,,,,,,
2007-12-31,25906.70,20103.33,16730.56,-0.014654,fuera,fuera,-0.018308,fuera,fuera,-0.002310,fuera,fuera,0.002969,fuera,fuera,0.004529,fuera,fuera,5,E,,,,,,,,,,,,,,
2008-01-02,25938.57,20110.61,16738.93,-0.012614,fuera,fuera,-0.017099,fuera,fuera,-0.002102,fuera,fuera,0.004102,fuera,fuera,0.005551,fuera,fuera,5,E,,,,,,,,,,,,,,
2008-01-03,25895.91,20121.40,16734.61,-0.013302,fuera,fuera,-0.018554,fuera,fuera,-0.004664,fuera,fuera,0.002227,fuera,fuera,0.003683,fuera,fuera,5,E,,,,,,,,,,,,,,
2008-01-04,25680.96,20143.56,16678.96,-0.020151,fuera,fuera,-0.026398,fuera,fuera,-0.013649,fuera,fuera,-0.006278,fuera,fuera,-0.004815,fuera,fuera,5,E,,,,,,,,,,,,,,
2008-01-07,25504.90,20166.52,16653.02,-0.025203,fuera,fuera,-0.032540,fuera,fuera,-0.020991,fuera,fuera,-0.013155,fuera,fuera,-0.011748,fuera,fuera,5,E,,,,,,,,,,,,,,
2008-01-08,25273.62,20179.10,16622.15,-0.032256,fuera,fuera,-0.040601,fuera,fuera,-0.030201,fuera,fuera,-0.022091,fuera,fuera,-0.020702,fuera,fuera,5,E,,,,,,,,,,,,,,
2008-01-09,25155.24,20190.68,16603.36,-0.034908,fuera,fuera,-0.044384,fuera,fuera,-0.034962,fuera,fuera,-0.026681,fuera,fuera,-0.025180,fuera,fuera,5,E,,,,,,,,,,,,,,
2008-01-10,25021.49,20193.97,16548.44,-0.038375,fuera,fuera,-0.048679,fuera,fuera,-0.040176,fuera,fuera,-0.031782,fuera,fuera,-0.030196,fuera,fuera,5,E,,,,,,,,,,,,,,
2008-01-11,25051.57,20180.80,16556.31,-0.035547,fuera,fuera,-0.046658,fuera,fuera,-0.039092,fuera,fuera,-0.030633,fuera,fuera,-0.028861,fuera,fuera,5,E,,,,,,,,,,,,,,
2008-01-14,24968.40,20188.26,16555.41,-0.036988,fuera,fuera,-0.048889,fuera,fuera,-0.042413,fuera,fuera,-0.033882,fuera,fuera,-0.031899,fuera,fuera,5,E,,,,,,,,,,,,,,
2008-01-15,24805.52,20157.87,16503.84,-0.041545,fuera,fuera,-0.054052,fuera,fuera,-0.048652,fuera,fuera,-0.040142,fuera,fuera,-0.037968,fuera,fuera,5,E,,,,,,,,,,,,,,
2008-01-16,24503.26,20164.08,16440.13,-0.051413,fuera,fuera,-0.064285,fuera,fuera,-0.060061,fuera,fuera,-0.051615,fuera,fuera,-0.049335,fuera,fuera,5,E,,,,,,,,,,,,,,
2008-01-17,24052.39,20175.74,16369.12,-0.067001,fuera,fuera,-0.079945,fuera,fuera,-0.076900,fuera,fuera,-0.068800,fuera,fuera,-0.066378,fuera,fuera,5,E,,,,,,,,,,,,,,
2008-01-18,23846.87,20184.53,16324.71,-0.072988,fuera,fuera,-0.086102,fuera,fuera,-0.084241,fuera,fuera,-0.076494,fuera,fuera,-0.073861,fuera,fuera,5,E,,,,,,,,,,,,,,
2008-01-21,23666.27,20209.58,16301.68,-0.077663,fuera,fuera,-0.091294,fuera,fuera,-0.090540,fuera,fuera,-0.083173,fuera,fuera,-0.080297,fuera,fuera,5,E,,,,,,,,,,,,,,
2008-01-22,23127.17,20223.52,16198.82,-0.095991,fuera,fuera,-0.109938,fuera,fuera,-0.110470,fuera,fuera,-0.103762,fuera,fuera,-0.100512,fuera,fuera,5,E,,,,,,,,,,,,,,
2008-01-23,22808.14,20242.49,16187.68,-0.105645,fuera,fuera,-0.119999,fuera,fuera,-0.121836,fuera,fuera,-0.115882,fuera,fuera,-0.112105,fuera,fuera,5,E,,,,,,,,,,,,,,
2008-01-24,22780.52,20254.58,16167.30,-0.104063,fuera,fuera,-0.118964,fuera,fuera,-0.122069,fuera,fuera,-0.116643,fuera,fuera,-0.112372,fuera,fuera,5,E,,,,,,,,,,,,,,
2008-01-25,23132.18,20254.15,16252.87,-0.087908,fuera,fuera,-0.103450,fuera,fuera,-0.107857,fuera,fuera,-0.102731,fuera,fuera,-0.097908,fuera,fuera,5,E,,,,,,,,,,,,,,
2008-01-28,23487.03,20270.88,16337.55,-0.072123,fuera,fuera,-0.087793,fuera,fuera,-0.093596,fuera,fuera,-0.088754,fuera,fuera,-0.083405,fuera,fuera,5,E,,,,,,,,,,,,,,
2008-01-29,23337.90,20276.28,16295.88,-0.076231,fuera,fuera,-0.091605,fuera,fuera,-0.098724,fuera,fuera,-0.094161,fuera,fuera,-0.088483,fuera,fuera,5,E,,,,,,,,,,,,,,
2008-01-30,23480.61,20277.54,16341.77,-0.068816,fuera,fuera,-0.084080,fuera,fuera,-0.092602,fuera,fuera,-0.088237,fuera,fuera,-0.082239,fuera,fuera,5,E,,,,,,,,,,,,,,
2008-01-31,23519.10,20324.88,16398.76,-0.065464,fuera,fuera,-0.080461,fuera,fuera,-0.090320,fuera,fuera,-0.086303,fuera,fuera,-0.080123,fuera,fuera,5,E,,,,,,,,,,,,,,
2008-02-01,23527.15,20332.96,16396.26,-0.063448,fuera,fuera,-0.077897,fuera,fuera,-0.089197,fuera,fuera,-0.085532,fuera,fuera,-0.079304,fuera,fuera,5,E,,,,,,,,,,,,,,
2008-02-04,23795.97,20339.25,16453.76,-0.051073,fuera,fuera,-0.065271,fuera,fuera,-0.078040,fuera,fuera,-0.074792,fuera,fuera,-0.068385,fuera,fuera,5,E,,,,,,,,,,,,,,
2008-02-05,24009.94,20342.75,16490.66,-0.040786,fuera,fuera,-0.054873,fuera,fuera,-0.069025,fuera,fuera,-0.066191,fuera,fuera,-0.059623,fuera,fuera,5,E,,,,,,,,,,,,,,
2008-02-06,23815.82,20357.08,16458.48,-0.046471,fuera,fuera,-0.060645,fuera,fuera,-0.075766,fuera,fuera,-0.073348,fuera,fuera,-0.066793,fuera,fuera,5,E,,,,,,,,,,,,,,
2008-02-07,23608.92,20368.50,16429.40,-0.052469,fuera,fuera,-0.066809,fuera,fuera,-0.082874,fuera,fuera,-0.080852,fuera,fuera,-0.074463,fuera,fuera,5,E,,,,,,,,,,,,,,
2008-02-08,23457.28,20375.49,16408.87,-0.056167,fuera,fuera,-0.070709,fuera,fuera,-0.087694,fuera,fuera,-0.086149,fuera,fuera,-0.079900,fuera,fuera,5,E,,,,,,,,,,,,,,
2008-02-11,23458.57,20391.08,16414.64,-0.053615,fuera,fuera,-0.068670,fuera,fuera,-0.086560,fuera,fuera,-0.085472,fuera,fuera,-0.079405,fuera,fuera,5,E,,,,,,,,,,,,,,
2008-02-12,23380.17,20391.80,16412.69,-0.054094,fuera,fuera,-0.069852,fuera,fuera,-0.088408,fuera,fuera,-0.087912,fuera,fuera,-0.082052,fuera,fuera,5,E,,,,,,,,,,,,,,
2008-02-13,23644.10,20393.38,16476.60,-0.040819,fuera,fuera,-0.057751,fuera,fuera,-0.076965,fuera,fuera,-0.077077,fuera,fuera,-0.071319,fuera,fuera,5,E,,,,,,,,,,,,,,
2008-02-14,23809.23,20397.98,16518.48,-0.031592,fuera,fuera,-0.049678,fuera,fuera,-0.069470,fuera,fuera,-0.070222,fuera,fuera,-0.064445,fuera,fuera,5,E,,,,,,,,,,,,,,
2008-02-15,23965.22,20420.22,16549.66,-0.022942,fuera,fuera,-0.041871,fuera,fuera,-0.062376,fuera,fuera,-0.063819,fuera,fuera,-0.058062,fuera,fuera,5,E,,,,,,,,,,,,,,
2008-02-18,23904.15,20432.31,16533.48,-0.023150,fuera,fuera,-0.042729,fuera,fuera,-0.063667,fuera,fuera,-0.065835,fuera,fuera,-0.060253,fuera,fuera,5,E,,,,,,,,,,,,,,
2008-02-19,23969.20,20439.01,16554.22,-0.018584,fuera,fuera,-0.038641,fuera,fuera,-0.060035,fuera,fuera,-0.062947,fuera,fuera,-0.057511,fuera,fuera,5,E,,,,,,,,,,,,,,
2008-02-20,24169.10,20441.14,16597.95,-0.008962,fuera,fuera,-0.029392,fuera,fuera,-0.051168,fuera,fuera,-0.054822,fuera,fuera,-0.049694,fuera,fuera,5,E,,,,,,,,,,,,,,
2008-02-21,24145.14,20448.94,16606.96,-0.008792,fuera,fuera,-0.029195,fuera,fuera,-0.051000,fuera,fuera,-0.055264,fuera,fuera,-0.050812,fuera,fuera,5,E,,,,,,,,,,,,,,
2008-02-22,24321.44,20458.08,16648.44,-0.000737,fuera,fuera,-0.021263,fuera,fuera,-0.042998,fuera,fuera,-0.047912,fuera,fuera,-0.044057,fuera,fuera,5,E,,,,,,,,,,,,,,
2008-02-25,24291.19,20477.70,16654.34,-0.001100,fuera,fuera,-0.021714,fuera,fuera,-0.043068,fuera,fuera,-0.048601,fuera,fuera,-0.045344,fuera,fuera,5,E,,,,,,,,,,,,,,
2008-02-26,24426.22,20475.37,16681.40,0.005264,fuera,fuera,-0.015525,fuera,fuera,-0.036729,fuera,fuera,-0.042815,fuera,fuera,-0.040129,fuera,fuera,5,E,,,,,,,,,,,,,,
2008-02-27,24600.20,20483.35,16720.39,0.013276,fuera,fuera,-0.007804,fuera,fuera,-0.028857,fuera,fuera,-0.035570,fuera,fuera,-0.033332,fuera,fuera,5,E,,,,,,,,,,,,,,
2008-02-28,24730.55,20497.24,16742.63,0.019522,fuera,fuera,-0.002013,fuera,fuera,-0.022739,fuera,fuera,-0.030021,fuera,fuera,-0.028242,fuera,fuera,5,E,,,,,,,,,,,,,,
2008-02-29,24672.67,20542.75,16749.78,0.018094,fuera,fuera,-0.003647,fuera,fuera,-0.024142,fuera,fuera,-0.031748,fuera,fuera,-0.030472,fuera,fuera,5,E,,,,,,,,,,,,,,
2008-03-03,24366.36,20557.59,16707.32,0.006862,fuera,fuera,-0.014956,fuera,fuera,-0.035284,fuera,fuera,-0.043111,fuera,fuera,-0.042355,fuera,fuera,5,E,,,,,,,,,,,,,,
2008-03-04,24101.87,20560.26,16660.80,-0.002413,fuera,fuera,-0.024317,fuera,fuera,-0.044566,fuera,fuera,-0.052672,fuera,fuera,-0.052588,fuera,fuera,5,E,,,,,,,,,,,,,,
2008-03-05,23885.46,20561.29,16617.70,-0.009500,fuera,fuera,-0.031587,fuera,fuera,-0.051872,fuera,fuera,-0.060249,fuera,fuera,-0.060821,fuera,fuera,5,E,,,,,,,,,,,,,,
2008-03-06,23862.40,20569.94,16614.25,-0.008599,fuera,fuera,-0.031029,fuera,fuera,-0.051468,fuera,fuera,-0.060259,fuera,fuera,-0.061405,fuera,fuera,5,E,,,,,,,,,,,,,,
2008-03-07,23807.11,20574.92,16605.71,-0.009182,fuera,fuera,-0.031673,fuera,fuera,-0.052205,fuera,fuera,-0.061519,fuera,fuera,-0.063169,fuera,fuera,5,E,,,,,,,,,,,,,,
2008-03-10,23556.55,20598.28,16582.15,-0.017840,fuera,fuera,-0.040041,fuera,fuera,-0.060533,fuera,fuera,-0.070334,fuera,fuera,-0.072539,fuera,fuera,5,E,,,,,,,,,,,,,,
2008-03-11,23276.29,20628.07,16546.19,-0.027726,fuera,fuera,-0.049416,fuera,fuera,-0.069991,fuera,fuera,-0.080238,fuera,fuera,-0.082992,fuera,fuera,5,E,,,,,,,,,,,,,,
2008-03-12,23359.52,20637.85,16563.03,-0.022620,fuera,fuera,-0.043976,fuera,fuera,-0.064970,fuera,fuera,-0.075803,fuera,fuera,-0.079183,fuera,fuera,5,E,,,,,,,,,,,,,,
2008-03-13,23572.10,20648.05,16619.34,-0.012394,fuera,fuera,-0.033419,fuera,fuera,-0.054998,fuera,fuera,-0.066249,fuera,fuera,-0.070325,fuera,fuera,5,E,,,,,,,,,,,,,,
2008-03-14,23411.38,20661.80,16605.57,-0.017628,fuera,fuera,-0.038117,fuera,fuera,-0.059905,fuera,fuera,-0.071397,fuera,fuera,-0.076206,fuera,fuera,5,E,,,,,,,,,,,,,,
2008-03-17,23406.18,20756.65,16669.90,-0.016413,fuera,fuera,-0.036659,fuera,fuera,-0.058559,fuera,fuera,-0.070353,fuera,fuera,-0.075991,fuera,fuera,5,E,,,,,,,,,,,,,,
2008-03-18,23068.18,20772.45,16610.31,-0.029042,fuera,fuera,-0.048922,fuera,fuera,-0.070560,fuera,fuera,-0.082467,fuera,fuera,-0.088792,fuera,fuera,5,E,,,,,,,,,,,,,,
2008-03-19,23148.31,20761.90,16629.60,-0.024433,fuera,fuera,-0.044219,fuera,fuera,-0.065835,fuera,fuera,-0.077942,fuera,fuera,-0.085107,fuera,fuera,5,E,,,,,,,,,,,,,,
2008-03-20,23163.81,20756.51,16638.35,-0.022966,fuera,fuera,-0.042309,fuera,fuera,-0.063861,fuera,fuera,-0.075981,fuera,fuera,-0.083953,fuera,fuera,5,E,,,,,,,,,,,,,,
2008-03-24,23169.18,20767.18,16658.66,-0.022119,fuera,fuera,-0.040794,fuera,fuera,-0.062312,fuera,fuera,-0.074513,fuera,fuera,-0.083054,fuera,fuera,5,E,,,,,,,,,,,,,,
2008-03-25,23315.82,20769.15,16699.66,-0.015606,fuera,fuera,-0.033477,fuera,fuera,-0.054977,fuera,fuera,-0.067468,fuera,fuera,-0.076588,fuera,fuera,5,E,,,,,,,,,,,,,,
2008-03-26,23616.31,20747.90,16729.99,-0.003377,fuera,fuera,-0.019813,fuera,fuera,-0.041531,fuera,fuera,-0.054255,fuera,fuera,-0.064078,fuera,fuera,5,E,,,,,,,,,,,,,,
2008-03-27,23668.15,20763.53,16735.19,-0.001994,fuera,fuera,-0.016384,fuera,fuera,-0.038227,fuera,fuera,-0.050998,fuera,fuera,-0.061388,fuera,fuera,5,E,,,,,,,,,,,,,,
2008-03-28,23652.00,20763.21,16746.09,-0.003489,fuera,fuera,-0.015746,fuera,fuera,-0.037780,fuera,fuera,-0.050425,fuera,fuera,-0.061398,fuera,fuera,5,E,,,,,,,,,,,,,,
2008-03-31,23705.83,20735.29,16723.06,-0.001757,fuera,fuera,-0.012102,fuera,fuera,-0.034567,fuera,fuera,-0.046955,fuera,fuera,-0.058599,fuera,fuera,5,E,,,,,,,,,,,,,,
2008-04-01,23663.58,20741.82,16723.18,-0.003700,fuera,fuera,-0.012421,fuera,fuera,-0.035402,fuera,fuera,-0.047247,fuera,fuera,-0.059533,fuera,fuera,5,E,,,,,,,,,,,,,,
2008-04-02,23835.40,20745.51,16764.62,0.003067,fuera,fuera,-0.003884,fuera,fuera,-0.027649,fuera,fuera,-0.038998,fuera,fuera,-0.051995,fuera,fuera,5,E,,,,,,,,,,,,,,
2008-04-03,24022.27,20769.97,16802.04,0.010419,fuera,fuera,0.005156,fuera,fuera,-0.019307,fuera,fuera,-0.030189,fuera,fuera,-0.043835,fuera,fuera,5,E,,,,,,,,,,,,,,
2008-04-04,24133.42,20780.80,16823.66,0.014512,fuera,fuera,0.010829,fuera,fuera,-0.014053,fuera,fuera,-0.024607,fuera,fuera,-0.038684,fuera,fuera,5,E,,,,,,,,,,,,,,
2008-04-07,24177.13,20797.25,16846.28,0.015732,fuera,fuera,0.013541,fuera,fuera,-0.011639,fuera,fuera,-0.021747,fuera,fuera,-0.036264,fuera,fuera,5,E,,,,,,,,,,,,,,
2008-04-08,24287.87,20804.07,16875.73,0.019916,fuera,fuera,0.018841,fuera,fuera,-0.006434,fuera,fuera,-0.016198,fuera,fuera,-0.031198,fuera,fuera,5,E,,,,,,,,,,,,,,
2008-04-09,24247.39,20806.81,16872.92,0.017991,fuera,fuera,0.017749,fuera,fuera,-0.007266,fuera,fuera,-0.016829,fuera,fuera,-0.032091,fuera,fuera,5,E,,,,,,,,,,,,,,
2008-04-10,24210.25,20812.68,16869.79,0.016058,fuera,fuera,0.016731,fuera,fuera,-0.007861,fuera,fuera,-0.017380,fuera,fuera,-0.032835,fuera,fuera,5,E,,,,,,,,,,,,,,
2008-04-11,24191.01,20819.37,16872.48,0.014699,fuera,fuera,0.016497,fuera,fuera,-0.007687,fuera,fuera,-0.017331,fuera,fuera,-0.032848,fuera,fuera,5,E,,,,,,,,,,,,,,
2008-04-14,24410.12,20853.98,16940.60,0.022981,A,fuera,0.026080,A,fuera,0.002161,fuera,fuera,-0.007693,fuera,fuera,-0.023341,fuera,fuera,5,E,,,,,,,,,,,,,,
2008-04-15,24324.71,20872.97,16954.76,0.018580,A,fuera,0.022812,A,fuera,-0.000393,fuera,fuera,-0.010289,fuera,fuera,-0.025965,fuera,fuera,5,E,,,,,,,,,,,,,,
2008-04-16,24439.54,20879.71,16995.06,0.022381,A,fuera,0.027684,A,fuera,0.005292,fuera,fuera,-0.004802,fuera,fuera,-0.020580,fuera,fuera,5,E,,,,,,,,,,,,,,
2008-04-17,24738.45,20879.74,17053.50,0.033834,A,fuera,0.039784,A,fuera,0.018480,fuera,fuera,0.008033,fuera,fuera,-0.007936,fuera,fuera,5,E,,,,,,,,,,,,,,
2008-04-18,24853.65,20883.19,17078.32,0.037641,A,A,0.043936,A,A,0.024090,A,fuera,0.013254,fuera,fuera,-0.002642,fuera,fuera,3,E,,,,,,,,,,,,,,
2008-04-21,25003.53,20908.17,17123.74,0.042894,A,A,0.049311,A,A,0.031008,A,fuera,0.019778,fuera,fuera,0.004010,fuera,fuera,3,E,,,,,,,,,,,,,,
2008-04-22,25100.46,20892.94,17132.49,0.045778,A,A,0.052017,A,A,0.035661,A,fuera,0.023967,A,fuera,0.008427,fuera,fuera,3,E,,,,,,,,,,,,,,
2008-04-23,25075.93,20901.47,17125.56,0.043686,A,A,0.049430,A,A,0.035139,A,fuera,0.023149,A,fuera,0.007952,fuera,fuera,3,E,,,,,,,,,,,,,,
2008-04-24,24911.07,20905.26,17073.64,0.036114,A,A,0.041081,A,A,0.028736,A,A,0.016710,A,fuera,0.001972,fuera,fuera,2,E,,,,,,,,,,,,,,
2008-04-25,24887.35,20898.78,17070.72,0.034417,A,A,0.038899,A,A,0.028008,A,A,0.016077,A,fuera,0.001671,fuera,fuera,2,E,,,,,,,,,,,,,,
2008-04-28,24984.30,20913.21,17104.66,0.037812,A,A,0.041928,A,A,0.032124,A,A,0.020271,A,A,0.006227,fuera,fuera,1,A,,,,,,,,,,,,,,
2008-04-29,25058.06,20922.55,17118.45,0.040139,A,A,0.043834,A,A,0.035265,A,A,0.023574,A,A,0.009920,fuera,fuera,1,A,,,,,,,,,,,,,,
2008-04-30,24974.10,20902.34,17081.93,0.036130,A,A,0.039326,A,A,0.031955,A,A,0.020581,A,A,0.007356,fuera,fuera,1,A,,,,,,,,,,,,,,
2008-05-02,25056.40,20892.36,17091.30,0.039108,A,A,0.041710,A,A,0.035575,A,A,0.024425,A,A,0.011450,fuera,fuera,1,A,,,,,,,,,,,,,,
2008-05-05,25356.40,20916.27,17163.84,0.050943,A,A,0.052931,A,A,0.048125,A,A,0.037079,A,A,0.024246,A,fuera,1,A,,,,,,,,,,,,,,
2008-05-06,25446.41,20917.32,17173.72,0.053922,A,A,0.055539,A,A,0.051969,A,A,0.041104,A,A,0.028411,A,fuera,1,A,,,,,,,,,,,,,,
2008-05-07,25484.75,20923.25,17177.80,0.054425,A,A,0.056120,A,A,0.053750,A,A,0.043050,A,A,0.030488,A,fuera,1,A,,,,,,,,,,,,,,
2008-05-08,25400.79,20908.76,17153.16,0.049698,A,A,0.051561,A,A,0.050523,A,A,0.040078,A,A,0.027656,A,fuera,1,A,,,,,,,,,,,,,,
2008-05-09,25306.63,20837.08,17089.69,0.044443,A,A,0.046514,A,A,0.046933,A,A,0.036768,A,A,0.024372,A,A,0,A,,,,,,,,,,,,,,
2008-05-12,25272.79,20819.00,17086.13,0.041699,A,A,0.043890,A,A,0.045832,A,A,0.035960,A,A,0.023480,A,A,0,A,,,,,,,,,,,,,,
2008-05-13,25267.40,20785.95,17078.59,0.040086,A,A,0.042450,A,A,0.045808,A,A,0.036269,A,A,0.023627,A,A,0,A,,,,,,,,,,,,,,
2008-05-14,25289.89,20757.98,17051.96,0.039364,A,A,0.042095,A,A,0.046842,A,A,0.037674,A,A,0.024882,A,A,0,A,,,,,,,,,,,,,,
2008-05-15,25406.32,20582.47,17003.84,0.042121,A,A,0.045706,A,A,0.051598,A,A,0.042738,A,A,0.029999,A,A,0,A,,,,,,,,,,,,,,
2008-05-16,25492.77,20597.93,17009.51,0.043638,A,A,0.048130,A,A,0.055012,A,A,0.046397,A,A,0.033856,A,A,0,A,,,,,,,,,,,,,,
2008-05-19,25728.59,20636.22,17082.08,0.051230,A,A,0.056628,A,A,0.064425,A,A,0.055949,A,A,0.043657,A,A,0,A,,,,,,,,,,,,,,
2008-05-20,25884.62,20624.73,17114.70,0.055235,A,A,0.061687,A,A,0.070471,A,A,0.062077,A,A,0.050090,A,A,0,A,,,,,,,,,,,,,,
2008-05-22,25807.00,20630.67,17112.77,0.049788,A,A,0.057258,A,A,0.066850,A,A,0.058664,A,A,0.047023,A,A,0,A,,,,,,,,,,,,,,
2008-05-23,25780.71,20664.55,17141.59,0.046153,A,A,0.055092,A,A,0.065286,A,A,0.057391,A,A,0.045927,A,A,0,A,,,,,,,,,,,,,,
2008-05-26,25682.95,20711.31,17155.59,0.039809,A,A,0.050059,A,A,0.060672,A,A,0.053314,A,A,0.041912,A,A,0,A,,,,,,,,,,,,,,
2008-05-27,25653.95,20745.70,17182.08,0.036314,A,A,0.047981,A,A,0.058696,A,A,0.052131,A,A,0.040730,A,A,0,A,,,,,,,,,,,,,,
2008-05-28,25708.77,20749.39,17196.91,0.036166,A,A,0.049271,A,A,0.060053,A,A,0.054376,A,A,0.042963,A,A,0,A,,,,,,,,,,,,,,
2008-05-29,25744.49,20733.63,17201.87,0.035353,A,A,0.049846,A,A,0.060516,A,A,0.055901,A,A,0.044356,A,A,0,A,,,,,,,,,,,,,,
2008-05-30,25900.40,20742.37,17252.60,0.039502,A,A,0.055330,A,A,0.065586,A,A,0.062299,A,A,0.050643,A,A,0,A,,,,,,,,,,,,,,
2008-06-02,25976.07,20758.31,17251.46,0.040397,A,A,0.057575,A,A,0.067154,A,A,0.065387,A,A,0.053746,A,A,0,A,,,,,,,,,,,,,,
2008-06-03,25994.95,20767.86,17253.68,0.038987,A,A,0.057454,A,A,0.066365,A,A,0.066120,A,A,0.054602,A,A,0,A,,,,,,,,,,,,,,
2008-06-04,25911.48,20778.19,17253.75,0.033626,A,A,0.053024,A,A,0.061596,A,A,0.062601,A,A,0.051354,A,A,0,A,,,,,,,,,,,,,,
2008-06-05,25783.40,20796.35,17240.63,0.026587,A,A,0.046702,A,A,0.055245,A,A,0.057233,A,A,0.046329,A,A,0,A,,,,,,,,,,,,,,
2008-06-06,25770.87,20796.86,17262.03,0.024334,A,A,0.044943,A,A,0.053567,A,A,0.056514,A,A,0.046037,A,A,0,A,,,,,,,,,,,,,,
2008-06-09,25733.58,20800.52,17241.24,0.021308,A,A,0.042196,A,A,0.050967,A,A,0.054747,A,A,0.044797,A,A,0,A,,,,,,,,,,,,,,
2008-06-10,25526.43,20798.38,17217.66,0.011844,A,A,0.032683,A,A,0.041558,A,A,0.046051,A,A,0.036764,A,A,0,A,,,,,,,,,,,,,,
2008-06-11,25273.72,20803.37,17175.20,0.000860,A,A,0.021351,A,A,0.030431,A,A,0.035605,A,A,0.026974,A,A,0,A,,,,,,,,,,,,,,
2008-06-12,25142.47,20800.78,17142.64,-0.005086,A,A,0.014851,A,A,0.024455,A,A,0.030157,A,A,0.022113,A,A,0,A,,,,,,,,,,,,,,
2008-06-13,25268.17,20813.47,17195.73,-0.001009,A,A,0.018698,A,A,0.028990,A,A,0.035120,A,A,0.027625,A,A,0,A,,,,,,,,,,,,,,
2008-06-16,25347.40,20797.37,17219.32,0.001124,A,A,0.020751,A,A,0.031502,A,A,0.038024,A,A,0.031101,A,A,0,A,,,,,,,,,,,,,,
2008-06-17,25410.11,20813.60,17233.46,0.002528,A,A,0.021991,A,A,0.033212,A,A,0.040042,A,A,0.033770,A,A,0,A,,,,,,,,,,,,,,
2008-06-18,25396.39,20805.12,17237.70,0.001121,A,A,0.020163,A,A,0.031751,A,A,0.038853,A,A,0.033220,A,A,0,A,,,,,,,,,,,,,,
2008-06-19,25331.62,20796.19,17219.86,-0.002313,A,A,0.016118,A,A,0.028250,A,A,0.035531,A,A,0.030547,A,A,0,A,,,,,,,,,,,,,,
2008-06-20,25243.54,20798.51,17227.15,-0.006481,A,A,0.011257,A,A,0.023814,A,A,0.031081,A,A,0.026968,A,A,0,A,,,,,,,,,,,,,,
2008-06-23,25214.50,20818.75,17218.62,-0.008037,A,A,0.008798,A,A,0.021913,A,A,0.028932,A,A,0.025818,A,A,0,A,,,,,,,,,,,,,,
2008-06-24,25145.77,20828.09,17222.49,-0.010993,A,A,0.004807,A,A,0.018515,A,A,0.025185,A,A,0.023145,A,A,0,A,,,,,,,,,,,,,,
2008-06-25,25044.81,20809.59,17206.60,-0.015000,A,A,-0.000306,A,A,0.013933,A,A,0.020311,A,A,0.019243,A,A,0,A,,,,,,,,,,,,,,
2008-06-26,25223.68,20811.85,17245.62,-0.008071,A,A,0.005825,A,A,0.020568,A,A,0.026906,A,A,0.026681,A,A,0,A,,,,,,,,,,,,,,
2008-06-27,25179.70,20804.47,17235.38,-0.009891,A,A,0.003127,A,A,0.018235,A,A,0.024384,A,A,0.025126,A,A,0,A,,,,,,,,,,,,,,
2008-06-30,25069.07,20822.11,17223.38,-0.014377,A,A,-0.002161,A,A,0.013351,A,A,0.019256,A,A,0.020898,A,A,0,A,,,,,,,,,,,,,,
2008-07-01,25152.83,20875.09,17269.09,-0.011313,A,A,0.000273,A,A,0.016277,A,A,0.022015,A,A,0.024570,A,A,0,A,,,,,,,,,,,,,,
2008-07-02,24965.68,20888.58,17238.65,-0.018654,A,A,-0.007972,A,A,0.008424,A,A,0.013846,A,A,0.017252,A,A,0,A,,,,,,,,,,,,,,
2008-07-03,24660.70,20926.51,17196.77,-0.030305,fuera,A,-0.020593,fuera,A,-0.004060,A,A,0.001126,A,A,0.005157,A,A,0,A,,,,,,,,,,,,,,
2008-07-04,24145.99,20923.17,17093.64,-0.049857,fuera,A,-0.041108,fuera,A,-0.024724,fuera,A,-0.019820,A,A,-0.015389,A,A,0,A,,,,,,,,,,,,,,
2008-07-07,24035.38,20952.31,17086.95,-0.053364,fuera,A,-0.045443,fuera,A,-0.028946,fuera,A,-0.024393,fuera,A,-0.019507,A,A,0,A,,,,,,,,,,,,,,
2008-07-08,24121.81,20966.02,17104.73,-0.048932,fuera,A,-0.041977,fuera,A,-0.025188,fuera,A,-0.021079,fuera,A,-0.015652,A,A,0,A,,,,,,,,,,,,,,
2008-07-09,23945.01,20958.04,17087.14,-0.054660,fuera,fuera,-0.048797,fuera,fuera,-0.032016,fuera,A,-0.028437,fuera,A,-0.022526,fuera,A,2,E,,,,,,,,,,,,,,
2008-07-10,24038.21,20964.70,17110.69,-0.049774,fuera,fuera,-0.044971,fuera,fuera,-0.028105,fuera,fuera,-0.024874,fuera,A,-0.018399,fuera,A,3,E,,,,,,,,,,,,,,
2008-07-11,23994.85,20989.35,17112.16,-0.050315,fuera,fuera,-0.046566,fuera,fuera,-0.029812,fuera,fuera,-0.026864,fuera,fuera,-0.019860,fuera,A,4,E,,,,,,,,,,,,,,
2008-07-14,24017.91,21022.06,17128.13,-0.048324,fuera,fuera,-0.045547,fuera,fuera,-0.028937,fuera,fuera,-0.026070,fuera,fuera,-0.018668,fuera,A,4,E,,,,,,,,,,,,,,
2008-07-15,23924.19,21039.37,17125.69,-0.050910,fuera,fuera,-0.048984,fuera,fuera,-0.032753,fuera,fuera,-0.029913,fuera,fuera,-0.022313,fuera,fuera,5,E,,,,,,,,,,,,,,
2008-07-17,23659.07,21068.04,17094.87,-0.060095,fuera,fuera,-0.059134,fuera,fuera,-0.043408,fuera,fuera,-0.040550,fuera,fuera,-0.033024,fuera,fuera,5,E,,,,,,,,,,,,,,
2008-07-18,23830.17,21078.69,17140.29,-0.052076,fuera,fuera,-0.051971,fuera,fuera,-0.036609,fuera,fuera,-0.033584,fuera,fuera,-0.026026,fuera,fuera,5,E,,,,,,,,,,,,,,
2008-07-21,23891.89,21115.33,17170.00,-0.048347,fuera,fuera,-0.049015,fuera,fuera,-0.034381,fuera,fuera,-0.031052,fuera,fuera,-0.023575,fuera,fuera,5,E,,,,,,,,,,,,,,
2008-07-22,24062.84,21128.94,17208.68,-0.040323,fuera,fuera,-0.041739,fuera,fuera,-0.027779,fuera,fuera,-0.024079,fuera,fuera,-0.016887,fuera,fuera,5,E,,,,,,,,,,,,,,
2008-07-23,24001.57,21128.29,17202.70,-0.041300,fuera,fuera,-0.043583,fuera,fuera,-0.030441,fuera,fuera,-0.026510,fuera,fuera,-0.019769,fuera,fuera,5,E,,,,,,,,,,,,,,
2008-07-24,24184.63,21127.77,17240.75,-0.032528,fuera,fuera,-0.035739,fuera,fuera,-0.023385,fuera,fuera,-0.019033,fuera,fuera,-0.012742,fuera,fuera,5,E,,,,,,,,,,,,,,
2008-07-25,24120.89,21141.72,17232.73,-0.033629,fuera,fuera,-0.037707,fuera,fuera,-0.026271,fuera,fuera,-0.021554,fuera,fuera,-0.015660,fuera,fuera,5,E,,,,,,,,,,,,,,
2008-07-28,23914.84,21175.46,17234.32,-0.040290,fuera,fuera,-0.045335,fuera,fuera,-0.034956,fuera,fuera,-0.029720,fuera,fuera,-0.024203,fuera,fuera,5,E,,,,,,,,,,,,,,
2008-07-29,23873.98,21184.47,17223.97,-0.040382,fuera,fuera,-0.046363,fuera,fuera,-0.036918,fuera,fuera,-0.031106,fuera,fuera,-0.026040,fuera,fuera,5,E,,,,,,,,,,,,,,
2008-07-30,23825.29,21205.62,17240.87,-0.040772,fuera,fuera,-0.047619,fuera,fuera,-0.039167,fuera,fuera,-0.032744,fuera,fuera,-0.028135,fuera,fuera,5,E,,,,,,,,,,,,,,
2008-07-31,24184.36,21186.05,17299.14,-0.024986,fuera,fuera,-0.032738,fuera,fuera,-0.025130,fuera,fuera,-0.017981,fuera,fuera,-0.013700,fuera,fuera,5,E,,,,,,,,,,,,,,
2008-08-01,24377.35,21203.28,17348.49,-0.016000,fuera,fuera,-0.024656,fuera,fuera,-0.017817,fuera,fuera,-0.010149,fuera,fuera,-0.006103,fuera,fuera,5,E,,,,,,,,,,,,,,
2008-08-04,24275.64,21230.45,17353.78,-0.018675,fuera,fuera,-0.028251,fuera,fuera,-0.022204,fuera,fuera,-0.014345,fuera,fuera,-0.010403,fuera,fuera,5,E,,,,,,,,,,,,,,
2008-08-05,24066.82,21264.99,17331.39,-0.025445,fuera,fuera,-0.035832,fuera,fuera,-0.030788,fuera,fuera,-0.022892,fuera,fuera,-0.018934,fuera,fuera,5,E,,,,,,,,,,,,,,
2008-08-06,23950.13,21265.92,17317.31,-0.028382,fuera,fuera,-0.039607,fuera,fuera,-0.035616,fuera,fuera,-0.027663,fuera,fuera,-0.023733,fuera,fuera,5,E,,,,,,,,,,,,,,
2008-08-07,24009.56,21285.87,17350.93,-0.024298,fuera,fuera,-0.036334,fuera,fuera,-0.033354,fuera,fuera,-0.025326,fuera,fuera,-0.021438,fuera,fuera,5,E,,,,,,,,,,,,,,
2008-08-08,23990.61,21270.90,17342.01,-0.023488,fuera,fuera,-0.036242,fuera,fuera,-0.034258,fuera,fuera,-0.026259,fuera,fuera,-0.022379,fuera,fuera,5,E,,,,,,,,,,,,,,
2008-08-11,23896.05,21297.41,17339.99,-0.025684,fuera,fuera,-0.039190,fuera,fuera,-0.038091,fuera,fuera,-0.030329,fuera,fuera,-0.026370,fuera,fuera,5,E,,,,,,,,,,,,,,
2008-08-12,23811.45,21305.34,17334.18,-0.027440,fuera,fuera,-0.041712,fuera,fuera,-0.041406,fuera,fuera,-0.033931,fuera,fuera,-0.029952,fuera,fuera,5,E,,,,,,,,,,,,,,
2008-08-13,23727.29,21303.93,17328.90,-0.029292,fuera,fuera,-0.044173,fuera,fuera,-0.044621,fuera,fuera,-0.037403,fuera,fuera,-0.033406,fuera,fuera,5,E,,,,,,,,,,,,,,
2008-08-14,23548.93,21310.10,17302.55,-0.035076,fuera,fuera,-0.050317,fuera,fuera,-0.051536,fuera,fuera,-0.044690,fuera,fuera,-0.040592,fuera,fuera,5,E,,,,,,,,,,,,,,
2008-08-18,23572.91,21317.16,17317.06,-0.032711,fuera,fuera,-0.048251,fuera,fuera,-0.050266,fuera,fuera,-0.043779,fuera,fuera,-0.039493,fuera,fuera,5,E,,,,,,,,,,,,,,
2008-08-19,23459.28,21330.11,17309.26,-0.035783,fuera,fuera,-0.051622,fuera,fuera,-0.054510,fuera,fuera,-0.048532,fuera,fuera,-0.043985,fuera,fuera,5,E,,,,,,,,,,,,,,
2008-08-20,23184.36,21347.49,17263.17,-0.045197,fuera,fuera,-0.061227,fuera,fuera,-0.065161,fuera,fuera,-0.059695,fuera,fuera,-0.054949,fuera,fuera,5,E,,,,,,,,,,,,,,
2008-08-21,23241.63,21354.96,17267.76,-0.040935,fuera,fuera,-0.057332,fuera,fuera,-0.062453,fuera,fuera,-0.057401,fuera,fuera,-0.052330,fuera,fuera,5,E,,,,,,,,,,,,,,
2008-08-22,23282.52,21384.22,17293.20,-0.037381,fuera,fuera,-0.054160,fuera,fuera,-0.060329,fuera,fuera,-0.055784,fuera,fuera,-0.050398,fuera,fuera,5,E,,,,,,,,,,,,,,
2008-08-25,23365.29,21420.53,17339.30,-0.032211,fuera,fuera,-0.049340,fuera,fuera,-0.056582,fuera,fuera,-0.052445,fuera,fuera,-0.046727,fuera,fuera,5,E,,,,,,,,,,,,,,
2008-08-26,23342.45,21407.80,17326.44,-0.031462,fuera,fuera,-0.048854,fuera,fuera,-0.057040,fuera,fuera,-0.053271,fuera,fuera,-0.047366,fuera,fuera,5,E,,,,,,,,,,,,,,
2008-08-27,23194.92,21423.39,17319.84,-0.035788,fuera,fuera,-0.053384,fuera,fuera,-0.062351,fuera,fuera,-0.059083,fuera,fuera,-0.053009,fuera,fuera,5,E,,,,,,,,,,,,,,
2008-08-28,23227.29,21421.46,17318.20,-0.032728,fuera,fuera,-0.050560,fuera,fuera,-0.060356,fuera,fuera,-0.057615,fuera,fuera,-0.051266,fuera,fuera,5,E,,,,,,,,,,,,,,
2008-08-29,23316.10,21440.50,17339.07,-0.027474,fuera,fuera,-0.045450,fuera,fuera,-0.056047,fuera,fuera,-0.053869,fuera,fuera,-0.047201,fuera,fuera,5,E,,,,,,,,,,,,,,
2008-09-01,23317.51,21478.36,17347.75,-0.025694,fuera,fuera,-0.043812,fuera,fuera,-0.055232,fuera,fuera,-0.053686,fuera,fuera,-0.046725,fuera,fuera,5,E,,,,,,,,,,,,,,
2008-09-02,23206.50,21501.98,17335.28,-0.028552,fuera,fuera,-0.046672,fuera,fuera,-0.058938,fuera,fuera,-0.057962,fuera,fuera,-0.050906,fuera,fuera,5,E,,,,,,,,,,,,,,
2008-09-03,23118.26,21498.11,17325.30,-0.030487,fuera,fuera,-0.048541,fuera,fuera,-0.061758,fuera,fuera,-0.061216,fuera,fuera,-0.054213,fuera,fuera,5,E,,,,,,,,,,,,,,
2008-09-04,22908.95,21510.73,17294.07,-0.037251,fuera,fuera,-0.055331,fuera,fuera,-0.069423,fuera,fuera,-0.069275,fuera,fuera,-0.062479,fuera,fuera,5,E,,,,,,,,,,,,,,
2008-09-05,22489.14,21485.71,17194.82,-0.052703,fuera,fuera,-0.070670,fuera,fuera,-0.085446,fuera,fuera,-0.085733,fuera,fuera,-0.079248,fuera,fuera,5,E,,,,,,,,,,,,,,
2008-09-08,22151.85,21464.70,17143.17,-0.064714,fuera,fuera,-0.082464,fuera,fuera,-0.097978,fuera,fuera,-0.098700,fuera,fuera,-0.092569,fuera,fuera,5,E,,,,,,,,,,,,,,
2008-09-09,22440.32,21461.60,17187.17,-0.051016,fuera,fuera,-0.068530,fuera,fuera,-0.085183,fuera,fuera,-0.086323,fuera,fuera,-0.080419,fuera,fuera,5,E,,,,,,,,,,,,,,
2008-09-10,22166.47,21458.62,17135.76,-0.060947,fuera,fuera,-0.077887,fuera,fuera,-0.095162,fuera,fuera,-0.096757,fuera,fuera,-0.091313,fuera,fuera,5,E,,,,,,,,,,,,,,
2008-09-11,21878.30,21467.22,17095.42,-0.071193,fuera,fuera,-0.087862,fuera,fuera,-0.105514,fuera,fuera,-0.107699,fuera,fuera,-0.102694,fuera,fuera,5,E,,,,,,,,,,,,,,
2008-09-12,21749.74,21458.20,17072.20,-0.074735,fuera,fuera,-0.091213,fuera,fuera,-0.109274,fuera,fuera,-0.112024,fuera,fuera,-0.107437,fuera,fuera,5,E,,,,,,,,,,,,,,
2008-09-15,21957.81,21413.71,17086.43,-0.064043,fuera,fuera,-0.080532,fuera,fuera,-0.099308,fuera,fuera,-0.102704,fuera,fuera,-0.098471,fuera,fuera,5,E,,,,,,,,,,,,,,
2008-09-16,21709.25,21404.01,17042.30,-0.072630,fuera,fuera,-0.088771,fuera,fuera,-0.108003,fuera,fuera,-0.111917,fuera,fuera,-0.108183,fuera,fuera,5,E,,,,,,,,,,,,,,
2008-09-17,21259.90,21362.54,16947.37,-0.089441,fuera,fuera,-0.105197,fuera,fuera,-0.124849,fuera,fuera,-0.129119,fuera,fuera,-0.126127,fuera,fuera,5,E,,,,,,,,,,,,,,
2008-09-22,21490.50,21375.40,16963.23,-0.077427,fuera,fuera,-0.093162,fuera,fuera,-0.113823,fuera,fuera,-0.118516,fuera,fuera,-0.116171,fuera,fuera,5,E,,,,,,,,,,,,,,
2008-09-23,21825.14,21389.49,17014.74,-0.061419,fuera,fuera,-0.076907,fuera,fuera,-0.098603,fuera,fuera,-0.103677,fuera,fuera,-0.102016,fuera,fuera,5,E,,,,,,,,,,,,,,
2008-09-24,21557.97,21406.22,16973.84,-0.070891,fuera,fuera,-0.085981,fuera,fuera,-0.108110,fuera,fuera,-0.113421,fuera,fuera,-0.112542,fuera,fuera,5,E,,,,,,,,,,,,,,
2008-09-25,21467.41,21428.87,16980.66,-0.072641,fuera,fuera,-0.087555,fuera,fuera,-0.110245,fuera,fuera,-0.115896,fuera,fuera,-0.115736,fuera,fuera,5,E,,,,,,,,,,,,,,
2008-09-26,21565.92,21439.28,17010.90,-0.066147,fuera,fuera,-0.081184,fuera,fuera,-0.104543,fuera,fuera,-0.110672,fuera,fuera,-0.111082,fuera,fuera,5,E,,,,,,,,,,,,,,
2008-09-29,21514.69,21418.92,16988.23,-0.066131,fuera,fuera,-0.081207,fuera,fuera,-0.104930,fuera,fuera,-0.111608,fuera,fuera,-0.112568,fuera,fuera,5,E,,,,,,,,,,,,,,
2008-09-30,20781.24,21378.39,16834.83,-0.094996,fuera,fuera,-0.109891,fuera,fuera,-0.133399,fuera,fuera,-0.140473,fuera,fuera,-0.142015,fuera,fuera,5,E,,,,,,,,,,,,,,
2008-10-01,20709.28,21406.00,16915.38,-0.095142,fuera,fuera,-0.110311,fuera,fuera,-0.134355,fuera,fuera,-0.141980,fuera,fuera,-0.144146,fuera,fuera,5,E,,,,,,,,,,,,,,
2008-10-02,20941.79,21421.06,16956.83,-0.082334,fuera,fuera,-0.097823,fuera,fuera,-0.122665,fuera,fuera,-0.130964,fuera,fuera,-0.133764,fuera,fuera,5,E,,,,,,,,,,,,,,
2008-10-03,20650.21,21439.91,16906.47,-0.092262,fuera,fuera,-0.107680,fuera,fuera,-0.132849,fuera,fuera,-0.141569,fuera,fuera,-0.144930,fuera,fuera,5,E,,,,,,,,,,,,,,
2008-10-06,20356.20,21466.77,16893.25,-0.102143,fuera,fuera,-0.117638,fuera,fuera,-0.143077,fuera,fuera,-0.152112,fuera,fuera,-0.156088,fuera,fuera,5,E,,,,,,,,,,,,,,
2008-10-07,19153.41,21423.89,16693.95,-0.151008,fuera,fuera,-0.166666,fuera,fuera,-0.191230,fuera,fuera,-0.200215,fuera,fuera,-0.204649,fuera,fuera,5,E,,,,,,,,,,,,,,
2008-10-08,18600.36,21387.13,16603.14,-0.170804,fuera,fuera,-0.187666,fuera,fuera,-0.211942,fuera,fuera,-0.221176,fuera,fuera,-0.226192,fuera,fuera,5,E,,,,,,,,,,,,,,
2008-10-09,17877.72,21380.59,16485.06,-0.197936,fuera,fuera,-0.215931,fuera,fuera,-0.239687,fuera,fuera,-0.249182,fuera,fuera,-0.254678,fuera,fuera,5,E,,,,,,,,,,,,,,
2008-10-10,17586.33,21275.26,16397.51,-0.205878,fuera,fuera,-0.225241,fuera,fuera,-0.249102,fuera,fuera,-0.259132,fuera,fuera,-0.265207,fuera,fuera,5,E,,,,,,,,,,,,,,
2008-10-13,16782.77,21198.20,16202.72,-0.236673,fuera,fuera,-0.256978,fuera,fuera,-0.280267,fuera,fuera,-0.290567,fuera,fuera,-0.297050,fuera,fuera,5,E,,,,,,,,,,,,,,
2008-10-14,17628.14,21317.91,16402.56,-0.193018,fuera,fuera,-0.216075,fuera,fuera,-0.241017,fuera,fuera,-0.252533,fuera,fuera,-0.260027,fuera,fuera,5,E,,,,,,,,,,,,,,
2008-10-15,18520.87,21312.26,16515.99,-0.147407,fuera,fuera,-0.173231,fuera,fuera,-0.199801,fuera,fuera,-0.212527,fuera,fuera,-0.221024,fuera,fuera,5,E,,,,,,,,,,,,,,
2008-10-16,18039.37,21248.07,16428.19,-0.164567,fuera,fuera,-0.191353,fuera,fuera,-0.217700,fuera,fuera,-0.230705,fuera,fuera,-0.239681,fuera,fuera,5,E,,,,,,,,,,,,,,
2008-10-17,17409.73,21261.53,16336.68,-0.188379,fuera,fuera,-0.216000,fuera,fuera,-0.241965,fuera,fuera,-0.255111,fuera,fuera,-0.264489,fuera,fuera,5,E,,,,,,,,,,,,,,
2008-10-20,17225.58,21259.81,16321.29,-0.191519,fuera,fuera,-0.220766,fuera,fuera,-0.246959,fuera,fuera,-0.260427,fuera,fuera,-0.270431,fuera,fuera,5,E,,,,,,,,,,,,,,
2008-10-21,17646.59,21289.13,16384.84,-0.166628,fuera,fuera,-0.198216,fuera,fuera,-0.225685,fuera,fuera,-0.239791,fuera,fuera,-0.250785,fuera,fuera,5,E,,,,,,,,,,,,,,
2008-10-22,17672.65,21281.82,16388.69,-0.160197,fuera,fuera,-0.193471,fuera,fuera,-0.221707,fuera,fuera,-0.236118,fuera,fuera,-0.247820,fuera,fuera,5,E,,,,,,,,,,,,,,
2008-10-23,16889.94,21240.55,16266.26,-0.191785,fuera,fuera,-0.225229,fuera,fuera,-0.253115,fuera,fuera,-0.267269,fuera,fuera,-0.279135,fuera,fuera,5,E,,,,,,,,,,,,,,
2008-10-24,16417.40,21228.11,16186.79,-0.208703,fuera,fuera,-0.242789,fuera,fuera,-0.270812,fuera,fuera,-0.285032,fuera,fuera,-0.297242,fuera,fuera,5,E,,,,,,,,,,,,,,
2008-10-27,15802.32,21197.39,16105.60,-0.232231,fuera,fuera,-0.266728,fuera,fuera,-0.294787,fuera,fuera,-0.308994,fuera,fuera,-0.321471,fuera,fuera,5,E,,,,,,,,,,,,,,
2008-10-28,15426.89,21167.81,16061.14,-0.244060,fuera,fuera,-0.279608,fuera,fuera,-0.308122,fuera,fuera,-0.322510,fuera,fuera,-0.335449,fuera,fuera,5,E,,,,,,,,,,,,,,
2008-10-29,15787.15,21235.40,16136.93,-0.219970,fuera,fuera,-0.258387,fuera,fuera,-0.288581,fuera,fuera,-0.303790,fuera,fuera,-0.317784,fuera,fuera,5,E,,,,,,,,,,,,,,
2008-10-30,16287.43,21251.12,16186.85,-0.188969,fuera,fuera,-0.230602,fuera,fuera,-0.262730,fuera,fuera,-0.278816,fuera,fuera,-0.294042,fuera,fuera,5,E,,,,,,,,,,,,,,
2008-11-03,17274.49,21319.82,16336.80,-0.134146,fuera,fuera,-0.180009,fuera,fuera,-0.214915,fuera,fuera,-0.232293,fuera,fuera,-0.249271,fuera,fuera,5,E,,,,,,,,,,,,,,
2008-11-04,17516.58,21331.00,16400.41,-0.116391,fuera,fuera,-0.164385,fuera,fuera,-0.200833,fuera,fuera,-0.218730,fuera,fuera,-0.236765,fuera,fuera,5,E,,,,,,,,,,,,,,
2008-11-05,17807.75,21339.27,16438.41,-0.096122,fuera,fuera,-0.146315,fuera,fuera,-0.184558,fuera,fuera,-0.203000,fuera,fuera,-0.222047,fuera,fuera,5,E,,,,,,,,,,,,,,
2008-11-06,17806.14,21362.09,16438.80,-0.090551,fuera,fuera,-0.142235,fuera,fuera,-0.181542,fuera,fuera,-0.200353,fuera,fuera,-0.220052,fuera,fuera,5,E,,,,,,,,,,,,,,
2008-11-07,17167.36,21347.25,16340.84,-0.117125,fuera,fuera,-0.168690,fuera,fuera,-0.207662,fuera,fuera,-0.226193,fuera,fuera,-0.245851,fuera,fuera,5,E,,,,,,,,,,,,,,
2008-11-10,17204.17,21366.20,16384.75,-0.109211,fuera,fuera,-0.162633,fuera,fuera,-0.202747,fuera,fuera,-0.221684,fuera,fuera,-0.242068,fuera,fuera,5,E,,,,,,,,,,,,,,
2008-11-11,17440.97,21363.68,16425.67,-0.091232,fuera,fuera,-0.146846,fuera,fuera,-0.188552,fuera,fuera,-0.208212,fuera,fuera,-0.229517,fuera,fuera,5,E,,,,,,,,,,,,,,
2008-11-12,17114.13,21339.27,16372.40,-0.102678,fuera,fuera,-0.158411,fuera,fuera,-0.200513,fuera,fuera,-0.220300,fuera,fuera,-0.241787,fuera,fuera,5,E,,,,,,,,,,,,,,
2008-11-13,16740.81,21332.78,16301.56,-0.116683,fuera,fuera,-0.172218,fuera,fuera,-0.214724,fuera,fuera,-0.234517,fuera,fuera,-0.256096,fuera,fuera,5,E,,,,,,,,,,,,,,
2008-11-14,16594.00,21372.84,16320.27,-0.118386,fuera,fuera,-0.174876,fuera,fuera,-0.218535,fuera,fuera,-0.238353,fuera,fuera,-0.260351,fuera,fuera,5,E,,,,,,,,,,,,,,
2008-11-17,16719.61,21386.58,16329.11,-0.105963,fuera,fuera,-0.164079,fuera,fuera,-0.209594,fuera,fuera,-0.229682,fuera,fuera,-0.252455,fuera,fuera,5,E,,,,,,,,,,,,,,
2008-11-18,16525.62,21395.18,16274.35,-0.110679,fuera,fuera,-0.169219,fuera,fuera,-0.215635,fuera,fuera,-0.235640,fuera,fuera,-0.258770,fuera,fuera,5,E,,,,,,,,,,,,,,
2008-11-19,16324.61,21420.51,16264.21,-0.115760,fuera,fuera,-0.174625,fuera,fuera,-0.222049,fuera,fuera,-0.241908,fuera,fuera,-0.265327,fuera,fuera,5,E,,,,,,,,,,,,,,
2008-11-20,16031.47,21411.20,16210.80,-0.125399,fuera,fuera,-0.184662,fuera,fuera,-0.232766,fuera,fuera,-0.252446,fuera,fuera,-0.275971,fuera,fuera,5,E,,,,,,,,,,,,,,
2008-11-21,15536.55,21422.76,16119.07,-0.146009,fuera,fuera,-0.205001,fuera,fuera,-0.253093,fuera,fuera,-0.272388,fuera,fuera,-0.295730,fuera,fuera,5,E,,,,,,,,,,,,,,
2008-11-24,15564.53,21415.23,16131.92,-0.138477,fuera,fuera,-0.198651,fuera,fuera,-0.248353,fuera,fuera,-0.267927,fuera,fuera,-0.291859,fuera,fuera,5,E,,,,,,,,,,,,,,
2008-11-25,15815.45,21406.58,16178.82,-0.118435,fuera,fuera,-0.180811,fuera,fuera,-0.232898,fuera,fuera,-0.253003,fuera,fuera,-0.277870,fuera,fuera,5,E,,,,,,,,,,,,,,
2008-11-26,16120.36,21398.81,16205.25,-0.095044,fuera,fuera,-0.160093,fuera,fuera,-0.214920,fuera,fuera,-0.235532,fuera,fuera,-0.261396,fuera,fuera,5,E,,,,,,,,,,,,,,
2008-11-27,16222.11,21409.77,16231.94,-0.083230,fuera,fuera,-0.149864,fuera,fuera,-0.206698,fuera,fuera,-0.227567,fuera,fuera,-0.254162,fuera,fuera,5,E,,,,,,,,,,,,,,
2008-11-28,16428.12,21440.33,16259.89,-0.065674,fuera,fuera,-0.134271,fuera,fuera,-0.193352,fuera,fuera,-0.214640,fuera,fuera,-0.242113,fuera,fuera,5,E,,,,,,,,,,,,,,
2008-12-01,16481.48,21462.83,16286.64,-0.056577,fuera,fuera,-0.126608,fuera,fuera,-0.187371,fuera,fuera,-0.208997,fuera,fuera,-0.237021,fuera,fuera,5,E,,,,,,,,,,,,,,
2008-12-02,16134.80,21466.46,16207.32,-0.070058,fuera,fuera,-0.139864,fuera,fuera,-0.201021,fuera,fuera,-0.222430,fuera,fuera,-0.250359,fuera,fuera,5,E,,,,,,,,,,,,,,
2008-12-03,15943.78,21481.43,16201.49,-0.075338,fuera,fuera,-0.144795,fuera,fuera,-0.206884,fuera,fuera,-0.228441,fuera,fuera,-0.256478,fuera,fuera,5,E,,,,,,,,,,,,,,
2008-12-04,15944.95,21468.89,16207.19,-0.069557,fuera,fuera,-0.139495,fuera,fuera,-0.203225,fuera,fuera,-0.225272,fuera,fuera,-0.253671,fuera,fuera,5,E,,,,,,,,,,,,,,
2008-12-05,15920.09,21472.12,16199.67,-0.064919,fuera,fuera,-0.135590,fuera,fuera,-0.200920,fuera,fuera,-0.223524,fuera,fuera,-0.252094,fuera,fuera,5,E,,,,,,,,,,,,,,
2008-12-09,16248.98,21513.48,16292.39,-0.040087,fuera,fuera,-0.112719,fuera,fuera,-0.180929,fuera,fuera,-0.204607,fuera,fuera,-0.233923,fuera,fuera,5,E,,,,,,,,,,,,,,
2008-12-10,16447.18,21499.52,16306.85,-0.023366,fuera,fuera,-0.097242,fuera,fuera,-0.167498,fuera,fuera,-0.192014,fuera,fuera,-0.221875,fuera,fuera,5,E,,,,,,,,,,,,,,
2008-12-11,16680.88,21481.70,16318.49,-0.006247,fuera,fuera,-0.080099,fuera,fuera,-0.152091,fuera,fuera,-0.177738,fuera,fuera,-0.208189,fuera,fuera,5,E,,,,,,,,,,,,,,
2008-12-12,16754.74,21492.99,16322.00,0.000598,fuera,fuera,-0.071477,fuera,fuera,-0.144654,fuera,fuera,-0.171264,fuera,fuera,-0.202122,fuera,fuera,5,E,,,,,,,,,,,,,,
2008-12-15,16562.96,21493.22,16290.87,-0.009126,fuera,fuera,-0.077629,fuera,fuera,-0.150729,fuera,fuera,-0.177871,fuera,fuera,-0.208689,fuera,fuera,5,E,,,,,,,,,,,,,,
2008-12-16,16623.86,21487.10,16277.32,-0.004209,fuera,fuera,-0.069986,fuera,fuera,-0.143977,fuera,fuera,-0.171954,fuera,fuera,-0.203168,fuera,fuera,5,E,,,,,,,,,,,,,,
2008-12-17,16765.95,21491.99,16325.15,0.004325,fuera,fuera,-0.057933,fuera,fuera,-0.133097,fuera,fuera,-0.162031,fuera,fuera,-0.193725,fuera,fuera,5,E,,,,,,,,,,,,,,
2008-12-18,16971.15,21522.35,16367.58,0.017507,fuera,fuera,-0.042209,fuera,fuera,-0.118924,fuera,fuera,-0.149066,fuera,fuera,-0.181220,fuera,fuera,5,E,,,,,,,,,,,,,,
2008-12-19,16988.87,21518.08,16368.76,0.020653,A,fuera,-0.037202,fuera,fuera,-0.114427,fuera,fuera,-0.145386,fuera,fuera,-0.177718,fuera,fuera,5,E,,,,,,,,,,,,,,
2008-12-22,16880.74,21513.43,16366.61,0.015728,A,fuera,-0.039605,fuera,fuera,-0.116474,fuera,fuera,-0.147963,fuera,fuera,-0.180290,fuera,fuera,5,E,,,,,,,,,,,,,,
2008-12-23,16748.92,21501.28,16315.16,0.008687,A,fuera,-0.043072,fuera,fuera,-0.119758,fuera,fuera,-0.151634,fuera,fuera,-0.184020,fuera,fuera,5,E,,,,,,,,,,,,,,
2008-12-24,16526.02,21473.10,16257.23,-0.003804,A,fuera,-0.051319,fuera,fuera,-0.127804,fuera,fuera,-0.159895,fuera,fuera,-0.192165,fuera,fuera,5,E,,,,,,,,,,,,,,
2008-12-26,16519.06,21445.60,16235.44,-0.002717,A,A,-0.047413,fuera,fuera,-0.124563,fuera,fuera,-0.157120,fuera,fuera,-0.189794,fuera,fuera,4,E,,,,,,,,,,,,,,
2008-12-29,16561.35,21460.29,16256.54,0.001329,A,A,-0.040734,fuera,fuera,-0.118683,fuera,fuera,-0.151847,fuera,fuera,-0.185029,fuera,fuera,4,E,,,,,,,,,,,,,,
2008-12-30,16648.87,21479.04,16296.07,0.006947,A,A,-0.031354,fuera,fuera,-0.110444,fuera,fuera,-0.144332,fuera,fuera,-0.177969,fuera,fuera,4,E,,,,,,,,,,,,,,
2008-12-31,16737.29,21508.91,16327.46,0.011859,A,A,-0.021962,fuera,fuera,-0.102283,fuera,fuera,-0.136773,fuera,fuera,-0.170860,fuera,fuera,4,E,,,,,,,,,,,,,,
2009-01-02,16872.39,21516.65,16357.41,0.018563,A,A,-0.010536,fuera,fuera,-0.091589,fuera,fuera,-0.126823,fuera,fuera,-0.161465,fuera,fuera,4,E,,,,,,,,,,,,,,
2009-01-05,17058.29,21526.31,16403.69,0.027536,A,A,0.003724,fuera,fuera,-0.078148,fuera,fuera,-0.114090,fuera,fuera,-0.149511,fuera,fuera,4,E,,,,,,,,,,,,,,
2009-01-06,17364.76,21530.35,16460.33,0.043793,A,A,0.025128,A,fuera,-0.058192,fuera,fuera,-0.095035,fuera,fuera,-0.131619,fuera,fuera,4,E,,,,,,,,,,,,,,
2009-01-07,17537.04,21497.73,16491.06,0.052392,A,A,0.038280,A,fuera,-0.045509,fuera,fuera,-0.082990,fuera,fuera,-0.120517,fuera,fuera,4,E,,,,,,,,,,,,,,
2009-01-08,17416.81,21505.11,16444.48,0.044979,A,A,0.033973,A,fuera,-0.048729,fuera,fuera,-0.086251,fuera,fuera,-0.124201,fuera,fuera,4,E,,,,,,,,,,,,,,
2009-01-09,17149.76,21535.01,16447.49,0.029460,A,A,0.020015,A,fuera,-0.059847,fuera,fuera,-0.097193,fuera,fuera,-0.135253,fuera,fuera,4,E,,,,,,,,,,,,,,
2009-01-12,17020.72,21598.45,16449.34,0.022787,A,A,0.013829,A,A,-0.063329,fuera,fuera,-0.100836,fuera,fuera,-0.139314,fuera,fuera,3,E,,,,,,,,,,,,,,
2009-01-13,16780.74,21574.69,16398.75,0.009749,A,A,0.000556,A,A,-0.072830,fuera,fuera,-0.110286,fuera,fuera,-0.149002,fuera,fuera,3,E,,,,,,,,,,,,,,
2009-01-14,16664.50,21581.50,16380.44,0.003430,A,A,-0.005521,A,A,-0.075539,fuera,fuera,-0.113211,fuera,fuera,-0.152382,fuera,fuera,3,E,,,,,,,,,,,,,,
2009-01-15,16524.34,21637.67,16382.56,-0.004104,A,A,-0.013647,A,A,-0.079574,fuera,fuera,-0.117410,fuera,fuera,-0.156968,fuera,fuera,3,E,,,,,,,,,,,,,,
2009-01-16,16341.50,21659.38,16384.87,-0.013671,A,A,-0.023389,fuera,A,-0.086043,fuera,fuera,-0.123884,fuera,fuera,-0.163697,fuera,fuera,3,E,,,,,,,,,,,,,,
2009-01-19,16488.16,21706.30,16420.02,-0.003983,A,A,-0.012750,fuera,A,-0.074389,fuera,fuera,-0.112823,fuera,fuera,-0.153635,fuera,fuera,3,E,,,,,,,,,,,,,,
2009-01-20,16542.82,21693.47,16457.35,-0.000415,A,A,-0.008089,fuera,A,-0.068060,fuera,fuera,-0.106663,fuera,fuera,-0.148360,fuera,fuera,3,E,,,,,,,,,,,,,,
2009-01-21,16331.02,21688.81,16416.13,-0.012865,A,A,-0.019798,fuera,A,-0.076460,fuera,fuera,-0.114856,fuera,fuera,-0.156680,fuera,fuera,3,E,,,,,,,,,,,,,,
2009-01-22,16252.61,21723.63,16423.85,-0.016987,A,A,-0.023613,fuera,fuera,-0.077466,fuera,fuera,-0.115942,fuera,fuera,-0.158093,fuera,fuera,4,E,,,,,,,,,,,,,,
2009-01-23,16259.81,21762.65,16424.43,-0.016200,A,A,-0.021907,fuera,fuera,-0.073775,fuera,fuera,-0.112340,fuera,fuera,-0.155010,fuera,fuera,4,E,,,,,,,,,,,,,,
2009-01-26,16197.87,21751.99,16416.41,-0.019781,A,A,-0.024281,fuera,fuera,-0.074050,fuera,fuera,-0.112452,fuera,fuera,-0.155510,fuera,fuera,4,E,,,,,,,,,,,,,,
2009-01-27,16339.77,21777.84,16445.78,-0.011604,A,A,-0.015223,fuera,fuera,-0.062593,fuera,fuera,-0.101383,fuera,fuera,-0.145338,fuera,fuera,4,E,,,,,,,,,,,,,,
2009-01-28,16455.90,21812.71,16495.37,-0.005808,A,A,-0.008260,fuera,fuera,-0.052759,fuera,fuera,-0.091720,fuera,fuera,-0.136516,fuera,fuera,4,E,,,,,,,,,,,,,,
2009-01-29,16681.27,21855.28,16574.24,0.006299,A,A,0.004491,fuera,fuera,-0.036966,fuera,fuera,-0.076117,fuera,fuera,-0.122046,fuera,fuera,4,E,,,,,,,,,,,,,,
2009-01-30,16652.79,21938.07,16609.46,0.003455,A,A,0.001621,fuera,fuera,-0.035617,fuera,fuera,-0.074485,fuera,fuera,-0.120893,fuera,fuera,4,E,,,,,,,,,,,,,,
2009-02-02,16585.62,21947.67,16600.65,-0.001215,A,A,-0.003168,fuera,fuera,-0.036258,fuera,fuera,-0.074922,fuera,fuera,-0.121775,fuera,fuera,4,E,,,,,,,,,,,,,,
2009-02-03,16468.11,21972.18,16600.15,-0.008618,A,A,-0.010398,fuera,fuera,-0.039931,fuera,fuera,-0.078123,fuera,fuera,-0.125161,fuera,fuera,4,E,,,,,,,,,,,,,,
2009-02-04,16562.05,22046.75,16663.09,-0.003141,A,A,-0.004087,fuera,fuera,-0.031377,fuera,fuera,-0.069568,fuera,fuera,-0.117261,fuera,fuera,4,E,,,,,,,,,,,,,,
2009-02-05,16700.78,22048.13,16689.97,0.004914,A,A,0.005026,fuera,fuera,-0.020166,fuera,fuera,-0.058542,fuera,fuera,-0.107006,fuera,fuera,4,E,,,,,,,,,,,,,,
2009-02-06,16767.35,22020.18,16704.72,0.008067,A,A,0.010020,fuera,fuera,-0.013206,fuera,fuera,-0.051662,fuera,fuera,-0.100661,fuera,fuera,4,E,,,,,,,,,,,,,,
2009-02-09,17051.42,22008.28,16751.44,0.023631,A,A,0.027862,A,fuera,0.005966,fuera,fuera,-0.032762,fuera,fuera,-0.082730,fuera,fuera,4,E,,,,,,,,,,,,,,
2009-02-10,17172.08,22010.71,16759.87,0.029190,A,A,0.035130,A,fuera,0.015439,fuera,fuera,-0.023290,fuera,fuera,-0.073535,fuera,fuera,4,E,,,,,,,,,,,,,,
2009-02-11,16971.50,22021.19,16689.67,0.015746,A,A,0.023264,A,fuera,0.006202,fuera,fuera,-0.031831,fuera,fuera,-0.081596,fuera,fuera,4,E,,,,,,,,,,,,,,
2009-02-12,16864.62,22084.45,16699.22,0.008523,A,A,0.017372,A,fuera,0.002365,fuera,fuera,-0.035149,fuera,fuera,-0.084616,fuera,fuera,4,E,,,,,,,,,,,,,,
2009-02-13,16690.46,22097.32,16671.20,-0.002214,A,A,0.007268,A,A,-0.005579,fuera,fuera,-0.042406,fuera,fuera,-0.091281,fuera,fuera,3,E,,,,,,,,,,,,,,
2009-02-16,16709.16,22247.96,16745.84,-0.001134,A,A,0.008426,A,A,-0.002851,fuera,fuera,-0.038685,fuera,fuera,-0.087496,fuera,fuera,3,E,,,,,,,,,,,,,,
2009-02-17,16710.59,22276.04,16763.74,-0.000990,A,A,0.008402,A,A,-0.001514,fuera,fuera,-0.035831,fuera,fuera,-0.084705,fuera,fuera,3,E,,,,,,,,,,,,,,
2009-02-18,16397.09,22284.63,16703.33,-0.019516,A,A,-0.010215,A,A,-0.019283,fuera,fuera,-0.051149,fuera,fuera,-0.099066,fuera,fuera,3,E,,,,,,,,,,,,,,
2009-02-19,16286.87,22283.54,16688.80,-0.025670,fuera,A,-0.016647,A,A,-0.025033,fuera,fuera,-0.054937,fuera,fuera,-0.102315,fuera,fuera,3,E,,,,,,,,,,,,,,
2009-02-20,16372.82,22335.49,16716.13,-0.020016,fuera,A,-0.011503,A,A,-0.019620,fuera,fuera,-0.047256,fuera,fuera,-0.094880,fuera,fuera,3,E,,,,,,,,,,,,,,
2009-02-23,16219.95,22360.26,16690.07,-0.028195,fuera,A,-0.020906,fuera,A,-0.027863,fuera,fuera,-0.053210,fuera,fuera,-0.100560,fuera,fuera,3,E,,,,,,,,,,,,,,
2009-02-24,16119.64,22360.81,16653.11,-0.033086,fuera,A,-0.027496,fuera,A,-0.032328,fuera,fuera,-0.056212,fuera,fuera,-0.103296,fuera,fuera,3,E,,,,,,,,,,,,,,
2009-02-25,15980.27,22401.74,16652.72,-0.040294,fuera,fuera,-0.036282,fuera,A,-0.039375,fuera,fuera,-0.061500,fuera,fuera,-0.108141,fuera,fuera,4,E,,,,,,,,,,,,,,
2009-02-26,15984.52,22438.59,16664.11,-0.039059,fuera,fuera,-0.036179,fuera,A,-0.038204,fuera,fuera,-0.058311,fuera,fuera,-0.104987,fuera,fuera,4,E,,,,,,,,,,,,,,
2009-02-27,16009.27,22518.73,16761.01,-0.036906,fuera,fuera,-0.034586,fuera,fuera,-0.035931,fuera,fuera,-0.053931,fuera,fuera,-0.100730,fuera,fuera,5,E,,,,,,,,,,,,,,
2009-03-02,15847.39,22525.00,16707.64,-0.045788,fuera,fuera,-0.044010,fuera,fuera,-0.044529,fuera,fuera,-0.060889,fuera,fuera,-0.106884,fuera,fuera,5,E,,,,,,,,,,,,,,
2009-03-03,15520.37,22501.36,16636.80,-0.064175,fuera,fuera,-0.062936,fuera,fuera,-0.062894,fuera,fuera,-0.077567,fuera,fuera,-0.122254,fuera,fuera,5,E,,,,,,,,,,,,,,
2009-03-04,15410.47,22488.14,16609.55,-0.069257,fuera,fuera,-0.068630,fuera,fuera,-0.068606,fuera,fuera,-0.081222,fuera,fuera,-0.125365,fuera,fuera,5,E,,,,,,,,,,,,,,
2009-03-05,15618.26,22446.17,16631.04,-0.055288,fuera,fuera,-0.055611,fuera,fuera,-0.055540,fuera,fuera,-0.066165,fuera,fuera,-0.110531,fuera,fuera,5,E,,,,,,,,,,,,,,
2009-03-06,15543.20,22439.54,16586.58,-0.058146,fuera,fuera,-0.059794,fuera,fuera,-0.059915,fuera,fuera,-0.068099,fuera,fuera,-0.111765,fuera,fuera,5,E,,,,,,,,,,,,,,
2009-03-09,15479.37,22448.48,16567.69,-0.060015,fuera,fuera,-0.063243,fuera,fuera,-0.063809,fuera,fuera,-0.069975,fuera,fuera,-0.112422,fuera,fuera,5,E,,,,,,,,,,,,,,
2009-03-10,15412.99,22455.69,16563.49,-0.061574,fuera,fuera,-0.066813,fuera,fuera,-0.067589,fuera,fuera,-0.072271,fuera,fuera,-0.113373,fuera,fuera,5,E,,,,,,,,,,,,,,
2009-03-11,15688.71,22485.10,16620.57,-0.042392,fuera,fuera,-0.049615,fuera,fuera,-0.050527,fuera,fuera,-0.054489,fuera,fuera,-0.094841,fuera,fuera,5,E,,,,,,,,,,,,,,
2009-03-12,15857.26,22499.19,16650.00,-0.030052,fuera,fuera,-0.038868,fuera,fuera,-0.039411,fuera,fuera,-0.043382,fuera,fuera,-0.082351,fuera,fuera,5,E,,,,,,,,,,,,,,
2009-03-13,15914.70,22517.37,16679.63,-0.024902,fuera,fuera,-0.034686,fuera,fuera,-0.034891,fuera,fuera,-0.039437,fuera,fuera,-0.076375,fuera,fuera,5,E,,,,,,,,,,,,,,
2009-03-16,16122.76,22553.05,16725.84,-0.010945,fuera,fuera,-0.021480,fuera,fuera,-0.021163,fuera,fuera,-0.026037,fuera,fuera,-0.061812,fuera,fuera,5,E,,,,,,,,,,,,,,
2009-03-17,16231.56,22510.41,16719.73,-0.003524,fuera,fuera,-0.014567,fuera,fuera,-0.013509,fuera,fuera,-0.018171,fuera,fuera,-0.053068,fuera,fuera,5,E,,,,,,,,,,,,,,
2009-03-18,16271.58,22440.51,16711.00,-0.000532,fuera,fuera,-0.011807,fuera,fuera,-0.010479,fuera,fuera,-0.014747,fuera,fuera,-0.048228,fuera,fuera,5,E,,,,,,,,,,,,,,
2009-03-19,16439.59,22437.99,16757.64,0.009905,fuera,fuera,-0.001295,fuera,fuera,0.000255,fuera,fuera,-0.004016,fuera,fuera,-0.036042,fuera,fuera,5,E,,,,,,,,,,,,,,
2009-03-20,16549.57,22428.74,16742.96,0.016372,fuera,fuera,0.005789,fuera,fuera,0.007554,fuera,fuera,0.003038,fuera,fuera,-0.027461,fuera,fuera,5,E,,,,,,,,,,,,,,
2009-03-23,16479.82,22408.65,16734.86,0.012100,fuera,fuera,0.002035,fuera,fuera,0.003738,fuera,fuera,-0.000516,fuera,fuera,-0.029292,fuera,fuera,5,E,,,,,,,,,,,,,,
2009-03-24,16835.16,22358.85,16775.84,0.033511,A,fuera,0.023685,A,fuera,0.025316,A,fuera,0.021529,A,fuera,-0.006043,fuera,fuera,5,E,,,,,,,,,,,,,,
2009-03-25,16856.48,22338.85,16762.36,0.034079,A,fuera,0.024877,A,fuera,0.026432,A,fuera,0.022842,A,fuera,-0.002587,fuera,fuera,5,E,,,,,,,,,,,,,,
2009-03-26,16900.31,22408.09,16797.40,0.035853,A,fuera,0.027176,A,fuera,0.028975,A,fuera,0.025216,A,fuera,0.002156,fuera,fuera,5,E,,,,,,,,,,,,,,
2009-03-27,17038.79,22383.27,16812.66,0.043234,A,fuera,0.035082,A,fuera,0.037046,A,fuera,0.032878,A,fuera,0.012525,fuera,fuera,5,E,,,,,,,,,,,,,,
2009-03-30,16930.87,22399.33,16792.94,0.035593,A,A,0.028165,A,A,0.030055,A,A,0.025446,A,A,0.008292,fuera,fuera,1,A,,,,,,,,,,,,,,
2009-03-31,16589.31,22381.91,16708.67,0.014357,A,A,0.007480,A,A,0.008895,A,A,0.004294,A,A,-0.010088,fuera,fuera,1,A,,,,,,,,,,,,,,
2009-04-01,16625.83,22373.66,16719.49,0.016356,A,A,0.009805,A,A,0.010372,A,A,0.006309,A,A,-0.005987,fuera,fuera,1,A,,,,,,,,,,,,,,
2009-04-02,16749.51,22371.01,16748.30,0.023821,A,A,0.017436,A,A,0.017075,A,A,0.014101,A,A,0.003404,fuera,fuera,1,A,,,,,,,,,,,,,,
2009-04-03,17169.02,22338.38,16804.96,0.048729,A,A,0.042809,A,A,0.041597,A,A,0.039709,A,A,0.030241,A,fuera,1,A,,,,,,,,,,,,,,
2009-04-06,17311.93,22316.60,16816.91,0.056417,A,A,0.051542,A,A,0.049424,A,A,0.048663,A,A,0.040324,A,fuera,1,A,,,,,,,,,,,,,,
2009-04-07,17350.01,22336.46,16821.19,0.057476,A,A,0.054042,A,A,0.050934,A,A,0.051247,A,A,0.043510,A,fuera,1,A,,,,,,,,,,,,,,
2009-04-08,17204.09,22353.16,16800.67,0.047671,A,A,0.045388,A,A,0.041551,A,A,0.042383,A,A,0.035424,A,fuera,1,A,,,,,,,,,,,,,,
2009-04-09,17215.05,22373.00,16818.81,0.047609,A,A,0.045989,A,A,0.041701,A,A,0.043041,A,A,0.036412,A,A,0,A,,,,,,,,,,,,,,
2009-04-13,17448.84,22413.54,16895.80,0.060859,A,A,0.059763,A,A,0.054916,A,A,0.057201,A,A,0.050556,A,A,0,A,,,,,,,,,,,,,,
2009-04-14,17587.12,22436.62,16933.43,0.068493,A,A,0.067345,A,A,0.062103,A,A,0.065288,A,A,0.058474,A,A,0,A,,,,,,,,,,,,,,
2009-04-15,17756.33,22425.01,16943.72,0.077922,A,A,0.076500,A,A,0.071020,A,A,0.074908,A,A,0.068593,A,A,0,A,,,,,,,,,,,,,,
2009-04-16,17758.61,22438.08,16964.55,0.076917,A,A,0.075381,A,A,0.069840,A,A,0.074325,A,A,0.069119,A,A,0,A,,,,,,,,,,,,,,
2009-04-17,17859.28,22449.00,17007.02,0.081572,A,A,0.079926,A,A,0.074746,A,A,0.079706,A,A,0.075272,A,A,0,A,,,,,,,,,,,,,,
2009-04-20,17908.10,22476.52,17032.41,0.082755,A,A,0.081427,A,A,0.076632,A,A,0.081796,A,A,0.077955,A,A,0,A,,,,,,,,,,,,,,
2009-04-21,17700.80,22500.69,16999.43,0.068797,A,A,0.067742,A,A,0.063445,A,A,0.068428,A,A,0.065235,A,A,0,A,,,,,,,,,,,,,,
2009-04-22,17692.00,22528.88,17032.65,0.066861,A,A,0.065844,A,A,0.062251,A,A,0.066878,A,A,0.064682,A,A,0,A,,,,,,,,,,,,,,
2009-04-23,17758.82,22530.94,17044.62,0.068940,A,A,0.068355,A,A,0.065413,A,A,0.069542,A,A,0.068659,A,A,0,A,,,,,,,,,,,,,,
2009-04-24,17863.67,22532.35,17061.10,0.072988,A,A,0.073045,A,A,0.070819,A,A,0.074440,A,A,0.074469,A,A,0,A,,,,,,,,,,,,,,
2009-04-27,18037.46,22551.10,17112.65,0.081024,A,A,0.081617,A,A,0.080322,A,A,0.083514,A,A,0.084084,A,A,0,A,,,,,,,,,,,,,,
2009-04-28,17931.45,22558.36,17095.24,0.072227,A,A,0.073659,A,A,0.073286,A,A,0.076031,A,A,0.076619,A,A,0,A,,,,,,,,,,,,,,
2009-04-29,17831.98,22564.32,17091.35,0.063858,A,A,0.066330,A,A,0.066734,A,A,0.069079,A,A,0.069421,A,A,0,A,,,,,,,,,,,,,,
2009-04-30,18119.38,22571.18,17169.78,0.077948,A,A,0.082062,A,A,0.083035,A,A,0.085261,A,A,0.085452,A,A,0,A,,,,,,,,,,,,,,
2009-05-04,18266.05,22607.87,17197.72,0.083405,A,A,0.089181,A,A,0.090703,A,A,0.092933,A,A,0.093210,A,A,0,A,,,,,,,,,,,,,,
2009-05-05,18596.16,22562.40,17243.31,0.099237,A,A,0.106792,A,A,0.108892,A,A,0.111127,A,A,0.112269,A,A,0,A,,,,,,,,,,,,,,
2009-05-06,18772.20,22542.15,17256.96,0.105396,A,A,0.114881,A,A,0.117721,A,A,0.119843,A,A,0.122129,A,A,0,A,,,,,,,,,,,,,,
2009-05-07,18959.09,22531.04,17310.18,0.111400,A,A,0.123481,A,A,0.127060,A,A,0.129058,A,A,0.132682,A,A,0,A,,,,,,,,,,,,,,
2009-05-08,18986.61,22528.70,17300.09,0.107852,A,A,0.122736,A,A,0.126956,A,A,0.128734,A,A,0.133692,A,A,0,A,,,,,,,,,,,,,,
2009-05-11,19168.53,22503.00,17350.54,0.113342,A,A,0.130984,A,A,0.135933,A,A,0.137668,A,A,0.143470,A,A,0,A,,,,,,,,,,,,,,
2009-05-12,19200.72,22381.75,17307.74,0.109972,A,A,0.130643,A,A,0.136099,A,A,0.137808,A,A,0.144309,A,A,0,A,,,,,,,,,,,,,,
2009-05-13,19201.81,22343.17,17298.89,0.104752,A,A,0.128599,A,A,0.134564,A,A,0.136256,A,A,0.143421,A,A,0,A,,,,,,,,,,,,,,
2009-05-14,19040.61,22365.21,17262.18,0.090420,A,A,0.117002,A,A,0.123803,A,A,0.125267,A,A,0.132791,A,A,0,A,,,,,,,,,,,,,,
2009-05-15,18877.09,22307.92,17201.33,0.076687,A,A,0.105370,A,A,0.113174,A,A,0.114152,A,A,0.121931,A,A,0,A,,,,,,,,,,,,,,
2009-05-18,18922.36,22259.27,17174.76,0.075092,A,A,0.105763,A,A,0.114744,A,A,0.115383,A,A,0.123387,A,A,0,A,,,,,,,,,,,,,,
2009-05-19,19214.25,22253.34,17243.89,0.087147,A,A,0.120258,A,A,0.130412,A,A,0.131034,A,A,0.139377,A,A,0,A,,,,,,,,,,,,,,
2009-05-20,19488.03,22233.30,17277.01,0.097992,A,A,0.133353,A,A,0.144672,A,A,0.145534,A,A,0.154003,A,A,0,A,,,,,,,,,,,,,,
2009-05-22,19517.85,22197.01,17260.88,0.095166,A,A,0.131877,A,A,0.144380,A,A,0.145664,A,A,0.154037,A,A,0,A,,,,,,,,,,,,,,
2009-05-25,19469.09,22206.50,17261.49,0.088091,A,A,0.125803,A,A,0.139439,A,A,0.141151,A,A,0.149300,A,A,0,A,,,,,,,,,,,,,,
2009-05-26,19543.79,22198.82,17283.94,0.088071,A,A,0.126894,A,A,0.141569,A,A,0.143745,A,A,0.151548,A,A,0,A,,,,,,,,,,,,,,
2009-05-27,19612.90,22166.54,17299.61,0.087796,A,A,0.127433,A,A,0.143179,A,A,0.145818,A,A,0.153436,A,A,0,A,,,,,,,,,,,,,,
2009-05-28,19716.29,22087.67,17276.63,0.089186,A,A,0.129726,A,A,0.146808,A,A,0.149813,A,A,0.157409,A,A,0,A,,,,,,,,,,,,,,
2009-05-29,19768.95,21980.88,17229.31,0.088176,A,A,0.128914,A,A,0.147478,A,A,0.150834,A,A,0.158531,A,A,0,A,,,,,,,,,,,,,,
2009-06-01,19969.03,21995.29,17272.88,0.095020,A,A,0.136300,A,A,0.156378,A,A,0.160345,A,A,0.168221,A,A,0,A,,,,,,,,,,,,,,
2009-06-02,20181.93,22003.66,17346.75,0.102287,A,A,0.144170,A,A,0.165760,A,A,0.170485,A,A,0.178622,A,A,0,A,,,,,,,,,,,,,,
2009-06-03,20465.57,22042.37,17400.60,0.113149,A,A,0.155523,A,A,0.178961,A,A,0.184584,A,A,0.192983,A,A,0,A,,,,,,,,,,,,,,
2009-06-04,20318.96,22121.33,17406.55,0.100667,A,A,0.142409,A,A,0.167436,A,A,0.173988,A,A,0.182149,A,A,0,A,,,,,,,,,,,,,,
2009-06-05,20308.46,22105.19,17421.86,0.095195,A,A,0.136927,A,A,0.163884,A,A,0.171484,A,A,0.179161,A,A,0,A,,,,,,,,,,,,,,
2009-06-08,20390.73,22108.47,17450.23,0.094693,A,A,0.136787,A,A,0.165678,A,A,0.174388,A,A,0.181517,A,A,0,A,,,,,,,,,,,,,,
2009-06-09,20253.63,22132.94,17435.64,0.082806,A,A,0.124529,A,A,0.155219,A,A,0.164680,A,A,0.171239,A,A,0,A,,,,,,,,,,,,,,
2009-06-10,20275.45,22159.94,17451.22,0.079986,A,A,0.121076,A,A,0.153815,A,A,0.163942,A,A,0.170338,A,A,0,A,,,,,,,,,,,,,,
2009-06-11,20444.30,22183.35,17503.77,0.084958,A,A,0.125520,A,A,0.160592,A,A,0.171443,A,A,0.177928,A,A,0,A,,,,,,,,,,,,,,
2009-06-12,20562.15,22238.37,17569.00,0.087094,A,A,0.127282,A,A,0.164275,A,A,0.175769,A,A,0.182619,A,A,0,A,,,,,,,,,,,,,,
2009-06-15,20525.51,22303.43,17601.56,0.080939,A,A,0.120792,A,A,0.159310,A,A,0.171211,A,A,0.178483,A,A,0,A,,,,,,,,,,,,,,
2009-06-16,20266.95,22315.54,17560.26,0.063523,A,A,0.102579,A,A,0.142150,A,A,0.154110,A,A,0.161677,A,A,0,A,,,,,,,,,,,,,,
2009-06-17,20047.33,22384.85,17552.03,0.048821,A,A,0.087004,A,A,0.127458,A,A,0.139314,A,A,0.147302,A,A,0,A,,,,,,,,,,,,,,
2009-06-18,19764.88,22398.58,17500.11,0.031432,A,A,0.068491,A,A,0.109691,A,A,0.121273,A,A,0.129599,A,A,0,A,,,,,,,,,,,,,,
2009-06-19,19646.48,22375.87,17466.64,0.023011,A,A,0.059071,A,A,0.101344,A,A,0.112691,A,A,0.121471,A,A,0,A,,,,,,,,,,,,,,
2009-06-22,19739.28,22386.04,17487.29,0.025493,A,A,0.061124,A,A,0.104641,A,A,0.115895,A,A,0.125366,A,A,0,A,,,,,,,,,,,,,,
2009-06-23,19486.46,22382.90,17403.84,0.010460,A,A,0.044956,A,A,0.088718,A,A,0.099688,A,A,0.109644,A,A,0,A,,,,,,,,,,,,,,
2009-06-24,19358.00,22352.31,17368.20,0.002125,A,A,0.035570,A,A,0.079753,A,A,0.090623,A,A,0.101031,A,A,0,A,,,,,,,,,,,,,,
2009-06-25,19450.61,22332.85,17382.71,0.004896,A,A,0.038254,A,A,0.083079,A,A,0.093931,A,A,0.104840,A,A,0,A,,,,,,,,,,,,,,
2009-06-26,19578.12,22338.95,17418.27,0.009298,A,A,0.042694,A,A,0.088248,A,A,0.099196,A,A,0.110551,A,A,0,A,,,,,,,,,,,,,,
2009-06-30,19781.29,22341.24,17448.90,0.017415,A,A,0.050995,A,A,0.097248,A,A,0.108631,A,A,0.120451,A,A,0,A,,,,,,,,,,,,,,
2009-07-01,19772.63,22332.44,17448.88,0.014755,A,A,0.048156,A,A,0.094416,A,A,0.106320,A,A,0.118390,A,A,0,A,,,,,,,,,,,,,,
2009-07-02,19935.51,22350.39,17504.16,0.020905,A,A,0.054166,A,A,0.101019,A,A,0.113486,A,A,0.125987,A,A,0,A,,,,,,,,,,,,,,
2009-07-03,19846.46,22400.23,17496.14,0.014134,A,A,0.046641,A,A,0.093667,A,A,0.106593,A,A,0.119465,A,A,0,A,,,,,,,,,,,,,,
2009-07-06,19808.70,22418.73,17503.09,0.009938,A,A,0.041917,A,A,0.089126,A,A,0.102531,A,A,0.115961,A,A,0,A,,,,,,,,,,,,,,
2009-07-07,19675.81,22448.24,17497.70,0.001397,A,A,0.032444,A,A,0.079383,A,A,0.093330,A,A,0.107330,A,A,0,A,,,,,,,,,,,,,,
2009-07-08,19602.12,22453.71,17481.77,-0.003859,A,A,0.026529,A,A,0.072974,A,A,0.087566,A,A,0.102166,A,A,0,A,,,,,,,,,,,,,,
2009-07-09,19467.24,22460.50,17456.36,-0.011686,A,A,0.017671,A,A,0.063355,A,A,0.078544,A,A,0.093582,A,A,0,A,,,,,,,,,,,,,,
2009-07-10,19532.47,22439.67,17478.28,-0.009224,A,A,0.019264,A,A,0.064537,A,A,0.080743,A,A,0.096081,A,A,0,A,,,,,,,,,,,,,,
2009-07-13,19483.53,22467.67,17490.82,-0.012290,A,A,0.014824,A,A,0.059328,A,A,0.076723,A,A,0.092137,A,A,0,A,,,,,,,,,,,,,,
2009-07-14,19471.24,22490.33,17518.78,-0.013452,A,A,0.012325,A,A,0.056069,A,A,0.074630,A,A,0.090144,A,A,0,A,,,,,,,,,,,,,,
2009-07-15,19698.95,22537.24,17577.87,-0.002510,A,A,0.022296,A,A,0.065798,A,A,0.085581,A,A,0.101407,A,A,0,A,,,,,,,,,,,,,,
2009-07-17,20167.02,22555.28,17681.55,0.020082,A,A,0.044402,A,A,0.088098,A,A,0.109351,A,A,0.125758,A,A,0,A,,,,,,,,,,,,,,
2009-07-20,20226.15,22569.68,17701.64,0.021896,A,A,0.045375,A,A,0.088192,A,A,0.110557,A,A,0.127119,A,A,0,A,,,,,,,,,,,,,,
2009-07-21,20502.84,22576.82,17759.23,0.034178,A,A,0.057332,A,A,0.099732,A,A,0.123522,A,A,0.140513,A,A,0,A,,,,,,,,,,,,,,
2009-07-22,20588.06,22560.02,17763.46,0.036489,A,A,0.059397,A,A,0.101088,A,A,0.125729,A,A,0.143212,A,A,0,A,,,,,,,,,,,,,,
2009-07-23,20560.41,22570.96,17771.28,0.033203,A,A,0.055723,A,A,0.096545,A,A,0.121721,A,A,0.139553,A,A,0,A,,,,,,,,,,,,,,
2009-07-24,20765.90,22584.08,17823.27,0.041725,A,A,0.063659,A,A,0.104329,A,A,0.130352,A,A,0.148661,A,A,0,A,,,,,,,,,,,,,,
2009-07-27,20903.66,22578.75,17838.93,0.046983,A,A,0.067970,A,A,0.108524,A,A,0.135095,A,A,0.153929,A,A,0,A,,,,,,,,,,,,,,
2009-07-28,21030.63,22566.03,17856.46,0.051572,A,A,0.071658,A,A,0.112112,A,A,0.139096,A,A,0.158485,A,A,0,A,,,,,,,,,,,,,,
2009-07-29,21089.62,22584.21,17868.29,0.052626,A,A,0.071911,A,A,0.112083,A,A,0.139289,A,A,0.159327,A,A,0,A,,,,,,,,,,,,,,
2009-07-30,20933.34,22587.68,17856.52,0.043218,A,A,0.061526,A,A,0.100944,A,A,0.127974,A,A,0.148493,A,A,0,A,,,,,,,,,,,,,,
2009-07-31,21107.40,22580.51,17891.47,0.050154,A,A,0.067666,A,A,0.107149,A,A,0.134385,A,A,0.155815,A,A,0,A,,,,,,,,,,,,,,
2009-08-03,21219.52,22623.11,17922.69,0.053981,A,A,0.070471,A,A,0.109964,A,A,0.137284,A,A,0.159653,A,A,0,A,,,,,,,,,,,,,,
2009-08-04,21468.01,22631.64,17979.11,0.064327,A,A,0.080156,A,A,0.119947,A,A,0.147119,A,A,0.170754,A,A,0,A,,,,,,,,,,,,,,
2009-08-05,21547.69,22655.99,18007.35,0.066423,A,A,0.081375,A,A,0.121055,A,A,0.147792,A,A,0.172521,A,A,0,A,,,,,,,,,,,,,,
2009-08-06,21519.56,22650.08,18006.82,0.063466,A,A,0.077493,A,A,0.116610,A,A,0.142872,A,A,0.168489,A,A,0,A,,,,,,,,,,,,,,
2009-08-07,21478.33,22650.40,17994.64,0.060249,A,A,0.073157,A,A,0.111625,A,A,0.137269,A,A,0.163854,A,A,0,A,,,,,,,,,,,,,,
2009-08-10,21469.64,22657.99,18008.59,0.058484,A,A,0.070624,A,A,0.108283,A,A,0.133385,A,A,0.161035,A,A,0,A,,,,,,,,,,,,,,
2009-08-11,21519.19,22656.79,18001.78,0.059522,A,A,0.070982,A,A,0.107709,A,A,0.132524,A,A,0.161487,A,A,0,A,,,,,,,,,,,,,,
2009-08-12,21415.16,22641.27,17972.23,0.053219,A,A,0.063946,A,A,0.099342,A,A,0.123823,A,A,0.153775,A,A,0,A,,,,,,,,,,,,,,
2009-08-13,21385.78,22649.80,17981.56,0.050475,A,A,0.060687,A,A,0.094939,A,A,0.119189,A,A,0.150022,A,A,0,A,,,,,,,,,,,,,,
2009-08-14,21555.33,22674.44,18024.40,0.057326,A,A,0.067150,A,A,0.100872,A,A,0.124900,A,A,0.156824,A,A,0,A,,,,,,,,,,,,,,
2009-08-17,21558.94,22634.44,17993.66,0.056220,A,A,0.065253,A,A,0.098410,A,A,0.122056,A,A,0.154623,A,A,0,A,,,,,,,,,,,,,,
2009-08-18,21199.95,22621.44,17927.24,0.037911,A,A,0.045640,A,A,0.077770,A,A,0.100662,A,A,0.133234,A,A,0,A,,,,,,,,,,,,,,
2009-08-19,21235.44,22624.53,17936.79,0.038846,A,A,0.045527,A,A,0.077122,A,A,0.099805,A,A,0.132956,A,A,0,A,,,,,,,,,,,,,,
2009-08-20,21217.25,22598.86,17925.36,0.036885,A,A,0.043024,A,A,0.073777,A,A,0.096279,A,A,0.129680,A,A,0,A,,,,,,,,,,,,,,
2009-08-21,21339.40,22598.44,17941.31,0.041393,A,A,0.047539,A,A,0.077602,A,A,0.099998,A,A,0.133763,A,A,0,A,,,,,,,,,,,,,,
2009-08-24,21452.29,22616.03,17974.80,0.044990,A,A,0.051521,A,A,0.080958,A,A,0.103124,A,A,0.137325,A,A,0,A,,,,,,,,,,,,,,
2009-08-25,21629.55,22630.33,17995.59,0.051368,A,A,0.058458,A,A,0.087532,A,A,0.109634,A,A,0.144118,A,A,0,A,,,,,,,,,,,,,,
2009-08-26,21632.73,22647.52,18000.94,0.049376,A,A,0.056925,A,A,0.085342,A,A,0.107213,A,A,0.141644,A,A,0,A,,,,,,,,,,,,,,
2009-08-27,21568.02,22661.58,18001.85,0.043895,A,A,0.052193,A,A,0.079863,A,A,0.101395,A,A,0.135571,A,A,0,A,,,,,,,,,,,,,,
2009-08-28,21510.72,22669.44,17994.33,0.038717,A,A,0.047964,A,A,0.074840,A,A,0.096085,A,A,0.129945,A,A,0,A,,,,,,,,,,,,,,
2009-08-31,21547.95,22701.70,18017.77,0.038178,A,A,0.048359,A,A,0.074406,A,A,0.095528,A,A,0.129293,A,A,0,A,,,,,,,,,,,,,,
2009-09-01,21417.45,22702.89,17988.79,0.029862,A,A,0.040863,A,A,0.065699,A,A,0.086353,A,A,0.119859,A,A,0,A,,,,,,,,,,,,,,
2009-09-02,21307.01,22701.55,17960.64,0.022884,A,A,0.034612,A,A,0.058128,A,A,0.078313,A,A,0.111416,A,A,0,A,,,,,,,,,,,,,,
2009-09-03,21207.93,22725.99,17961.52,0.016571,A,A,0.029221,A,A,0.051268,A,A,0.070997,A,A,0.103599,A,A,0,A,,,,,,,,,,,,,,
2009-09-04,21321.91,22759.29,18000.59,0.020527,A,A,0.033967,A,A,0.055009,A,A,0.074607,A,A,0.106923,A,A,0,A,,,,,,,,,,,,,,
2009-09-07,21527.81,22777.79,18056.55,0.028543,A,A,0.042988,A,A,0.063095,A,A,0.082793,A,A,0.114863,A,A,0,A,,,,,,,,,,,,,,
2009-09-08,21660.51,22771.41,18067.96,0.032852,A,A,0.048409,A,A,0.067406,A,A,0.087223,A,A,0.118893,A,A,0,A,,,,,,,,,,,,,,
2009-09-09,21849.80,22800.30,18116.49,0.039484,A,A,0.056296,A,A,0.074539,A,A,0.094294,A,A,0.125700,A,A,0,A,,,,,,,,,,,,,,
2009-09-10,21965.62,22826.87,18148.99,0.042389,A,A,0.060541,A,A,0.078056,A,A,0.097607,A,A,0.128770,A,A,0,A,,,,,,,,,,,,,,
2009-09-11,22099.95,22841.56,18182.69,0.045860,A,A,0.065696,A,A,0.082580,A,A,0.101880,A,A,0.132789,A,A,0,A,,,,,,,,,,,,,,
2009-09-14,22155.62,22856.54,18196.20,0.045610,A,A,0.067099,A,A,0.083312,A,A,0.102265,A,A,0.132766,A,A,0,A,,,,,,,,,,,,,,
2009-09-15,22109.79,22870.20,18205.79,0.040581,A,A,0.063624,A,A,0.079224,A,A,0.097720,A,A,0.127684,A,A,0,A,,,,,,,,,,,,,,
2009-09-16,22221.71,22882.53,18221.40,0.042849,A,A,0.067439,A,A,0.082787,A,A,0.100954,A,A,0.130650,A,A,0,A,,,,,,,,,,,,,,
2009-09-17,22403.67,22895.78,18259.80,0.048431,A,A,0.074280,A,A,0.089745,A,A,0.107594,A,A,0.137093,A,A,0,A,,,,,,,,,,,,,,
2009-09-21,22501.71,22897.13,18289.19,0.050468,A,A,0.076773,A,A,0.092564,A,A,0.110040,A,A,0.139287,A,A,0,A,,,,,,,,,,,,,,
2009-09-22,22401.37,22882.48,18275.12,0.043430,A,A,0.069768,A,A,0.085818,A,A,0.102655,A,A,0.131546,A,A,0,A,,,,,,,,,,,,,,
2009-09-23,22502.52,22935.95,18331.86,0.045976,A,A,0.072387,A,A,0.088691,A,A,0.105141,A,A,0.133917,A,A,0,A,,,,,,,,,,,,,,
2009-09-24,22504.54,22974.46,18349.15,0.044003,A,A,0.070079,A,A,0.086670,A,A,0.102793,A,A,0.131454,A,A,0,A,,,,,,,,,,,,,,
2009-09-25,22364.83,22952.78,18318.18,0.035596,A,A,0.061065,A,A,0.077933,A,A,0.093649,A,A,0.121964,A,A,0,A,,,,,,,,,,,,,,
2009-09-28,22330.14,22959.12,18318.37,0.032328,A,A,0.057163,A,A,0.074468,A,A,0.089774,A,A,0.117807,A,A,0,A,,,,,,,,,,,,,,
2009-09-29,22423.75,22959.71,18335.66,0.035039,A,A,0.059364,A,A,0.077281,A,A,0.092062,A,A,0.120096,A,A,0,A,,,,,,,,,,,,,,
2009-09-30,22533.72,22959.96,18354.73,0.038514,A,A,0.062401,A,A,0.080824,A,A,0.095030,A,A,0.123095,A,A,0,A,,,,,,,,,,,,,,
2009-10-01,22643.62,22980.18,18386.61,0.041920,A,A,0.065330,A,A,0.084261,A,A,0.098071,A,A,0.125876,A,A,0,A,,,,,,,,,,,,,,
2009-10-02,22550.47,22996.43,18376.33,0.035921,A,A,0.058911,A,A,0.078076,A,A,0.091395,A,A,0.118629,A,A,0,A,,,,,,,,,,,,,,
2009-10-05,22402.50,23005.38,18353.51,0.027765,A,A,0.049994,A,A,0.069418,A,A,0.082334,A,A,0.108821,A,A,0,A,,,,,,,,,,,,,,
2009-10-06,22568.58,23013.61,18388.93,0.033962,A,A,0.055644,A,A,0.075718,A,A,0.088457,A,A,0.114677,A,A,0,A,,,,,,,,,,,,,,
2009-10-07,22853.44,23023.96,18435.48,0.045538,A,A,0.066492,A,A,0.087520,A,A,0.100227,A,A,0.126300,A,A,0,A,,,,,,,,,,,,,,
2009-10-08,22921.91,23069.20,18468.31,0.047208,A,A,0.067104,A,A,0.089077,A,A,0.101536,A,A,0.127218,A,A,0,A,,,,,,,,,,,,,,
2009-10-09,23071.88,23121.15,18522.99,0.052401,A,A,0.071277,A,A,0.094533,A,A,0.106766,A,A,0.132001,A,A,0,A,,,,,,,,,,,,,,
2009-10-13,23314.44,23160.55,18581.31,0.061489,A,A,0.079577,A,A,0.104382,A,A,0.116304,A,A,0.141191,A,A,0,A,,,,,,,,,,,,,,
2009-10-14,23367.16,23157.92,18591.10,0.061851,A,A,0.078987,A,A,0.105106,A,A,0.116707,A,A,0.141148,A,A,0,A,,,,,,,,,,,,,,
2009-10-15,23656.57,23170.58,18640.44,0.072687,A,A,0.089062,A,A,0.116828,A,A,0.128167,A,A,0.152570,A,A,0,A,,,,,,,,,,,,,,
2009-10-16,23666.69,23168.39,18634.84,0.070717,A,A,0.086427,A,A,0.115389,A,A,0.126200,A,A,0.150434,A,A,0,A,,,,,,,,,,,,,,
2009-10-19,23529.21,23184.86,18618.19,0.062208,A,A,0.077517,A,A,0.107011,A,A,0.117325,A,A,0.141210,A,A,0,A,,,,,,,,,,,,,,
2009-10-20,23650.79,23198.71,18648.90,0.065457,A,A,0.080437,A,A,0.110771,A,A,0.120850,A,A,0.144556,A,A,0,A,,,,,,,,,,,,,,
2009-10-21,23530.50,23212.68,18631.06,0.057950,A,A,0.072624,A,A,0.103345,A,A,0.113118,A,A,0.136281,A,A,0,A,,,,,,,,,,,,,,
2009-10-22,23455.03,23225.79,18629.21,0.052186,A,A,0.067005,A,A,0.098151,A,A,0.107583,A,A,0.130144,A,A,0,A,,,,,,,,,,,,,,
2009-10-23,23322.61,23232.32,18603.84,0.044073,A,A,0.058902,A,A,0.090365,A,A,0.099425,A,A,0.121349,A,A,0,A,,,,,,,,,,,,,,
2009-10-26,23325.57,23234.93,18604.22,0.042020,A,A,0.057117,A,A,0.088773,A,A,0.097701,A,A,0.119114,A,A,0,A,,,,,,,,,,,,,,
2009-10-27,23258.35,23203.65,18572.29,0.037041,A,A,0.052316,A,A,0.083830,A,A,0.092752,A,A,0.113601,A,A,0,A,,,,,,,,,,,,,,
2009-10-28,23004.79,23204.25,18519.01,0.024160,A,A,0.039393,A,A,0.070219,A,A,0.079251,A,A,0.099386,A,A,0,A,,,,,,,,,,,,,,
2009-10-29,22507.66,23162.49,18395.94,0.001159,A,A,0.015915,A,A,0.045546,A,A,0.054638,A,A,0.073765,A,A,0,A,,,,,,,,,,,,,,
2009-10-30,22585.90,23124.84,18401.31,0.003693,A,A,0.018259,A,A,0.047641,A,A,0.057069,A,A,0.075561,A,A,0,A,,,,,,,,,,,,,,
2009-11-02,22491.16,23123.39,18365.43,-0.001427,A,A,0.013001,A,A,0.041633,A,A,0.051553,A,A,0.069283,A,A,0,A,,,,,,,,,,,,,,
2009-11-03,22362.07,23107.23,18331.43,-0.007992,A,A,0.006377,A,A,0.034056,A,A,0.044635,A,A,0.061505,A,A,0,A,,,,,,,,,,,,,,
2009-11-04,22270.46,23060.21,18301.39,-0.012759,A,A,0.001689,A,A,0.028330,A,A,0.039453,A,A,0.055695,A,A,0,A,,,,,,,,,,,,,,
2009-11-05,22542.53,23082.38,18345.53,-0.001805,A,A,0.013218,A,A,0.039312,A,A,0.051108,A,A,0.067079,A,A,0,A,,,,,,,,,,,,,,
2009-11-06,22632.18,23097.69,18386.59,0.000860,A,A,0.016453,A,A,0.041924,A,A,0.054239,A,A,0.069846,A,A,0,A,,,,,,,,,,,,,,
2009-11-09,22720.65,23167.27,18417.05,0.003281,A,A,0.019538,A,A,0.044422,A,A,0.057203,A,A,0.072526,A,A,0,A,,,,,,,,,,,,,,
2009-11-10,22984.88,23185.44,18477.60,0.013295,A,A,0.030300,A,A,0.054925,A,A,0.068215,A,A,0.083449,A,A,0,A,,,,,,,,,,,,,,
2009-11-11,22958.22,23161.43,18455.45,0.010703,A,A,0.028069,A,A,0.052032,A,A,0.065790,A,A,0.080674,A,A,0,A,,,,,,,,,,,,,,
2009-11-12,22966.53,23152.43,18440.76,0.009779,A,A,0.027326,A,A,0.050723,A,A,0.065044,A,A,0.079546,A,A,0,A,,,,,,,,,,,,,,
2009-11-13,22828.25,23109.02,18399.40,0.002741,A,A,0.020112,A,A,0.042726,A,A,0.057556,A,A,0.071532,A,A,0,A,,,,,,,,,,,,,,
2009-11-16,22750.82,23038.33,18350.03,-0.001426,A,A,0.015804,A,A,0.037531,A,A,0.052815,A,A,0.066359,A,A,0,A,,,,,,,,,,,,,,
2009-11-17,22910.50,23006.64,18348.57,0.004788,A,A,0.021970,A,A,0.042994,A,A,0.058868,A,A,0.072253,A,A,0,A,,,,,,,,,,,,,,
2009-11-18,22819.89,22973.58,18291.67,0.000167,A,A,0.016780,A,A,0.037144,A,A,0.053264,A,A,0.066584,A,A,0,A,,,,,,,,,,,,,,
2009-11-19,22744.32,22956.60,18254.81,-0.003761,A,A,0.012349,A,A,0.032010,A,A,0.048348,A,A,0.061769,A,A,0,A,,,,,,,,,,,,,,
2009-11-20,22656.99,22960.94,18255.85,-0.008006,A,A,0.007454,A,A,0.026399,A,A,0.042987,A,A,0.056464,A,A,0,A,,,,,,,,,,,,,,
2009-11-23,22683.76,22980.99,18283.49,-0.007105,A,A,0.007703,A,A,0.026070,A,A,0.042758,A,A,0.056455,A,A,0,A,,,,,,,,,,,,,,
2009-11-24,22727.02,22978.55,18282.20,-0.005429,A,A,0.008732,A,A,0.026706,A,A,0.043208,A,A,0.057226,A,A,0,A,,,,,,,,,,,,,,
2009-11-25,22609.51,22928.65,18236.26,-0.010772,A,A,0.002835,A,A,0.020177,A,A,0.036383,A,A,0.050597,A,A,0,A,,,,,,,,,,,,,,
2009-11-26,22713.48,22930.48,18268.40,-0.006427,A,A,0.006692,A,A,0.023733,A,A,0.039725,A,A,0.054263,A,A,0,A,,,,,,,,,,,,,,
2009-11-27,22539.17,22920.32,18225.35,-0.014085,A,A,-0.001705,A,A,0.014885,A,A,0.030507,A,A,0.045106,A,A,0,A,,,,,,,,,,,,,,
2009-11-30,22295.42,22878.63,18171.25,-0.024681,fuera,A,-0.013037,A,A,0.003039,A,A,0.018244,A,A,0.032919,A,A,0,A,,,,,,,,,,,,,,
2009-12-01,22401.42,22885.00,18191.45,-0.020112,fuera,A,-0.008929,A,A,0.006985,A,A,0.021989,A,A,0.036984,A,A,0,A,,,,,,,,,,,,,,
2009-12-02,22734.04,22890.85,18261.15,-0.005862,fuera,A,0.004872,A,A,0.021003,A,A,0.035864,A,A,0.051505,A,A,0,A,,,,,,,,,,,,,,
2009-12-03,22985.35,22911.80,18311.14,0.004686,fuera,A,0.014804,A,A,0.031284,A,A,0.045873,A,A,0.062089,A,A,0,A,,,,,,,,,,,,,,
2009-12-04,23097.89,22906.81,18336.65,0.009160,fuera,fuera,0.018444,A,A,0.035297,A,A,0.049438,A,A,0.066198,A,A,1,A,,,,,,,,,,,,,,
2009-12-07,23089.76,22892.70,18336.82,0.008277,fuera,fuera,0.016847,A,A,0.033822,A,A,0.047488,A,A,0.064770,A,A,1,A,,,,,,,,,,,,,,
2009-12-09,22871.59,22893.57,18295.72,-0.001705,fuera,fuera,0.006309,A,A,0.023156,A,A,0.036066,A,A,0.053700,A,A,1,A,,,,,,,,,,,,,,
2009-12-10,22749.85,22865.71,18251.38,-0.007193,fuera,fuera,0.000204,A,A,0.016936,A,A,0.029123,A,A,0.047144,A,A,1,A,,,,,,,,,,,,,,
2009-12-11,22687.68,22828.37,18220.37,-0.009747,fuera,fuera,-0.003104,A,A,0.013543,A,A,0.024896,A,A,0.043427,A,A,1,A,,,,,,,,,,,,,,
2009-12-14,22814.25,22830.62,18249.24,-0.004118,fuera,fuera,0.001874,A,A,0.018557,A,A,0.029133,A,A,0.048386,A,A,1,A,,,,,,,,,,,,,,
2009-12-15,22963.51,22762.03,18255.65,0.002503,fuera,fuera,0.007832,A,A,0.024487,A,A,0.034416,A,A,0.054308,A,A,1,A,,,,,,,,,,,,,,
2009-12-16,22952.54,22757.07,18258.74,0.002376,fuera,fuera,0.006800,A,A,0.023250,A,A,0.032687,A,A,0.052774,A,A,1,A,,,,,,,,,,,,,,
2009-12-17,22976.28,22759.46,18270.76,0.003793,fuera,fuera,0.007243,A,A,0.023544,A,A,0.032539,A,A,0.052740,A,A,1,A,,,,,,,,,,,,,,
2009-12-18,22750.00,22792.21,18237.30,-0.005217,fuera,fuera,-0.003037,A,A,0.012847,A,A,0.021387,A,A,0.041242,A,A,1,A,,,,,,,,,,,,,,
2009-12-21,22686.28,22804.60,18238.02,-0.007057,fuera,fuera,-0.006022,A,A,0.009375,A,A,0.017614,A,A,0.037181,A,A,1,A,,,,,,,,,,,,,,
2009-12-22,22758.46,22801.74,18262.90,-0.003151,fuera,fuera,-0.003035,A,A,0.011900,A,A,0.019894,A,A,0.039342,A,A,1,A,,,,,,,,,,,,,,
2009-12-23,22865.09,22830.71,18301.70,0.002286,fuera,fuera,0.001318,A,A,0.015984,A,A,0.023755,A,A,0.042935,A,A,1,A,,,,,,,,,,,,,,
2009-12-24,23016.51,22914.19,18362.89,0.009429,fuera,fuera,0.007595,A,A,0.021977,A,A,0.029607,A,A,0.048453,A,A,1,A,,,,,,,,,,,,,,
2009-12-28,23049.23,22922.28,18372.92,0.011264,fuera,fuera,0.008652,A,A,0.022497,A,A,0.030185,A,A,0.048579,A,A,1,A,,,,,,,,,,,,,,
2009-12-29,23190.84,22980.08,18434.15,0.017608,fuera,fuera,0.014276,A,A,0.027788,A,A,0.035588,A,A,0.053647,A,A,1,A,,,,,,,,,,,,,,
2009-12-30,23263.20,22944.45,18443.73,0.020845,A,fuera,0.016792,A,A,0.029957,A,A,0.037791,A,A,0.055609,A,A,1,A,,,,,,,,,,,,,,
2009-12-31,23290.37,22975.94,18469.26,0.022005,A,fuera,0.017378,A,A,0.030171,A,A,0.038040,A,A,0.055505,A,A,1,A,,,,,,,,,,,,,,
2010-01-04,23371.30,22970.17,18479.11,0.025190,A,fuera,0.020330,A,A,0.032777,A,A,0.040696,A,A,0.057865,A,A,1,A,,,,,,,,,,,,,,
2010-01-05,23591.11,22985.69,18538.85,0.033740,A,fuera,0.029261,A,A,0.041487,A,A,0.049539,A,A,0.066380,A,A,1,A,,,,,,,,,,,,,,
2010-01-06,23828.55,23024.73,18624.31,0.042883,A,A,0.038715,A,A,0.050838,A,A,0.059079,A,A,0.075562,A,A,0,A,,,,,,,,,,,,,,
2010-01-07,23805.59,23041.16,18629.26,0.040548,A,A,0.036723,A,A,0.048676,A,A,0.057036,A,A,0.072938,A,A,0,A,,,,,,,,,,,,,,
2010-01-08,23711.33,23052.16,18626.16,0.035071,A,A,0.031816,A,A,0.043399,A,A,0.051857,A,A,0.067121,A,A,0,A,,,,,,,,,,,,,,
2010-01-11,23750.31,23054.28,18648.35,0.035286,A,A,0.032882,A,A,0.043990,A,A,0.052572,A,A,0.067243,A,A,0,A,,,,,,,,,,,,,,
2010-01-12,23845.90,23053.81,18668.97,0.038143,A,A,0.036389,A,A,0.046951,A,A,0.055772,A,A,0.069892,A,A,0,A,,,,,,,,,,,,,,
2010-01-13,23725.22,23029.63,18635.39,0.031798,A,A,0.030686,A,A,0.040425,A,A,0.049407,A,A,0.062872,A,A,0,A,,,,,,,,,,,,,,
2010-01-14,23656.12,23023.59,18623.16,0.027863,A,A,0.027446,A,A,0.036158,A,A,0.045350,A,A,0.058202,A,A,0,A,,,,,,,,,,,,,,
2010-01-15,23757.83,23040.36,18655.30,0.031513,A,A,0.031590,A,A,0.039381,A,A,0.048873,A,A,0.061223,A,A,0,A,,,,,,,,,,,,,,
2010-01-18,23646.07,23031.54,18625.73,0.025979,A,A,0.026745,A,A,0.033428,A,A,0.043023,A,A,0.054930,A,A,0,A,,,,,,,,,,,,,,
2010-01-19,23630.95,23036.08,18627.52,0.024667,A,A,0.026113,A,A,0.031780,A,A,0.041293,A,A,0.052986,A,A,0,A,,,,,,,,,,,,,,
2010-01-20,23714.50,23027.02,18645.15,0.027412,A,A,0.029612,A,A,0.034492,A,A,0.043889,A,A,0.055510,A,A,0,A,,,,,,,,,,,,,,
2010-01-21,23612.88,23026.36,18618.14,0.022161,A,A,0.025226,A,A,0.029237,A,A,0.038372,A,A,0.049865,A,A,0,A,,,,,,,,,,,,,,
2010-01-22,23379.64,23040.90,18587.69,0.011608,A,A,0.015203,A,A,0.018440,A,A,0.027238,A,A,0.038462,A,A,0,A,,,,,,,,,,,,,,
2010-01-25,23146.94,23033.05,18560.59,0.001225,A,A,0.005309,A,A,0.007819,A,A,0.016293,A,A,0.027264,A,A,0,A,,,,,,,,,,,,,,
2010-01-26,23148.33,23039.57,18566.57,0.000896,A,A,0.005488,A,A,0.007374,A,A,0.015709,A,A,0.026514,A,A,0,A,,,,,,,,,,,,,,
2010-01-27,22983.46,23045.00,18547.38,-0.006544,A,A,-0.001441,A,A,-0.000169,A,A,0.007906,A,A,0.018502,A,A,0,A,,,,,,,,,,,,,,
2010-01-28,22997.37,23061.09,18575.81,-0.006242,A,A,-0.000660,A,A,0.000149,A,A,0.007914,A,A,0.018436,A,A,0,A,,,,,,,,,,,,,,
2010-01-29,23163.19,23108.06,18625.02,0.000504,A,A,0.006437,A,A,0.007038,A,A,0.014482,A,A,0.024976,A,A,0,A,,,,,,,,,,,,,,
2010-02-01,22958.54,23082.74,18563.17,-0.008668,A,A,-0.002760,A,A,-0.002128,A,A,0.004928,A,A,0.015260,A,A,0,A,,,,,,,,,,,,,,
2010-02-02,23093.75,23114.43,18625.90,-0.003193,A,A,0.002768,A,A,0.003463,A,A,0.010140,A,A,0.020568,A,A,0,A,,,,,,,,,,,,,,
2010-02-03,23318.60,23131.69,18671.17,0.005760,A,A,0.011963,A,A,0.012835,A,A,0.019121,A,A,0.029836,A,A,0,A,,,,,,,,,,,,,,
2010-02-04,23546.74,23142.68,18734.95,0.014384,A,A,0.021043,A,A,0.022161,A,A,0.028091,A,A,0.039183,A,A,0,A,,,,,,,,,,,,,,
2010-02-05,23248.20,23147.91,18668.37,0.000712,A,A,0.007430,A,A,0.008755,A,A,0.014244,A,A,0.025387,A,A,0,A,,,,,,,,,,,,,,
2010-02-08,22726.66,23153.99,18572.97,-0.021731,fuera,A,-0.015293,A,A,-0.014019,A,A,-0.009003,A,A,0.001946,A,A,0,A,,,,,,,,,,,,,,
2010-02-09,22642.12,23171.51,18558.72,-0.025050,fuera,A,-0.018962,A,A,-0.017738,A,A,-0.013092,A,A,-0.002190,A,A,0,A,,,,,,,,,,,,,,
2010-02-10,22879.72,23204.21,18634.18,-0.014613,fuera,A,-0.008774,A,A,-0.007544,A,A,-0.003161,A,A,0.007801,A,A,0,A,,,,,,,,,,,,,,
2010-02-11,22886.87,23210.35,18622.51,-0.014114,fuera,A,-0.008399,A,A,-0.007395,A,A,-0.003231,A,A,0.007597,A,A,0,A,,,,,,,,,,,,,,
2010-02-12,22986.16,23234.68,18644.57,-0.009946,fuera,fuera,-0.004116,A,A,-0.003369,A,A,0.000726,A,A,0.011403,A,A,1,A,,,,,,,,,,,,,,
2010-02-15,22937.83,23295.16,18646.59,-0.012205,fuera,fuera,-0.006190,A,A,-0.005641,A,A,-0.001702,A,A,0.008789,A,A,1,A,,,,,,,,,,,,,,
2010-02-16,22912.73,23294.86,18638.97,-0.013498,fuera,fuera,-0.007334,A,A,-0.006758,A,A,-0.003127,A,A,0.007210,A,A,1,A,,,,,,,,,,,,,,
2010-02-17,23121.89,23326.64,18701.54,-0.004786,fuera,fuera,0.001476,A,A,0.002213,A,A,0.005598,A,A,0.015723,A,A,1,A,,,,,,,,,,,,,,
2010-02-18,23355.57,23339.62,18754.98,0.004895,fuera,fuera,0.011292,A,A,0.012203,A,A,0.015361,A,A,0.025230,A,A,1,A,,,,,,,,,,,,,,
2010-02-19,23449.65,23359.84,18796.62,0.008464,fuera,fuera,0.014934,A,A,0.016214,A,A,0.019051,A,A,0.028560,A,A,1,A,,,,,,,,,,,,,,
2010-02-22,23404.73,23371.12,18802.71,0.006120,fuera,fuera,0.012537,A,A,0.014249,A,A,0.016677,A,A,0.025852,A,A,1,A,,,,,,,,,,,,,,
2010-02-23,23439.53,23385.65,18809.26,0.006953,fuera,fuera,0.013507,A,A,0.015864,A,A,0.017794,A,A,0.026668,A,A,1,A,,,,,,,,,,,,,,
2010-02-24,23283.76,23372.53,18769.93,-0.000309,fuera,fuera,0.006363,A,A,0.009299,A,A,0.010704,A,A,0.019259,A,A,1,A,,,,,,,,,,,,,,
2010-02-25,23254.95,23389.53,18786.66,-0.002019,fuera,fuera,0.004760,A,A,0.008183,A,A,0.009083,A,A,0.017424,A,A,1,A,,,,,,,,,,,,,,
2010-02-26,23086.57,23412.28,18761.67,-0.009454,fuera,fuera,-0.002836,A,A,0.001155,A,A,0.001463,A,A,0.009525,A,A,1,A,,,,,,,,,,,,,,
2010-03-01,23225.63,23452.91,18818.67,-0.003686,fuera,fuera,0.002823,A,A,0.007334,A,A,0.007162,A,A,0.015002,A,A,1,A,,,,,,,,,,,,,,
2010-03-02,23319.71,23467.73,18825.37,0.000092,fuera,fuera,0.006355,A,A,0.011480,A,A,0.010913,A,A,0.018488,A,A,1,A,,,,,,,,,,,,,,
2010-03-03,23462.94,23501.57,18867.80,0.005973,fuera,fuera,0.011740,A,A,0.017624,A,A,0.016778,A,A,0.024017,A,A,1,A,,,,,,,,,,,,,,
2010-03-04,23457.31,23542.06,18871.11,0.005546,fuera,fuera,0.010778,A,A,0.017315,A,A,0.016154,A,A,0.023010,A,A,1,A,,,,,,,,,,,,,,
2010-03-05,23402.75,23528.89,18858.05,0.003100,fuera,fuera,0.007973,A,A,0.014878,A,A,0.013372,A,A,0.019855,A,A,1,A,,,,,,,,,,,,,,
2010-03-08,23554.05,23557.04,18890.77,0.009409,fuera,fuera,0.014102,A,A,0.021169,A,A,0.019510,A,A,0.025657,A,A,1,A,,,,,,,,,,,,,,
2010-03-09,23666.62,23568.43,18905.30,0.014160,fuera,fuera,0.018559,A,A,0.025477,A,A,0.024039,A,A,0.029798,A,A,1,A,,,,,,,,,,,,,,
2010-03-10,23724.31,23564.69,18922.58,0.016733,fuera,fuera,0.020606,A,A,0.027414,A,A,0.026196,A,A,0.031573,A,A,1,A,,,,,,,,,,,,,,
2010-03-11,23889.93,23566.48,18956.82,0.023749,A,fuera,0.027028,A,A,0.033890,A,A,0.033011,A,A,0.038043,A,A,1,A,,,,,,,,,,,,,,
2010-03-12,23996.76,23575.45,18991.70,0.028048,A,fuera,0.030757,A,A,0.037698,A,A,0.037339,A,A,0.041955,A,A,1,A,,,,,,,,,,,,,,
2010-03-15,23961.12,23538.28,18963.02,0.026315,A,fuera,0.028347,A,A,0.035316,A,A,0.035545,A,A,0.039741,A,A,1,A,,,,,,,,,,,,,,
2010-03-16,23825.98,23535.06,18944.88,0.020546,A,fuera,0.021854,A,A,0.028842,A,A,0.029633,A,A,0.033282,A,A,1,A,,,,,,,,,,,,,,
2010-03-17,24027.55,23540.32,19003.45,0.028883,A,A,0.029765,A,A,0.036852,A,A,0.038190,A,A,0.041337,A,A,0,A,,,,,,,,,,,,,,
2010-03-18,24302.09,23564.63,19077.83,0.040000,A,A,0.040591,A,A,0.047905,A,A,0.049718,A,A,0.052482,A,A,0,A,,,,,,,,,,,,,,
2010-03-19,24214.56,23583.72,19074.19,0.035805,A,A,0.035985,A,A,0.043516,A,A,0.045695,A,A,0.048039,A,A,0,A,,,,,,,,,,,,,,
2010-03-22,24141.21,23601.03,19046.11,0.032181,A,A,0.031887,A,A,0.039766,A,A,0.042266,A,A,0.044276,A,A,0,A,,,,,,,,,,,,,,
2010-03-23,24136.36,23616.47,19071.92,0.031478,A,A,0.030681,A,A,0.038975,A,A,0.041764,A,A,0.043445,A,A,0,A,,,,,,,,,,,,,,
2010-03-24,24240.10,23643.68,19094.04,0.035395,A,A,0.034089,A,A,0.042737,A,A,0.045848,A,A,0.047305,A,A,0,A,,,,,,,,,,,,,,
2010-03-25,24195.93,23647.23,19075.14,0.032937,A,A,0.031290,A,A,0.040118,A,A,0.043569,A,A,0.044791,A,A,0,A,,,,,,,,,,,,,,
2010-03-26,24168.89,23651.77,19066.13,0.031010,A,A,0.029347,A,A,0.038332,A,A,0.042013,A,A,0.042978,A,A,0,A,,,,,,,,,,,,,,
2010-03-29,24177.91,23685.26,19084.88,0.030388,A,A,0.028959,A,A,0.038046,A,A,0.041900,A,A,0.042708,A,A,0,A,,,,,,,,,,,,,,
2010-03-30,24324.58,23702.43,19126.76,0.035485,A,A,0.034421,A,A,0.043557,A,A,0.047439,A,A,0.048351,A,A,0,A,,,,,,,,,,,,,,
2010-03-31,24325.17,23739.20,19139.21,0.034198,A,A,0.033716,A,A,0.042753,A,A,0.046718,A,A,0.047734,A,A,0,A,,,,,,,,,,,,,,
2010-04-01,24282.95,23733.24,19144.10,0.031150,A,A,0.031242,A,A,0.040151,A,A,0.044134,A,A,0.045330,A,A,0,A,,,,,,,,,,,,,,
2010-04-05,24457.05,23755.90,19194.72,0.037277,A,A,0.037888,A,A,0.046747,A,A,0.050719,A,A,0.052139,A,A,0,A,,,,,,,,,,,,,,
2010-04-06,24521.36,23778.33,19216.89,0.038475,A,A,0.039976,A,A,0.048546,A,A,0.052513,A,A,0.054143,A,A,0,A,,,,,,,,,,,,,,
2010-04-07,24701.24,23777.60,19256.71,0.044512,A,A,0.046999,A,A,0.055241,A,A,0.059299,A,A,0.061104,A,A,0,A,,,,,,,,,,,,,,
2010-04-08,24655.55,23783.79,19224.66,0.041272,A,A,0.044475,A,A,0.052232,A,A,0.056466,A,A,0.058491,A,A,0,A,,,,,,,,,,,,,,
2010-04-09,24549.83,23775.08,19204.55,0.035832,A,A,0.039419,A,A,0.046601,A,A,0.051152,A,A,0.053368,A,A,0,A,,,,,,,,,,,,,,
2010-04-12,24651.78,23787.24,19225.65,0.038767,A,A,0.043114,A,A,0.049828,A,A,0.054800,A,A,0.057174,A,A,0,A,,,,,,,,,,,,,,
2010-04-13,24640.45,23792.52,19230.95,0.036432,A,A,0.042087,A,A,0.048400,A,A,0.053593,A,A,0.056211,A,A,0,A,,,,,,,,,,,,,,
2010-04-14,24583.57,23817.75,19221.63,0.032166,A,A,0.039092,A,A,0.045190,A,A,0.050469,A,A,0.053337,A,A,0,A,,,,,,,,,,,,,,
2010-04-15,24776.78,23834.80,19265.54,0.038440,A,A,0.046484,A,A,0.052570,A,A,0.057886,A,A,0.061211,A,A,0,A,,,,,,,,,,,,,,
2010-04-16,24884.54,23849.79,19307.96,0.041020,A,A,0.050254,A,A,0.056253,A,A,0.061566,A,A,0.065386,A,A,0,A,,,,,,,,,,,,,,
2010-04-19,24677.45,23841.06,19256.47,0.030736,A,A,0.040806,A,A,0.046572,A,A,0.051976,A,A,0.056108,A,A,0,A,,,,,,,,,,,,,,
2010-04-20,24480.44,23852.40,19235.07,0.021045,A,A,0.031919,A,A,0.037370,A,A,0.042875,A,A,0.047381,A,A,0,A,,,,,,,,,,,,,,
2010-04-21,24701.72,23901.89,19302.95,0.028569,A,A,0.040570,A,A,0.045756,A,A,0.051466,A,A,0.056428,A,A,0,A,,,,,,,,,,,,,,
2010-04-22,24667.62,23898.22,19298.47,0.025682,A,A,0.038413,A,A,0.043402,A,A,0.049160,A,A,0.054536,A,A,0,A,,,,,,,,,,,,,,
2010-04-23,24533.73,23900.10,19262.06,0.019006,A,A,0.031993,A,A,0.036974,A,A,0.042684,A,A,0.048381,A,A,0,A,,,,,,,,,,,,,,
2010-04-26,24642.75,23915.84,19288.58,0.022408,A,A,0.035561,A,A,0.040755,A,A,0.046506,A,A,0.052570,A,A,0,A,,,,,,,,,,,,,,
2010-04-27,24702.74,23902.76,19298.42,0.023672,A,A,0.037024,A,A,0.042445,A,A,0.048166,A,A,0.054616,A,A,0,A,,,,,,,,,,,,,,
2010-04-28,24437.27,23913.17,19252.37,0.011741,A,A,0.024902,A,A,0.030427,A,A,0.036180,A,A,0.042776,A,A,0,A,,,,,,,,,,,,,,
2010-04-29,24375.15,23937.49,19258.69,0.008157,A,A,0.021374,A,A,0.026995,A,A,0.032780,A,A,0.039468,A,A,0,A,,,,,,,,,,,,,,
2010-04-30,24498.45,23939.45,19286.78,0.012100,A,A,0.025644,A,A,0.031349,A,A,0.037083,A,A,0.044050,A,A,0,A,,,,,,,,,,,,,,
2010-05-03,24445.69,23922.77,19265.83,0.008662,A,A,0.022441,A,A,0.028368,A,A,0.033997,A,A,0.041114,A,A,0,A,,,,,,,,,,,,,,
2010-05-04,24454.13,23944.36,19265.66,0.007875,A,A,0.021885,A,A,0.028032,A,A,0.033638,A,A,0.040737,A,A,0,A,,,,,,,,,,,,,,
2010-05-05,24204.41,23939.97,19228.00,-0.003225,A,A,0.010865,A,A,0.016986,A,A,0.022581,A,A,0.029437,A,A,0,A,,,,,,,,,,,,,,
2010-05-06,23946.20,23952.19,19188.74,-0.014295,A,A,-0.000179,A,A,0.005782,A,A,0.011327,A,A,0.017973,A,A,0,A,,,,,,,,,,,,,,
2010-05-07,23517.79,23938.66,19098.67,-0.031983,fuera,A,-0.018239,A,A,-0.012330,A,A,-0.006938,A,A,-0.000538,A,A,0,A,,,,,,,,,,,,,,
2010-05-10,23277.86,23958.22,19052.83,-0.041749,fuera,A,-0.028604,fuera,A,-0.022400,fuera,A,-0.017229,A,A,-0.010921,A,A,0,A,,,,,,,,,,,,,,
2010-05-11,23856.14,24001.25,19179.75,-0.018215,fuera,A,-0.005260,fuera,A,0.001659,fuera,A,0.006737,A,A,0.013353,A,A,0,A,,,,,,,,,,,,,,
2010-05-12,23902.52,24030.52,19209.43,-0.016519,fuera,A,-0.003990,fuera,A,0.003461,fuera,A,0.008202,A,A,0.015000,A,A,0,A,,,,,,,,,,,,,,
2010-05-13,24025.04,24062.43,19228.81,-0.011749,fuera,fuera,0.000374,fuera,A,0.008512,fuera,A,0.012877,A,A,0.019839,A,A,1,A,,,,,,,,,,,,,,
2010-05-14,24095.25,24061.53,19254.37,-0.009047,fuera,fuera,0.002574,fuera,fuera,0.011323,fuera,fuera,0.015376,A,A,0.022383,A,A,3,E,,,,,,,,,,,,,,
2010-05-17,23903.23,24147.70,19261.06,-0.016860,fuera,fuera,-0.006039,fuera,fuera,0.003173,fuera,fuera,0.006900,A,A,0.013842,A,A,3,E,,,,,,,,,,,,,,
2010-05-18,23723.41,24156.80,19241.86,-0.024044,fuera,fuera,-0.014036,fuera,fuera,-0.004361,fuera,fuera,-0.000974,A,A,0.005940,A,A,3,E,,,,,,,,,,,,,,
2010-05-19,23758.04,24150.43,19265.42,-0.022559,fuera,fuera,-0.013004,fuera,fuera,-0.002867,fuera,fuera,0.000080,A,A,0.007090,A,A,3,E,,,,,,,,,,,,,,
2010-05-20,23488.17,24146.63,19221.21,-0.033185,fuera,fuera,-0.024300,fuera,fuera,-0.014084,fuera,fuera,-0.011598,A,A,-0.004599,A,A,3,E,,,,,,,,,,,,,,
2010-05-24,22890.27,24145.12,19103.34,-0.056577,fuera,fuera,-0.048791,fuera,fuera,-0.038838,fuera,fuera,-0.036809,fuera,A,-0.030013,fuera,A,3,E,,,,,,,,,,,,,,
2010-05-25,22751.80,24147.76,19070.38,-0.061026,fuera,fuera,-0.054144,fuera,fuera,-0.044203,fuera,fuera,-0.042592,fuera,A,-0.035903,fuera,A,3,E,,,,,,,,,,,,,,
2010-05-26,22466.11,24180.20,19011.93,-0.071390,fuera,fuera,-0.065430,fuera,fuera,-0.055685,fuera,fuera,-0.054405,fuera,A,-0.047925,fuera,A,3,E,,,,,,,,,,,,,,
2010-05-27,22709.53,24208.99,19051.63,-0.060097,fuera,fuera,-0.054952,fuera,fuera,-0.045042,fuera,fuera,-0.044030,fuera,A,-0.037642,fuera,A,3,E,,,,,,,,,,,,,,
2010-05-28,23014.78,24207.27,19086.85,-0.046389,fuera,fuera,-0.042099,fuera,fuera,-0.031890,fuera,fuera,-0.031112,fuera,fuera,-0.024805,fuera,fuera,5,E,,,,,,,,,,,,,,
2010-05-31,23128.33,24207.21,19123.37,-0.040741,fuera,fuera,-0.037399,fuera,fuera,-0.026893,fuera,fuera,-0.026279,fuera,fuera,-0.020188,fuera,fuera,5,E,,,,,,,,,,,,,,
2010-06-01,23260.12,24192.85,19164.77,-0.034466,fuera,fuera,-0.031936,fuera,fuera,-0.021293,fuera,fuera,-0.020718,fuera,fuera,-0.014924,fuera,fuera,5,E,,,,,,,,,,,,,,
2010-06-02,23090.98,24186.09,19139.46,-0.040525,fuera,fuera,-0.038832,fuera,fuera,-0.028385,fuera,fuera,-0.027730,fuera,fuera,-0.022314,fuera,fuera,5,E,,,,,,,,,,,,,,
2010-06-03,23229.99,24213.62,19173.14,-0.033772,fuera,fuera,-0.032899,fuera,fuera,-0.022573,fuera,fuera,-0.021735,fuera,fuera,-0.016592,fuera,fuera,5,E,,,,,,,,,,,,,,
2010-06-04,23459.24,24221.05,19221.69,-0.023455,fuera,fuera,-0.023357,fuera,fuera,-0.013147,fuera,fuera,-0.011935,fuera,fuera,-0.007045,fuera,fuera,5,E,,,,,,,,,,,,,,
2010-06-07,23281.46,24243.86,19203.47,-0.029957,fuera,fuera,-0.030681,fuera,fuera,-0.020755,fuera,fuera,-0.019216,fuera,fuera,-0.014631,fuera,fuera,5,E,,,,,,,,,,,,,,
2010-06-08,23116.12,24243.30,19184.37,-0.035649,fuera,fuera,-0.037291,fuera,fuera,-0.027688,fuera,fuera,-0.025949,fuera,fuera,-0.021638,fuera,fuera,5,E,,,,,,,,,,,,,,
2010-06-09,23138.20,24257.76,19198.32,-0.033488,fuera,fuera,-0.036040,fuera,fuera,-0.026841,fuera,fuera,-0.024779,fuera,fuera,-0.020791,fuera,fuera,5,E,,,,,,,,,,,,,,
2010-06-10,23175.43,24245.52,19185.77,-0.030560,fuera,fuera,-0.034144,fuera,fuera,-0.025313,fuera,fuera,-0.022947,fuera,fuera,-0.019355,fuera,fuera,5,E,,,,,,,,,,,,,,
2010-06-11,23375.22,24273.96,19233.80,-0.021038,fuera,fuera,-0.025491,fuera,fuera,-0.016936,fuera,fuera,-0.014386,fuera,fuera,-0.011130,fuera,fuera,5,E,,,,,,,,,,,,,,
2010-06-14,23523.37,24278.81,19243.22,-0.013891,fuera,fuera,-0.019012,fuera,fuera,-0.010695,fuera,fuera,-0.008086,fuera,fuera,-0.005099,fuera,fuera,5,E,,,,,,,,,,,,,,
2010-06-15,23681.80,24263.49,19283.48,-0.006352,fuera,fuera,-0.012225,fuera,fuera,-0.004233,fuera,fuera,-0.001375,fuera,fuera,0.001360,fuera,fuera,5,E,,,,,,,,,,,,,,
2010-06-16,23869.72,24289.44,19328.21,0.002253,fuera,fuera,-0.004415,fuera,fuera,0.003133,fuera,fuera,0.006459,fuera,fuera,0.008995,fuera,fuera,5,E,,,,,,,,,,,,,,
2010-06-17,23887.54,24266.46,19307.36,0.003653,fuera,fuera,-0.003581,fuera,fuera,0.003298,fuera,fuera,0.007107,fuera,fuera,0.009440,fuera,fuera,5,E,,,,,,,,,,,,,,
2010-06-18,23967.08,24284.45,19340.35,0.007757,fuera,fuera,-0.000045,fuera,fuera,0.006128,fuera,fuera,0.010358,fuera,fuera,0.012388,fuera,fuera,5,E,,,,,,,,,,,,,,
2010-06-21,24141.56,24302.14,19403.90,0.015799,fuera,fuera,0.007283,fuera,fuera,0.012860,fuera,fuera,0.017497,fuera,fuera,0.019261,fuera,fuera,5,E,,,,,,,,,,,,,,
2010-06-22,24376.01,24306.17,19460.25,0.025953,A,fuera,0.016909,fuera,fuera,0.022034,A,fuera,0.026968,A,fuera,0.028602,A,fuera,5,E,,,,,,,,,,,,,,
2010-06-23,24282.13,24304.30,19455.48,0.022191,A,fuera,0.012896,fuera,fuera,0.017461,A,fuera,0.022547,A,fuera,0.024154,A,fuera,5,E,,,,,,,,,,,,,,
2010-06-24,24229.78,24346.87,19465.11,0.020438,A,fuera,0.010720,fuera,fuera,0.014645,A,fuera,0.019900,A,fuera,0.021532,A,fuera,5,E,,,,,,,,,,,,,,
2010-06-25,24138.15,24320.12,19459.07,0.017083,A,fuera,0.006935,fuera,fuera,0.010330,A,fuera,0.015573,A,fuera,0.017298,A,fuera,5,E,,,,,,,,,,,,,,
2010-06-29,24145.47,24307.43,19461.33,0.017761,A,A,0.007256,fuera,fuera,0.010265,A,A,0.015414,A,A,0.017281,A,A,1,A,,,,,,,,,,,,,,
2010-06-30,23782.04,24313.89,19389.52,0.003251,A,A,-0.007649,fuera,fuera,-0.005094,A,A,-0.000118,A,A,0.001796,A,A,1,A,,,,,,,,,,,,,,
2010-07-01,23732.23,24334.25,19409.07,0.002062,A,A,-0.009345,fuera,fuera,-0.007329,A,A,-0.002521,A,A,-0.000450,A,A,1,A,,,,,,,,,,,,,,
2010-07-02,23549.34,24343.51,19381.23,-0.004832,A,A,-0.016481,fuera,fuera,-0.015030,A,A,-0.010389,A,A,-0.008212,A,A,1,A,,,,,,,,,,,,,,
2010-07-05,23462.59,24332.69,19355.71,-0.007647,A,A,-0.019580,fuera,fuera,-0.018739,A,A,-0.014091,A,A,-0.011823,A,A,1,A,,,,,,,,,,,,,,
2010-07-06,23466.76,24329.59,19358.86,-0.006507,A,A,-0.018771,fuera,fuera,-0.018662,A,A,-0.013884,A,A,-0.011528,A,A,1,A,,,,,,,,,,,,,,
2010-07-07,23636.86,24352.52,19400.87,0.001456,A,A,-0.011087,fuera,fuera,-0.011801,A,A,-0.006891,A,A,-0.004307,A,A,1,A,,,,,,,,,,,,,,
2010-07-08,23857.60,24410.62,19470.49,0.011376,A,A,-0.001301,fuera,fuera,-0.002865,A,A,0.001930,A,A,0.004943,A,A,1,A,,,,,,,,,,,,,,
2010-07-09,24068.72,24441.52,19538.64,0.020457,A,A,0.007924,fuera,fuera,0.005609,A,A,0.010220,A,A,0.013728,A,A,1,A,,,,,,,,,,,,,,
2010-07-12,24268.19,24455.90,19590.19,0.028602,A,A,0.016464,fuera,fuera,0.013564,A,A,0.018027,A,A,0.021985,A,A,1,A,,,,,,,,,,,,,,
2010-07-13,24315.11,24468.55,19606.11,0.029817,A,A,0.018654,fuera,fuera,0.015119,A,A,0.019414,A,A,0.023759,A,A,1,A,,,,,,,,,,,,,,
2010-07-14,24395.96,24476.13,19622.17,0.032155,A,A,0.022205,A,fuera,0.018026,A,A,0.022228,A,A,0.026909,A,A,1,A,,,,,,,,,,,,,,
2010-07-15,24444.42,24500.21,19652.65,0.033634,A,A,0.024328,A,fuera,0.019627,A,A,0.023643,A,A,0.028713,A,A,1,A,,,,,,,,,,,,,,
2010-07-19,24129.36,24495.53,19587.25,0.020094,A,A,0.011555,A,fuera,0.006269,A,A,0.009960,A,A,0.015290,A,A,1,A,,,,,,,,,,,,,,
2010-07-20,24120.68,24510.51,19600.68,0.019635,A,A,0.011697,A,fuera,0.005723,A,A,0.009195,A,A,0.014759,A,A,1,A,,,,,,,,,,,,,,
2010-07-21,24231.40,24522.69,19627.71,0.024185,A,A,0.016638,A,A,0.010180,A,A,0.013473,A,A,0.019241,A,A,0,A,,,,,,,,,,,,,,
2010-07-22,24269.24,24508.40,19621.77,0.025432,A,A,0.018367,A,A,0.011629,A,A,0.014725,A,A,0.020609,A,A,0,A,,,,,,,,,,,,,,
2010-07-23,24417.16,24490.63,19643.57,0.031010,A,A,0.024765,A,A,0.017580,A,A,0.020498,A,A,0.026474,A,A,0,A,,,,,,,,,,,,,,
2010-07-26,24585.13,24499.58,19692.71,0.037298,A,A,0.031870,A,A,0.024220,A,A,0.027050,A,A,0.033040,A,A,0,A,,,,,,,,,,,,,,
2010-07-27,24729.30,24509.47,19738.22,0.042168,A,A,0.037788,A,A,0.029892,A,A,0.032479,A,A,0.038550,A,A,0,A,,,,,,,,,,,,,,
2010-07-28,24827.33,24521.42,19765.32,0.044404,A,A,0.041776,A,A,0.033723,A,A,0.035924,A,A,0.042027,A,A,0,A,,,,,,,,,,,,,,
2010-07-29,24857.14,24570.27,19795.19,0.043604,A,A,0.042921,A,A,0.034657,A,A,0.036439,A,A,0.042632,A,A,0,A,,,,,,,,,,,,,,
2010-07-30,24884.57,24614.96,19824.60,0.042404,A,A,0.043766,A,A,0.035443,A,A,0.036899,A,A,0.043185,A,A,0,A,,,,,,,,,,,,,,
2010-08-02,24891.96,24658.59,19841.51,0.040599,A,A,0.043723,A,A,0.035388,A,A,0.036560,A,A,0.042824,A,A,0,A,,,,,,,,,,,,,,
2010-08-03,25113.13,24653.83,19885.45,0.047803,A,A,0.052572,A,A,0.044167,A,A,0.045087,A,A,0.051383,A,A,0,A,,,,,,,,,,,,,,
2010-08-04,25133.37,24616.71,19882.06,0.046701,A,A,0.052946,A,A,0.044556,A,A,0.045235,A,A,0.051597,A,A,0,A,,,,,,,,,,,,,,
2010-08-05,25151.69,24624.52,19888.54,0.045634,A,A,0.053233,A,A,0.044843,A,A,0.045272,A,A,0.051803,A,A,0,A,,,,,,,,,,,,,,
2010-08-06,25157.57,24640.04,19906.15,0.043885,A,A,0.052823,A,A,0.044615,A,A,0.044854,A,A,0.051382,A,A,0,A,,,,,,,,,,,,,,
2010-08-09,25129.92,24651.56,19912.71,0.040914,A,A,0.050852,A,A,0.043079,A,A,0.043101,A,A,0.049390,A,A,0,A,,,,,,,,,,,,,,
2010-08-10,25182.76,24676.53,19923.25,0.041451,A,A,0.051917,A,A,0.044859,A,A,0.044692,A,A,0.050712,A,A,0,A,,,,,,,,,,,,,,
2010-08-11,25019.22,24715.43,19903.59,0.033038,A,A,0.043900,A,A,0.037722,A,A,0.037445,A,A,0.043150,A,A,0,A,,,,,,,,,,,,,,
2010-08-12,24634.33,24714.22,19822.52,0.015731,A,A,0.027319,A,A,0.021674,A,A,0.021228,A,A,0.026508,A,A,0,A,,,,,,,,,,,,,,
2010-08-13,24430.42,24713.95,19771.61,0.006132,A,A,0.018465,A,A,0.013260,A,A,0.012587,A,A,0.017525,A,A,0,A,,,,,,,,,,,,,,
2010-08-16,24522.84,24731.17,19803.76,0.008694,A,A,0.021987,A,A,0.017177,A,A,0.016139,A,A,0.020840,A,A,0,A,,,,,,,,,,,,,,
2010-08-17,24575.44,24745.24,19825.31,0.009750,A,A,0.023859,A,A,0.019396,A,A,0.018098,A,A,0.022468,A,A,0,A,,,,,,,,,,,,,,
2010-08-18,24696.04,24768.49,19858.98,0.013620,A,A,0.028352,A,A,0.024329,A,A,0.022935,A,A,0.026952,A,A,0,A,,,,,,,,,,,,,,
2010-08-19,24687.91,24819.76,19874.12,0.012357,A,A,0.027369,A,A,0.023975,A,A,0.022407,A,A,0.026162,A,A,0,A,,,,,,,,,,,,,,
2010-08-20,24751.91,24836.10,19909.74,0.014166,A,A,0.029367,A,A,0.026577,A,A,0.024811,A,A,0.028381,A,A,0,A,,,,,,,,,,,,,,
2010-08-23,24749.70,24840.44,19913.87,0.013280,A,A,0.028432,A,A,0.026407,A,A,0.024472,A,A,0.027833,A,A,0,A,,,,,,,,,,,,,,
2010-08-24,24634.87,24830.16,19879.07,0.007967,A,A,0.022503,A,A,0.021711,A,A,0.019560,A,A,0.022661,A,A,0,A,,,,,,,,,,,,,,
2010-08-25,24483.16,24833.09,19862.08,0.001448,A,A,0.015066,A,A,0.015607,A,A,0.013166,A,A,0.015962,A,A,0,A,,,,,,,,,,,,,,
2010-08-26,24360.23,24847.63,19832.38,-0.003566,A,A,0.008732,A,A,0.010656,A,A,0.008003,A,A,0.010493,A,A,0,A,,,,,,,,,,,,,,
2010-08-27,24307.45,24902.11,19824.65,-0.005748,A,A,0.005506,A,A,0.008546,A,A,0.005768,A,A,0.007899,A,A,0,A,,,,,,,,,,,,,,
2010-08-30,24342.35,24921.58,19842.33,-0.004422,A,A,0.006087,A,A,0.010162,A,A,0.007205,A,A,0.008975,A,A,0,A,,,,,,,,,,,,,,
2010-08-31,24348.67,24960.86,19859.70,-0.004354,A,A,0.005556,A,A,0.010573,A,A,0.007457,A,A,0.008895,A,A,0,A,,,,,,,,,,,,,,
2010-09-01,24433.10,24981.05,19899.43,-0.001163,A,A,0.008279,A,A,0.014124,A,A,0.010891,A,A,0.012071,A,A,0,A,,,,,,,,,,,,,,
2010-09-02,24681.33,24990.93,19937.52,0.008162,A,A,0.017479,A,A,0.024409,A,A,0.021071,A,A,0.021942,A,A,0,A,,,,,,,,,,,,,,
2010-09-03,24823.22,24988.64,19965.82,0.012954,A,A,0.022280,A,A,0.030241,A,A,0.026819,A,A,0.027337,A,A,0,A,,,,,,,,,,,,,,
2010-09-06,24951.62,24988.66,19996.20,0.016901,A,A,0.026582,A,A,0.035324,A,A,0.032028,A,A,0.032177,A,A,0,A,,,,,,,,,,,,,,
2010-09-07,25041.71,24939.68,20014.13,0.019115,A,A,0.029124,A,A,0.038743,A,A,0.035597,A,A,0.035437,A,A,0,A,,,,,,,,,,,,,,
2010-09-08,24939.72,24920.01,19982.05,0.013614,A,A,0.023734,A,A,0.034302,A,A,0.031221,A,A,0.030809,A,A,0,A,,,,,,,,,,,,,,
2010-09-09,25010.16,24911.09,20002.18,0.015218,A,A,0.025394,A,A,0.036954,A,A,0.033987,A,A,0.033340,A,A,0,A,,,,,,,,,,,,,,
2010-09-10,25065.29,24854.64,19988.26,0.016348,A,A,0.026411,A,A,0.038947,A,A,0.036093,A,A,0.035255,A,A,0,A,,,,,,,,,,,,,,
2010-09-13,25152.22,24857.34,20013.87,0.018878,A,A,0.028801,A,A,0.042095,A,A,0.039454,A,A,0.038440,A,A,0,A,,,,,,,,,,,,,,
2010-09-14,25397.64,24846.37,20058.03,0.027775,A,A,0.037597,A,A,0.051561,A,A,0.049340,A,A,0.048033,A,A,0,A,,,,,,,,,,,,,,
2010-09-15,25426.95,24769.11,20029.74,0.027933,A,A,0.037639,A,A,0.051850,A,A,0.050327,A,A,0.048762,A,A,0,A,,,,,,,,,,,,,,
2010-09-16,25494.33,24750.78,20043.09,0.029641,A,A,0.039312,A,A,0.053564,A,A,0.052772,A,A,0.051131,A,A,0,A,,,,,,,,,,,,,,
2010-09-21,25677.55,24771.28,20098.30,0.035895,A,A,0.045589,A,A,0.060249,A,A,0.059839,A,A,0.058178,A,A,0,A,,,,,,,,,,,,,,
2010-09-22,25757.52,24770.29,20119.83,0.037606,A,A,0.047652,A,A,0.062647,A,A,0.062698,A,A,0.060913,A,A,0,A,,,,,,,,,,,,,,
2010-09-23,25661.05,24776.29,20085.09,0.032297,A,A,0.042721,A,A,0.057874,A,A,0.058305,A,A,0.056413,A,A,0,A,,,,,,,,,,,,,,
2010-09-24,25483.04,24761.80,20035.18,0.023990,A,A,0.034760,A,A,0.049868,A,A,0.050572,A,A,0.048659,A,A,0,A,,,,,,,,,,,,,,
2010-09-27,25536.38,24742.09,20024.57,0.024973,A,A,0.036102,A,A,0.051279,A,A,0.052402,A,A,0.050394,A,A,0,A,,,,,,,,,,,,,,
2010-09-28,25608.31,24749.03,20045.27,0.026770,A,A,0.038113,A,A,0.053332,A,A,0.054991,A,A,0.052858,A,A,0,A,,,,,,,,,,,,,,
2010-09-29,25635.94,24743.73,20052.96,0.026916,A,A,0.038248,A,A,0.053565,A,A,0.055633,A,A,0.053493,A,A,0,A,,,,,,,,,,,,,,
2010-09-30,25721.90,24631.43,20009.29,0.029450,A,A,0.040691,A,A,0.056020,A,A,0.058613,A,A,0.056544,A,A,0,A,,,,,,,,,,,,,,
2010-10-01,25762.53,24575.93,19994.87,0.030219,A,A,0.041032,A,A,0.056304,A,A,0.059760,A,A,0.057717,A,A,0,A,,,,,,,,,,,,,,
2010-10-04,25865.74,24582.68,20015.29,0.033420,A,A,0.043796,A,A,0.059034,A,A,0.063414,A,A,0.061407,A,A,0,A,,,,,,,,,,,,,,
2010-10-05,26019.18,24568.33,20049.15,0.038504,A,A,0.048355,A,A,0.063597,A,A,0.069068,A,A,0.067161,A,A,0,A,,,,,,,,,,,,,,
2010-10-06,26102.81,24594.63,20073.72,0.040725,A,A,0.049980,A,A,0.065374,A,A,0.071708,A,A,0.070040,A,A,0,A,,,,,,,,,,,,,,
2010-10-07,26209.09,24573.56,20072.29,0.043948,A,A,0.052441,A,A,0.068164,A,A,0.075120,A,A,0.073870,A,A,0,A,,,,,,,,,,,,,,
2010-10-08,26125.46,24586.98,20074.00,0.039704,A,A,0.047447,A,A,0.063312,A,A,0.070599,A,A,0.069932,A,A,0,A,,,,,,,,,,,,,,
2010-10-12,26238.36,24612.08,20101.67,0.043195,A,A,0.050407,A,A,0.066471,A,A,0.073984,A,A,0.073966,A,A,0,A,,,,,,,,,,,,,,
2010-10-13,26089.44,24599.88,20054.03,0.036420,A,A,0.043127,A,A,0.058984,A,A,0.066960,A,A,0.067372,A,A,0,A,,,,,,,,,,,,,,
2010-10-14,26282.36,24584.07,20095.98,0.043023,A,A,0.049520,A,A,0.065348,A,A,0.073854,A,A,0.074692,A,A,0,A,,,,,,,,,,,,,,
2010-10-15,26443.82,24507.90,20112.33,0.048265,A,A,0.054566,A,A,0.070454,A,A,0.079435,A,A,0.080642,A,A,0,A,,,,,,,,,,,,,,
2010-10-18,26397.74,24520.25,20116.19,0.045169,A,A,0.051417,A,A,0.067093,A,A,0.076591,A,A,0.078192,A,A,0,A,,,,,,,,,,,,,,
2010-10-19,26422.68,24549.92,20138.64,0.044513,A,A,0.051117,A,A,0.066517,A,A,0.076554,A,A,0.078673,A,A,0,A,,,,,,,,,,,,,,
2010-10-20,26349.14,24554.07,20130.26,0.039853,A,A,0.046747,A,A,0.062020,A,A,0.072465,A,A,0.075088,A,A,0,A,,,,,,,,,,,,,,
2010-10-21,26381.77,24584.10,20149.36,0.039446,A,A,0.046574,A,A,0.061810,A,A,0.072702,A,A,0.075757,A,A,0,A,,,,,,,,,,,,,,
2010-10-22,26468.64,24581.54,20162.12,0.041143,A,A,0.048566,A,A,0.063835,A,A,0.074994,A,A,0.078683,A,A,0,A,,,,,,,,,,,,,,
2010-10-25,26482.50,24604.89,20173.61,0.040064,A,A,0.047680,A,A,0.062987,A,A,0.074064,A,A,0.078614,A,A,0,A,,,,,,,,,,,,,,
2010-10-26,26586.79,24619.57,20213.99,0.042433,A,A,0.050397,A,A,0.065792,A,A,0.076699,A,A,0.082144,A,A,0,A,,,,,,,,,,,,,,
2010-10-27,26711.05,24628.16,20256.27,0.045520,A,A,0.053923,A,A,0.069420,A,A,0.079963,A,A,0.086475,A,A,0,A,,,,,,,,,,,,,,
2010-10-28,26683.04,24617.72,20257.26,0.042670,A,A,0.051552,A,A,0.066972,A,A,0.077183,A,A,0.084643,A,A,0,A,,,,,,,,,,,,,,
2010-10-29,26678.23,24579.77,20255.36,0.040636,A,A,0.050165,A,A,0.065496,A,A,0.075474,A,A,0.083664,A,A,0,A,,,,,,,,,,,,,,
2010-11-02,26749.76,24593.12,20281.16,0.041380,A,A,0.051756,A,A,0.067118,A,A,0.076860,A,A,0.085738,A,A,0,A,,,,,,,,,,,,,,
2010-11-03,26969.30,24612.74,20330.01,0.047562,A,A,0.059032,A,A,0.074641,A,A,0.084156,A,A,0.093778,A,A,0,A,,,,,,,,,,,,,,
2010-11-04,27120.63,24617.54,20372.56,0.050888,A,A,0.063520,A,A,0.079314,A,A,0.088560,A,A,0.098970,A,A,0,A,,,,,,,,,,,,,,
2010-11-05,27246.43,24649.23,20382.95,0.053130,A,A,0.067059,A,A,0.082876,A,A,0.091933,A,A,0.103077,A,A,0,A,,,,,,,,,,,,,,
2010-11-08,27234.19,24665.74,20387.76,0.050054,A,A,0.065210,A,A,0.080912,A,A,0.089872,A,A,0.101509,A,A,0,A,,,,,,,,,,,,,,
2010-11-09,27272.32,24674.93,20398.71,0.048972,A,A,0.065321,A,A,0.080935,A,A,0.089741,A,A,0.101875,A,A,0,A,,,,,,,,,,,,,,
2010-11-10,27188.45,24669.02,20381.83,0.043510,A,A,0.060730,A,A,0.075996,A,A,0.084708,A,A,0.097195,A,A,0,A,,,,,,,,,,,,,,
2010-11-11,27166.66,24674.72,20386.35,0.040594,A,A,0.058565,A,A,0.073513,A,A,0.082182,A,A,0.094951,A,A,0,A,,,,,,,,,,,,,,
2010-11-12,27065.92,24685.64,20369.65,0.034873,A,A,0.053432,A,A,0.067883,A,A,0.076581,A,A,0.089772,A,A,0,A,,,,,,,,,,,,,,
2010-11-15,26805.64,24699.49,20326.60,0.023387,A,A,0.042169,A,A,0.056066,A,A,0.064844,A,A,0.078292,A,A,0,A,,,,,,,,,,,,,,
2010-11-16,26750.58,24689.82,20305.70,0.019718,A,A,0.038693,A,A,0.052384,A,A,0.061361,A,A,0.075142,A,A,0,A,,,,,,,,,,,,,,
2010-11-17,26471.10,24690.06,20250.65,0.007818,A,A,0.026571,A,A,0.040101,A,A,0.049166,A,A,0.063103,A,A,0,A,,,,,,,,,,,,,,
2010-11-18,26394.77,24717.08,20239.18,0.003782,A,A,0.022451,A,A,0.035954,A,A,0.045145,A,A,0.059197,A,A,0,A,,,,,,,,,,,,,,
2010-11-19,26584.91,24732.43,20263.57,0.009791,A,A,0.028565,A,A,0.042273,A,A,0.051604,A,A,0.065855,A,A,0,A,,,,,,,,,,,,,,
2010-11-22,26632.71,24743.58,20288.78,0.010553,A,A,0.029210,A,A,0.043073,A,A,0.052438,A,A,0.066796,A,A,0,A,,,,,,,,,,,,,,
2010-11-23,26634.74,24769.15,20301.42,0.009602,A,A,0.028079,A,A,0.042100,A,A,0.051531,A,A,0.065811,A,A,0,A,,,,,,,,,,,,,,
2010-11-24,26334.16,24786.17,20267.53,-0.002498,A,A,0.015508,A,A,0.029472,A,A,0.038900,A,A,0.052632,A,A,0,A,,,,,,,,,,,,,,
2010-11-25,26485.51,24853.29,20308.29,0.002554,A,A,0.020278,A,A,0.034472,A,A,0.044006,A,A,0.057429,A,A,0,A,,,,,,,,,,,,,,
2010-11-26,26560.47,24858.19,20317.17,0.004712,A,A,0.021981,A,A,0.036306,A,A,0.046046,A,A,0.059048,A,A,0,A,,,,,,,,,,,,,,
2010-11-29,26373.35,24892.18,20304.58,-0.002963,A,A,0.013629,A,A,0.028002,A,A,0.037806,A,A,0.050369,A,A,0,A,,,,,,,,,,,,,,
2010-11-30,26398.34,24955.07,20343.72,-0.002785,A,A,0.013349,A,A,0.028011,A,A,0.037913,A,A,0.050241,A,A,0,A,,,,,,,,,,,,,,
2010-12-01,26425.00,24955.32,20344.66,-0.002522,A,A,0.013086,A,A,0.028090,A,A,0.037934,A,A,0.050209,A,A,0,A,,,,,,,,,,,,,,
2010-12-02,26682.91,24991.37,20379.24,0.006306,A,A,0.021541,A,A,0.037109,A,A,0.046909,A,A,0.059315,A,A,0,A,,,,,,,,,,,,,,
2010-12-03,26886.05,25009.35,20412.99,0.012906,A,A,0.027758,A,A,0.043967,A,A,0.053566,A,A,0.066105,A,A,0,A,,,,,,,,,,,,,,
2010-12-06,26923.08,25024.48,20424.72,0.013282,A,A,0.027646,A,A,0.044416,A,A,0.053656,A,A,0.066334,A,A,0,A,,,,,,,,,,,,,,
2010-12-07,26850.94,25027.35,20408.71,0.009648,A,A,0.023568,A,A,0.040710,A,A,0.049509,A,A,0.062344,A,A,0,A,,,,,,,,,,,,,,
2010-12-09,26739.44,25027.47,20398.10,0.004722,A,A,0.018155,A,A,0.035549,A,A,0.043945,A,A,0.056785,A,A,0,A,,,,,,,,,,,,,,
2010-12-10,26670.94,25028.55,20381.05,0.001603,A,A,0.014509,A,A,0.032103,A,A,0.040183,A,A,0.052904,A,A,0,A,,,,,,,,,,,,,,
2010-12-13,26625.22,25035.91,20373.25,-0.000549,A,A,0.011818,A,A,0.029566,A,A,0.037414,A,A,0.049952,A,A,0,A,,,,,,,,,,,,,,
2010-12-14,26685.52,25015.53,20378.73,0.001316,A,A,0.013059,A,A,0.031201,A,A,0.038832,A,A,0.051175,A,A,0,A,,,,,,,,,,,,,,
2010-12-15,26770.78,25012.88,20390.64,0.003975,A,A,0.015235,A,A,0.033769,A,A,0.041203,A,A,0.053415,A,A,0,A,,,,,,,,,,,,,,
2010-12-16,26685.00,25026.37,20390.51,0.000386,A,A,0.011012,A,A,0.029779,A,A,0.036988,A,A,0.049004,A,A,0,A,,,,,,,,,,,,,,
2010-12-17,26615.66,25029.21,20377.11,-0.002651,A,A,0.007512,A,A,0.026462,A,A,0.033463,A,A,0.045322,A,A,0,A,,,,,,,,,,,,,,
2010-12-20,26603.14,25034.35,20369.65,-0.003386,A,A,0.006321,A,A,0.025331,A,A,0.032032,A,A,0.043941,A,A,0,A,,,,,,,,,,,,,,
2010-12-21,26539.88,25036.91,20365.01,-0.005836,A,A,0.003268,A,A,0.022299,A,A,0.028659,A,A,0.040599,A,A,0,A,,,,,,,,,,,,,,
2010-12-22,26569.66,25047.40,20354.65,-0.004863,A,A,0.003756,A,A,0.022768,A,A,0.028925,A,A,0.040923,A,A,0,A,,,,,,,,,,,,,,
2010-12-23,26583.39,25060.58,20354.80,-0.004482,A,A,0.003738,A,A,0.022444,A,A,0.028579,A,A,0.040671,A,A,0,A,,,,,,,,,,,,,,
2010-12-24,26573.91,25087.70,20353.74,-0.005023,A,A,0.002897,A,A,0.021144,A,A,0.027396,A,A,0.039590,A,A,0,A,,,,,,,,,,,,,,
2010-12-27,26590.89,25100.29,20365.46,-0.004560,A,A,0.002988,A,A,0.020895,A,A,0.027293,A,A,0.039509,A,A,0,A,,,,,,,,,,,,,,
2010-12-28,26596.01,25109.32,20376.53,-0.004474,A,A,0.002523,A,A,0.020212,A,A,0.026786,A,A,0.038946,A,A,0,A,,,,,,,,,,,,,,
2010-12-29,26539.73,25111.54,20359.02,-0.006628,A,A,-0.000189,A,A,0.017254,A,A,0.023968,A,A,0.035977,A,A,0,A,,,,,,,,,,,,,,
2010-12-30,26639.29,25121.57,20398.22,-0.002945,A,A,0.002953,A,A,0.020222,A,A,0.027137,A,A,0.039060,A,A,0,A,,,,,,,,,,,,,,
2010-12-31,26765.54,25145.00,20431.98,0.001735,A,A,0.007037,A,A,0.024180,A,A,0.031293,A,A,0.043021,A,A,0,A,,,,,,,,,,,,,,
2011-01-03,26809.59,25153.43,20451.61,0.003278,A,A,0.008050,A,A,0.024967,A,A,0.032263,A,A,0.043744,A,A,0,A,,,,,,,,,,,,,,
2011-01-04,26929.54,25163.01,20482.72,0.007556,A,A,0.011866,A,A,0.028551,A,A,0.036192,A,A,0.047320,A,A,0,A,,,,,,,,,,,,,,
2011-01-05,27654.14,24976.21,20630.32,0.033889,A,A,0.038003,A,A,0.054807,A,A,0.063091,A,A,0.074111,A,A,0,A,,,,,,,,,,,,,,
2011-01-06,27857.67,24911.62,20663.11,0.040731,A,A,0.044516,A,A,0.060997,A,A,0.069855,A,A,0.080554,A,A,0,A,,,,,,,,,,,,,,
2011-01-07,27853.66,24903.53,20650.25,0.039948,A,A,0.043296,A,A,0.059255,A,A,0.068647,A,A,0.078998,A,A,0,A,,,,,,,,,,,,,,
2011-01-10,27732.42,24918.06,20642.16,0.035004,A,A,0.037829,A,A,0.053136,A,A,0.062985,A,A,0.073023,A,A,0,A,,,,,,,,,,,,,,
2011-01-11,27565.10,24908.13,20613.86,0.028477,A,A,0.030700,A,A,0.045363,A,A,0.055653,A,A,0.065405,A,A,0,A,,,,,,,,,,,,,,
2011-01-12,27558.33,24921.48,20599.09,0.027981,A,A,0.029653,A,A,0.043732,A,A,0.054418,A,A,0.064069,A,A,0,A,,,,,,,,,,,,,,
2011-01-13,27746.71,24959.92,20645.14,0.034529,A,A,0.035689,A,A,0.049513,A,A,0.060423,A,A,0.070218,A,A,0,A,,,,,,,,,,,,,,
2011-01-14,27731.52,24973.03,20662.05,0.033479,A,A,0.034248,A,A,0.047657,A,A,0.058570,A,A,0.068541,A,A,0,A,,,,,,,,,,,,,,
2011-01-17,27773.62,24951.57,20661.44,0.034442,A,A,0.035016,A,A,0.048007,A,A,0.058926,A,A,0.069074,A,A,0,A,,,,,,,,,,,,,,
2011-01-18,27699.71,24958.05,20646.21,0.030926,A,A,0.031480,A,A,0.044054,A,A,0.054911,A,A,0.065068,A,A,0,A,,,,,,,,,,,,,,
2011-01-19,27756.25,24976.28,20665.37,0.032172,A,A,0.032784,A,A,0.044953,A,A,0.055892,A,A,0.066059,A,A,0,A,,,,,,,,,,,,,,
2011-01-20,27729.44,24947.99,20661.33,0.030104,A,A,0.030959,A,A,0.042757,A,A,0.053711,A,A,0.063895,A,A,0,A,,,,,,,,,,,,,,
2011-01-21,27566.91,24923.21,20617.19,0.023076,A,A,0.024211,A,A,0.035563,A,A,0.046469,A,A,0.056598,A,A,0,A,,,,,,,,,,,,,,
2011-01-24,27462.32,24939.82,20618.62,0.018457,A,A,0.019737,A,A,0.030640,A,A,0.041477,A,A,0.051615,A,A,0,A,,,,,,,,,,,,,,
2011-01-25,27448.22,24951.24,20626.43,0.017251,A,A,0.018643,A,A,0.029231,A,A,0.039886,A,A,0.050162,A,A,0,A,,,,,,,,,,,,,,
2011-01-26,27409.35,24946.46,20616.53,0.015163,A,A,0.016715,A,A,0.026925,A,A,0.037318,A,A,0.047822,A,A,0,A,,,,,,,,,,,,,,
2011-01-27,27477.69,24947.11,20623.12,0.016737,A,A,0.018797,A,A,0.028636,A,A,0.038737,A,A,0.049590,A,A,0,A,,,,,,,,,,,,,,
2011-01-28,27291.29,24912.55,20559.58,0.009171,A,A,0.011530,A,A,0.020973,A,A,0.030584,A,A,0.041701,A,A,0,A,,,,,,,,,,,,,,
2011-01-31,26889.99,24805.53,20450.37,-0.005938,A,A,-0.003466,A,A,0.005487,A,A,0.014500,A,A,0.025761,A,A,0,A,,,,,,,,,,,,,,
2011-02-01,26836.36,24808.80,20445.67,-0.008297,A,A,-0.005504,A,A,0.002992,A,A,0.011573,A,A,0.023113,A,A,0,A,,,,,,,,,,,,,,
2011-02-02,27007.01,24842.78,20488.46,-0.002490,A,A,0.000798,A,A,0.008731,A,A,0.017065,A,A,0.029029,A,A,0,A,,,,,,,,,,,,,,
2011-02-03,27027.66,24838.72,20498.32,-0.002221,A,A,0.001618,A,A,0.008878,A,A,0.016987,A,A,0.029226,A,A,0,A,,,,,,,,,,,,,,
2011-02-04,26920.80,24841.02,20470.56,-0.006359,A,A,-0.002154,A,A,0.004343,A,A,0.012206,A,A,0.024609,A,A,0,A,,,,,,,,,,,,,,
2011-02-07,26817.30,24874.39,20445.39,-0.010124,A,A,-0.005751,A,A,-0.000008,A,A,0.007641,A,A,0.020158,A,A,0,A,,,,,,,,,,,,,,
2011-02-08,26822.60,24876.18,20474.73,-0.009847,A,A,-0.005295,A,A,-0.000266,A,A,0.007198,A,A,0.019839,A,A,0,A,,,,,,,,,,,,,,
2011-02-09,26801.78,24881.75,20477.52,-0.010575,A,A,-0.005844,A,A,-0.001472,A,A,0.005747,A,A,0.018550,A,A,0,A,,,,,,,,,,,,,,
2011-02-10,26483.04,24873.82,20414.55,-0.022136,fuera,A,-0.017278,A,A,-0.013599,A,A,-0.006737,A,A,0.005992,A,A,0,A,,,,,,,,,,,,,,
2011-02-11,26222.87,24867.59,20360.12,-0.031387,fuera,A,-0.026456,fuera,A,-0.023372,fuera,A,-0.016901,A,A,-0.004367,A,A,0,A,,,,,,,,,,,,,,
2011-02-14,26305.89,24890.87,20383.51,-0.028065,fuera,A,-0.023091,fuera,A,-0.020362,fuera,A,-0.014195,A,A,-0.001779,A,A,0,A,,,,,,,,,,,,,,
2011-02-15,26445.19,24899.33,20400.04,-0.022726,fuera,A,-0.017744,fuera,A,-0.015271,fuera,A,-0.009345,A,A,0.002926,A,A,0,A,,,,,,,,,,,,,,
2011-02-16,26474.25,24882.30,20410.27,-0.021414,fuera,fuera,-0.016666,fuera,A,-0.014331,fuera,A,-0.008627,A,A,0.003455,A,A,1,A,,,,,,,,,,,,,,
2011-02-17,26593.13,24903.94,20443.49,-0.016945,fuera,fuera,-0.012364,fuera,fuera,-0.010050,fuera,fuera,-0.004566,A,A,0.007386,A,A,3,E,,,,,,,,,,,,,,
2011-02-18,26589.85,24957.65,20448.91,-0.017046,fuera,fuera,-0.012489,fuera,fuera,-0.010377,fuera,fuera,-0.005012,A,A,0.006686,A,A,3,E,,,,,,,,,,,,,,
2011-02-21,26511.62,24970.51,20429.26,-0.019864,fuera,fuera,-0.015325,fuera,fuera,-0.013382,fuera,fuera,-0.008206,A,A,0.003193,A,A,3,E,,,,,,,,,,,,,,
2011-02-22,26474.67,25022.68,20427.45,-0.021177,fuera,fuera,-0.016606,fuera,fuera,-0.014770,fuera,fuera,-0.009875,A,A,0.001277,A,A,3,E,,,,,,,,,,,,,,
2011-02-23,26174.35,25034.85,20390.76,-0.031966,fuera,fuera,-0.027671,fuera,fuera,-0.025856,fuera,fuera,-0.021348,fuera,A,-0.010539,A,A,3,E,,,,,,,,,,,,,,
2011-02-24,26052.46,25025.79,20370.95,-0.036054,fuera,fuera,-0.031956,fuera,fuera,-0.030244,fuera,fuera,-0.026084,fuera,A,-0.015610,A,A,3,E,,,,,,,,,,,,,,
2011-02-25,26066.99,25037.78,20391.00,-0.035114,fuera,fuera,-0.031139,fuera,fuera,-0.029590,fuera,fuera,-0.025700,fuera,A,-0.015565,A,A,3,E,,,,,,,,,,,,,,
2011-02-28,26254.88,25189.40,20491.04,-0.027890,fuera,fuera,-0.024088,fuera,fuera,-0.022544,fuera,fuera,-0.018894,fuera,A,-0.009048,A,A,3,E,,,,,,,,,,,,,,
2011-03-01,26443.00,25192.13,20544.81,-0.020802,fuera,fuera,-0.017121,fuera,fuera,-0.015530,fuera,fuera,-0.012117,fuera,fuera,-0.002575,A,A,4,E,,,,,,,,,,,,,,
2011-03-02,26433.25,25267.93,20570.81,-0.021077,fuera,fuera,-0.017488,fuera,fuera,-0.015873,fuera,fuera,-0.012717,fuera,fuera,-0.003564,A,A,4,E,,,,,,,,,,,,,,
2011-03-03,26461.24,25339.35,20598.92,-0.019897,fuera,fuera,-0.016321,fuera,fuera,-0.014780,fuera,fuera,-0.011881,fuera,fuera,-0.003114,A,A,4,E,,,,,,,,,,,,,,
2011-03-04,26661.79,25324.36,20619.01,-0.012384,fuera,fuera,-0.008736,fuera,fuera,-0.007293,fuera,fuera,-0.004620,fuera,fuera,0.003847,A,A,4,E,,,,,,,,,,,,,,
2011-03-07,26749.01,25335.73,20642.14,-0.009104,fuera,fuera,-0.005393,fuera,fuera,-0.004072,fuera,fuera,-0.001593,fuera,fuera,0.006551,A,A,4,E,,,,,,,,,,,,,,
2011-03-08,26628.44,25291.98,20620.10,-0.013326,fuera,fuera,-0.009748,fuera,fuera,-0.008541,fuera,fuera,-0.006241,fuera,fuera,0.001513,A,A,4,E,,,,,,,,,,,,,,
2011-03-09,26772.59,25308.56,20659.36,-0.007264,fuera,fuera,-0.004407,fuera,fuera,-0.003183,fuera,fuera,-0.001091,fuera,fuera,0.006415,A,A,4,E,,,,,,,,,,,,,,
2011-03-10,26756.33,25335.30,20664.04,-0.006966,fuera,fuera,-0.005061,fuera,fuera,-0.003701,fuera,fuera,-0.001882,fuera,fuera,0.005258,A,A,4,E,,,,,,,,,,,,,,
2011-03-11,26586.46,25342.13,20640.21,-0.012238,fuera,fuera,-0.011355,fuera,fuera,-0.009807,fuera,fuera,-0.008394,fuera,fuera,-0.001593,A,A,4,E,,,,,,,,,,,,,,
2011-03-14,26448.34,25359.49,20620.49,-0.016327,fuera,fuera,-0.016356,fuera,fuera,-0.014626,fuera,fuera,-0.013603,fuera,fuera,-0.007189,A,A,4,E,,,,,,,,,,,,,,
2011-03-15,26434.34,25390.65,20607.64,-0.015928,fuera,fuera,-0.016684,fuera,fuera,-0.014821,fuera,fuera,-0.014122,fuera,fuera,-0.008093,A,A,4,E,,,,,,,,,,,,,,
2011-03-16,26264.40,25394.06,20603.53,-0.021206,fuera,fuera,-0.022767,fuera,fuera,-0.020746,fuera,fuera,-0.020414,fuera,fuera,-0.014725,A,A,4,E,,,,,,,,,,,,,,
2011-03-17,26165.82,25390.40,20567.53,-0.023602,fuera,fuera,-0.026180,fuera,fuera,-0.024008,fuera,fuera,-0.024001,fuera,fuera,-0.018638,A,A,4,E,,,,,,,,,,,,,,
2011-03-18,26237.81,25494.80,20633.17,-0.019701,fuera,fuera,-0.023293,fuera,fuera,-0.020946,fuera,fuera,-0.021277,fuera,fuera,-0.016156,A,A,4,E,,,,,,,,,,,,,,
2011-03-21,26208.29,25513.23,20650.01,-0.019530,fuera,fuera,-0.024204,fuera,fuera,-0.021700,fuera,fuera,-0.022318,fuera,fuera,-0.017418,A,A,4,E,,,,,,,,,,,,,,
2011-03-22,26453.77,25528.53,20708.07,-0.009320,fuera,fuera,-0.014998,fuera,fuera,-0.012392,fuera,fuera,-0.013156,fuera,fuera,-0.008420,A,A,4,E,,,,,,,,,,,,,,
2011-03-23,26611.90,25543.57,20757.07,-0.002448,fuera,fuera,-0.009126,fuera,fuera,-0.006432,fuera,fuera,-0.007302,fuera,fuera,-0.002775,A,A,4,E,,,,,,,,,,,,,,
2011-03-24,26818.77,25566.18,20801.94,0.006069,fuera,fuera,-0.001566,fuera,fuera,0.001148,fuera,fuera,0.000332,fuera,fuera,0.004578,A,A,4,E,,,,,,,,,,,,,,
2011-03-25,26968.78,25580.09,20835.35,0.012202,fuera,fuera,0.003798,fuera,fuera,0.006508,fuera,fuera,0.005835,fuera,fuera,0.009767,A,A,4,E,,,,,,,,,,,,,,
2011-03-28,27032.70,25599.65,20850.50,0.014964,fuera,fuera,0.005922,fuera,fuera,0.008706,fuera,fuera,0.008094,fuera,fuera,0.011732,A,A,4,E,,,,,,,,,,,,,,
2011-03-29,26990.72,25610.33,20861.23,0.013775,fuera,fuera,0.004096,fuera,fuera,0.006990,fuera,fuera,0.006417,fuera,fuera,0.009754,A,A,4,E,,,,,,,,,,,,,,
2011-03-30,27046.22,25625.32,20858.14,0.016168,fuera,fuera,0.005923,fuera,fuera,0.008889,fuera,fuera,0.008380,fuera,fuera,0.011433,A,A,4,E,,,,,,,,,,,,,,
2011-03-31,27288.45,25663.67,20933.11,0.025431,A,fuera,0.014624,fuera,fuera,0.017522,fuera,fuera,0.017296,fuera,fuera,0.020030,A,A,4,E,,,,,,,,,,,,,,
2011-04-01,27372.48,25608.26,20931.73,0.028519,A,fuera,0.017416,fuera,fuera,0.020280,A,fuera,0.020337,A,fuera,0.022713,A,A,4,E,,,,,,,,,,,,,,
2011-04-04,27570.76,25637.62,20981.22,0.035380,A,fuera,0.024404,A,fuera,0.027241,A,fuera,0.027610,A,fuera,0.029648,A,A,4,E,,,,,,,,,,,,,,
2011-04-05,27660.81,25677.59,20999.25,0.038048,A,fuera,0.027746,A,fuera,0.030047,A,fuera,0.030810,A,fuera,0.032534,A,A,4,E,,,,,,,,,,,,,,
2011-04-06,27727.50,25685.90,21023.30,0.039926,A,A,0.030302,A,fuera,0.031963,A,fuera,0.033129,A,fuera,0.034558,A,A,3,E,,,,,,,,,,,,,,
2011-04-07,27811.31,25712.55,21053.63,0.042388,A,A,0.033441,A,fuera,0.034489,A,A,0.036023,A,A,0.037168,A,A,1,A,,,,,,,,,,,,,,
2011-04-08,27768.16,25731.23,21049.31,0.040037,A,A,0.031817,A,A,0.032421,A,A,0.034195,A,A,0.035090,A,A,0,A,,,,,,,,,,,,,,
2011-04-11,27706.96,25747.27,21050.10,0.036977,A,A,0.029458,A,A,0.029797,A,A,0.031681,A,A,0.032314,A,A,0,A,,,,,,,,,,,,,,
2011-04-12,27640.60,25760.80,21051.02,0.033790,A,A,0.026943,A,A,0.027026,A,A,0.028905,A,A,0.029428,A,A,0,A,,,,,,,,,,,,,,
2011-04-13,27425.96,25762.46,21008.40,0.025230,A,A,0.019158,A,A,0.018809,A,A,0.020671,A,A,0.021138,A,A,0,A,,,,,,,,,,,,,,
2011-04-14,27429.24,25772.50,21009.77,0.024548,A,A,0.019459,A,A,0.018641,A,A,0.020446,A,A,0.020949,A,A,0,A,,,,,,,,,,,,,,
2011-04-15,27413.29,25793.48,21017.69,0.022941,A,A,0.019079,A,A,0.017737,A,A,0.019485,A,A,0.020057,A,A,0,A,,,,,,,,,,,,,,
2011-04-18,27489.80,25819.57,21053.19,0.024790,A,A,0.022048,A,A,0.020213,A,A,0.022003,A,A,0.022559,A,A,0,A,,,,,,,,,,,,,,
2011-04-19,27312.60,25850.83,21032.32,0.017453,A,A,0.015722,A,A,0.013375,A,A,0.015171,A,A,0.015689,A,A,0,A,,,,,,,,,,,,,,
2011-04-20,27363.96,25850.16,21055.51,0.018616,A,A,0.017848,A,A,0.015032,A,A,0.016817,A,A,0.017330,A,A,0,A,,,,,,,,,,,,,,
2011-04-21,27647.58,25866.92,21110.13,0.028277,A,A,0.028350,A,A,0.025146,A,A,0.026879,A,A,0.027521,A,A,0,A,,,,,,,,,,,,,,
2011-04-25,27744.26,25887.53,21139.08,0.030889,A,A,0.031777,A,A,0.028253,A,A,0.030011,A,A,0.030762,A,A,0,A,,,,,,,,,,,,,,
2011-04-26,27760.70,25899.17,21148.91,0.030437,A,A,0.032200,A,A,0.028372,A,A,0.030184,A,A,0.031054,A,A,0,A,,,,,,,,,,,,,,
2011-04-27,27761.91,25925.41,21167.00,0.029389,A,A,0.032034,A,A,0.027900,A,A,0.029724,A,A,0.030771,A,A,0,A,,,,,,,,,,,,,,
2011-04-28,27700.63,25928.69,21153.76,0.025827,A,A,0.029623,A,A,0.025154,A,A,0.026978,A,A,0.028186,A,A,0,A,,,,,,,,,,,,,,
2011-04-29,27577.74,25932.32,21140.49,0.019995,A,A,0.024884,A,A,0.020189,A,A,0.022006,A,A,0.023375,A,A,0,A,,,,,,,,,,,,,,
2011-05-02,27661.61,25968.26,21193.99,0.021758,A,A,0.027541,A,A,0.022834,A,A,0.024761,A,A,0.026278,A,A,0,A,,,,,,,,,,,,,,
2011-05-03,27757.77,25957.61,21221.89,0.024047,A,A,0.030562,A,A,0.025898,A,A,0.028007,A,A,0.029653,A,A,0,A,,,,,,,,,,,,,,
2011-05-04,27587.30,25959.60,21201.31,0.016804,A,A,0.023888,A,A,0.019182,A,A,0.021454,A,A,0.023226,A,A,0,A,,,,,,,,,,,,,,
2011-05-05,27320.60,25944.97,21148.26,0.006243,A,A,0.013817,A,A,0.009006,A,A,0.011412,A,A,0.013309,A,A,0,A,,,,,,,,,,,,,,
2011-05-06,27283.81,25986.25,21159.64,0.004212,A,A,0.012239,A,A,0.007381,A,A,0.009856,A,A,0.011941,A,A,0,A,,,,,,,,,,,,,,
2011-05-09,27362.15,26015.97,21189.86,0.006518,A,A,0.014825,A,A,0.010026,A,A,0.012509,A,A,0.014794,A,A,0,A,,,,,,,,,,,,,,
2011-05-10,27458.61,26022.69,21220.33,0.009481,A,A,0.018027,A,A,0.013317,A,A,0.015780,A,A,0.018284,A,A,0,A,,,,,,,,,,,,,,
2011-05-11,27538.64,26020.76,21228.48,0.011671,A,A,0.020559,A,A,0.016017,A,A,0.018434,A,A,0.021110,A,A,0,A,,,,,,,,,,,,,,
2011-05-12,27495.67,26018.14,21214.46,0.009497,A,A,0.018369,A,A,0.014497,A,A,0.016586,A,A,0.019310,A,A,0,A,,,,,,,,,,,,,,
2011-05-13,27360.06,26025.71,21204.64,0.004023,A,A,0.012680,A,A,0.009700,A,A,0.011331,A,A,0.014101,A,A,0,A,,,,,,,,,,,,,,
2011-05-16,27161.04,25994.01,21134.14,-0.003747,A,A,0.004817,A,A,0.002640,A,A,0.003782,A,A,0.006520,A,A,0,A,,,,,,,,,,,,,,
2011-05-17,27192.95,26009.51,21155.94,-0.003182,A,A,0.005563,A,A,0.004040,A,A,0.004753,A,A,0.007466,A,A,0,A,,,,,,,,,,,,,,
2011-05-18,27289.75,26024.20,21195.88,-0.000330,A,A,0.008667,A,A,0.007728,A,A,0.008064,A,A,0.010843,A,A,0,A,,,,,,,,,,,,,,
2011-05-19,27368.88,26042.07,21212.27,0.001668,A,A,0.011139,A,A,0.010729,A,A,0.010702,A,A,0.013554,A,A,0,A,,,,,,,,,,,,,,
2011-05-20,27306.70,26061.71,21197.46,-0.001534,A,A,0.008424,A,A,0.008614,A,A,0.008150,A,A,0.011052,A,A,0,A,,,,,,,,,,,,,,
2011-05-23,27183.70,26076.80,21171.57,-0.006795,A,A,0.003493,A,A,0.004297,A,A,0.003393,A,A,0.006247,A,A,0,A,,,,,,,,,,,,,,
2011-05-24,26975.79,26076.44,21142.75,-0.015005,A,A,-0.004470,A,A,-0.003058,A,A,-0.004416,A,A,-0.001593,A,A,0,A,,,,,,,,,,,,,,
2011-05-25,27018.19,26076.40,21149.29,-0.013908,A,A,-0.003390,A,A,-0.001211,A,A,-0.002999,A,A,-0.000159,A,A,0,A,,,,,,,,,,,,,,
2011-05-26,27026.84,26081.28,21161.84,-0.013924,A,A,-0.003631,A,A,-0.000592,A,A,-0.002850,A,A,-0.000030,A,A,0,A,,,,,,,,,,,,,,
2011-05-27,27180.39,26072.18,21184.41,-0.008613,A,A,0.001388,A,A,0.005313,A,A,0.002624,A,A,0.005420,A,A,0,A,,,,,,,,,,,,,,
2011-05-30,27311.23,26084.08,21216.61,-0.004117,A,A,0.005597,A,A,0.010258,A,A,0.007258,A,A,0.009997,A,A,0,A,,,,,,,,,,,,,,
2011-05-31,27334.84,26087.23,21224.15,-0.003500,A,A,0.005950,A,A,0.011185,A,A,0.007942,A,A,0.010677,A,A,0,A,,,,,,,,,,,,,,
2011-06-01,27508.20,26092.66,21260.83,0.002400,A,A,0.011704,A,A,0.017572,A,A,0.014129,A,A,0.016901,A,A,0,A,,,,,,,,,,,,,,
2011-06-02,27418.37,26101.50,21250.49,-0.001175,A,A,0.007846,A,A,0.014246,A,A,0.010901,A,A,0.013433,A,A,0,A,,,,,,,,,,,,,,
2011-06-03,27396.41,26113.79,21266.03,-0.002062,A,A,0.006614,A,A,0.013467,A,A,0.010255,A,A,0.012459,A,A,0,A,,,,,,,,,,,,,,
2011-06-06,27370.57,26131.32,21276.47,-0.003002,A,A,0.005306,A,A,0.012478,A,A,0.009473,A,A,0.011317,A,A,0,A,,,,,,,,,,,,,,
2011-06-07,27204.00,26104.79,21233.76,-0.008775,A,A,-0.001142,A,A,0.006187,A,A,0.003516,A,A,0.005005,A,A,0,A,,,,,,,,,,,,,,
2011-06-08,27162.59,26104.65,21234.18,-0.009884,A,A,-0.002885,A,A,0.004521,A,A,0.002130,A,A,0.003317,A,A,0,A,,,,,,,,,,,,,,
2011-06-09,27056.84,26093.89,21207.94,-0.013203,A,A,-0.006938,A,A,0.000589,A,A,-0.001595,A,A,-0.000697,A,A,0,A,,,,,,,,,,,,,,
2011-06-10,27038.94,26104.32,21187.71,-0.013238,A,A,-0.007853,A,A,-0.000077,A,A,-0.002008,A,A,-0.001437,A,A,0,A,,,,,,,,,,,,,,
2011-06-13,26832.10,25838.86,21107.81,-0.020043,fuera,A,-0.015659,A,A,-0.007690,A,A,-0.009329,A,A,-0.009118,A,A,0,A,,,,,,,,,,,,,,
2011-06-14,26733.27,25830.28,21088.55,-0.022880,fuera,A,-0.019453,A,A,-0.011311,A,A,-0.012617,A,A,-0.012802,A,A,0,A,,,,,,,,,,,,,,
2011-06-15,26810.46,25793.89,21089.99,-0.019397,fuera,A,-0.016929,A,A,-0.008451,A,A,-0.009456,A,A,-0.010012,A,A,0,A,,,,,,,,,,,,,,
2011-06-16,26575.85,25764.52,21022.23,-0.027306,fuera,A,-0.025760,fuera,A,-0.017037,A,A,-0.017716,A,A,-0.018685,A,A,0,A,,,,,,,,,,,,,,
2011-06-17,26457.27,25753.25,20994.58,-0.030880,fuera,fuera,-0.030229,fuera,A,-0.021412,fuera,A,-0.021660,fuera,A,-0.023032,fuera,A,1,A,,,,,,,,,,,,,,
2011-06-20,26459.15,25774.46,21009.63,-0.030058,fuera,fuera,-0.030300,fuera,A,-0.021438,fuera,A,-0.021209,fuera,A,-0.022927,fuera,A,1,A,,,,,,,,,,,,,,
2011-06-21,26521.95,25654.57,20996.31,-0.026989,fuera,fuera,-0.028036,fuera,A,-0.019202,fuera,A,-0.018561,fuera,A,-0.020593,fuera,A,1,A,,,,,,,,,,,,,,
2011-06-22,26689.36,25660.67,21037.51,-0.020349,fuera,fuera,-0.021944,fuera,fuera,-0.013110,fuera,A,-0.012102,fuera,A,-0.014439,fuera,A,2,E,,,,,,,,,,,,,,
2011-06-23,26734.03,25667.38,21057.76,-0.018205,fuera,fuera,-0.020260,fuera,fuera,-0.011564,fuera,fuera,-0.010213,fuera,fuera,-0.012829,fuera,fuera,5,E,,,,,,,,,,,,,,
2011-06-24,26677.63,25650.69,21042.52,-0.019500,fuera,fuera,-0.022164,fuera,fuera,-0.013684,fuera,fuera,-0.012022,fuera,fuera,-0.014952,fuera,fuera,5,E,,,,,,,,,,,,,,
2011-06-28,26690.20,25640.74,21036.27,-0.018193,fuera,fuera,-0.021511,fuera,fuera,-0.013260,fuera,fuera,-0.011347,fuera,fuera,-0.014502,fuera,fuera,5,E,,,,,,,,,,,,,,
2011-06-29,26888.92,25651.40,21089.24,-0.010178,fuera,fuera,-0.014168,fuera,fuera,-0.006067,fuera,fuera,-0.003985,fuera,fuera,-0.007201,fuera,fuera,5,E,,,,,,,,,,,,,,
2011-06-30,27049.18,25793.64,21106.63,-0.003697,fuera,fuera,-0.008294,fuera,fuera,-0.000379,fuera,fuera,0.001876,fuera,fuera,-0.001354,fuera,fuera,5,E,,,,,,,,,,,,,,
2011-07-01,27145.34,25645.67,21127.87,0.000299,fuera,fuera,-0.004687,fuera,fuera,0.002775,fuera,fuera,0.005388,fuera,fuera,0.002133,fuera,fuera,5,E,,,,,,,,,,,,,,
2011-07-04,27274.18,25667.44,21165.08,0.005297,fuera,fuera,0.000093,fuera,fuera,0.007029,fuera,fuera,0.010072,fuera,fuera,0.007002,fuera,fuera,5,E,,,,,,,,,,,,,,
2011-07-05,27392.77,25684.28,21188.16,0.009890,fuera,fuera,0.004544,fuera,fuera,0.010858,fuera,fuera,0.014295,fuera,fuera,0.011518,fuera,fuera,5,E,,,,,,,,,,,,,,
2011-07-06,27385.93,25697.65,21190.82,0.009946,fuera,fuera,0.004451,fuera,fuera,0.010137,fuera,fuera,0.013839,fuera,fuera,0.011404,fuera,fuera,5,E,,,,,,,,,,,,,,
2011-07-07,27317.83,25695.76,21174.81,0.007657,fuera,fuera,0.002189,fuera,fuera,0.007264,fuera,fuera,0.011141,fuera,fuera,0.009011,fuera,fuera,5,E,,,,,,,,,,,,,,
2011-07-08,27349.16,25686.88,21177.53,0.008789,fuera,fuera,0.003604,fuera,fuera,0.008041,fuera,fuera,0.012105,fuera,fuera,0.010233,fuera,fuera,5,E,,,,,,,,,,,,,,
2011-07-11,27262.45,25707.95,21164.20,0.005608,fuera,fuera,0.000712,fuera,fuera,0.004516,fuera,fuera,0.008620,fuera,fuera,0.007117,fuera,fuera,5,E,,,,,,,,,,,,,,
2011-07-12,27055.27,25734.23,21126.72,-0.001783,fuera,fuera,-0.006521,fuera,fuera,-0.003279,fuera,fuera,0.000661,fuera,fuera,-0.000334,fuera,fuera,5,E,,,,,,,,,,,,,,
2011-07-13,26899.59,25746.89,21109.79,-0.007072,fuera,fuera,-0.011818,fuera,fuera,-0.009075,fuera,fuera,-0.005305,fuera,fuera,-0.005844,fuera,fuera,5,E,,,,,,,,,,,,,,
2011-07-14,26937.53,25779.91,21110.45,-0.005181,fuera,fuera,-0.010146,fuera,fuera,-0.007803,fuera,fuera,-0.004075,fuera,fuera,-0.004197,fuera,fuera,5,E,,,,,,,,,,,,,,
2011-07-15,26833.90,25767.98,21076.59,-0.008469,fuera,fuera,-0.013617,fuera,fuera,-0.011645,fuera,fuera,-0.008032,fuera,fuera,-0.007776,fuera,fuera,5,E,,,,,,,,,,,,,,
2011-07-18,26857.43,25788.28,21102.03,-0.007190,fuera,fuera,-0.012437,fuera,fuera,-0.010819,fuera,fuera,-0.007254,fuera,fuera,-0.006644,fuera,fuera,5,E,,,,,,,,,,,,,,
2011-07-19,26728.89,25793.34,21076.42,-0.011591,fuera,fuera,-0.016734,fuera,fuera,-0.015611,fuera,fuera,-0.012054,fuera,fuera,-0.011108,fuera,fuera,5,E,,,,,,,,,,,,,,
2011-07-20,26773.39,25787.37,21083.13,-0.009604,fuera,fuera,-0.014791,fuera,fuera,-0.014103,fuera,fuera,-0.010500,fuera,fuera,-0.009230,fuera,fuera,5,E,,,,,,,,,,,,,,
2011-07-21,26826.79,25820.44,21096.80,-0.007250,fuera,fuera,-0.012521,fuera,fuera,-0.012295,fuera,fuera,-0.008650,fuera,fuera,-0.007069,fuera,fuera,5,E,,,,,,,,,,,,,,
2011-07-22,26932.15,25823.84,21115.84,-0.002993,fuera,fuera,-0.008235,fuera,fuera,-0.008687,fuera,fuera,-0.005021,fuera,fuera,-0.003018,fuera,fuera,5,E,,,,,,,,,,,,,,
2011-07-25,27047.71,25841.90,21148.62,0.001498,fuera,fuera,-0.003580,fuera,fuera,-0.004792,fuera,fuera,-0.001102,fuera,fuera,0.001366,fuera,fuera,5,E,,,,,,,,,,,,,,
2011-07-26,27021.60,25852.23,21151.75,0.000665,fuera,fuera,-0.004118,fuera,fuera,-0.006071,fuera,fuera,-0.002401,fuera,fuera,0.000533,fuera,fuera,5,E,,,,,,,,,,,,,,
2011-07-27,26902.38,25842.17,21114.27,-0.003690,fuera,fuera,-0.008021,fuera,fuera,-0.010737,fuera,fuera,-0.007029,fuera,fuera,-0.003767,fuera,fuera,5,E,,,,,,,,,,,,,,
2011-07-28,26601.90,25813.10,21023.60,-0.014481,fuera,fuera,-0.018480,fuera,fuera,-0.021846,fuera,fuera,-0.018174,fuera,fuera,-0.014811,fuera,fuera,5,E,,,,,,,,,,,,,,
2011-07-29,26521.36,25980.41,21011.73,-0.017055,fuera,fuera,-0.020855,fuera,fuera,-0.024771,fuera,fuera,-0.021177,fuera,fuera,-0.017703,fuera,fuera,5,E,,,,,,,,,,,,,,
2011-08-01,26481.29,25867.63,21019.63,-0.017975,fuera,fuera,-0.021668,fuera,fuera,-0.026110,fuera,fuera,-0.022663,fuera,fuera,-0.019035,fuera,fuera,5,E,,,,,,,,,,,,,,
2011-08-02,26623.35,25901.11,21062.24,-0.012147,fuera,fuera,-0.015775,fuera,fuera,-0.020748,fuera,fuera,-0.017407,fuera,fuera,-0.013656,fuera,fuera,5,E,,,,,,,,,,,,,,
2011-08-03,26277.11,25921.16,21009.87,-0.024143,fuera,fuera,-0.027839,fuera,fuera,-0.033184,fuera,fuera,-0.030025,fuera,fuera,-0.026299,fuera,fuera,5,E,,,,,,,,,,,,,,
2011-08-04,26017.29,25938.47,20962.82,-0.032602,fuera,fuera,-0.036726,fuera,fuera,-0.042363,fuera,fuera,-0.039409,fuera,fuera,-0.035700,fuera,fuera,5,E,,,,,,,,,,,,,,
2011-08-05,25371.45,25979.01,20845.25,-0.055018,fuera,fuera,-0.059598,fuera,fuera,-0.065495,fuera,fuera,-0.062792,fuera,fuera,-0.059235,fuera,fuera,5,E,,,,,,,,,,,,,,
2011-08-08,24998.50,26052.69,20797.26,-0.067057,fuera,fuera,-0.072151,fuera,fuera,-0.078368,fuera,fuera,-0.075998,fuera,fuera,-0.072572,fuera,fuera,5,E,,,,,,,,,,,,,,
2011-08-09,24243.89,26117.19,20679.45,-0.092867,fuera,fuera,-0.098479,fuera,fuera,-0.105041,fuera,fuera,-0.103150,fuera,fuera,-0.099974,fuera,fuera,5,E,,,,,,,,,,,,,,
2011-08-10,24373.59,26096.66,20690.71,-0.085862,fuera,fuera,-0.091986,fuera,fuera,-0.099072,fuera,fuera,-0.097693,fuera,fuera,-0.094666,fuera,fuera,5,E,,,,,,,,,,,,,,
2011-08-11,24150.97,26148.36,20663.45,-0.091932,fuera,fuera,-0.098524,fuera,fuera,-0.106012,fuera,fuera,-0.105214,fuera,fuera,-0.102365,fuera,fuera,5,E,,,,,,,,,,,,,,
2011-08-12,24553.52,26168.59,20758.22,-0.074862,fuera,fuera,-0.081996,fuera,fuera,-0.089923,fuera,fuera,-0.089750,fuera,fuera,-0.086893,fuera,fuera,5,E,,,,,,,,,,,,,,
2011-08-16,24919.35,26235.97,20865.68,-0.059408,fuera,fuera,-0.067096,fuera,fuera,-0.075262,fuera,fuera,-0.075781,fuera,fuera,-0.072863,fuera,fuera,5,E,,,,,,,,,,,,,,
2011-08-17,24979.21,26245.95,20892.53,-0.055681,fuera,fuera,-0.063643,fuera,fuera,-0.071974,fuera,fuera,-0.073149,fuera,fuera,-0.070193,fuera,fuera,5,E,,,,,,,,,,,,,,
2011-08-18,24967.88,26243.19,20886.98,-0.054708,fuera,fuera,-0.062793,fuera,fuera,-0.071345,fuera,fuera,-0.073163,fuera,fuera,-0.070169,fuera,fuera,5,E,,,,,,,,,,,,,,
2011-08-19,24491.28,26314.34,20807.33,-0.070939,fuera,fuera,-0.079129,fuera,fuera,-0.087884,fuera,fuera,-0.090224,fuera,fuera,-0.087373,fuera,fuera,5,E,,,,,,,,,,,,,,
2011-08-22,24211.95,26344.00,20765.28,-0.079701,fuera,fuera,-0.087973,fuera,fuera,-0.097086,fuera,fuera,-0.099836,fuera,fuera,-0.097178,fuera,fuera,5,E,,,,,,,,,,,,,,
2011-08-23,24168.32,26434.80,20756.35,-0.079580,fuera,fuera,-0.087998,fuera,fuera,-0.097494,fuera,fuera,-0.100614,fuera,fuera,-0.098269,fuera,fuera,5,E,,,,,,,,,,,,,,
2011-08-24,24398.22,26507.42,20824.24,-0.069201,fuera,fuera,-0.077921,fuera,fuera,-0.087768,fuera,fuera,-0.091230,fuera,fuera,-0.089246,fuera,fuera,5,E,,,,,,,,,,,,,,
2011-08-25,24475.18,26569.28,20851.72,-0.064642,fuera,fuera,-0.073622,fuera,fuera,-0.083743,fuera,fuera,-0.087536,fuera,fuera,-0.085942,fuera,fuera,5,E,,,,,,,,,,,,,,
2011-08-26,24300.57,26593.99,20827.36,-0.069427,fuera,fuera,-0.078745,fuera,fuera,-0.089138,fuera,fuera,-0.093180,fuera,fuera,-0.091937,fuera,fuera,5,E,,,,,,,,,,,,,,
2011-08-29,24352.43,26648.91,20869.44,-0.065548,fuera,fuera,-0.075230,fuera,fuera,-0.086048,fuera,fuera,-0.090373,fuera,fuera,-0.089434,fuera,fuera,5,E,,,,,,,,,,,,,,
2011-08-30,24700.06,26672.04,20951.11,-0.050607,fuera,fuera,-0.060574,fuera,fuera,-0.071861,fuera,fuera,-0.076538,fuera,fuera,-0.075961,fuera,fuera,5,E,,,,,,,,,,,,,,
2011-08-31,24953.91,26825.54,21069.33,-0.039426,fuera,fuera,-0.049574,fuera,fuera,-0.061228,fuera,fuera,-0.066243,fuera,fuera,-0.066046,fuera,fuera,5,E,,,,,,,,,,,,,,
2011-09-01,25185.50,26780.58,21091.89,-0.029096,fuera,fuera,-0.039426,fuera,fuera,-0.051495,fuera,fuera,-0.056776,fuera,fuera,-0.056965,fuera,fuera,5,E,,,,,,,,,,,,,,
2011-09-02,25148.74,26794.31,21083.05,-0.028932,fuera,fuera,-0.039529,fuera,fuera,-0.051842,fuera,fuera,-0.057308,fuera,fuera,-0.057893,fuera,fuera,5,E,,,,,,,,,,,,,,
2011-09-05,24896.86,26867.09,21040.52,-0.036800,fuera,fuera,-0.047728,fuera,fuera,-0.060235,fuera,fuera,-0.065805,fuera,fuera,-0.066849,fuera,fuera,5,E,,,,,,,,,,,,,,
2011-09-06,24516.23,26940.83,21001.36,-0.049271,fuera,fuera,-0.060684,fuera,fuera,-0.073412,fuera,fuera,-0.079003,fuera,fuera,-0.080498,fuera,fuera,5,E,,,,,,,,,,,,,,
2011-09-07,24435.84,27032.01,21011.23,-0.049968,fuera,fuera,-0.062210,fuera,fuera,-0.075198,fuera,fuera,-0.080927,fuera,fuera,-0.082879,fuera,fuera,5,E,,,,,,,,,,,,,,
2011-09-08,24771.34,26967.83,21062.03,-0.034743,fuera,fuera,-0.047969,fuera,fuera,-0.061322,fuera,fuera,-0.067328,fuera,fuera,-0.069785,fuera,fuera,5,E,,,,,,,,,,,,,,
2011-09-09,24742.67,26910.95,21035.89,-0.033706,fuera,fuera,-0.047748,fuera,fuera,-0.061284,fuera,fuera,-0.067438,fuera,fuera,-0.070389,fuera,fuera,5,E,,,,,,,,,,,,,,
2011-09-12,24460.09,26895.57,20973.81,-0.042341,fuera,fuera,-0.057161,fuera,fuera,-0.070884,fuera,fuera,-0.077106,fuera,fuera,-0.080464,fuera,fuera,5,E,,,,,,,,,,,,,,
2011-09-13,24263.13,26947.75,20936.90,-0.047566,fuera,fuera,-0.063304,fuera,fuera,-0.077189,fuera,fuera,-0.083495,fuera,fuera,-0.087324,fuera,fuera,5,E,,,,,,,,,,,,,,
2011-09-14,24297.41,26920.58,20941.77,-0.043921,fuera,fuera,-0.060600,fuera,fuera,-0.074687,fuera,fuera,-0.081170,fuera,fuera,-0.085524,fuera,fuera,5,E,,,,,,,,,,,,,,
2011-09-15,24298.33,26928.58,20964.97,-0.041705,fuera,fuera,-0.059137,fuera,fuera,-0.073413,fuera,fuera,-0.080078,fuera,fuera,-0.084959,fuera,fuera,5,E,,,,,,,,,,,,,,
2011-09-16,24513.11,26889.18,20998.71,-0.031176,fuera,fuera,-0.049634,fuera,fuera,-0.064023,fuera,fuera,-0.071009,fuera,fuera,-0.076403,fuera,fuera,5,E,,,,,,,,,,,,,,
2011-09-20,24282.96,26902.13,20964.58,-0.038117,fuera,fuera,-0.057315,fuera,fuera,-0.071545,fuera,fuera,-0.078707,fuera,fuera,-0.084480,fuera,fuera,5,E,,,,,,,,,,,,,,
2011-09-21,24412.02,26875.51,20988.50,-0.030918,fuera,fuera,-0.051127,fuera,fuera,-0.065440,fuera,fuera,-0.072726,fuera,fuera,-0.079008,fuera,fuera,5,E,,,,,,,,,,,,,,
2011-09-22,24349.81,26808.94,20971.11,-0.031355,fuera,fuera,-0.052295,fuera,fuera,-0.066706,fuera,fuera,-0.073952,fuera,fuera,-0.080676,fuera,fuera,5,E,,,,,,,,,,,,,,
2011-09-23,23752.55,27019.78,20941.70,-0.052584,fuera,fuera,-0.073886,fuera,fuera,-0.088262,fuera,fuera,-0.095353,fuera,fuera,-0.102360,fuera,fuera,5,E,,,,,,,,,,,,,,
2011-09-26,23556.08,27039.98,20917.44,-0.057689,fuera,fuera,-0.079765,fuera,fuera,-0.094361,fuera,fuera,-0.101465,fuera,fuera,-0.108856,fuera,fuera,5,E,,,,,,,,,,,,,,
2011-09-27,23356.68,27030.79,20857.16,-0.062686,fuera,fuera,-0.085701,fuera,fuera,-0.100486,fuera,fuera,-0.107663,fuera,fuera,-0.115434,fuera,fuera,5,E,,,,,,,,,,,,,,
2011-09-28,23753.26,27007.71,20915.46,-0.043963,fuera,fuera,-0.068504,fuera,fuera,-0.083819,fuera,fuera,-0.091247,fuera,fuera,-0.099523,fuera,fuera,5,E,,,,,,,,,,,,,,
2011-09-29,23655.69,27013.74,20900.78,-0.045015,fuera,fuera,-0.070489,fuera,fuera,-0.086201,fuera,fuera,-0.093657,fuera,fuera,-0.102241,fuera,fuera,5,E,,,,,,,,,,,,,,
2011-09-30,23837.54,26976.54,20931.89,-0.035020,fuera,fuera,-0.061493,fuera,fuera,-0.077934,fuera,fuera,-0.085381,fuera,fuera,-0.094375,fuera,fuera,5,E,,,,,,,,,,,,,,
2011-10-03,23593.39,26996.51,20898.25,-0.042312,fuera,fuera,-0.069071,fuera,fuera,-0.086033,fuera,fuera,-0.093426,fuera,fuera,-0.102575,fuera,fuera,5,E,,,,,,,,,,,,,,
2011-10-04,23180.80,27057.12,20855.97,-0.056216,fuera,fuera,-0.083036,fuera,fuera,-0.100527,fuera,fuera,-0.107928,fuera,fuera,-0.117074,fuera,fuera,5,E,,,,,,,,,,,,,,
2011-10-05,23005.82,27155.13,20836.25,-0.060385,fuera,fuera,-0.087484,fuera,fuera,-0.105707,fuera,fuera,-0.113271,fuera,fuera,-0.122487,fuera,fuera,5,E,,,,,,,,,,,,,,
2011-10-06,23243.21,27127.61,20894.11,-0.047768,fuera,fuera,-0.075695,fuera,fuera,-0.094889,fuera,fuera,-0.102765,fuera,fuera,-0.112204,fuera,fuera,5,E,,,,,,,,,,,,,,
2011-10-07,23571.53,27069.34,20928.99,-0.031933,fuera,fuera,-0.060452,fuera,fuera,-0.080607,fuera,fuera,-0.088789,fuera,fuera,-0.098517,fuera,fuera,5,E,,,,,,,,,,,,,,
2011-10-11,23880.46,27048.20,20959.41,-0.017329,fuera,fuera,-0.046077,fuera,fuera,-0.067091,fuera,fuera,-0.075602,fuera,fuera,-0.085640,fuera,fuera,5,E,,,,,,,,,,,,,,
2011-10-12,24065.11,27009.21,20979.19,-0.008546,fuera,fuera,-0.036779,fuera,fuera,-0.058507,fuera,fuera,-0.067274,fuera,fuera,-0.077568,fuera,fuera,5,E,,,,,,,,,,,,,,
2011-10-13,24170.61,26945.34,20962.46,-0.003445,fuera,fuera,-0.030808,fuera,fuera,-0.053051,fuera,fuera,-0.062081,fuera,fuera,-0.072605,fuera,fuera,5,E,,,,,,,,,,,,,,
2011-10-14,24292.96,27006.11,21008.97,0.001555,fuera,fuera,-0.024308,fuera,fuera,-0.046981,fuera,fuera,-0.056333,fuera,fuera,-0.067020,fuera,fuera,5,E,,,,,,,,,,,,,,
2011-10-17,24415.77,27014.29,21035.44,0.006579,fuera,fuera,-0.017821,fuera,fuera,-0.040998,fuera,fuera,-0.050587,fuera,fuera,-0.061446,fuera,fuera,5,E,,,,,,,,,,,,,,
2011-10-18,24373.70,27013.56,21023.41,0.004640,fuera,fuera,-0.017995,fuera,fuera,-0.041484,fuera,fuera,-0.051198,fuera,fuera,-0.062171,fuera,fuera,5,E,,,,,,,,,,,,,,
2011-10-19,24509.17,27011.49,21088.54,0.010265,fuera,fuera,-0.011075,fuera,fuera,-0.035082,fuera,fuera,-0.044912,fuera,fuera,-0.056151,fuera,fuera,5,E,,,,,,,,,,,,,,
2011-10-20,24528.56,26981.27,21074.57,0.011426,fuera,fuera,-0.008918,fuera,fuera,-0.033257,fuera,fuera,-0.043170,fuera,fuera,-0.054585,fuera,fuera,5,E,,,,,,,,,,,,,,
2011-10-21,24462.32,26975.01,21085.90,0.009172,fuera,fuera,-0.010150,fuera,fuera,-0.034866,fuera,fuera,-0.044788,fuera,fuera,-0.056218,fuera,fuera,5,E,,,,,,,,,,,,,,
2011-10-24,24631.21,26980.83,21117.02,0.016454,fuera,fuera,-0.001931,fuera,fuera,-0.027306,fuera,fuera,-0.037354,fuera,fuera,-0.048796,fuera,fuera,5,E,,,,,,,,,,,,,,
2011-10-25,24951.20,26959.84,21165.08,0.029225,A,fuera,0.012305,fuera,fuera,-0.013865,fuera,fuera,-0.024097,fuera,fuera,-0.035608,fuera,fuera,5,E,,,,,,,,,,,,,,
2011-10-26,24817.40,26922.83,21099.22,0.023138,A,fuera,0.008302,fuera,fuera,-0.018396,fuera,fuera,-0.028531,fuera,fuera,-0.039912,fuera,fuera,5,E,,,,,,,,,,,,,,
2011-10-27,24898.43,26891.27,21089.49,0.025792,A,fuera,0.012960,fuera,fuera,-0.014515,fuera,fuera,-0.024529,fuera,fuera,-0.035948,fuera,fuera,5,E,,,,,,,,,,,,,,
2011-10-28,25366.79,26580.99,21024.27,0.044162,A,fuera,0.033023,A,fuera,0.004505,fuera,fuera,-0.005458,fuera,fuera,-0.017146,fuera,fuera,5,E,,,,,,,,,,,,,,
2011-11-02,24962.13,26579.05,20980.47,0.027048,A,A,0.017605,A,fuera,-0.010840,fuera,fuera,-0.020456,fuera,fuera,-0.032021,fuera,fuera,4,E,,,,,,,,,,,,,,
2011-11-03,25222.39,26630.80,21022.80,0.036882,A,A,0.029067,A,fuera,0.000119,fuera,fuera,-0.009397,fuera,fuera,-0.021165,fuera,fuera,4,E,,,,,,,,,,,,,,
2011-11-04,25227.20,26586.59,20999.47,0.036252,A,A,0.030086,A,fuera,0.000974,fuera,fuera,-0.008395,fuera,fuera,-0.020266,fuera,fuera,4,E,,,,,,,,,,,,,,
2011-11-07,25153.44,26562.77,20970.26,0.032794,A,A,0.028039,A,A,-0.001282,fuera,fuera,-0.010463,fuera,fuera,-0.022478,fuera,fuera,3,E,,,,,,,,,,,,,,
2011-11-08,25370.36,26575.66,21032.91,0.041305,A,A,0.037505,A,A,0.007918,fuera,fuera,-0.001181,fuera,fuera,-0.013465,fuera,fuera,3,E,,,,,,,,,,,,,,
2011-11-09,25488.52,26649.17,21084.09,0.045866,A,A,0.042689,A,A,0.013239,fuera,fuera,0.004116,fuera,fuera,-0.008297,fuera,fuera,3,E,,,,,,,,,,,,,,
2011-11-10,25139.45,26722.79,21046.02,0.031552,A,A,0.028562,A,A,0.000206,fuera,fuera,-0.008883,fuera,fuera,-0.021178,fuera,fuera,3,E,,,,,,,,,,,,,,
2011-11-11,25028.17,26695.77,21020.33,0.026862,A,A,0.023990,A,A,-0.003289,fuera,fuera,-0.012518,fuera,fuera,-0.024754,fuera,fuera,3,E,,,,,,,,,,,,,,
2011-11-14,25215.55,26684.04,21046.83,0.033891,A,A,0.031016,A,A,0.005089,fuera,fuera,-0.004443,fuera,fuera,-0.016759,fuera,fuera,3,E,,,,,,,,,,,,,,
2011-11-15,25261.63,26613.51,21004.00,0.035002,A,A,0.032314,A,A,0.007877,fuera,fuera,-0.002034,fuera,fuera,-0.014322,fuera,fuera,3,E,,,,,,,,,,,,,,
2011-11-16,25314.80,26603.71,21019.56,0.036667,A,A,0.033719,A,A,0.010927,fuera,fuera,0.000601,fuera,fuera,-0.011683,fuera,fuera,3,E,,,,,,,,,,,,,,
2011-11-17,25273.24,26614.70,21032.46,0.034466,A,A,0.031548,A,A,0.010183,fuera,fuera,-0.000464,fuera,fuera,-0.012718,fuera,fuera,3,E,,,,,,,,,,,,,,
2011-11-18,25055.75,26646.39,21000.28,0.025008,A,A,0.022582,A,A,0.002511,fuera,fuera,-0.008498,fuera,fuera,-0.020536,fuera,fuera,3,E,,,,,,,,,,,,,,
2011-11-21,24843.56,26665.53,20975.38,0.015792,A,A,0.014010,A,A,-0.004909,fuera,fuera,-0.016296,fuera,fuera,-0.028069,fuera,fuera,3,E,,,,,,,,,,,,,,
2011-11-22,24562.11,26711.03,20962.75,0.004043,A,A,0.002782,A,A,-0.015089,fuera,fuera,-0.026744,fuera,fuera,-0.038260,fuera,fuera,3,E,,,,,,,,,,,,,,
2011-11-23,24523.60,26709.15,20937.14,0.002263,A,A,0.001189,A,A,-0.015591,fuera,fuera,-0.027537,fuera,fuera,-0.038974,fuera,fuera,3,E,,,,,,,,,,,,,,
2011-11-24,24230.37,26749.80,20911.02,-0.009467,A,A,-0.010794,A,A,-0.026186,fuera,fuera,-0.038271,fuera,fuera,-0.049653,fuera,fuera,3,E,,,,,,,,,,,,,,
2011-11-25,24143.62,26760.60,20883.39,-0.012888,A,A,-0.014320,A,A,-0.028505,fuera,fuera,-0.040775,fuera,fuera,-0.052208,fuera,fuera,3,E,,,,,,,,,,,,,,
2011-11-28,24079.66,26871.29,20925.85,-0.015206,A,A,-0.016732,A,A,-0.029874,fuera,fuera,-0.042375,fuera,fuera,-0.053850,fuera,fuera,3,E,,,,,,,,,,,,,,
2011-11-29,24393.41,26843.31,20956.55,-0.002414,A,A,-0.003868,A,A,-0.016205,fuera,fuera,-0.029053,fuera,fuera,-0.040688,fuera,fuera,3,E,,,,,,,,,,,,,,
2011-11-30,24630.80,26887.40,21027.53,0.006491,A,A,0.005614,A,A,-0.005676,fuera,fuera,-0.018764,fuera,fuera,-0.030541,fuera,fuera,3,E,,,,,,,,,,,,,,
2011-12-01,25022.24,26844.63,21065.67,0.021127,A,A,0.021159,A,A,0.010944,fuera,fuera,-0.002403,fuera,fuera,-0.014422,fuera,fuera,3,E,,,,,,,,,,,,,,
2011-12-02,25174.74,26779.98,21052.97,0.025660,A,A,0.027072,A,A,0.017908,fuera,fuera,0.004429,fuera,fuera,-0.007692,fuera,fuera,3,E,,,,,,,,,,,,,,
2011-12-05,25202.15,26816.35,21077.84,0.025431,A,A,0.028028,A,A,0.019862,fuera,fuera,0.006315,fuera,fuera,-0.005922,fuera,fuera,3,E,,,,,,,,,,,,,,
2011-12-06,25304.62,26863.86,21115.57,0.028068,A,A,0.032129,A,A,0.024800,A,fuera,0.011209,fuera,fuera,-0.001226,fuera,fuera,3,E,,,,,,,,,,,,,,
2011-12-07,25163.60,26920.70,21108.36,0.021116,A,A,0.026368,A,A,0.019887,A,fuera,0.006425,fuera,fuera,-0.006105,fuera,fuera,3,E,,,,,,,,,,,,,,
2011-12-09,24931.53,26912.20,21072.18,0.010479,A,A,0.016879,A,A,0.011242,A,fuera,-0.001949,fuera,fuera,-0.014569,fuera,fuera,3,E,,,,,,,,,,,,,,
2011-12-12,24972.72,26926.89,21091.84,0.010518,A,A,0.018263,A,A,0.013620,A,fuera,0.000606,fuera,fuera,-0.012263,fuera,fuera,3,E,,,,,,,,,,,,,,
2011-12-13,24780.29,26925.86,21066.62,0.001134,A,A,0.010195,A,A,0.006581,A,A,-0.006163,fuera,fuera,-0.019173,fuera,fuera,2,E,,,,,,,,,,,,,,
2011-12-14,24718.17,26930.23,21063.13,-0.002696,A,A,0.007697,A,A,0.004922,A,A,-0.007768,fuera,fuera,-0.020918,fuera,fuera,2,E,,,,,,,,,,,,,,
2011-12-15,24522.42,26964.88,21045.58,-0.011437,A,A,-0.000143,A,A,-0.002245,A,A,-0.014731,fuera,fuera,-0.027966,fuera,fuera,2,E,,,,,,,,,,,,,,
2011-12-16,24496.70,27012.48,21057.61,-0.013019,A,A,-0.001215,A,A,-0.002606,A,A,-0.014844,fuera,fuera,-0.028302,fuera,fuera,2,E,,,,,,,,,,,,,,
2011-12-19,24531.66,27027.14,21072.34,-0.012023,A,A,0.000039,A,A,-0.000803,A,A,-0.012567,fuera,fuera,-0.026216,fuera,fuera,2,E,,,,,,,,,,,,,,
2011-12-20,24411.69,27040.30,21080.90,-0.017067,A,A,-0.004924,A,A,-0.005425,A,A,-0.016474,fuera,fuera,-0.030317,fuera,fuera,2,E,,,,,,,,,,,,,,
2011-12-21,24634.20,27015.28,21108.10,-0.008410,A,A,0.003932,A,A,0.003463,A,A,-0.006711,fuera,fuera,-0.020916,fuera,fuera,2,E,,,,,,,,,,,,,,
2011-12-22,24821.38,26995.40,21130.19,-0.001238,A,A,0.011361,A,A,0.010883,A,A,0.001587,fuera,fuera,-0.012967,fuera,fuera,2,E,,,,,,,,,,,,,,
2011-12-23,24879.09,27002.01,21137.50,0.000632,A,A,0.013328,A,A,0.012899,A,A,0.004668,fuera,fuera,-0.010159,fuera,fuera,2,E,,,,,,,,,,,,,,
2011-12-26,24965.87,27011.14,21148.22,0.003712,A,A,0.016504,A,A,0.016243,A,A,0.008935,fuera,fuera,-0.006165,fuera,fuera,2,E,,,,,,,,,,,,,,
2011-12-27,24965.34,27025.68,21149.79,0.003300,A,A,0.016085,A,A,0.016200,A,A,0.009723,fuera,fuera,-0.005631,fuera,fuera,2,E,,,,,,,,,,,,,,
2011-12-28,24978.62,27058.36,21175.71,0.003371,A,A,0.015833,A,A,0.016741,A,A,0.011056,fuera,fuera,-0.004567,fuera,fuera,2,E,,,,,,,,,,,,,,
2011-12-29,24803.72,27108.18,21169.62,-0.003808,A,A,0.007921,A,A,0.009697,A,A,0.004789,fuera,fuera,-0.010947,fuera,fuera,2,E,,,,,,,,,,,,,,
2011-12-30,24852.44,27167.64,21195.61,-0.001764,A,A,0.008943,A,A,0.011515,A,A,0.007443,fuera,fuera,-0.008365,fuera,fuera,2,E,,,,,,,,,,,,,,
2012-01-02,24844.69,27193.43,21211.50,-0.002099,A,A,0.007931,A,A,0.010910,A,A,0.007781,fuera,fuera,-0.007982,fuera,fuera,2,E,,,,,,,,,,,,,,
2012-01-03,24835.35,27195.04,21208.20,-0.002418,A,A,0.006799,A,A,0.010225,A,A,0.008043,fuera,fuera,-0.007628,fuera,fuera,2,E,,,,,,,,,,,,,,
2012-01-04,25041.62,27190.66,21226.95,0.006159,A,A,0.014387,A,A,0.018320,A,A,0.017037,fuera,fuera,0.001323,fuera,fuera,2,E,,,,,,,,,,,,,,
2012-01-05,25052.34,27226.18,21243.49,0.006509,A,A,0.013885,A,A,0.018490,A,A,0.017955,fuera,fuera,0.002496,fuera,fuera,2,E,,,,,,,,,,,,,,
2012-01-06,24990.03,27279.68,21260.89,0.004214,A,A,0.010208,A,A,0.015640,A,A,0.015827,fuera,fuera,0.000764,fuera,fuera,2,E,,,,,,,,,,,,,,
2012-01-09,24883.17,27302.62,21251.47,0.000227,A,A,0.004696,A,A,0.011055,A,A,0.011674,fuera,fuera,-0.002744,fuera,fuera,2,E,,,,,,,,,,,,,,
2012-01-10,25010.97,27287.50,21275.01,0.005492,A,A,0.008732,A,A,0.016105,A,A,0.016865,fuera,fuera,0.003124,fuera,fuera,2,E,,,,,,,,,,,,,,
2012-01-11,25206.70,27277.87,21298.63,0.013509,A,A,0.015579,A,A,0.023940,A,A,0.024441,A,fuera,0.011636,fuera,fuera,2,E,,,,,,,,,,,,,,
2012-01-12,25172.83,27317.05,21309.52,0.012433,A,A,0.013390,A,A,0.022570,A,A,0.022748,A,fuera,0.010883,fuera,fuera,2,E,,,,,,,,,,,,,,
2012-01-13,25130.53,27344.71,21306.40,0.010740,A,A,0.011010,A,A,0.020860,A,A,0.020643,A,fuera,0.009754,fuera,fuera,2,E,,,,,,,,,,,,,,
2012-01-16,25126.18,27462.47,21372.90,0.010476,A,A,0.010228,A,A,0.020578,A,A,0.020240,A,fuera,0.010163,fuera,fuera,2,E,,,,,,,,,,,,,,
2012-01-17,25064.06,27507.29,21386.73,0.008114,A,A,0.007242,A,A,0.017803,A,A,0.017661,A,A,0.008235,fuera,fuera,1,A,,,,,,,,,,,,,,
2012-01-18,25215.32,27498.43,21394.08,0.014240,A,A,0.012812,A,A,0.023585,A,A,0.023709,A,A,0.014851,fuera,fuera,1,A,,,,,,,,,,,,,,
2012-01-19,25405.49,27532.35,21454.54,0.021807,A,A,0.019791,A,A,0.031010,A,A,0.031255,A,A,0.022938,A,fuera,1,A,,,,,,,,,,,,,,
2012-01-20,25493.62,27536.99,21452.46,0.025149,A,A,0.022697,A,A,0.034237,A,A,0.034431,A,A,0.026906,A,fuera,1,A,,,,,,,,,,,,,,
2012-01-23,25522.68,27559.18,21477.72,0.025890,A,A,0.023225,A,A,0.034920,A,A,0.035086,A,A,0.028505,A,fuera,1,A,,,,,,,,,,,,,,
2012-01-24,25493.79,27571.56,21469.34,0.024134,A,A,0.021407,A,A,0.033175,A,A,0.033386,A,A,0.027814,A,fuera,1,A,,,,,,,,,,,,,,
2012-01-25,25601.11,27595.91,21513.77,0.027492,A,A,0.025084,A,A,0.036916,A,A,0.037254,A,A,0.032619,A,A,0,A,,,,,,,,,,,,,,
2012-01-26,25692.12,27618.24,21540.93,0.030071,A,A,0.028252,A,A,0.039950,A,A,0.040453,A,A,0.036731,A,A,0,A,,,,,,,,,,,,,,
2012-01-27,25642.37,27642.15,21528.24,0.026785,A,A,0.025731,A,A,0.037409,A,A,0.037901,A,A,0.035141,A,A,0,A,,,,,,,,,,,,,,
2012-01-30,25668.01,27629.46,21542.44,0.026419,A,A,0.026263,A,A,0.037800,A,A,0.038412,A,A,0.036486,A,A,0,A,,,,,,,,,,,,,,
2012-01-31,25597.63,27667.90,21564.75,0.022226,A,A,0.023302,A,A,0.034404,A,A,0.035207,A,A,0.033950,A,A,0,A,,,,,,,,,,,,,,
2012-02-01,25730.21,27683.08,21590.10,0.026303,A,A,0.028109,A,A,0.039117,A,A,0.040258,A,A,0.039556,A,A,0,A,,,,,,,,,,,,,,
2012-02-02,25907.08,27696.70,21635.84,0.032190,A,A,0.034733,A,A,0.045250,A,A,0.047118,A,A,0.046942,A,A,0,A,,,,,,,,,,,,,,
2012-02-03,26019.37,27708.90,21655.21,0.035750,A,A,0.038705,A,A,0.048622,A,A,0.051304,A,A,0.051567,A,A,0,A,,,,,,,,,,,,,,
2012-02-06,26110.47,27676.39,21655.07,0.038516,A,A,0.041720,A,A,0.050998,A,A,0.054492,A,A,0.055217,A,A,0,A,,,,,,,,,,,,,,
2012-02-07,26165.19,27657.06,21670.68,0.039808,A,A,0.043386,A,A,0.052065,A,A,0.056032,A,A,0.057159,A,A,0,A,,,,,,,,,,,,,,
2012-02-08,26152.58,27662.91,21667.86,0.038529,A,A,0.042452,A,A,0.050387,A,A,0.054827,A,A,0.056259,A,A,0,A,,,,,,,,,,,,,,
2012-02-09,26200.17,27651.34,21663.28,0.039468,A,A,0.043659,A,A,0.051190,A,A,0.056167,A,A,0.057518,A,A,0,A,,,,,,,,,,,,,,
2012-02-10,26177.35,27640.53,21654.90,0.037423,A,A,0.042005,A,A,0.049066,A,A,0.054666,A,A,0.055987,A,A,0,A,,,,,,,,,,,,,,
2012-02-13,26080.15,27683.25,21670.43,0.032564,A,A,0.037578,A,A,0.043823,A,A,0.050097,A,A,0.051416,A,A,0,A,,,,,,,,,,,,,,
2012-02-14,26258.81,27682.28,21703.25,0.038287,A,A,0.044039,A,A,0.049455,A,A,0.056482,A,A,0.058042,A,A,0,A,,,,,,,,,,,,,,
2012-02-15,26356.01,27695.41,21734.55,0.040633,A,A,0.047226,A,A,0.051886,A,A,0.059557,A,A,0.061470,A,A,0,A,,,,,,,,,,,,,,
2012-02-16,26453.67,27675.73,21743.61,0.042722,A,A,0.050336,A,A,0.054436,A,A,0.062607,A,A,0.064902,A,A,0,A,,,,,,,,,,,,,,
2012-02-17,26575.71,27733.56,21801.69,0.045628,A,A,0.054188,A,A,0.058037,A,A,0.066667,A,A,0.069265,A,A,0,A,,,,,,,,,,,,,,
2012-02-20,26701.38,27754.71,21827.02,0.048583,A,A,0.057955,A,A,0.061802,A,A,0.070721,A,A,0.073564,A,A,0,A,,,,,,,,,,,,,,
2012-02-21,26700.03,27745.87,21826.94,0.046440,A,A,0.056503,A,A,0.060563,A,A,0.069732,A,A,0.072658,A,A,0,A,,,,,,,,,,,,,,
2012-02-22,26635.71,27681.23,21788.02,0.042103,A,A,0.052583,A,A,0.056916,A,A,0.066225,A,A,0.069233,A,A,0,A,,,,,,,,,,,,,,
2012-02-23,26658.70,27613.29,21770.48,0.041339,A,A,0.051914,A,A,0.056783,A,A,0.065965,A,A,0.069386,A,A,0,A,,,,,,,,,,,,,,
2012-02-24,26594.83,27600.73,21750.68,0.037299,A,A,0.047811,A,A,0.053221,A,A,0.062182,A,A,0.066104,A,A,0,A,,,,,,,,,,,,,,
2012-02-27,26593.89,27556.84,21731.37,0.035801,A,A,0.046154,A,A,0.052218,A,A,0.060838,A,A,0.065289,A,A,0,A,,,,,,,,,,,,,,
2012-02-28,26567.12,27578.86,21747.43,0.033326,A,A,0.043707,A,A,0.050218,A,A,0.058638,A,A,0.063468,A,A,0,A,,,,,,,,,,,,,,
2012-02-29,26599.31,27513.37,21704.62,0.033130,A,A,0.043710,A,A,0.050504,A,A,0.058738,A,A,0.064114,A,A,0,A,,,,,,,,,,,,,,
2012-03-01,26665.74,27502.75,21715.04,0.034049,A,A,0.045264,A,A,0.052188,A,A,0.060246,A,A,0.066193,A,A,0,A,,,,,,,,,,,,,,
2012-03-02,26817.47,27492.49,21757.58,0.038175,A,A,0.050155,A,A,0.057310,A,A,0.064978,A,A,0.071704,A,A,0,A,,,,,,,,,,,,,,
2012-03-05,26945.25,27542.49,21806.49,0.041240,A,A,0.054034,A,A,0.061359,A,A,0.068531,A,A,0.076197,A,A,0,A,,,,,,,,,,,,,,
2012-03-06,26791.28,27588.29,21796.84,0.033554,A,A,0.047060,A,A,0.054421,A,A,0.060909,A,A,0.069406,A,A,0,A,,,,,,,,,,,,,,
2012-03-07,26513.00,27640.64,21785.68,0.021530,A,A,0.035331,A,A,0.042946,A,A,0.048596,A,A,0.057629,A,A,0,A,,,,,,,,,,,,,,
2012-03-08,26596.73,27651.37,21812.51,0.023403,A,A,0.037547,A,A,0.045492,A,A,0.050711,A,A,0.060244,A,A,0,A,,,,,,,,,,,,,,
2012-03-09,26692.62,27693.33,21828.78,0.025599,A,A,0.040197,A,A,0.048588,A,A,0.053384,A,A,0.063420,A,A,0,A,,,,,,,,,,,,,,
2012-03-12,26734.35,27684.86,21831.12,0.025582,A,A,0.040585,A,A,0.049537,A,A,0.053974,A,A,0.064412,A,A,0,A,,,,,,,,,,,,,,
2012-03-13,26676.73,27617.64,21812.57,0.021920,A,A,0.037107,A,A,0.046580,A,A,0.050713,A,A,0.061374,A,A,0,A,,,,,,,,,,,,,,
2012-03-14,26884.75,27544.01,21804.04,0.028420,A,A,0.043696,A,A,0.054045,A,A,0.057878,A,A,0.068766,A,A,0,A,,,,,,,,,,,,,,
2012-03-15,26909.21,27463.91,21766.01,0.027838,A,A,0.043119,A,A,0.054351,A,A,0.057852,A,A,0.068858,A,A,0,A,,,,,,,,,,,,,,
2012-03-16,26934.12,27460.75,21774.89,0.027217,A,A,0.042568,A,A,0.054504,A,A,0.057817,A,A,0.068959,A,A,0,A,,,,,,,,,,,,,,
2012-03-19,26858.55,27449.77,21749.96,0.022833,A,A,0.038106,A,A,0.050708,A,A,0.053923,A,A,0.065173,A,A,0,A,,,,,,,,,,,,,,
2012-03-20,26944.22,27444.16,21776.89,0.024466,A,A,0.039967,A,A,0.053268,A,A,0.056331,A,A,0.067676,A,A,0,A,,,,,,,,,,,,,,
2012-03-21,26846.09,27433.24,21766.84,0.019330,A,A,0.034916,A,A,0.048711,A,A,0.051548,A,A,0.062974,A,A,0,A,,,,,,,,,,,,,,
2012-03-22,26807.36,27391.84,21725.17,0.016657,A,A,0.032224,A,A,0.046520,A,A,0.049179,A,A,0.060621,A,A,0,A,,,,,,,,,,,,,,
2012-03-23,26704.51,27474.57,21747.87,0.011724,A,A,0.027189,A,A,0.041858,A,A,0.044472,A,A,0.055574,A,A,0,A,,,,,,,,,,,,,,
2012-03-26,26792.47,27457.58,21763.92,0.013972,A,A,0.029442,A,A,0.044503,A,A,0.047141,A,A,0.057976,A,A,0,A,,,,,,,,,,,,,,
2012-03-27,26905.21,27446.28,21770.94,0.017032,A,A,0.032579,A,A,0.047962,A,A,0.050763,A,A,0.061248,A,A,0,A,,,,,,,,,,,,,,
2012-03-28,26999.60,27433.70,21794.16,0.019402,A,A,0.034839,A,A,0.050531,A,A,0.053809,A,A,0.063890,A,A,0,A,,,,,,,,,,,,,,
2012-03-29,26898.70,27428.03,21784.24,0.014566,A,A,0.029710,A,A,0.045531,A,A,0.049116,A,A,0.058840,A,A,0,A,,,,,,,,,,,,,,
2012-03-30,26750.59,27428.38,21750.20,0.008043,A,A,0.022874,A,A,0.038644,A,A,0.042747,A,A,0.052052,A,A,0,A,,,,,,,,,,,,,,
2012-04-02,26806.80,27398.85,21744.02,0.009199,A,A,0.023817,A,A,0.039632,A,A,0.044326,A,A,0.053207,A,A,0,A,,,,,,,,,,,,,,
2012-04-03,26883.89,27426.95,21770.44,0.011013,A,A,0.025634,A,A,0.041363,A,A,0.046657,A,A,0.055017,A,A,0,A,,,,,,,,,,,,,,
2012-04-04,26858.05,27430.13,21752.37,0.009090,A,A,0.023547,A,A,0.039260,A,A,0.045075,A,A,0.052740,A,A,0,A,,,,,,,,,,,,,,
2012-04-05,26646.97,27438.12,21732.29,0.000541,A,A,0.014502,A,A,0.030199,A,A,0.036416,A,A,0.043362,A,A,0,A,,,,,,,,,,,,,,
2012-04-09,26682.37,27476.86,21754.23,0.001317,A,A,0.014763,A,A,0.030833,A,A,0.037200,A,A,0.043739,A,A,0,A,,,,,,,,,,,,,,
2012-04-10,26590.36,27492.92,21745.03,-0.002535,A,A,0.010316,A,A,0.026654,A,A,0.033026,A,A,0.039265,A,A,0,A,,,,,,,,,,,,,,
2012-04-11,26340.97,27505.59,21708.04,-0.012035,A,A,0.000166,A,A,0.016529,A,A,0.022912,A,A,0.028792,A,A,0,A,,,,,,,,,,,,,,
2012-04-12,26359.70,27498.85,21705.14,-0.011503,A,A,0.000173,A,A,0.016791,A,A,0.023223,A,A,0.028825,A,A,0,A,,,,,,,,,,,,,,
2012-04-13,26433.58,27518.64,21713.58,-0.008926,A,A,0.002202,A,A,0.019086,A,A,0.025667,A,A,0.031025,A,A,0,A,,,,,,,,,,,,,,
2012-04-16,26368.29,27560.37,21715.10,-0.011531,A,A,-0.001008,A,A,0.015944,A,A,0.022720,A,A,0.027857,A,A,0,A,,,,,,,,,,,,,,
2012-04-17,26368.89,27574.42,21733.39,-0.011746,A,A,-0.001756,A,A,0.015360,A,A,0.022247,A,A,0.027247,A,A,0,A,,,,,,,,,,,,,,
2012-04-18,26447.97,27573.14,21744.56,-0.008938,A,A,0.000508,A,A,0.017679,A,A,0.024706,A,A,0.029710,A,A,0,A,,,,,,,,,,,,,,
2012-04-19,26436.90,27584.90,21748.53,-0.009420,A,A,-0.000520,A,A,0.016506,A,A,0.023569,A,A,0.028673,A,A,0,A,,,,,,,,,,,,,,
2012-04-20,26476.71,27593.18,21760.61,-0.007947,A,A,0.000404,A,A,0.017188,A,A,0.024373,A,A,0.029581,A,A,0,A,,,,,,,,,,,,,,
2012-04-23,26502.75,27598.54,21773.94,-0.006911,A,A,0.000809,A,A,0.017317,A,A,0.024522,A,A,0.029999,A,A,0,A,,,,,,,,,,,,,,
2012-04-24,26339.53,27621.50,21771.55,-0.012730,A,A,-0.005851,A,A,0.010273,A,A,0.017390,A,A,0.023217,A,A,0,A,,,,,,,,,,,,,,
2012-04-25,26345.69,27619.95,21767.50,-0.012207,A,A,-0.006055,A,A,0.009677,A,A,0.016780,A,A,0.022975,A,A,0,A,,,,,,,,,,,,,,
2012-04-26,26427.34,27611.56,21785.68,-0.008974,A,A,-0.003407,A,A,0.012033,A,A,0.019170,A,A,0.025662,A,A,0,A,,,,,,,,,,,,,,
2012-04-27,26427.20,27615.79,21787.45,-0.008788,A,A,-0.003872,A,A,0.011337,A,A,0.018492,A,A,0.025321,A,A,0,A,,,,,,,,,,,,,,
2012-04-30,26498.62,27634.00,21817.90,-0.006030,A,A,-0.001669,A,A,0.013372,A,A,0.020692,A,A,0.027606,A,A,0,A,,,,,,,,,,,,,,
2012-05-02,26582.58,27644.04,21842.30,-0.002871,A,A,0.000914,A,A,0.015885,A,A,0.023397,A,A,0.030431,A,A,0,A,,,,,,,,,,,,,,
2012-05-03,26584.93,27669.19,21857.95,-0.002798,A,A,0.000499,A,A,0.015277,A,A,0.022969,A,A,0.030091,A,A,0,A,,,,,,,,,,,,,,
2012-05-04,26388.58,27659.00,21816.12,-0.009989,A,A,-0.007171,A,A,0.007176,A,A,0.015010,A,A,0.022095,A,A,0,A,,,,,,,,,,,,,,
2012-05-07,26168.52,27685.50,21795.56,-0.017837,A,A,-0.015537,A,A,-0.001801,A,A,0.006176,A,A,0.013323,A,A,0,A,,,,,,,,,,,,,,
2012-05-08,26143.03,27698.44,21805.27,-0.018242,A,A,-0.016515,A,A,-0.003319,A,A,0.004750,A,A,0.012133,A,A,0,A,,,,,,,,,,,,,,
2012-05-09,26056.04,27717.54,21796.36,-0.020782,fuera,A,-0.019724,A,A,-0.007145,A,A,0.001010,A,A,0.008481,A,A,0,A,,,,,,,,,,,,,,
2012-05-10,25917.19,27717.91,21781.69,-0.025289,fuera,A,-0.024813,fuera,A,-0.012888,A,A,-0.004739,A,A,0.002833,A,A,0,A,,,,,,,,,,,,,,
2012-05-11,25849.31,27712.16,21748.82,-0.027302,fuera,A,-0.027167,fuera,A,-0.015809,A,A,-0.007756,A,A,0.000012,A,A,0,A,,,,,,,,,,,,,,
2012-05-14,25802.39,27719.94,21754.71,-0.028422,fuera,A,-0.028718,fuera,A,-0.017907,A,A,-0.010020,A,A,-0.001969,A,A,0,A,,,,,,,,,,,,,,
2012-05-15,25537.40,27768.80,21732.45,-0.037470,fuera,fuera,-0.038386,fuera,A,-0.028218,fuera,A,-0.020560,fuera,A,-0.012287,A,A,1,A,,,,,,,,,,,,,,
2012-05-16,25503.82,27776.22,21728.54,-0.037744,fuera,fuera,-0.039224,fuera,fuera,-0.029751,fuera,A,-0.022195,fuera,A,-0.013655,A,A,2,E,,,,,,,,,,,,,,
2012-05-17,25388.20,27795.00,21732.56,-0.041070,fuera,fuera,-0.043034,fuera,fuera,-0.034303,fuera,A,-0.026975,fuera,A,-0.018227,A,A,2,E,,,,,,,,,,,,,,
2012-05-18,25234.39,27839.97,21730.20,-0.045558,fuera,fuera,-0.048148,fuera,fuera,-0.040165,fuera,A,-0.033081,fuera,A,-0.024292,fuera,A,2,E,,,,,,,,,,,,,,
2012-05-22,25149.21,27850.89,21701.88,-0.047370,fuera,fuera,-0.050563,fuera,fuera,-0.043396,fuera,fuera,-0.036460,fuera,fuera,-0.027761,fuera,A,4,E,,,,,,,,,,,,,,
2012-05-23,25164.94,27816.52,21680.59,-0.045353,fuera,fuera,-0.049108,fuera,fuera,-0.042811,fuera,fuera,-0.035958,fuera,fuera,-0.027344,fuera,A,4,E,,,,,,,,,,,,,,
2012-05-24,25000.97,27847.74,21671.29,-0.050085,fuera,fuera,-0.054355,fuera,fuera,-0.048998,fuera,fuera,-0.042252,fuera,fuera,-0.033910,fuera,A,4,E,,,,,,,,,,,,,,
2012-05-25,25057.55,27864.59,21685.09,-0.046417,fuera,fuera,-0.051330,fuera,fuera,-0.046843,fuera,fuera,-0.040117,fuera,fuera,-0.031995,fuera,fuera,5,E,,,,,,,,,,,,,,
2012-05-28,25146.69,27955.62,21756.70,-0.041647,fuera,fuera,-0.047103,fuera,fuera,-0.043424,fuera,fuera,-0.036761,fuera,fuera,-0.028869,fuera,fuera,5,E,,,,,,,,,,,,,,
2012-05-29,25262.84,27934.03,21771.08,-0.035959,fuera,fuera,-0.041946,fuera,fuera,-0.038948,fuera,fuera,-0.032474,fuera,fuera,-0.024643,fuera,fuera,5,E,,,,,,,,,,,,,,
2012-05-30,25529.47,27951.61,21823.41,-0.024813,fuera,fuera,-0.031223,fuera,fuera,-0.028820,fuera,fuera,-0.022504,fuera,fuera,-0.014620,fuera,fuera,5,E,,,,,,,,,,,,,,
2012-05-31,25392.01,28012.45,21855.45,-0.028909,fuera,fuera,-0.035768,fuera,fuera,-0.033995,fuera,fuera,-0.027961,fuera,fuera,-0.020037,fuera,fuera,5,E,,,,,,,,,,,,,,
2012-06-01,25421.27,28039.35,21870.22,-0.026563,fuera,fuera,-0.033981,fuera,fuera,-0.032853,fuera,fuera,-0.027049,fuera,fuera,-0.018982,fuera,fuera,5,E,,,,,,,,,,,,,,
2012-06-04,25155.68,28043.11,21820.40,-0.035219,fuera,fuera,-0.043216,fuera,fuera,-0.042777,fuera,fuera,-0.037254,fuera,fuera,-0.029217,fuera,fuera,5,E,,,,,,,,,,,,,,
2012-06-05,24902.78,27971.52,21733.47,-0.043291,fuera,fuera,-0.051756,fuera,fuera,-0.052084,fuera,fuera,-0.046881,fuera,fuera,-0.038859,fuera,fuera,5,E,,,,,,,,,,,,,,
2012-06-06,24889.32,27951.51,21720.67,-0.042286,fuera,fuera,-0.051108,fuera,fuera,-0.052294,fuera,fuera,-0.047361,fuera,fuera,-0.039297,fuera,fuera,5,E,,,,,,,,,,,,,,
2012-06-07,25136.07,27885.20,21715.10,-0.031408,fuera,fuera,-0.040755,fuera,fuera,-0.042683,fuera,fuera,-0.038005,fuera,fuera,-0.029834,fuera,fuera,5,E,,,,,,,,,,,,,,
2012-06-08,25102.90,27880.66,21701.85,-0.031208,fuera,fuera,-0.041214,fuera,fuera,-0.043746,fuera,fuera,-0.039307,fuera,fuera,-0.031153,fuera,fuera,5,E,,,,,,,,,,,,,,
2012-06-11,25191.90,27888.21,21733.90,-0.026382,fuera,fuera,-0.037008,fuera,fuera,-0.040137,fuera,fuera,-0.035896,fuera,fuera,-0.027840,fuera,fuera,5,E,,,,,,,,,,,,,,
2012-06-12,25112.67,27886.38,21708.62,-0.028164,fuera,fuera,-0.039130,fuera,fuera,-0.042834,fuera,fuera,-0.038907,fuera,fuera,-0.031015,fuera,fuera,5,E,,,,,,,,,,,,,,
2012-06-13,25219.47,27888.14,21727.41,-0.022801,fuera,fuera,-0.034169,fuera,fuera,-0.038438,fuera,fuera,-0.034851,fuera,fuera,-0.027102,fuera,fuera,5,E,,,,,,,,,,,,,,
2012-06-14,25127.21,27891.26,21698.79,-0.025148,fuera,fuera,-0.036809,fuera,fuera,-0.041556,fuera,fuera,-0.038382,fuera,fuera,-0.030848,fuera,fuera,5,E,,,,,,,,,,,,,,
2012-06-15,25161.52,27882.83,21687.37,-0.022823,fuera,fuera,-0.034497,fuera,fuera,-0.039839,fuera,fuera,-0.037103,fuera,fuera,-0.029712,fuera,fuera,5,E,,,,,,,,,,,,,,
2012-06-18,25316.25,27867.23,21702.11,-0.015928,fuera,fuera,-0.027631,fuera,fuera,-0.033592,fuera,fuera,-0.031218,fuera,fuera,-0.024015,fuera,fuera,5,E,,,,,,,,,,,,,,
2012-06-19,25445.24,27880.34,21735.37,-0.010069,fuera,fuera,-0.021803,fuera,fuera,-0.028357,fuera,fuera,-0.026296,fuera,fuera,-0.019286,fuera,fuera,5,E,,,,,,,,,,,,,,
2012-06-20,25513.23,27870.46,21733.17,-0.006689,fuera,fuera,-0.018396,fuera,fuera,-0.025486,fuera,fuera,-0.023701,fuera,fuera,-0.016873,fuera,fuera,5,E,,,,,,,,,,,,,,
2012-06-21,25576.57,27877.86,21755.79,-0.003540,fuera,fuera,-0.015149,fuera,fuera,-0.022858,fuera,fuera,-0.021296,fuera,fuera,-0.014643,fuera,fuera,5,E,,,,,,,,,,,,,,
2012-06-22,25362.54,27872.16,21739.92,-0.010949,fuera,fuera,-0.022518,fuera,fuera,-0.030666,fuera,fuera,-0.029440,fuera,fuera,-0.023007,fuera,fuera,5,E,,,,,,,,,,,,,,
2012-06-25,25384.42,27884.93,21759.61,-0.009193,fuera,fuera,-0.020836,fuera,fuera,-0.029429,fuera,fuera,-0.028526,fuera,fuera,-0.022289,fuera,fuera,5,E,,,,,,,,,,,,,,
2012-06-26,25276.73,27918.18,21776.32,-0.012368,fuera,fuera,-0.024150,fuera,fuera,-0.033063,fuera,fuera,-0.032501,fuera,fuera,-0.026526,fuera,fuera,5,E,,,,,,,,,,,,,,
2012-06-27,25359.96,27928.39,21798.56,-0.008132,fuera,fuera,-0.020090,fuera,fuera,-0.029378,fuera,fuera,-0.029215,fuera,fuera,-0.023487,fuera,fuera,5,E,,,,,,,,,,,,,,
2012-06-28,25378.74,27982.93,21808.47,-0.006568,fuera,fuera,-0.018460,fuera,fuera,-0.028112,fuera,fuera,-0.028394,fuera,fuera,-0.022921,fuera,fuera,5,E,,,,,,,,,,,,,,
2012-06-29,25444.04,28014.59,21854.82,-0.003230,fuera,fuera,-0.015008,fuera,fuera,-0.025091,fuera,fuera,-0.025839,fuera,fuera,-0.020586,fuera,fuera,5,E,,,,,,,,,,,,,,
2012-07-03,25834.60,27987.58,21891.87,0.012593,fuera,fuera,0.000755,fuera,fuera,-0.009788,fuera,fuera,-0.010924,fuera,fuera,-0.005856,fuera,fuera,5,E,,,,,,,,,,,,,,
2012-07-04,25901.10,27949.67,21874.60,0.015665,fuera,fuera,0.003848,fuera,fuera,-0.006919,fuera,fuera,-0.008375,fuera,fuera,-0.003558,fuera,fuera,5,E,,,,,,,,,,,,,,
2012-07-05,25887.05,27940.86,21868.93,0.015655,fuera,fuera,0.003862,fuera,fuera,-0.007158,fuera,fuera,-0.008866,fuera,fuera,-0.004352,fuera,fuera,5,E,,,,,,,,,,,,,,
2012-07-06,25845.60,27944.61,21862.80,0.014681,fuera,fuera,0.002886,fuera,fuera,-0.008432,fuera,fuera,-0.010357,fuera,fuera,-0.006206,fuera,fuera,5,E,,,,,,,,,,,,,,
2012-07-09,25772.52,27965.76,21871.84,0.012530,fuera,fuera,0.000709,fuera,fuera,-0.010901,fuera,fuera,-0.013014,fuera,fuera,-0.009285,fuera,fuera,5,E,,,,,,,,,,,,,,
2012-07-10,25615.32,27959.88,21835.03,0.007033,fuera,fuera,-0.004772,fuera,fuera,-0.016521,fuera,fuera,-0.018842,fuera,fuera,-0.015509,fuera,fuera,5,E,,,,,,,,,,,,,,
2012-07-11,25447.84,27935.11,21782.19,0.001079,fuera,fuera,-0.010538,fuera,fuera,-0.022443,fuera,fuera,-0.024989,fuera,fuera,-0.022018,fuera,fuera,5,E,,,,,,,,,,,,,,
2012-07-12,25388.83,27920.95,21774.49,-0.000583,fuera,fuera,-0.012111,fuera,fuera,-0.024115,fuera,fuera,-0.026970,fuera,fuera,-0.024350,fuera,fuera,5,E,,,,,,,,,,,,,,
2012-07-13,25284.35,27961.88,21785.62,-0.004023,fuera,fuera,-0.015544,fuera,fuera,-0.027441,fuera,fuera,-0.030693,fuera,fuera,-0.028411,fuera,fuera,5,E,,,,,,,,,,,,,,
2012-07-17,25415.66,27946.60,21785.19,0.001589,fuera,fuera,-0.009863,fuera,fuera,-0.021815,fuera,fuera,-0.025359,fuera,fuera,-0.023451,fuera,fuera,5,E,,,,,,,,,,,,,,
2012-07-18,25461.89,27969.68,21801.75,0.003751,fuera,fuera,-0.007475,fuera,fuera,-0.019595,fuera,fuera,-0.023267,fuera,fuera,-0.021794,fuera,fuera,5,E,,,,,,,,,,,,,,
2012-07-19,25509.34,27971.28,21813.85,0.005880,fuera,fuera,-0.005105,fuera,fuera,-0.017311,fuera,fuera,-0.021109,fuera,fuera,-0.020059,fuera,fuera,5,E,,,,,,,,,,,,,,
2012-07-20,25524.70,27992.81,21821.44,0.006497,fuera,fuera,-0.003993,fuera,fuera,-0.016228,fuera,fuera,-0.020143,fuera,fuera,-0.019504,fuera,fuera,5,E,,,,,,,,,,,,,,
2012-07-23,25424.07,27984.82,21811.95,0.002599,fuera,fuera,-0.007300,fuera,fuera,-0.019556,fuera,fuera,-0.023550,fuera,fuera,-0.023349,fuera,fuera,5,E,,,,,,,,,,,,,,
2012-07-24,25221.59,28000.07,21794.87,-0.005241,fuera,fuera,-0.014475,fuera,fuera,-0.026758,fuera,fuera,-0.030803,fuera,fuera,-0.031038,fuera,fuera,5,E,,,,,,,,,,,,,,
2012-07-25,25130.92,27985.52,21766.72,-0.008727,fuera,fuera,-0.017211,fuera,fuera,-0.029526,fuera,fuera,-0.033755,fuera,fuera,-0.034415,fuera,fuera,5,E,,,,,,,,,,,,,,
2012-07-26,25132.65,27982.96,21766.64,-0.008644,fuera,fuera,-0.016320,fuera,fuera,-0.028719,fuera,fuera,-0.033148,fuera,fuera,-0.034210,fuera,fuera,5,E,,,,,,,,,,,,,,
2012-07-27,25089.99,27984.74,21729.66,-0.010262,fuera,fuera,-0.017238,fuera,fuera,-0.029600,fuera,fuera,-0.034257,fuera,fuera,-0.035673,fuera,fuera,5,E,,,,,,,,,,,,,,
2012-07-30,25283.41,27990.23,21752.78,-0.002879,fuera,fuera,-0.009018,fuera,fuera,-0.021456,fuera,fuera,-0.026344,fuera,fuera,-0.028132,fuera,fuera,5,E,,,,,,,,,,,,,,
2012-07-31,25375.00,28010.12,21770.81,0.000455,fuera,fuera,-0.004787,fuera,fuera,-0.017248,fuera,fuera,-0.022390,fuera,fuera,-0.024524,fuera,fuera,5,E,,,,,,,,,,,,,,
2012-08-01,25330.32,28010.19,21764.38,-0.001467,fuera,fuera,-0.005871,fuera,fuera,-0.018338,fuera,fuera,-0.023656,fuera,fuera,-0.026162,fuera,fuera,5,E,,,,,,,,,,,,,,
2012-08-02,25299.17,28005.83,21755.26,-0.002727,fuera,fuera,-0.006362,fuera,fuera,-0.018908,fuera,fuera,-0.024368,fuera,fuera,-0.027232,fuera,fuera,5,E,,,,,,,,,,,,,,
2012-08-03,25159.95,28025.67,21742.20,-0.007894,fuera,fuera,-0.010967,fuera,fuera,-0.023658,fuera,fuera,-0.029145,fuera,fuera,-0.032365,fuera,fuera,5,E,,,,,,,,,,,,,,
2012-08-06,25376.99,28015.71,21765.69,0.000678,fuera,fuera,-0.001694,fuera,fuera,-0.014634,fuera,fuera,-0.020206,fuera,fuera,-0.023826,fuera,fuera,5,E,,,,,,,,,,,,,,
2012-08-07,25458.23,28006.55,21774.11,0.003849,fuera,fuera,0.002075,fuera,fuera,-0.010862,fuera,fuera,-0.016587,fuera,fuera,-0.020506,fuera,fuera,5,E,,,,,,,,,,,,,,
2012-08-08,25449.86,28013.51,21772.48,0.003260,fuera,fuera,0.002188,fuera,fuera,-0.010525,fuera,fuera,-0.016526,fuera,fuera,-0.020614,fuera,fuera,5,E,,,,,,,,,,,,,,
2012-08-09,25489.70,28037.15,21788.44,0.004314,fuera,fuera,0.004161,fuera,fuera,-0.008373,fuera,fuera,-0.014585,fuera,fuera,-0.018882,fuera,fuera,5,E,,,,,,,,,,,,,,
2012-08-10,25468.44,28042.15,21778.84,0.002968,fuera,fuera,0.003686,fuera,fuera,-0.008650,fuera,fuera,-0.014963,fuera,fuera,-0.019481,fuera,fuera,5,E,,,,,,,,,,,,,,
2012-08-13,25572.54,28054.94,21808.97,0.006683,fuera,fuera,0.008002,fuera,fuera,-0.004066,fuera,fuera,-0.010513,fuera,fuera,-0.015292,fuera,fuera,5,E,,,,,,,,,,,,,,
2012-08-14,25645.47,28070.57,21841.15,0.009075,fuera,fuera,0.011004,fuera,fuera,-0.000691,fuera,fuera,-0.007314,fuera,fuera,-0.012352,fuera,fuera,5,E,,,,,,,,,,,,,,
2012-08-16,25648.27,28077.30,21847.38,0.008782,fuera,fuera,0.011211,fuera,fuera,-0.000058,fuera,fuera,-0.006753,fuera,fuera,-0.012060,fuera,fuera,5,E,,,,,,,,,,,,,,
2012-08-17,25778.87,28108.42,21892.47,0.013329,fuera,fuera,0.016208,fuera,fuera,0.005412,fuera,fuera,-0.001279,fuera,fuera,-0.006854,fuera,fuera,5,E,,,,,,,,,,,,,,
2012-08-20,25865.71,28121.18,21922.57,0.016169,fuera,fuera,0.019404,fuera,fuera,0.009156,fuera,fuera,0.002481,fuera,fuera,-0.003329,fuera,fuera,5,E,,,,,,,,,,,,,,
2012-08-21,25925.88,28148.47,21951.37,0.017823,fuera,fuera,0.021438,A,fuera,0.011795,fuera,fuera,0.005159,fuera,fuera,-0.000812,fuera,fuera,5,E,,,,,,,,,,,,,,
2012-08-22,25861.26,28144.15,21931.85,0.014667,fuera,fuera,0.018499,A,fuera,0.009483,fuera,fuera,0.003055,fuera,fuera,-0.003047,fuera,fuera,5,E,,,,,,,,,,,,,,
2012-08-23,25773.81,28143.82,21926.92,0.010832,fuera,fuera,0.014665,A,fuera,0.006325,fuera,fuera,0.000059,fuera,fuera,-0.006136,fuera,fuera,5,E,,,,,,,,,,,,,,
2012-08-24,25621.22,28150.20,21891.29,0.004694,fuera,fuera,0.008374,A,fuera,0.000720,fuera,fuera,-0.005426,fuera,fuera,-0.011713,fuera,fuera,5,E,,,,,,,,,,,,,,
2012-08-27,25673.40,28160.82,21914.99,0.006600,fuera,fuera,0.010010,A,A,0.003061,fuera,fuera,-0.003020,fuera,fuera,-0.009402,fuera,fuera,4,E,,,,,,,,,,,,,,
2012-08-28,25606.03,28161.80,21902.29,0.003932,fuera,fuera,0.007020,A,A,0.000760,fuera,fuera,-0.005200,fuera,fuera,-0.011702,fuera,fuera,4,E,,,,,,,,,,,,,,
2012-08-29,25555.62,28194.79,21907.71,0.001787,fuera,fuera,0.004785,A,A,-0.000823,fuera,fuera,-0.006662,fuera,fuera,-0.013334,fuera,fuera,4,E,,,,,,,,,,,,,,
2012-08-30,25474.59,28207.64,21901.97,-0.001467,fuera,fuera,0.001469,A,A,-0.003575,fuera,fuera,-0.009253,fuera,fuera,-0.016133,fuera,fuera,4,E,,,,,,,,,,,,,,
2012-08-31,25361.58,28265.84,21915.56,-0.005971,fuera,fuera,-0.002871,A,A,-0.007514,fuera,fuera,-0.013086,fuera,fuera,-0.020126,fuera,fuera,4,E,,,,,,,,,,,,,,
2012-09-03,25447.68,28281.08,21940.95,-0.002672,fuera,fuera,0.000480,A,A,-0.003688,fuera,fuera,-0.009257,fuera,fuera,-0.016432,fuera,fuera,4,E,,,,,,,,,,,,,,
2012-09-04,25494.27,28287.32,21954.64,-0.000947,fuera,fuera,0.002267,A,A,-0.001496,fuera,fuera,-0.006960,fuera,fuera,-0.014231,fuera,fuera,4,E,,,,,,,,,,,,,,
2012-09-05,25439.27,28293.74,21952.93,-0.003098,fuera,fuera,-0.000069,A,A,-0.003257,fuera,fuera,-0.008571,fuera,fuera,-0.015903,fuera,fuera,4,E,,,,,,,,,,,,,,
2012-09-06,25365.09,28304.21,21954.34,-0.005598,fuera,fuera,-0.003268,A,A,-0.005704,fuera,fuera,-0.010914,fuera,fuera,-0.018343,fuera,fuera,4,E,,,,,,,,,,,,,,
2012-09-07,25499.82,28295.18,21967.62,0.000033,fuera,fuera,0.001651,A,A,-0.000019,fuera,fuera,-0.005236,fuera,fuera,-0.012821,fuera,fuera,4,E,,,,,,,,,,,,,,
2012-09-10,25668.51,28284.93,21986.03,0.006841,fuera,fuera,0.007948,A,A,0.006961,fuera,fuera,0.001722,fuera,fuera,-0.006007,fuera,fuera,4,E,,,,,,,,,,,,,,
2012-09-11,25691.33,28261.12,21987.88,0.007871,fuera,fuera,0.008480,A,A,0.008248,fuera,fuera,0.002947,fuera,fuera,-0.004817,fuera,fuera,4,E,,,,,,,,,,,,,,
2012-09-12,25753.12,28255.76,22000.61,0.010312,fuera,fuera,0.010557,A,A,0.011039,fuera,fuera,0.005579,fuera,fuera,-0.002123,fuera,fuera,4,E,,,,,,,,,,,,,,
2012-09-13,25819.84,28247.10,22007.39,0.012749,fuera,fuera,0.012736,A,A,0.013910,fuera,fuera,0.008387,fuera,fuera,0.000726,fuera,fuera,4,E,,,,,,,,,,,,,,
2012-09-14,25912.48,28252.09,22028.38,0.015971,fuera,fuera,0.015938,A,A,0.017662,fuera,fuera,0.012201,fuera,fuera,0.004617,fuera,fuera,4,E,,,,,,,,,,,,,,
2012-09-20,26091.79,28208.55,22019.81,0.022376,A,fuera,0.022364,A,A,0.024727,A,fuera,0.019310,fuera,fuera,0.011824,fuera,fuera,4,E,,,,,,,,,,,,,,
2012-09-21,26065.71,28235.88,22034.65,0.020659,A,fuera,0.020777,A,A,0.023698,A,fuera,0.018406,fuera,fuera,0.011082,fuera,fuera,4,E,,,,,,,,,,,,,,
2012-09-24,26157.47,28270.70,22066.31,0.023592,A,fuera,0.023844,A,A,0.027194,A,fuera,0.022102,A,fuera,0.014861,fuera,fuera,4,E,,,,,,,,,,,,,,
2012-09-25,26199.08,28289.94,22088.92,0.024563,A,fuera,0.025000,A,A,0.028671,A,fuera,0.023819,A,fuera,0.016708,fuera,fuera,4,E,,,,,,,,,,,,,,
2012-09-26,25999.00,28279.62,22043.03,0.016306,A,A,0.016870,A,A,0.020728,A,A,0.016180,A,fuera,0.009207,fuera,fuera,2,E,,,,,,,,,,,,,,
2012-09-27,25850.89,28308.51,22035.82,0.010230,A,A,0.010908,A,A,0.014774,A,A,0.010637,A,fuera,0.003754,fuera,fuera,2,E,,,,,,,,,,,,,,
2012-09-28,25983.30,28345.79,22076.19,0.014912,A,A,0.015701,A,A,0.019759,A,A,0.015948,A,A,0.009119,fuera,fuera,1,A,,,,,,,,,,,,,,
2012-10-01,26077.22,28346.72,22099.05,0.017824,A,A,0.018941,A,A,0.023137,A,A,0.019722,A,A,0.012990,fuera,fuera,1,A,,,,,,,,,,,,,,
2012-10-02,26128.94,28299.88,22084.01,0.018961,A,A,0.020431,A,A,0.024767,A,A,0.021858,A,A,0.015242,fuera,fuera,1,A,,,,,,,,,,,,,,
2012-10-03,26166.18,28304.34,22089.55,0.019500,A,A,0.021383,A,A,0.025773,A,A,0.023414,A,A,0.016951,fuera,fuera,1,A,,,,,,,,,,,,,,
2012-10-04,26211.44,28316.60,22107.61,0.020273,A,A,0.022630,A,A,0.027079,A,A,0.025294,A,A,0.018926,fuera,fuera,1,A,,,,,,,,,,,,,,
2012-10-05,26258.91,28334.16,22128.76,0.021259,A,A,0.023973,A,A,0.028376,A,A,0.027275,A,A,0.020926,A,fuera,1,A,,,,,,,,,,,,,,
2012-10-08,26357.80,28355.80,22160.34,0.024235,A,A,0.027502,A,A,0.031665,A,A,0.031231,A,A,0.024913,A,fuera,1,A,,,,,,,,,,,,,,
2012-10-09,26313.68,28379.09,22171.30,0.021653,A,A,0.025524,A,A,0.029416,A,A,0.029533,A,A,0.023377,A,fuera,1,A,,,,,,,,,,,,,,
2012-10-10,26212.81,28381.81,22150.05,0.016935,A,A,0.021391,A,A,0.025046,A,A,0.025570,A,A,0.019657,A,fuera,1,A,,,,,,,,,,,,,,
2012-10-11,26117.71,28405.40,22148.12,0.012410,A,A,0.017516,A,A,0.021066,A,A,0.021859,A,A,0.016124,A,A,0,A,,,,,,,,,,,,,,
2012-10-12,26120.49,28420.04,22155.47,0.011869,A,A,0.017409,A,A,0.020852,A,A,0.021943,A,A,0.016408,A,A,0,A,,,,,,,,,,,,,,
2012-10-16,26182.03,28444.32,22187.32,0.013622,A,A,0.019455,A,A,0.022919,A,A,0.024249,A,A,0.018932,A,A,0,A,,,,,,,,,,,,,,
2012-10-17,26304.47,28443.83,22208.95,0.017614,A,A,0.023688,A,A,0.027191,A,A,0.028865,A,A,0.023708,A,A,0,A,,,,,,,,,,,,,,
2012-10-18,26434.86,28442.65,22244.45,0.021828,A,A,0.028109,A,A,0.031597,A,A,0.033721,A,A,0.028759,A,A,0,A,,,,,,,,,,,,,,
2012-10-19,26478.54,28461.82,22263.55,0.022629,A,A,0.029061,A,A,0.032590,A,A,0.035067,A,A,0.030444,A,A,0,A,,,,,,,,,,,,,,
2012-10-22,26325.23,28483.06,22250.92,0.016051,A,A,0.022538,A,A,0.026082,A,A,0.028759,A,A,0.024492,A,A,0,A,,,,,,,,,,,,,,
2012-10-23,26339.83,28473.01,22248.38,0.016010,A,A,0.022560,A,A,0.026102,A,A,0.028965,A,A,0.025069,A,A,0,A,,,,,,,,,,,,,,
2012-10-24,26304.65,28492.65,22266.40,0.014082,A,A,0.020702,A,A,0.024238,A,A,0.027182,A,A,0.023745,A,A,0,A,,,,,,,,,,,,,,
2012-10-25,26328.93,28474.43,22260.50,0.014540,A,A,0.021146,A,A,0.024644,A,A,0.027679,A,A,0.024724,A,A,0,A,,,,,,,,,,,,,,
2012-10-26,26285.78,28472.79,22245.29,0.012513,A,A,0.018941,A,A,0.022493,A,A,0.025568,A,A,0.023105,A,A,0,A,,,,,,,,,,,,,,
2012-10-29,26260.04,28487.29,22257.17,0.011233,A,A,0.017303,A,A,0.020992,A,A,0.024084,A,A,0.022180,A,A,0,A,,,,,,,,,,,,,,
2012-10-30,26290.39,28486.19,22263.48,0.012030,A,A,0.017764,A,A,0.021674,A,A,0.024799,A,A,0.023377,A,A,0,A,,,,,,,,,,,,,,
2012-10-31,26260.76,28468.71,22237.92,0.010468,A,A,0.015924,A,A,0.020106,A,A,0.023220,A,A,0.022251,A,A,0,A,,,,,,,,,,,,,,
2012-11-05,26417.58,28497.19,22281.25,0.015811,A,A,0.021171,A,A,0.025768,A,A,0.028890,A,A,0.028358,A,A,0,A,,,,,,,,,,,,,,
2012-11-06,26448.07,28487.50,22290.39,0.016310,A,A,0.021631,A,A,0.026538,A,A,0.029726,A,A,0.029538,A,A,0,A,,,,,,,,,,,,,,
2012-11-07,26484.69,28499.83,22299.12,0.016954,A,A,0.022361,A,A,0.027556,A,A,0.030735,A,A,0.030968,A,A,0,A,,,,,,,,,,,,,,
2012-11-08,26289.21,28514.27,22271.03,0.008817,A,A,0.014229,A,A,0.019565,A,A,0.022798,A,A,0.023452,A,A,0,A,,,,,,,,,,,,,,
2012-11-09,26097.68,28541.60,22248.29,0.000935,A,A,0.006355,A,A,0.011826,A,A,0.014992,A,A,0.016148,A,A,0,A,,,,,,,,,,,,,,
2012-11-12,26077.75,28565.26,22257.89,-0.000439,A,A,0.005031,A,A,0.010704,A,A,0.013776,A,A,0.015470,A,A,0,A,,,,,,,,,,,,,,
2012-11-13,26048.60,28573.06,22263.75,-0.002067,A,A,0.003501,A,A,0.009275,A,A,0.012208,A,A,0.014372,A,A,0,A,,,,,,,,,,,,,,
2012-11-14,26024.13,28581.02,22269.50,-0.003454,A,A,0.002217,A,A,0.008047,A,A,0.010925,A,A,0.013457,A,A,0,A,,,,,,,,,,,,,,
2012-11-15,25915.82,28571.90,22234.53,-0.008004,A,A,-0.002233,A,A,0.003648,A,A,0.006415,A,A,0.009282,A,A,0,A,,,,,,,,,,,,,,
2012-11-16,25828.66,28581.09,22219.47,-0.011730,A,A,-0.005792,A,A,0.000275,A,A,0.002794,A,A,0.005916,A,A,0,A,,,,,,,,,,,,,,
2012-11-19,25860.46,28612.16,22240.47,-0.010817,A,A,-0.004802,A,A,0.001524,A,A,0.003751,A,A,0.007151,A,A,0,A,,,,,,,,,,,,,,
2012-11-20,25971.11,28600.79,22245.73,-0.006840,A,A,-0.000784,A,A,0.005773,A,A,0.007766,A,A,0.011407,A,A,0,A,,,,,,,,,,,,,,
2012-11-21,25944.58,28621.28,22251.77,-0.008068,A,A,-0.001984,A,A,0.004703,A,A,0.006432,A,A,0.010247,A,A,0,A,,,,,,,,,,,,,,
2012-11-22,25918.64,28595.78,22229.63,-0.009199,A,A,-0.003144,A,A,0.003635,A,A,0.005145,A,A,0.009107,A,A,0,A,,,,,,,,,,,,,,
2012-11-23,25909.77,28587.35,22215.95,-0.009613,A,A,-0.003563,A,A,0.003165,A,A,0.004581,A,A,0.008600,A,A,0,A,,,,,,,,,,,,,,
2012-11-26,26117.17,28596.61,22269.44,-0.001859,A,A,0.004261,A,A,0.010903,A,A,0.012371,A,A,0.016396,A,A,0,A,,,,,,,,,,,,,,
2012-11-27,26175.45,28607.78,22296.53,0.000297,A,A,0.006351,A,A,0.012817,A,A,0.014382,A,A,0.018341,A,A,0,A,,,,,,,,,,,,,,
2012-11-28,26154.46,28620.18,22303.45,-0.000580,A,A,0.005367,A,A,0.011626,A,A,0.013352,A,A,0.017214,A,A,0,A,,,,,,,,,,,,,,
2012-11-29,26137.17,28631.54,22311.09,-0.001224,A,A,0.004483,A,A,0.010644,A,A,0.012393,A,A,0.016185,A,A,0,A,,,,,,,,,,,,,,
2012-11-30,26217.16,28617.31,22298.41,0.001817,A,A,0.007197,A,A,0.013408,A,A,0.015180,A,A,0.018930,A,A,0,A,,,,,,,,,,,,,,
2012-12-03,26291.01,28638.60,22326.59,0.004390,A,A,0.009660,A,A,0.015922,A,A,0.017659,A,A,0.021440,A,A,0,A,,,,,,,,,,,,,,
2012-12-04,26310.95,28629.91,22331.92,0.004760,A,A,0.009998,A,A,0.016349,A,A,0.018073,A,A,0.021884,A,A,0,A,,,,,,,,,,,,,,
2012-12-05,26308.32,28599.97,22321.05,0.004382,A,A,0.009442,A,A,0.015862,A,A,0.017623,A,A,0.021537,A,A,0,A,,,,,,,,,,,,,,
2012-12-06,26398.10,28595.77,22337.86,0.007535,A,A,0.012326,A,A,0.018814,A,A,0.020737,A,A,0.024705,A,A,0,A,,,,,,,,,,,,,,
2012-12-07,26414.81,28581.02,22334.78,0.007929,A,A,0.012328,A,A,0.018898,A,A,0.021165,A,A,0.025040,A,A,0,A,,,,,,,,,,,,,,
2012-12-10,26429.73,28577.78,22339.05,0.008273,A,A,0.012304,A,A,0.018907,A,A,0.021543,A,A,0.025217,A,A,0,A,,,,,,,,,,,,,,
2012-12-11,26469.79,28583.67,22348.62,0.009580,A,A,0.013247,A,A,0.019849,A,A,0.022872,A,A,0.026276,A,A,0,A,,,,,,,,,,,,,,
2012-12-12,26554.43,28589.26,22364.68,0.012555,A,A,0.015810,A,A,0.022554,A,A,0.025875,A,A,0.029030,A,A,0,A,,,,,,,,,,,,,,
2012-12-13,26681.33,28600.23,22402.60,0.017115,A,A,0.019862,A,A,0.026866,A,A,0.030433,A,A,0.033457,A,A,0,A,,,,,,,,,,,,,,
2012-12-14,26641.98,28618.67,22403.50,0.015332,A,A,0.017663,A,A,0.024777,A,A,0.028525,A,A,0.031444,A,A,0,A,,,,,,,,,,,,,,
2012-12-17,26663.80,28589.25,22395.29,0.015776,A,A,0.017892,A,A,0.025019,A,A,0.028907,A,A,0.031823,A,A,0,A,,,,,,,,,,,,,,
2012-12-18,26723.39,28599.66,22411.14,0.017524,A,A,0.019539,A,A,0.026624,A,A,0.030701,A,A,0.033617,A,A,0,A,,,,,,,,,,,,,,
2012-12-19,26860.22,28596.66,22436.46,0.022094,A,A,0.024084,A,A,0.031227,A,A,0.035379,A,A,0.038387,A,A,0,A,,,,,,,,,,,,,,
2012-12-20,26898.44,28590.23,22439.47,0.022929,A,A,0.024883,A,A,0.032061,A,A,0.036289,A,A,0.039299,A,A,0,A,,,,,,,,,,,,,,
2012-12-21,26985.86,28615.04,22467.59,0.025663,A,A,0.027557,A,A,0.034737,A,A,0.039075,A,A,0.042094,A,A,0,A,,,,,,,,,,,,,,
2012-12-24,26874.76,28610.69,22450.31,0.021061,A,A,0.022850,A,A,0.029870,A,A,0.034280,A,A,0.037308,A,A,0,A,,,,,,,,,,,,,,
2012-12-26,26956.89,28608.64,22467.91,0.023768,A,A,0.025432,A,A,0.032363,A,A,0.036896,A,A,0.039997,A,A,0,A,,,,,,,,,,,,,,
2012-12-27,26955.48,28612.54,22468.99,0.023170,A,A,0.024892,A,A,0.031702,A,A,0.036261,A,A,0.039483,A,A,0,A,,,,,,,,,,,,,,
2012-12-28,27013.99,28620.21,22482.11,0.024808,A,A,0.026620,A,A,0.033340,A,A,0.037829,A,A,0.041282,A,A,0,A,,,,,,,,,,,,,,
2012-12-31,26987.59,28608.04,22471.52,0.023218,A,A,0.025015,A,A,0.031742,A,A,0.036111,A,A,0.039747,A,A,0,A,,,,,,,,,,,,,,
2013-01-02,27145.18,28621.23,22513.00,0.028485,A,A,0.030209,A,A,0.037165,A,A,0.041395,A,A,0.045256,A,A,0,A,,,,,,,,,,,,,,
2013-01-03,27390.82,28562.11,22523.11,0.036827,A,A,0.038665,A,A,0.045874,A,A,0.049936,A,A,0.054033,A,A,0,A,,,,,,,,,,,,,,
2013-01-04,27419.28,28538.26,22512.30,0.036894,A,A,0.038918,A,A,0.046297,A,A,0.050208,A,A,0.054465,A,A,0,A,,,,,,,,,,,,,,
2013-01-07,27489.01,28527.65,22522.11,0.038485,A,A,0.040722,A,A,0.048235,A,A,0.052067,A,A,0.056467,A,A,0,A,,,,,,,,,,,,,,
2013-01-08,27449.10,28493.44,22501.72,0.035943,A,A,0.038423,A,A,0.045970,A,A,0.049729,A,A,0.054288,A,A,0,A,,,,,,,,,,,,,,
2013-01-09,27383.49,28482.93,22484.03,0.032631,A,A,0.035224,A,A,0.042692,A,A,0.046426,A,A,0.051272,A,A,0,A,,,,,,,,,,,,,,
2013-01-10,27454.59,28495.05,22509.12,0.034439,A,A,0.037179,A,A,0.044612,A,A,0.048267,A,A,0.053503,A,A,0,A,,,,,,,,,,,,,,
2013-01-11,27569.38,28503.22,22550.10,0.037822,A,A,0.040771,A,A,0.048110,A,A,0.051812,A,A,0.057366,A,A,0,A,,,,,,,,,,,,,,
2013-01-14,27570.26,28517.49,22563.71,0.036744,A,A,0.040034,A,A,0.047252,A,A,0.051039,A,A,0.056845,A,A,0,A,,,,,,,,,,,,,,
2013-01-15,27647.79,28474.39,22546.41,0.038314,A,A,0.042077,A,A,0.049235,A,A,0.053154,A,A,0.059212,A,A,0,A,,,,,,,,,,,,,,
2013-01-16,27693.72,28481.25,22568.78,0.038639,A,A,0.042840,A,A,0.049945,A,A,0.054061,A,A,0.060302,A,A,0,A,,,,,,,,,,,,,,
2013-01-17,27704.35,28516.53,22592.11,0.037605,A,A,0.042269,A,A,0.049351,A,A,0.053611,A,A,0.059982,A,A,0,A,,,,,,,,,,,,,,
2013-01-18,27749.69,28525.78,22599.97,0.037813,A,A,0.043014,A,A,0.050071,A,A,0.054504,A,A,0.060956,A,A,0,A,,,,,,,,,,,,,,
2013-01-21,27813.16,28547.07,22620.83,0.038549,A,A,0.044474,A,A,0.051424,A,A,0.056087,A,A,0.062567,A,A,0,A,,,,,,,,,,,,,,
2013-01-22,27833.17,28551.65,22632.35,0.037570,A,A,0.044368,A,A,0.051091,A,A,0.056013,A,A,0.062553,A,A,0,A,,,,,,,,,,,,,,
2013-01-23,27847.37,28577.67,22646.02,0.036394,A,A,0.044063,A,A,0.050592,A,A,0.055762,A,A,0.062327,A,A,0,A,,,,,,,,,,,,,,
2013-01-24,27852.52,28579.38,22648.82,0.034975,A,A,0.043323,A,A,0.049825,A,A,0.055201,A,A,0.061771,A,A,0,A,,,,,,,,,,,,,,
2013-01-25,27801.82,28577.95,22634.61,0.031509,A,A,0.040533,A,A,0.046989,A,A,0.052567,A,A,0.059108,A,A,0,A,,,,,,,,,,,,,,
2013-01-28,27855.79,28594.78,22656.20,0.031864,A,A,0.041608,A,A,0.048099,A,A,0.053853,A,A,0.060384,A,A,0,A,,,,,,,,,,,,,,
2013-01-29,27900.00,28593.71,22677.51,0.031811,A,A,0.042305,A,A,0.048850,A,A,0.054717,A,A,0.061209,A,A,0,A,,,,,,,,,,,,,,
2013-01-30,28006.90,28599.25,22696.89,0.034158,A,A,0.045248,A,A,0.051949,A,A,0.057850,A,A,0.064351,A,A,0,A,,,,,,,,,,,,,,
2013-01-31,27971.31,28590.80,22687.85,0.031324,A,A,0.042879,A,A,0.049789,A,A,0.055633,A,A,0.062089,A,A,0,A,,,,,,,,,,,,,,
2013-02-01,27954.43,28581.53,22686.41,0.029184,A,A,0.041241,A,A,0.048329,A,A,0.054106,A,A,0.060532,A,A,0,A,,,,,,,,,,,,,,
2013-02-04,28121.46,28591.79,22722.34,0.033655,A,A,0.046329,A,A,0.053731,A,A,0.059428,A,A,0.065958,A,A,0,A,,,,,,,,,,,,,,
2013-02-05,28024.14,28577.96,22700.47,0.028560,A,A,0.041735,A,A,0.049287,A,A,0.054797,A,A,0.061423,A,A,0,A,,,,,,,,,,,,,,
2013-02-06,28069.82,28584.44,22715.19,0.028744,A,A,0.042451,A,A,0.050093,A,A,0.055492,A,A,0.062279,A,A,0,A,,,,,,,,,,,,,,
2013-02-07,28089.58,28588.69,22723.53,0.027979,A,A,0.042214,A,A,0.049855,A,A,0.055237,A,A,0.062136,A,A,0,A,,,,,,,,,,,,,,
2013-02-08,28019.26,28578.85,22703.39,0.023981,A,A,0.038564,A,A,0.046342,A,A,0.051645,A,A,0.058569,A,A,0,A,,,,,,,,,,,,,,
2013-02-11,28070.14,28598.40,22721.71,0.024449,A,A,0.039262,A,A,0.047376,A,A,0.052565,A,A,0.059636,A,A,0,A,,,,,,,,,,,,,,
2013-02-12,28060.69,28603.92,22725.18,0.022739,A,A,0.037722,A,A,0.046185,A,A,0.051198,A,A,0.058454,A,A,0,A,,,,,,,,,,,,,,
2013-02-13,28074.42,28606.22,22732.62,0.021878,A,A,0.037016,A,A,0.045871,A,A,0.050747,A,A,0.058140,A,A,0,A,,,,,,,,,,,,,,
2013-02-14,28123.91,28634.70,22752.97,0.022312,A,A,0.037587,A,A,0.046886,A,A,0.051679,A,A,0.059171,A,A,0,A,,,,,,,,,,,,,,
2013-02-15,28136.74,28650.18,22763.78,0.021473,A,A,0.036733,A,A,0.046550,A,A,0.051244,A,A,0.058810,A,A,0,A,,,,,,,,,,,,,,
2013-02-18,28147.24,28683.42,22781.50,0.020647,A,A,0.035737,A,A,0.046167,A,A,0.050741,A,A,0.058391,A,A,0,A,,,,,,,,,,,,,,
2013-02-19,28147.04,28693.66,22786.74,0.019403,A,A,0.034370,A,A,0.045368,A,A,0.049865,A,A,0.057594,A,A,0,A,,,,,,,,,,,,,,
2013-02-20,28227.07,28711.26,22810.65,0.021017,A,A,0.035969,A,A,0.047470,A,A,0.051985,A,A,0.059786,A,A,0,A,,,,,,,,,,,,,,
2013-02-21,28132.29,28726.73,22800.94,0.016438,A,A,0.031196,A,A,0.043086,A,A,0.047694,A,A,0.055487,A,A,0,A,,,,,,,,,,,,,,
2013-02-22,27895.46,28746.47,22765.60,0.007044,A,A,0.021359,A,A,0.033549,A,A,0.038200,A,A,0.045970,A,A,0,A,,,,,,,,,,,,,,
2013-02-25,27987.19,28765.62,22794.21,0.009474,A,A,0.023501,A,A,0.036178,A,A,0.040939,A,A,0.048766,A,A,0,A,,,,,,,,,,,,,,
2013-02-26,27868.73,28769.85,22773.41,0.004490,A,A,0.018150,A,A,0.031129,A,A,0.035920,A,A,0.043703,A,A,0,A,,,,,,,,,,,,,,
2013-02-27,27783.29,28804.03,22771.22,0.000682,A,A,0.014098,A,A,0.027398,A,A,0.032092,A,A,0.039883,A,A,0,A,,,,,,,,,,,,,,
2013-02-28,27924.30,28830.95,22810.93,0.004983,A,A,0.018217,A,A,0.031999,A,A,0.036570,A,A,0.044446,A,A,0,A,,,,,,,,,,,,,,
2013-03-01,28026.92,28840.40,22839.98,0.007813,A,A,0.020860,A,A,0.035068,A,A,0.039628,A,A,0.047552,A,A,0,A,,,,,,,,,,,,,,
2013-03-04,28071.47,28854.55,22861.86,0.008562,A,A,0.021405,A,A,0.035978,A,A,0.040548,A,A,0.048451,A,A,0,A,,,,,,,,,,,,,,
2013-03-05,28033.77,28871.65,22871.30,0.006367,A,A,0.019023,A,A,0.033853,A,A,0.038452,A,A,0.046274,A,A,0,A,,,,,,,,,,,,,,
2013-03-06,28162.72,28888.34,22900.17,0.010176,A,A,0.022635,A,A,0.037829,A,A,0.042494,A,A,0.050250,A,A,0,A,,,,,,,,,,,,,,
2013-03-07,28185.25,28891.47,22895.69,0.010345,A,A,0.022364,A,A,0.037852,A,A,0.042603,A,A,0.050213,A,A,0,A,,,,,,,,,,,,,,
2013-03-08,28178.70,28893.41,22890.88,0.009499,A,A,0.021096,A,A,0.036797,A,A,0.041656,A,A,0.049122,A,A,0,A,,,,,,,,,,,,,,
2013-03-11,28292.12,28890.99,22917.84,0.012915,A,A,0.024118,A,A,0.040119,A,A,0.045137,A,A,0.052474,A,A,0,A,,,,,,,,,,,,,,
2013-03-12,28308.49,28890.48,22924.28,0.012808,A,A,0.023622,A,A,0.039851,A,A,0.045008,A,A,0.052192,A,A,0,A,,,,,,,,,,,,,,
2013-03-13,28212.78,28884.31,22910.37,0.008719,A,A,0.019158,A,A,0.035576,A,A,0.040743,A,A,0.047754,A,A,0,A,,,,,,,,,,,,,,
2013-03-14,28115.38,28883.50,22893.14,0.004709,A,A,0.014745,A,A,0.031300,A,A,0.036423,A,A,0.043333,A,A,0,A,,,,,,,,,,,,,,
2013-03-15,28111.16,28885.83,22892.05,0.004126,A,A,0.013776,A,A,0.030462,A,A,0.035544,A,A,0.042426,A,A,0,A,,,,,,,,,,,,,,
2013-03-18,28038.01,28894.24,22880.66,0.001142,A,A,0.010343,A,A,0.027049,A,A,0.032177,A,A,0.038996,A,A,0,A,,,,,,,,,,,,,,
2013-03-19,27891.18,28909.51,22867.64,-0.004293,A,A,0.004358,A,A,0.020925,A,A,0.026201,A,A,0.032906,A,A,0,A,,,,,,,,,,,,,,
2013-03-20,27853.43,28918.43,22869.62,-0.005767,A,A,0.002361,A,A,0.018808,A,A,0.024303,A,A,0.030891,A,A,0,A,,,,,,,,,,,,,,
2013-03-21,27965.64,28925.38,22899.01,-0.001968,A,A,0.005774,A,A,0.022116,A,A,0.027894,A,A,0.034421,A,A,0,A,,,,,,,,,,,,,,
2013-03-22,27882.41,28925.07,22885.64,-0.005044,A,A,0.002227,A,A,0.018305,A,A,0.024276,A,A,0.030800,A,A,0,A,,,,,,,,,,,,,,
2013-03-25,27858.30,28941.86,22893.15,-0.005939,A,A,0.000869,A,A,0.016624,A,A,0.022847,A,A,0.029367,A,A,0,A,,,,,,,,,,,,,,
2013-03-26,27822.71,28931.21,22875.88,-0.007201,A,A,-0.000941,A,A,0.014505,A,A,0.020999,A,A,0.027550,A,A,0,A,,,,,,,,,,,,,,
2013-03-27,27928.30,28944.89,22900.98,-0.003497,A,A,0.002304,A,A,0.017502,A,A,0.024301,A,A,0.030928,A,A,0,A,,,,,,,,,,,,,,
2013-03-28,27950.92,28968.69,22918.47,-0.002768,A,A,0.002557,A,A,0.017511,A,A,0.024535,A,A,0.031173,A,A,0,A,,,,,,,,,,,,,,
2013-04-01,27951.85,28984.87,22919.18,-0.002853,A,A,0.002063,A,A,0.016719,A,A,0.023964,A,A,0.030573,A,A,0,A,,,,,,,,,,,,,,
2013-04-02,27917.26,28978.83,22909.78,-0.004136,A,A,0.000302,A,A,0.014641,A,A,0.022117,A,A,0.028716,A,A,0,A,,,,,,,,,,,,,,
2013-04-03,27922.24,28994.33,22923.79,-0.003976,A,A,0.000046,A,A,0.013998,A,A,0.021707,A,A,0.028344,A,A,0,A,,,,,,,,,,,,,,
2013-04-04,27726.72,28992.29,22881.78,-0.010731,A,A,-0.007144,A,A,0.006245,A,A,0.014090,A,A,0.020667,A,A,0,A,,,,,,,,,,,,,,
2013-04-05,27669.74,29003.56,22880.13,-0.012528,A,A,-0.009323,A,A,0.003572,A,A,0.011576,A,A,0.018122,A,A,0,A,,,,,,,,,,,,,,
2013-04-08,27418.72,29038.97,22858.60,-0.021070,fuera,A,-0.018272,A,A,-0.006039,A,A,0.002073,A,A,0.008530,A,A,0,A,,,,,,,,,,,,,,
2013-04-09,27443.64,29072.89,22882.69,-0.019653,fuera,A,-0.017376,A,A,-0.005659,A,A,0.002581,A,A,0.009098,A,A,0,A,,,,,,,,,,,,,,
2013-04-10,27545.65,29083.31,22916.60,-0.015635,fuera,A,-0.013813,A,A,-0.002496,A,A,0.005801,A,A,0.012498,A,A,0,A,,,,,,,,,,,,,,
2013-04-11,27830.48,29104.12,22982.25,-0.005267,fuera,A,-0.003825,A,A,0.007194,A,A,0.015582,A,A,0.022515,A,A,0,A,,,,,,,,,,,,,,
2013-04-12,27889.42,29117.01,23004.09,-0.003002,fuera,fuera,-0.001894,A,A,0.008687,A,A,0.017082,A,A,0.024180,A,A,1,A,,,,,,,,,,,,,,
2013-04-15,27787.00,29217.35,23051.04,-0.006480,fuera,fuera,-0.005680,A,A,0.004386,A,A,0.012727,A,A,0.019922,A,A,1,A,,,,,,,,,,,,,,
2013-04-16,27505.07,29228.14,23012.29,-0.016119,fuera,fuera,-0.015690,A,A,-0.006246,A,A,0.001899,A,A,0.009167,A,A,1,A,,,,,,,,,,,,,,
2013-04-17,27615.90,29227.06,23035.88,-0.011805,fuera,fuera,-0.011681,A,A,-0.002723,A,A,0.005313,A,A,0.012810,A,A,1,A,,,,,,,,,,,,,,
2013-04-18,27460.71,29245.01,23014.48,-0.016878,fuera,fuera,-0.017101,A,A,-0.008737,A,A,-0.000891,A,A,0.006780,A,A,1,A,,,,,,,,,,,,,,
2013-04-19,27522.92,29284.51,23056.02,-0.014180,fuera,fuera,-0.014749,A,A,-0.006911,A,A,0.000834,A,A,0.008742,A,A,1,A,,,,,,,,,,,,,,
2013-04-22,27762.71,29297.26,23104.92,-0.005295,fuera,fuera,-0.006137,A,A,0.001256,A,A,0.008918,A,A,0.017150,A,A,1,A,,,,,,,,,,,,,,
2013-04-23,27844.70,29292.63,23118.14,-0.002117,fuera,fuera,-0.003209,A,A,0.003745,A,A,0.011224,A,A,0.019703,A,A,1,A,,,,,,,,,,,,,,
2013-04-24,27882.15,29302.56,23131.01,-0.000564,fuera,fuera,-0.001887,A,A,0.004596,A,A,0.011894,A,A,0.020617,A,A,1,A,,,,,,,,,,,,,,
2013-04-25,27917.65,29286.59,23127.42,0.000955,fuera,fuera,-0.000653,A,A,0.005371,A,A,0.012552,A,A,0.021438,A,A,1,A,,,,,,,,,,,,,,
2013-04-26,27958.92,29281.09,23130.52,0.002573,fuera,fuera,0.000736,A,A,0.006359,A,A,0.013424,A,A,0.022464,A,A,1,A,,,,,,,,,,,,,,
2013-04-29,27903.47,29294.61,23135.42,0.000579,fuera,fuera,-0.001275,A,A,0.003944,A,A,0.010804,A,A,0.019958,A,A,1,A,,,,,,,,,,,,,,
2013-04-30,27911.16,29298.48,23130.19,0.000915,fuera,fuera,-0.001006,A,A,0.003815,A,A,0.010464,A,A,0.019750,A,A,1,A,,,,,,,,,,,,,,
2013-05-02,27948.49,29315.00,23148.08,0.002190,fuera,fuera,0.000363,A,A,0.004771,A,A,0.011212,A,A,0.020623,A,A,1,A,,,,,,,,,,,,,,
2013-05-03,28062.91,29360.69,23195.38,0.006069,fuera,fuera,0.004407,A,A,0.008406,A,A,0.014733,A,A,0.024267,A,A,1,A,,,,,,,,,,,,,,
2013-05-06,28130.23,29375.24,23215.03,0.008317,fuera,fuera,0.006717,A,A,0.010351,A,A,0.016530,A,A,0.026215,A,A,1,A,,,,,,,,,,,,,,
2013-05-07,28177.48,29384.72,23235.05,0.009889,fuera,fuera,0.008377,A,A,0.011555,A,A,0.017583,A,A,0.027424,A,A,1,A,,,,,,,,,,,,,,
2013-05-08,28320.04,29379.19,23252.53,0.014798,fuera,fuera,0.013311,A,A,0.016144,A,A,0.022055,A,A,0.032074,A,A,1,A,,,,,,,,,,,,,,
2013-05-09,28472.72,29353.79,23265.76,0.019912,fuera,fuera,0.018544,A,A,0.021017,A,A,0.026839,A,A,0.036983,A,A,1,A,,,,,,,,,,,,,,
2013-05-10,28468.87,29346.03,23274.24,0.019526,fuera,fuera,0.018191,A,A,0.020341,A,A,0.025982,A,A,0.036133,A,A,1,A,,,,,,,,,,,,,,
2013-05-13,28477.21,29355.67,23281.71,0.019588,fuera,fuera,0.018228,A,A,0.020199,A,A,0.025576,A,A,0.035719,A,A,1,A,,,,,,,,,,,,,,
2013-05-14,28443.08,29360.83,23278.40,0.018152,fuera,fuera,0.016796,A,A,0.018561,A,A,0.023684,A,A,0.033763,A,A,1,A,,,,,,,,,,,,,,
2013-05-15,28558.93,29384.90,23307.26,0.022082,A,fuera,0.020654,A,A,0.022274,A,A,0.027192,A,A,0.037215,A,A,1,A,,,,,,,,,,,,,,
2013-05-16,28627.03,29423.88,23339.03,0.024259,A,fuera,0.022772,A,A,0.024232,A,A,0.028942,A,A,0.038876,A,A,1,A,,,,,,,,,,,,,,
2013-05-17,28570.05,29427.14,23327.17,0.021930,A,fuera,0.020482,A,A,0.021712,A,A,0.026224,A,A,0.035991,A,A,1,A,,,,,,,,,,,,,,
2013-05-20,28635.04,29417.28,23337.27,0.023832,A,fuera,0.022519,A,A,0.023556,A,A,0.027886,A,A,0.037519,A,A,1,A,,,,,,,,,,,,,,
2013-05-22,28808.27,29437.77,23385.82,0.029456,A,A,0.028325,A,A,0.029241,A,A,0.033416,A,A,0.042944,A,A,0,A,,,,,,,,,,,,,,
2013-05-23,28766.27,29446.52,23383.73,0.027361,A,A,0.026472,A,A,0.027253,A,A,0.031252,A,A,0.040580,A,A,0,A,,,,,,,,,,,,,,
2013-05-24,28688.52,29438.40,23374.04,0.023936,A,A,0.023434,A,A,0.024054,A,A,0.027867,A,A,0.036943,A,A,0,A,,,,,,,,,,,,,,
2013-05-27,28625.36,29415.09,23333.83,0.021056,A,A,0.020900,A,A,0.021422,A,A,0.024992,A,A,0.033855,A,A,0,A,,,,,,,,,,,,,,
2013-05-28,28647.17,29409.72,23338.86,0.021283,A,A,0.021250,A,A,0.021818,A,A,0.025182,A,A,0.033893,A,A,0,A,,,,,,,,,,,,,,
2013-05-29,28713.97,29393.94,23335.12,0.022990,A,A,0.023217,A,A,0.023809,A,A,0.026957,A,A,0.035551,A,A,0,A,,,,,,,,,,,,,,
2013-05-30,28481.17,29392.30,23286.48,0.014196,A,A,0.014576,A,A,0.015240,A,A,0.018122,A,A,0.026471,A,A,0,A,,,,,,,,,,,,,,
2013-05-31,28518.89,29374.00,23286.45,0.014980,A,A,0.015504,A,A,0.016309,A,A,0.018939,A,A,0.027131,A,A,0,A,,,,,,,,,,,,,,
2013-06-03,28561.90,29380.86,23312.93,0.016002,A,A,0.016674,A,A,0.017553,A,A,0.019984,A,A,0.027991,A,A,0,A,,,,,,,,,,,,,,
2013-06-04,28632.32,29428.80,23343.25,0.017958,A,A,0.018838,A,A,0.019748,A,A,0.022067,A,A,0.029837,A,A,0,A,,,,,,,,,,,,,,
2013-06-05,28528.73,29438.37,23329.69,0.013813,A,A,0.014894,A,A,0.015766,A,A,0.017985,A,A,0.025462,A,A,0,A,,,,,,,,,,,,,,
2013-06-06,28374.80,29449.87,23314.10,0.007979,A,A,0.009227,A,A,0.010078,A,A,0.012188,A,A,0.019328,A,A,0,A,,,,,,,,,,,,,,
2013-06-07,28415.84,29469.65,23331.22,0.009044,A,A,0.010544,A,A,0.011332,A,A,0.013319,A,A,0.020215,A,A,0,A,,,,,,,,,,,,,,
2013-06-10,28303.92,29478.19,23305.09,0.004612,A,A,0.006498,A,A,0.007231,A,A,0.009013,A,A,0.015650,A,A,0,A,,,,,,,,,,,,,,
2013-06-11,28212.34,29451.73,23285.71,0.000933,A,A,0.003222,A,A,0.003876,A,A,0.005489,A,A,0.011850,A,A,0,A,,,,,,,,,,,,,,
2013-06-12,27847.68,29444.14,23197.95,-0.012339,A,A,-0.009500,A,A,-0.009058,A,A,-0.007601,A,A,-0.001620,A,A,0,A,,,,,,,,,,,,,,
2013-06-13,27523.48,29449.99,23132.07,-0.023898,fuera,A,-0.020604,fuera,A,-0.020362,fuera,A,-0.019139,A,A,-0.013515,A,A,0,A,,,,,,,,,,,,,,
2013-06-14,27574.34,29493.77,23162.89,-0.022117,fuera,A,-0.018446,fuera,A,-0.018378,fuera,A,-0.017302,A,A,-0.011943,A,A,0,A,,,,,,,,,,,,,,
2013-06-17,27477.49,29519.65,23151.11,-0.025280,fuera,A,-0.021547,fuera,A,-0.021596,fuera,A,-0.020682,fuera,A,-0.015647,A,A,0,A,,,,,,,,,,,,,,
2013-06-18,27557.19,29512.72,23167.86,-0.022197,fuera,A,-0.018406,fuera,A,-0.018551,fuera,A,-0.017792,fuera,A,-0.013043,A,A,0,A,,,,,,,,,,,,,,
2013-06-19,27763.68,29506.04,23223.01,-0.014852,fuera,fuera,-0.010900,fuera,fuera,-0.011097,fuera,fuera,-0.010437,fuera,A,-0.005941,A,A,3,E,,,,,,,,,,,,,,
2013-06-20,27545.26,29504.20,23195.58,-0.022633,fuera,fuera,-0.018492,fuera,fuera,-0.018673,fuera,fuera,-0.018132,fuera,A,-0.013954,A,A,3,E,,,,,,,,,,,,,,
2013-06-21,27249.14,29445.68,23122.96,-0.032860,fuera,fuera,-0.028717,fuera,fuera,-0.028911,fuera,fuera,-0.028495,fuera,fuera,-0.024651,fuera,A,4,E,,,,,,,,,,,,,,
2013-06-24,27217.31,29463.39,23122.43,-0.033805,fuera,fuera,-0.029447,fuera,fuera,-0.029716,fuera,fuera,-0.029422,fuera,fuera,-0.025855,fuera,A,4,E,,,,,,,,,,,,,,
2013-06-25,26824.26,29449.47,23030.38,-0.047233,fuera,fuera,-0.042899,fuera,fuera,-0.043235,fuera,fuera,-0.043105,fuera,fuera,-0.039909,fuera,A,4,E,,,,,,,,,,,,,,
2013-06-26,26891.65,29453.13,23024.65,-0.044182,fuera,fuera,-0.039977,fuera,fuera,-0.040358,fuera,fuera,-0.040404,fuera,fuera,-0.037479,fuera,A,4,E,,,,,,,,,,,,,,
2013-06-27,27073.41,29469.80,23049.12,-0.037135,fuera,fuera,-0.033084,fuera,fuera,-0.033461,fuera,fuera,-0.033661,fuera,fuera,-0.031006,fuera,fuera,5,E,,,,,,,,,,,,,,
2013-06-28,27313.03,29506.15,23137.46,-0.028176,fuera,fuera,-0.024191,fuera,fuera,-0.024583,fuera,fuera,-0.024914,fuera,fuera,-0.022512,fuera,fuera,5,E,,,,,,,,,,,,,,
2013-07-01,27581.77,29515.88,23207.46,-0.018353,fuera,fuera,-0.014386,fuera,fuera,-0.014734,fuera,fuera,-0.015177,fuera,fuera,-0.013061,fuera,fuera,5,E,,,,,,,,,,,,,,
2013-07-02,27565.00,29536.22,23213.69,-0.018644,fuera,fuera,-0.014773,fuera,fuera,-0.015111,fuera,fuera,-0.015640,fuera,fuera,-0.013779,fuera,fuera,5,E,,,,,,,,,,,,,,
2013-07-03,27290.58,29535.49,23156.23,-0.027942,fuera,fuera,-0.024240,fuera,fuera,-0.024682,fuera,fuera,-0.025219,fuera,fuera,-0.023569,fuera,fuera,5,E,,,,,,,,,,,,,,
2013-07-04,27120.31,29545.37,23133.88,-0.033402,fuera,fuera,-0.029893,fuera,fuera,-0.030433,fuera,fuera,-0.030971,fuera,fuera,-0.029579,fuera,fuera,5,E,,,,,,,,,,,,,,
2013-07-05,27138.92,29552.12,23134.66,-0.032118,fuera,fuera,-0.028908,fuera,fuera,-0.029486,fuera,fuera,-0.030014,fuera,fuera,-0.028816,fuera,fuera,5,E,,,,,,,,,,,,,,
2013-07-08,27290.90,29577.14,23201.54,-0.026102,fuera,fuera,-0.023263,fuera,fuera,-0.023860,fuera,fuera,-0.024323,fuera,fuera,-0.023334,fuera,fuera,5,E,,,,,,,,,,,,,,
2013-07-09,27269.42,29584.13,23194.25,-0.026204,fuera,fuera,-0.023950,fuera,fuera,-0.024375,fuera,fuera,-0.024819,fuera,fuera,-0.024071,fuera,fuera,5,E,,,,,,,,,,,,,,
2013-07-10,27335.90,29614.73,23224.24,-0.023178,fuera,fuera,-0.021512,fuera,fuera,-0.021728,fuera,fuera,-0.022214,fuera,fuera,-0.021659,fuera,fuera,5,E,,,,,,,,,,,,,,
2013-07-11,27399.85,29617.72,23232.98,-0.020176,fuera,fuera,-0.019143,fuera,fuera,-0.019177,fuera,fuera,-0.019703,fuera,fuera,-0.019323,fuera,fuera,5,E,,,,,,,,,,,,,,
2013-07-12,27609.49,29633.81,23264.29,-0.012002,fuera,fuera,-0.011516,fuera,fuera,-0.011506,fuera,fuera,-0.012051,fuera,fuera,-0.011830,fuera,fuera,5,E,,,,,,,,,,,,,,
2013-07-15,27561.09,29683.55,23288.24,-0.013021,fuera,fuera,-0.013068,fuera,fuera,-0.013002,fuera,fuera,-0.013610,fuera,fuera,-0.013538,fuera,fuera,5,E,,,,,,,,,,,,,,
2013-07-17,27606.96,29695.94,23310.11,-0.010694,fuera,fuera,-0.011325,fuera,fuera,-0.011132,fuera,fuera,-0.011794,fuera,fuera,-0.011872,fuera,fuera,5,E,,,,,,,,,,,,,,
2013-07-18,27652.27,29682.21,23302.31,-0.008446,fuera,fuera,-0.009784,fuera,fuera,-0.009302,fuera,fuera,-0.010009,fuera,fuera,-0.010236,fuera,fuera,5,E,,,,,,,,,,,,,,
2013-07-19,27845.40,29613.37,23311.31,-0.000952,fuera,fuera,-0.002996,fuera,fuera,-0.002205,fuera,fuera,-0.002992,fuera,fuera,-0.003350,fuera,fuera,5,E,,,,,,,,,,,,,,
2013-07-22,27873.68,29639.78,23340.36,0.000663,fuera,fuera,-0.002214,fuera,fuera,-0.001019,fuera,fuera,-0.001886,fuera,fuera,-0.002355,fuera,fuera,5,E,,,,,,,,,,,,,,
2013-07-23,27941.65,29643.13,23353.53,0.003607,fuera,fuera,-0.000016,fuera,fuera,0.001525,fuera,fuera,0.000645,fuera,fuera,0.000047,fuera,fuera,5,E,,,,,,,,,,,,,,
2013-07-24,28100.30,29654.46,23385.09,0.009736,fuera,fuera,0.005472,fuera,fuera,0.007218,fuera,fuera,0.006338,fuera,fuera,0.005653,fuera,fuera,5,E,,,,,,,,,,,,,,
2013-07-25,28030.11,29656.30,23364.80,0.007840,fuera,fuera,0.002857,fuera,fuera,0.004735,fuera,fuera,0.003778,fuera,fuera,0.003090,fuera,fuera,5,E,,,,,,,,,,,,,,
2013-07-26,28029.16,29678.26,23369.31,0.008400,fuera,fuera,0.002741,fuera,fuera,0.004704,fuera,fuera,0.003730,fuera,fuera,0.002991,fuera,fuera,5,E,,,,,,,,,,,,,,
2013-07-29,27972.34,29704.32,23363.67,0.006932,fuera,fuera,0.000677,fuera,fuera,0.002635,fuera,fuera,0.001659,fuera,fuera,0.000925,fuera,fuera,5,E,,,,,,,,,,,,,,
2013-07-30,27935.86,29728.35,23378.12,0.006174,fuera,fuera,-0.000615,fuera,fuera,0.001295,fuera,fuera,0.000301,fuera,fuera,-0.000391,fuera,fuera,5,E,,,,,,,,,,,,,,
2013-07-31,27997.30,29778.59,23424.75,0.008912,fuera,fuera,0.001531,fuera,fuera,0.003484,fuera,fuera,0.002476,fuera,fuera,0.001811,fuera,fuera,5,E,,,,,,,,,,,,,,
2013-08-01,27981.31,29769.01,23412.19,0.008927,fuera,fuera,0.000919,fuera,fuera,0.002871,fuera,fuera,0.001919,fuera,fuera,0.001236,fuera,fuera,5,E,,,,,,,,,,,,,,
2013-08-02,28170.55,29784.95,23455.75,0.016004,fuera,fuera,0.007564,fuera,fuera,0.009528,fuera,fuera,0.008661,fuera,fuera,0.007945,fuera,fuera,5,E,,,,,,,,,,,,,,
2013-08-05,28256.61,29818.72,23503.78,0.019322,fuera,fuera,0.010532,fuera,fuera,0.012438,fuera,fuera,0.011666,fuera,fuera,0.010986,fuera,fuera,5,E,,,,,,,,,,,,,,
2013-08-06,28119.17,29813.97,23474.14,0.014724,fuera,fuera,0.005623,fuera,fuera,0.007437,fuera,fuera,0.006760,fuera,fuera,0.006041,fuera,fuera,5,E,,,,,,,,,,,,,,
2013-08-07,27994.49,29814.93,23457.66,0.010742,fuera,fuera,0.001267,fuera,fuera,0.002952,fuera,fuera,0.002361,fuera,fuera,0.001602,fuera,fuera,5,E,,,,,,,,,,,,,,
2013-08-08,27871.51,29828.31,23439.06,0.006832,fuera,fuera,-0.002882,fuera,fuera,-0.001422,fuera,fuera,-0.001938,fuera,fuera,-0.002737,fuera,fuera,5,E,,,,,,,,,,,,,,
2013-08-09,27850.21,29835.69,23418.59,0.006487,fuera,fuera,-0.003297,fuera,fuera,-0.002158,fuera,fuera,-0.002550,fuera,fuera,-0.003451,fuera,fuera,5,E,,,,,,,,,,,,,,
2013-08-12,27841.64,29851.92,23413.56,0.006641,fuera,fuera,-0.003254,fuera,fuera,-0.002433,fuera,fuera,-0.002698,fuera,fuera,-0.003693,fuera,fuera,5,E,,,,,,,,,,,,,,
2013-08-13,27933.83,29849.16,23429.26,0.010275,fuera,fuera,0.000350,fuera,fuera,0.000787,fuera,fuera,0.000699,fuera,fuera,-0.000358,fuera,fuera,5,E,,,,,,,,,,,,,,
2013-08-14,28114.22,29861.84,23472.76,0.016879,fuera,fuera,0.006996,fuera,fuera,0.007072,fuera,fuera,0.007162,fuera,fuera,0.006086,fuera,fuera,5,E,,,,,,,,,,,,,,
2013-08-16,27874.99,29853.08,23423.94,0.008204,fuera,fuera,-0.001191,fuera,fuera,-0.001679,fuera,fuera,-0.001328,fuera,fuera,-0.002404,fuera,fuera,5,E,,,,,,,,,,,,,,
2013-08-19,27764.62,29860.81,23403.18,0.004018,fuera,fuera,-0.004665,fuera,fuera,-0.005759,fuera,fuera,-0.005189,fuera,fuera,-0.006249,fuera,fuera,5,E,,,,,,,,,,,,,,
2013-08-20,27738.58,29884.51,23427.08,0.002944,fuera,fuera,-0.005135,fuera,fuera,-0.006767,fuera,fuera,-0.006070,fuera,fuera,-0.007066,fuera,fuera,5,E,,,,,,,,,,,,,,
2013-08-21,27614.39,29887.73,23400.24,-0.001656,fuera,fuera,-0.009022,fuera,fuera,-0.011129,fuera,fuera,-0.010440,fuera,fuera,-0.011362,fuera,fuera,5,E,,,,,,,,,,,,,,
2013-08-22,27345.56,29895.13,23346.29,-0.011207,fuera,fuera,-0.017864,fuera,fuera,-0.020544,fuera,fuera,-0.019866,fuera,fuera,-0.020741,fuera,fuera,5,E,,,,,,,,,,,,,,
2013-08-23,27335.11,29893.79,23327.89,-0.011245,fuera,fuera,-0.017450,fuera,fuera,-0.020742,fuera,fuera,-0.020057,fuera,fuera,-0.020893,fuera,fuera,5,E,,,,,,,,,,,,,,
2013-08-26,27358.23,29906.88,23332.88,-0.010260,fuera,fuera,-0.015884,fuera,fuera,-0.019857,fuera,fuera,-0.019061,fuera,fuera,-0.019916,fuera,fuera,5,E,,,,,,,,,,,,,,
2013-08-27,27356.55,29909.76,23346.84,-0.010406,fuera,fuera,-0.015242,fuera,fuera,-0.019816,fuera,fuera,-0.018965,fuera,fuera,-0.019800,fuera,fuera,5,E,,,,,,,,,,,,,,
2013-08-28,27104.36,29912.13,23309.56,-0.019440,fuera,fuera,-0.023473,fuera,fuera,-0.028714,fuera,fuera,-0.027735,fuera,fuera,-0.028625,fuera,fuera,5,E,,,,,,,,,,,,,,
2013-08-29,27026.96,29921.36,23288.03,-0.022399,fuera,fuera,-0.025336,fuera,fuera,-0.031296,fuera,fuera,-0.030206,fuera,fuera,-0.031191,fuera,fuera,5,E,,,,,,,,,,,,,,
2013-08-30,27038.46,29924.54,23285.05,-0.022098,fuera,fuera,-0.024128,fuera,fuera,-0.030604,fuera,fuera,-0.029490,fuera,fuera,-0.030534,fuera,fuera,5,E,,,,,,,,,,,,,,
2013-09-02,27019.56,29932.09,23278.35,-0.022740,fuera,fuera,-0.023985,fuera,fuera,-0.030963,fuera,fuera,-0.029871,fuera,fuera,-0.030934,fuera,fuera,5,E,,,,,,,,,,,,,,
2013-09-03,27124.39,29940.69,23300.72,-0.018799,fuera,fuera,-0.019403,fuera,fuera,-0.026910,fuera,fuera,-0.025841,fuera,fuera,-0.026912,fuera,fuera,5,E,,,,,,,,,,,,,,
2013-09-04,27164.94,29933.24,23319.52,-0.017003,fuera,fuera,-0.017122,fuera,fuera,-0.025163,fuera,fuera,-0.024197,fuera,fuera,-0.025216,fuera,fuera,5,E,,,,,,,,,,,,,,
2013-09-05,27208.51,29948.44,23326.03,-0.015144,fuera,fuera,-0.014810,fuera,fuera,-0.023307,fuera,fuera,-0.022478,fuera,fuera,-0.023387,fuera,fuera,5,E,,,,,,,,,,,,,,
2013-09-06,27366.94,29958.33,23359.58,-0.009470,fuera,fuera,-0.008508,fuera,fuera,-0.017410,fuera,fuera,-0.016768,fuera,fuera,-0.017471,fuera,fuera,5,E,,,,,,,,,,,,,,
2013-09-09,27483.35,29989.13,23393.27,-0.005547,fuera,fuera,-0.003765,fuera,fuera,-0.013062,fuera,fuera,-0.012599,fuera,fuera,-0.013096,fuera,fuera,5,E,,,,,,,,,,,,,,
2013-09-10,27868.10,29989.11,23476.22,0.007784,fuera,fuera,0.010431,fuera,fuera,0.000787,fuera,fuera,0.001113,fuera,fuera,0.000841,fuera,fuera,5,E,,,,,,,,,,,,,,
2013-09-11,28094.45,30005.03,23526.82,0.015313,fuera,fuera,0.018706,fuera,fuera,0.008903,fuera,fuera,0.009153,fuera,fuera,0.009031,fuera,fuera,5,E,,,,,,,,,,,,,,
2013-09-12,28024.24,30010.53,23506.46,0.012162,fuera,fuera,0.016059,fuera,fuera,0.006424,fuera,fuera,0.006585,fuera,fuera,0.006564,fuera,fuera,5,E,,,,,,,,,,,,,,
2013-09-13,27909.84,30005.31,23477.63,0.007566,fuera,fuera,0.011690,fuera,fuera,0.002423,fuera,fuera,0.002434,fuera,fuera,0.002513,fuera,fuera,5,E,,,,,,,,,,,,,,
2013-09-16,27929.88,29989.09,23480.13,0.007861,fuera,fuera,0.012212,fuera,fuera,0.003299,fuera,fuera,0.003008,fuera,fuera,0.003285,fuera,fuera,5,E,,,,,,,,,,,,,,
2013-09-17,28087.25,29993.60,23510.80,0.013152,fuera,fuera,0.017564,fuera,fuera,0.009107,fuera,fuera,0.008496,fuera,fuera,0.008924,fuera,fuera,5,E,,,,,,,,,,,,,,
2013-09-23,28439.53,30027.28,23615.76,0.025137,A,fuera,0.029812,A,fuera,0.021776,A,fuera,0.020804,A,fuera,0.021418,A,fuera,5,E,,,,,,,,,,,,,,
2013-09-24,28224.07,30033.05,23574.14,0.016868,A,fuera,0.021744,A,fuera,0.014137,A,fuera,0.012827,A,fuera,0.013573,A,fuera,5,E,,,,,,,,,,,,,,
2013-09-25,28192.73,30031.23,23574.02,0.015300,A,fuera,0.020236,A,fuera,0.013112,A,fuera,0.011554,A,fuera,0.012382,A,fuera,5,E,,,,,,,,,,,,,,
2013-09-26,28228.32,30034.87,23589.73,0.016270,A,fuera,0.020959,A,fuera,0.014525,A,fuera,0.012698,A,fuera,0.013560,A,fuera,5,E,,,,,,,,,,,,,,
2013-09-27,28241.88,30036.28,23594.86,0.016459,A,A,0.020858,A,A,0.015169,A,A,0.013060,A,A,0.013936,A,A,0,A,,,,,,,,,,,,,,
2013-09-30,28249.05,30043.95,23596.54,0.016467,A,A,0.020296,A,A,0.015557,A,A,0.013203,A,A,0.014070,A,A,0,A,,,,,,,,,,,,,,
2013-10-01,28100.20,30049.64,23586.68,0.011111,A,A,0.014228,A,A,0.010421,A,A,0.007815,A,A,0.008678,A,A,0,A,,,,,,,,,,,,,,
2013-10-02,28213.11,30052.36,23603.04,0.015025,A,A,0.017650,A,A,0.014723,A,A,0.011758,A,A,0.012655,A,A,0,A,,,,,,,,,,,,,,
2013-10-03,28211.83,30069.78,23604.54,0.014831,A,A,0.017088,A,A,0.014901,A,A,0.011608,A,A,0.012534,A,A,0,A,,,,,,,,,,,,,,
2013-10-04,28100.38,30067.68,23573.64,0.010719,A,A,0.012774,A,A,0.011130,A,A,0.007559,A,A,0.008481,A,A,0,A,,,,,,,,,,,,,,
2013-10-07,28122.28,30091.23,23585.74,0.011356,A,A,0.013246,A,A,0.012121,A,A,0.008324,A,A,0.009210,A,A,0,A,,,,,,,,,,,,,,
2013-10-08,28022.72,30086.88,23571.72,0.007755,A,A,0.009243,A,A,0.008790,A,A,0.004791,A,A,0.005552,A,A,0,A,,,,,,,,,,,,,,
2013-10-09,27949.42,30088.04,23564.60,0.005144,A,A,0.006133,A,A,0.006459,A,A,0.002241,A,A,0.002842,A,A,0,A,,,,,,,,,,,,,,
2013-10-10,28002.28,30102.53,23584.60,0.007181,A,A,0.007547,A,A,0.008556,A,A,0.004246,A,A,0.004572,A,A,0,A,,,,,,,,,,,,,,
2013-10-11,28209.13,30117.93,23615.04,0.014659,A,A,0.014466,A,A,0.016132,A,A,0.011755,A,A,0.011772,A,A,0,A,,,,,,,,,,,,,,
2013-10-14,28330.98,30143.27,23652.73,0.018869,A,A,0.018240,A,A,0.020615,A,A,0.016173,A,A,0.015915,A,A,0,A,,,,,,,,,,,,,,
2013-10-15,28430.14,30152.38,23682.65,0.022080,A,A,0.021177,A,A,0.024271,A,A,0.019746,A,A,0.019297,A,A,0,A,,,,,,,,,,,,,,
2013-10-16,28432.94,30155.44,23687.26,0.021722,A,A,0.020686,A,A,0.024411,A,A,0.019850,A,A,0.019240,A,A,0,A,,,,,,,,,,,,,,
2013-10-17,28496.49,30171.78,23701.91,0.023478,A,A,0.022458,A,A,0.026650,A,A,0.022151,A,A,0.021312,A,A,0,A,,,,,,,,,,,,,,
2013-10-18,28433.78,30180.64,23686.20,0.020743,A,A,0.019709,A,A,0.024384,A,A,0.019969,A,A,0.018795,A,A,0,A,,,,,,,,,,,,,,
2013-10-21,28665.98,30279.51,23793.19,0.028478,A,A,0.027427,A,A,0.032600,A,A,0.028265,A,A,0.026808,A,A,0,A,,,,,,,,,,,,,,
2013-10-22,28871.23,30296.86,23864.00,0.035217,A,A,0.034077,A,A,0.039719,A,A,0.035544,A,A,0.033746,A,A,0,A,,,,,,,,,,,,,,
2013-10-23,28934.44,30291.60,23858.43,0.036608,A,A,0.035710,A,A,0.041542,A,A,0.037766,A,A,0.035594,A,A,0,A,,,,,,,,,,,,,,
2013-10-24,28915.76,30298.13,23878.57,0.034991,A,A,0.034439,A,A,0.040291,A,A,0.037043,A,A,0.034586,A,A,0,A,,,,,,,,,,,,,,
2013-10-25,28960.21,30307.64,23905.41,0.035575,A,A,0.035439,A,A,0.041313,A,A,0.038541,A,A,0.035849,A,A,0,A,,,,,,,,,,,,,,
2013-10-28,28974.30,30333.53,23920.36,0.034961,A,A,0.035437,A,A,0.041197,A,A,0.038923,A,A,0.036031,A,A,0,A,,,,,,,,,,,,,,
2013-10-29,29058.99,30365.79,23958.87,0.036576,A,A,0.037868,A,A,0.043614,A,A,0.041813,A,A,0.038723,A,A,0,A,,,,,,,,,,,,,,
2013-10-30,29169.75,30406.25,24003.38,0.039016,A,A,0.041161,A,A,0.047005,A,A,0.045621,A,A,0.042324,A,A,0,A,,,,,,,,,,,,,,
2013-11-04,29093.48,30441.75,24004.10,0.034878,A,A,0.037790,A,A,0.043623,A,A,0.042669,A,A,0.039248,A,A,0,A,,,,,,,,,,,,,,
2013-11-05,29235.88,30456.98,24047.55,0.038401,A,A,0.042114,A,A,0.047901,A,A,0.047516,A,A,0.043943,A,A,0,A,,,,,,,,,,,,,,
2013-11-06,29248.52,30468.51,24059.59,0.037094,A,A,0.041839,A,A,0.047507,A,A,0.047724,A,A,0.044009,A,A,0,A,,,,,,,,,,,,,,
2013-11-07,29244.34,30483.77,24062.79,0.035138,A,A,0.040958,A,A,0.046349,A,A,0.047355,A,A,0.043511,A,A,0,A,,,,,,,,,,,,,,
2013-11-08,29102.29,30499.16,24050.65,0.028440,A,A,0.035365,A,A,0.040353,A,A,0.042064,A,A,0.038157,A,A,0,A,,,,,,,,,,,,,,
2013-11-11,29122.39,30552.45,24078.59,0.027454,A,A,0.035582,A,A,0.040225,A,A,0.042518,A,A,0.038596,A,A,0,A,,,,,,,,,,,,,,
2013-11-12,29126.92,30547.78,24082.93,0.026003,A,A,0.035163,A,A,0.039638,A,A,0.042427,A,A,0.038520,A,A,0,A,,,,,,,,,,,,,,
2013-11-13,29089.49,30545.06,24081.96,0.023143,A,A,0.033205,A,A,0.037681,A,A,0.040809,A,A,0.037005,A,A,0,A,,,,,,,,,,,,,,
2013-11-14,29061.00,30562.03,24081.67,0.020663,A,A,0.031512,A,A,0.036051,A,A,0.039489,A,A,0.035815,A,A,0,A,,,,,,,,,,,,,,
2013-11-15,29159.16,30602.53,24110.70,0.022680,A,A,0.034245,A,A,0.038781,A,A,0.042534,A,A,0.039114,A,A,0,A,,,,,,,,,,,,,,
2013-11-18,29349.08,30629.17,24165.48,0.027846,A,A,0.040113,A,A,0.044626,A,A,0.048673,A,A,0.045614,A,A,0,A,,,,,,,,,,,,,,
2013-11-19,29434.17,30626.36,24172.24,0.029571,A,A,0.042262,A,A,0.046704,A,A,0.051048,A,A,0.048386,A,A,0,A,,,,,,,,,,,,,,
2013-11-20,29463.37,30638.72,24200.10,0.029497,A,A,0.042518,A,A,0.046844,A,A,0.051381,A,A,0.049178,A,A,0,A,,,,,,,,,,,,,,
2013-11-21,29456.99,30652.75,24211.79,0.028131,A,A,0.041381,A,A,0.045714,A,A,0.050475,A,A,0.048688,A,A,0,A,,,,,,,,,,,,,,
2013-11-22,29387.69,30679.69,24212.92,0.024537,A,A,0.038001,A,A,0.042410,A,A,0.047426,A,A,0.045998,A,A,0,A,,,,,,,,,,,,,,
2013-11-25,29346.28,30665.60,24183.67,0.021972,A,A,0.035619,A,A,0.040144,A,A,0.045311,A,A,0.044365,A,A,0,A,,,,,,,,,,,,,,
2013-11-26,29340.02,30648.81,24180.44,0.020765,A,A,0.034414,A,A,0.039213,A,A,0.044347,A,A,0.043973,A,A,0,A,,,,,,,,,,,,,,
2013-11-27,29295.33,30637.14,24170.94,0.018536,A,A,0.031730,A,A,0.036923,A,A,0.042022,A,A,0.042205,A,A,0,A,,,,,,,,,,,,,,
2013-11-28,29426.24,30623.09,24190.32,0.022138,A,A,0.035150,A,A,0.040812,A,A,0.045757,A,A,0.046625,A,A,0,A,,,,,,,,,,,,,,
2013-11-29,29596.69,30583.64,24204.34,0.026946,A,A,0.039866,A,A,0.046041,A,A,0.050852,A,A,0.052406,A,A,0,A,,,,,,,,,,,,,,
2013-12-02,29734.99,30606.41,24251.28,0.030547,A,A,0.043363,A,A,0.050150,A,A,0.054813,A,A,0.057019,A,A,0,A,,,,,,,,,,,,,,
2013-12-03,29794.29,30600.21,24274.30,0.031369,A,A,0.043904,A,A,0.051452,A,A,0.056032,A,A,0.058735,A,A,0,A,,,,,,,,,,,,,,
2013-12-04,29664.22,30610.45,24251.58,0.025750,A,A,0.037849,A,A,0.046155,A,A,0.050683,A,A,0.053772,A,A,0,A,,,,,,,,,,,,,,
2013-12-05,29599.40,30625.72,24247.99,0.022331,A,A,0.034133,A,A,0.043256,A,A,0.047668,A,A,0.051162,A,A,0,A,,,,,,,,,,,,,,
2013-12-06,29468.84,30633.84,24222.58,0.016842,A,A,0.028197,A,A,0.038070,A,A,0.042282,A,A,0.046279,A,A,0,A,,,,,,,,,,,,,,
2013-12-09,29501.24,30654.88,24235.51,0.016954,A,A,0.027995,A,A,0.038612,A,A,0.042591,A,A,0.047142,A,A,0,A,,,,,,,,,,,,,,
2013-12-10,29546.48,30680.40,24256.50,0.017387,A,A,0.028238,A,A,0.039565,A,A,0.043345,A,A,0.048402,A,A,0,A,,,,,,,,,,,,,,
2013-12-11,29646.10,30685.20,24291.15,0.019628,A,A,0.030339,A,A,0.042373,A,A,0.046034,A,A,0.051573,A,A,0,A,,,,,,,,,,,,,,
2013-12-12,29490.96,30683.42,24271.56,0.013155,A,A,0.023767,A,A,0.036314,A,A,0.039784,A,A,0.045720,A,A,0,A,,,,,,,,,,,,,,
2013-12-13,29367.21,30669.95,24232.11,0.007813,A,A,0.018430,A,A,0.031407,A,A,0.034715,A,A,0.040994,A,A,0,A,,,,,,,,,,,,,,
2013-12-16,29232.46,30687.27,24211.91,0.002248,A,A,0.013008,A,A,0.026249,A,A,0.029334,A,A,0.035814,A,A,0,A,,,,,,,,,,,,,,
2013-12-17,29255.38,30693.30,24212.94,0.002235,A,A,0.013166,A,A,0.026654,A,A,0.029573,A,A,0.036121,A,A,0,A,,,,,,,,,,,,,,
2013-12-18,29204.18,30682.62,24202.45,-0.000183,A,A,0.010747,A,A,0.024424,A,A,0.027205,A,A,0.033834,A,A,0,A,,,,,,,,,,,,,,
2013-12-19,29394.13,30698.06,24239.05,0.005582,A,A,0.016505,A,A,0.030525,A,A,0.033268,A,A,0.039998,A,A,0,A,,,,,,,,,,,,,,
2013-12-20,29407.33,30703.45,24254.83,0.005289,A,A,0.016151,A,A,0.030371,A,A,0.033125,A,A,0.039925,A,A,0,A,,,,,,,,,,,,,,
2013-12-23,29470.34,30673.87,24248.36,0.006698,A,A,0.017568,A,A,0.031928,A,A,0.034776,A,A,0.041655,A,A,0,A,,,,,,,,,,,,,,
2013-12-24,29449.85,30674.13,24231.50,0.005223,A,A,0.016307,A,A,0.030565,A,A,0.033512,A,A,0.040374,A,A,0,A,,,,,,,,,,,,,,
2013-12-26,29473.60,30691.24,24244.31,0.005418,A,A,0.016441,A,A,0.030779,A,A,0.033816,A,A,0.040564,A,A,0,A,,,,,,,,,,,,,,
2013-12-27,29399.21,30696.27,24237.09,0.002479,A,A,0.013217,A,A,0.027665,A,A,0.030759,A,A,0.037304,A,A,0,A,,,,,,,,,,,,,,
2013-12-30,29431.98,30725.18,24269.47,0.003218,A,A,0.013689,A,A,0.028188,A,A,0.031425,A,A,0.037702,A,A,0,A,,,,,,,,,,,,,,
2013-12-31,29505.49,30735.89,24292.54,0.005275,A,A,0.015531,A,A,0.030060,A,A,0.033492,A,A,0.039534,A,A,0,A,,,,,,,,,,,,,,
2014-01-02,29610.98,30754.94,24322.92,0.008372,A,A,0.018416,A,A,0.032993,A,A,0.036621,A,A,0.042511,A,A,0,A,,,,,,,,,,,,,,
2014-01-03,29599.51,30752.34,24327.79,0.007505,A,A,0.017202,A,A,0.031799,A,A,0.035645,A,A,0.041442,A,A,0,A,,,,,,,,,,,,,,
2014-01-06,29471.52,30754.38,24305.95,0.002835,A,A,0.012119,A,A,0.026492,A,A,0.030660,A,A,0.036391,A,A,0,A,,,,,,,,,,,,,,
2014-01-07,29470.24,30768.12,24320.42,0.002564,A,A,0.011392,A,A,0.025600,A,A,0.030105,A,A,0.035796,A,A,0,A,,,,,,,,,,,,,,
2014-01-08,29529.14,30826.38,24360.39,0.004237,A,A,0.012638,A,A,0.026788,A,A,0.031697,A,A,0.037218,A,A,0,A,,,,,,,,,,,,,,
2014-01-09,29572.26,30858.58,24394.16,0.005448,A,A,0.013329,A,A,0.027408,A,A,0.032751,A,A,0.038023,A,A,0,A,,,,,,,,,,,,,,
2014-01-10,29551.17,30895.30,24417.37,0.004501,A,A,0.011779,A,A,0.025706,A,A,0.031523,A,A,0.036586,A,A,0,A,,,,,,,,,,,,,,
2014-01-13,29482.17,30923.58,24408.45,0.001976,A,A,0.008589,A,A,0.022343,A,A,0.028606,A,A,0.033535,A,A,0,A,,,,,,,,,,,,,,
2014-01-14,29330.53,30917.08,24377.99,-0.003350,A,A,0.002690,A,A,0.016187,A,A,0.022820,A,A,0.027630,A,A,0,A,,,,,,,,,,,,,,
2014-01-15,29405.76,30992.44,24440.66,-0.001007,A,A,0.004619,A,A,0.017859,A,A,0.024914,A,A,0.029673,A,A,0,A,,,,,,,,,,,,,,
2014-01-16,29555.50,31008.50,24485.86,0.003755,A,A,0.009075,A,A,0.022086,A,A,0.029547,A,A,0.034297,A,A,0,A,,,,,,,,,,,,,,
2014-01-17,29619.93,31021.49,24505.28,0.005541,A,A,0.010634,A,A,0.023349,A,A,0.031215,A,A,0.035973,A,A,0,A,,,,,,,,,,,,,,
2014-01-20,29819.60,31057.68,24579.99,0.011740,A,A,0.016695,A,A,0.029216,A,A,0.037579,A,A,0.042303,A,A,0,A,,,,,,,,,,,,,,
2014-01-21,29951.62,31085.32,24636.25,0.015613,A,A,0.020405,A,A,0.032749,A,A,0.041456,A,A,0.046238,A,A,0,A,,,,,,,,,,,,,,
2014-01-22,30050.28,31148.08,24691.16,0.018420,A,A,0.022886,A,A,0.035133,A,A,0.044097,A,A,0.048986,A,A,0,A,,,,,,,,,,,,,,
2014-01-23,30072.51,31200.56,24729.22,0.018683,A,A,0.022878,A,A,0.035025,A,A,0.044063,A,A,0.049115,A,A,0,A,,,,,,,,,,,,,,
2014-01-24,29996.87,31202.91,24714.57,0.015713,A,A,0.019695,A,A,0.031671,A,A,0.040617,A,A,0.045862,A,A,0,A,,,,,,,,,,,,,,
2014-01-27,29655.33,31225.34,24663.43,0.003999,A,A,0.007699,A,A,0.019289,A,A,0.027984,A,A,0.033463,A,A,0,A,,,,,,,,,,,,,,
2014-01-28,29299.95,31247.43,24602.15,-0.007967,A,A,-0.004580,A,A,0.006540,A,A,0.015007,A,A,0.020740,A,A,0,A,,,,,,,,,,,,,,
2014-01-29,29281.56,31265.47,24606.36,-0.008542,A,A,-0.005375,A,A,0.005390,A,A,0.013726,A,A,0.019747,A,A,0,A,,,,,,,,,,,,,,
2014-01-30,29196.79,31294.41,24622.12,-0.011305,A,A,-0.008371,A,A,0.002055,A,A,0.010179,A,A,0.016466,A,A,0,A,,,,,,,,,,,,,,
2014-01-31,29167.84,31349.38,24644.05,-0.012191,A,A,-0.009412,A,A,0.000783,A,A,0.008491,A,A,0.015123,A,A,0,A,,,,,,,,,,,,,,
2014-02-03,29289.28,31371.31,24684.09,-0.007976,A,A,-0.005350,A,A,0.004542,A,A,0.011936,A,A,0.018969,A,A,0,A,,,,,,,,,,,,,,
2014-02-04,29155.05,31359.59,24653.59,-0.012194,A,A,-0.009941,A,A,-0.000428,A,A,0.006598,A,A,0.013975,A,A,0,A,,,,,,,,,,,,,,
2014-02-05,29098.95,31374.72,24648.02,-0.013622,A,A,-0.011774,A,A,-0.002682,A,A,0.003974,A,A,0.011712,A,A,0,A,,,,,,,,,,,,,,
2014-02-06,29163.36,31381.10,24665.27,-0.010969,A,A,-0.009542,A,A,-0.000825,A,A,0.005523,A,A,0.013673,A,A,0,A,,,,,,,,,,,,,,
2014-02-07,29309.35,31411.62,24713.54,-0.005752,A,A,-0.004618,A,A,0.003771,A,A,0.009845,A,A,0.018452,A,A,0,A,,,,,,,,,,,,,,
2014-02-10,29485.72,31442.74,24767.22,0.000317,A,A,0.001168,A,A,0.009280,A,A,0.015163,A,A,0.024194,A,A,0,A,,,,,,,,,,,,,,
2014-02-11,29558.90,31448.91,24786.90,0.002731,A,A,0.003420,A,A,0.011267,A,A,0.016952,A,A,0.026294,A,A,0,A,,,,,,,,,,,,,,
2014-02-12,29761.38,31460.10,24836.40,0.009402,A,A,0.009954,A,A,0.017595,A,A,0.023155,A,A,0.032786,A,A,0,A,,,,,,,,,,,,,,
2014-02-13,29868.47,31469.82,24861.86,0.012788,A,A,0.013169,A,A,0.020571,A,A,0.026164,A,A,0.035927,A,A,0,A,,,,,,,,,,,,,,
2014-02-14,29735.05,31484.74,24838.52,0.008197,A,A,0.008283,A,A,0.015390,A,A,0.021032,A,A,0.030762,A,A,0,A,,,,,,,,,,,,,,
2014-02-17,29860.27,31509.23,24875.72,0.012161,A,A,0.012153,A,A,0.018956,A,A,0.024717,A,A,0.034554,A,A,0,A,,,,,,,,,,,,,,
2014-02-18,29941.06,31514.30,24894.95,0.014461,A,A,0.014574,A,A,0.020942,A,A,0.026807,A,A,0.036833,A,A,0,A,,,,,,,,,,,,,,
2014-02-19,30007.19,31523.55,24928.81,0.016109,A,A,0.016506,A,A,0.022420,A,A,0.028378,A,A,0.038514,A,A,0,A,,,,,,,,,,,,,,
2014-02-20,30047.84,31539.37,24960.31,0.016879,A,A,0.017568,A,A,0.023093,A,A,0.029112,A,A,0.039269,A,A,0,A,,,,,,,,,,,,,,
2014-02-21,30140.34,31554.45,24984.62,0.019291,A,A,0.020332,A,A,0.025540,A,A,0.031708,A,A,0.041782,A,A,0,A,,,,,,,,,,,,,,
2014-02-24,30208.27,31543.59,24997.38,0.020964,A,A,0.022188,A,A,0.027161,A,A,0.033365,A,A,0.043387,A,A,0,A,,,,,,,,,,,,,,
2014-02-25,30270.93,31539.04,25009.98,0.022419,A,A,0.023808,A,A,0.028578,A,A,0.034808,A,A,0.044714,A,A,0,A,,,,,,,,,,,,,,
2014-02-26,30298.95,31507.81,25000.42,0.022729,A,A,0.024236,A,A,0.028830,A,A,0.035068,A,A,0.044832,A,A,0,A,,,,,,,,,,,,,,
2014-02-27,30394.31,31489.34,25017.34,0.025222,A,A,0.026864,A,A,0.031305,A,A,0.037599,A,A,0.047251,A,A,0,A,,,,,,,,,,,,,,
2014-02-28,30634.00,31468.60,25046.67,0.032408,A,A,0.034302,A,A,0.038667,A,A,0.044971,A,A,0.054564,A,A,0,A,,,,,,,,,,,,,,
2014-03-03,30617.73,31461.31,25038.57,0.030919,A,A,0.033196,A,A,0.037433,A,A,0.043562,A,A,0.052993,A,A,0,A,,,,,,,,,,,,,,
2014-03-04,30335.65,31475.47,24995.45,0.020731,A,A,0.023354,A,A,0.027333,A,A,0.033236,A,A,0.042351,A,A,0,A,,,,,,,,,,,,,,
2014-03-05,30511.96,31498.15,25034.87,0.025892,A,A,0.028912,A,A,0.032684,A,A,0.038467,A,A,0.047417,A,A,0,A,,,,,,,,,,,,,,
2014-03-06,30700.78,31528.66,25097.22,0.031401,A,A,0.034714,A,A,0.038395,A,A,0.044013,A,A,0.052843,A,A,0,A,,,,,,,,,,,,,,
2014-03-07,30742.15,31533.68,25122.52,0.031910,A,A,0.035485,A,A,0.039103,A,A,0.044534,A,A,0.053224,A,A,0,A,,,,,,,,,,,,,,
2014-03-10,30780.61,31593.24,25161.32,0.032193,A,A,0.036066,A,A,0.039731,A,A,0.044908,A,A,0.053506,A,A,0,A,,,,,,,,,,,,,,
2014-03-11,30849.92,31623.04,25198.85,0.033455,A,A,0.037662,A,A,0.041416,A,A,0.046280,A,A,0.054835,A,A,0,A,,,,,,,,,,,,,,
2014-03-12,30819.75,31640.32,25206.74,0.031453,A,A,0.035954,A,A,0.039724,A,A,0.044306,A,A,0.052817,A,A,0,A,,,,,,,,,,,,,,
2014-03-13,30754.42,31672.03,25207.58,0.028363,A,A,0.033157,A,A,0.036930,A,A,0.041237,A,A,0.049654,A,A,0,A,,,,,,,,,,,,,,
2014-03-14,30496.11,31683.01,25150.01,0.019010,A,A,0.023939,A,A,0.027740,A,A,0.031771,A,A,0.040098,A,A,0,A,,,,,,,,,,,,,,
2014-03-17,30433.86,31728.12,25171.35,0.016212,A,A,0.021278,A,A,0.025186,A,A,0.029001,A,A,0.037318,A,A,0,A,,,,,,,,,,,,,,
2014-03-18,30526.92,31739.83,25194.87,0.018415,A,A,0.023706,A,A,0.027772,A,A,0.031452,A,A,0.039786,A,A,0,A,,,,,,,,,,,,,,
2014-03-19,30753.90,31777.56,25263.02,0.024963,A,A,0.030508,A,A,0.034783,A,A,0.038367,A,A,0.046712,A,A,0,A,,,,,,,,,,,,,,
2014-03-20,30680.50,31793.29,25251.68,0.021665,A,A,0.027255,A,A,0.031714,A,A,0.035141,A,A,0.043439,A,A,0,A,,,,,,,,,,,,,,
2014-03-21,30548.91,31813.22,25228.81,0.016584,A,A,0.022231,A,A,0.026729,A,A,0.030078,A,A,0.038274,A,A,0,A,,,,,,,,,,,,,,
2014-03-24,30390.98,31819.03,25184.51,0.010902,A,A,0.016424,A,A,0.020914,A,A,0.024253,A,A,0.032363,A,A,0,A,,,,,,,,,,,,,,
2014-03-25,30434.41,31806.50,25196.55,0.011985,A,A,0.017364,A,A,0.021886,A,A,0.025223,A,A,0.033222,A,A,0,A,,,,,,,,,,,,,,
2014-03-26,30484.12,31797.20,25198.42,0.013313,A,A,0.018475,A,A,0.023122,A,A,0.026381,A,A,0.034271,A,A,0,A,,,,,,,,,,,,,,
2014-03-27,30419.01,31786.46,25187.70,0.010890,A,A,0.015799,A,A,0.020562,A,A,0.023710,A,A,0.031454,A,A,0,A,,,,,,,,,,,,,,
2014-03-28,30332.48,31786.06,25176.57,0.007765,A,A,0.012416,A,A,0.017330,A,A,0.020353,A,A,0.027941,A,A,0,A,,,,,,,,,,,,,,
2014-03-31,30538.34,31813.18,25235.86,0.013943,A,A,0.018699,A,A,0.023821,A,A,0.026792,A,A,0.034281,A,A,0,A,,,,,,,,,,,,,,
2014-04-01,30737.44,31827.71,25277.18,0.019473,A,A,0.024683,A,A,0.029978,A,A,0.032967,A,A,0.040287,A,A,0,A,,,,,,,,,,,,,,
2014-04-02,30910.74,31854.20,25317.91,0.023991,A,A,0.029763,A,A,0.035183,A,A,0.038188,A,A,0.045394,A,A,0,A,,,,,,,,,,,,,,
2014-04-03,31109.78,31870.28,25369.96,0.029135,A,A,0.035580,A,A,0.041163,A,A,0.044247,A,A,0.051308,A,A,0,A,,,,,,,,,,,,,,
2014-04-04,31147.83,31896.83,25389.71,0.028897,A,A,0.035943,A,A,0.041718,A,A,0.044890,A,A,0.051734,A,A,0,A,,,,,,,,,,,,,,
2014-04-07,31030.56,31919.65,25389.57,0.023714,A,A,0.031207,A,A,0.037178,A,A,0.040362,A,A,0.046959,A,A,0,A,,,,,,,,,,,,,,
2014-04-08,30857.80,31942.95,25376.23,0.016746,A,A,0.024758,A,A,0.030921,A,A,0.033990,A,A,0.040340,A,A,0,A,,,,,,,,,,,,,,
2014-04-09,30751.70,31952.94,25327.80,0.012025,A,A,0.020610,A,A,0.026989,A,A,0.029899,A,A,0.035986,A,A,0,A,,,,,,,,,,,,,,
2014-04-10,30970.04,31997.39,25402.97,0.017866,A,A,0.027101,A,A,0.033829,A,A,0.036602,A,A,0.042515,A,A,0,A,,,,,,,,,,,,,,
2014-04-11,30744.86,31990.41,25355.30,0.009406,A,A,0.018966,A,A,0.025901,A,A,0.028523,A,A,0.034234,A,A,0,A,,,,,,,,,,,,,,
2014-04-14,30724.91,32014.66,25368.91,0.007840,A,A,0.017570,A,A,0.024808,A,A,0.027311,A,A,0.032903,A,A,0,A,,,,,,,,,,,,,,
2014-04-15,30828.21,32062.86,25416.27,0.010294,A,A,0.020241,A,A,0.027736,A,A,0.030217,A,A,0.035713,A,A,0,A,,,,,,,,,,,,,,
2014-04-16,30947.31,32088.34,25454.77,0.013322,A,A,0.023446,A,A,0.031154,A,A,0.033671,A,A,0.039017,A,A,0,A,,,,,,,,,,,,,,
2014-04-17,31158.66,32116.04,25516.88,0.019285,A,A,0.029616,A,A,0.037577,A,A,0.040160,A,A,0.045372,A,A,0,A,,,,,,,,,,,,,,
2014-04-21,31285.06,32156.22,25560.10,0.022268,A,A,0.033012,A,A,0.041154,A,A,0.043775,A,A,0.048816,A,A,0,A,,,,,,,,,,,,,,
2014-04-22,31275.30,32159.73,25552.89,0.020900,A,A,0.031985,A,A,0.040143,A,A,0.042847,A,A,0.047762,A,A,0,A,,,,,,,,,,,,,,
2014-04-23,31517.71,32190.69,25629.38,0.027638,A,A,0.039197,A,A,0.047373,A,A,0.050219,A,A,0.055140,A,A,0,A,,,,,,,,,,,,,,
2014-04-24,31538.88,32211.88,25649.90,0.027188,A,A,0.039110,A,A,0.047185,A,A,0.050194,A,A,0.055119,A,A,0,A,,,,,,,,,,,,,,
2014-04-25,31383.02,32214.86,25624.92,0.021125,A,A,0.033238,A,A,0.041192,A,A,0.044328,A,A,0.049217,A,A,0,A,,,,,,,,,,,,,,
2014-04-28,31217.38,32240.37,25609.76,0.014945,A,A,0.026959,A,A,0.034929,A,A,0.038183,A,A,0.043055,A,A,0,A,,,,,,,,,,,,,,
2014-04-29,31165.48,32248.75,25609.12,0.012558,A,A,0.024269,A,A,0.032535,A,A,0.035887,A,A,0.040716,A,A,0,A,,,,,,,,,,,,,,
2014-04-30,31325.42,32284.09,25662.18,0.016980,A,A,0.028447,A,A,0.037101,A,A,0.040633,A,A,0.045429,A,A,0,A,,,,,,,,,,,,,,
2014-05-02,31555.44,32310.51,25739.59,0.023520,A,A,0.034746,A,A,0.043916,A,A,0.047671,A,A,0.052440,A,A,0,A,,,,,,,,,,,,,,
2014-05-05,31618.15,32350.26,25774.58,0.024650,A,A,0.035503,A,A,0.045157,A,A,0.049148,A,A,0.053828,A,A,0,A,,,,,,,,,,,,,,
2014-05-06,31654.30,32361.01,25781.56,0.025068,A,A,0.035433,A,A,0.045515,A,A,0.049687,A,A,0.054358,A,A,0,A,,,,,,,,,,,,,,
2014-05-07,31641.84,32312.47,25760.15,0.023910,A,A,0.033712,A,A,0.044244,A,A,0.048598,A,A,0.053276,A,A,0,A,,,,,,,,,,,,,,
2014-05-08,31658.44,32251.91,25701.99,0.023474,A,A,0.032905,A,A,0.043940,A,A,0.048423,A,A,0.053157,A,A,0,A,,,,,,,,,,,,,,
2014-05-09,31316.99,32284.30,25642.60,0.011850,A,A,0.020644,A,A,0.031995,A,A,0.036522,A,A,0.041190,A,A,0,A,,,,,,,,,,,,,,
2014-05-12,31321.17,32288.43,25639.10,0.011534,A,A,0.019736,A,A,0.031487,A,A,0.036081,A,A,0.040725,A,A,0,A,,,,,,,,,,,,,,
2014-05-13,31320.38,32279.33,25626.24,0.011089,A,A,0.018759,A,A,0.030812,A,A,0.035509,A,A,0.040097,A,A,0,A,,,,,,,,,,,,,,
2014-05-14,31361.93,32300.06,25647.55,0.012009,A,A,0.019177,A,A,0.031466,A,A,0.036272,A,A,0.040854,A,A,0,A,,,,,,,,,,,,,,
2014-05-15,31469.60,32349.08,25707.42,0.015032,A,A,0.021789,A,A,0.034252,A,A,0.039142,A,A,0.043765,A,A,0,A,,,,,,,,,,,,,,
2014-05-16,31488.45,32366.56,25732.47,0.015153,A,A,0.021562,A,A,0.034132,A,A,0.039027,A,A,0.043750,A,A,0,A,,,,,,,,,,,,,,
2014-05-19,31427.97,32391.42,25726.87,0.012715,A,A,0.018725,A,A,0.031447,A,A,0.036324,A,A,0.041176,A,A,0,A,,,,,,,,,,,,,,
2014-05-20,31387.78,32401.83,25722.04,0.010774,A,A,0.016636,A,A,0.029438,A,A,0.034290,A,A,0.039311,A,A,0,A,,,,,,,,,,,,,,
2014-05-22,31472.30,32425.77,25748.56,0.012744,A,A,0.018584,A,A,0.031462,A,A,0.036399,A,A,0.041559,A,A,0,A,,,,,,,,,,,,,,
2014-05-23,31580.35,32477.22,25809.95,0.015456,A,A,0.021269,A,A,0.034156,A,A,0.039249,A,A,0.044553,A,A,0,A,,,,,,,,,,,,,,
2014-05-26,31818.15,32507.53,25892.81,0.022325,A,A,0.028039,A,A,0.041030,A,A,0.046304,A,A,0.051747,A,A,0,A,,,,,,,,,,,,,,
2014-05-27,31851.61,32508.72,25900.83,0.022545,A,A,0.028232,A,A,0.041255,A,A,0.046617,A,A,0.052161,A,A,0,A,,,,,,,,,,,,,,
2014-05-28,31912.93,32543.15,25938.15,0.023517,A,A,0.029327,A,A,0.042392,A,A,0.047832,A,A,0.053476,A,A,0,A,,,,,,,,,,,,,,
2014-05-29,31797.27,32552.43,25917.03,0.018787,A,A,0.024808,A,A,0.037869,A,A,0.043252,A,A,0.048971,A,A,0,A,,,,,,,,,,,,,,
2014-05-30,31694.34,32590.61,25918.37,0.014579,A,A,0.020773,A,A,0.033856,A,A,0.039141,A,A,0.044955,A,A,0,A,,,,,,,,,,,,,,
2014-06-02,31757.65,32629.48,25962.68,0.015685,A,A,0.022111,A,A,0.035280,A,A,0.040485,A,A,0.046450,A,A,0,A,,,,,,,,,,,,,,
2014-06-03,31755.60,32631.37,25973.27,0.014656,A,A,0.021469,A,A,0.034583,A,A,0.039722,A,A,0.045830,A,A,0,A,,,,,,,,,,,,,,
2014-06-04,31798.90,32676.09,26029.88,0.014982,A,A,0.022255,A,A,0.035318,A,A,0.040426,A,A,0.046708,A,A,0,A,,,,,,,,,,,,,,
2014-06-05,31867.87,32696.53,26054.36,0.016225,A,A,0.023684,A,A,0.036734,A,A,0.041905,A,A,0.048374,A,A,0,A,,,,,,,,,,,,,,
2014-06-06,31971.47,32721.86,26083.62,0.018638,A,A,0.026260,A,A,0.039101,A,A,0.044478,A,A,0.051132,A,A,0,A,,,,,,,,,,,,,,
2014-06-09,31981.65,32777.98,26119.43,0.018191,A,A,0.025928,A,A,0.038419,A,A,0.044014,A,A,0.050777,A,A,0,A,,,,,,,,,,,,,,
2014-06-10,32064.37,32784.38,26133.29,0.020135,A,A,0.027900,A,A,0.040029,A,A,0.045904,A,A,0.052792,A,A,0,A,,,,,,,,,,,,,,
2014-06-11,32236.40,32794.73,26168.35,0.024820,A,A,0.032662,A,A,0.044454,A,A,0.050639,A,A,0.057699,A,A,0,A,,,,,,,,,,,,,,
2014-06-12,32240.08,32791.62,26166.02,0.024062,A,A,0.032062,A,A,0.043465,A,A,0.049860,A,A,0.057105,A,A,0,A,,,,,,,,,,,,,,
2014-06-13,32144.38,32789.13,26146.68,0.020095,A,A,0.028317,A,A,0.039250,A,A,0.045831,A,A,0.053240,A,A,0,A,,,,,,,,,,,,,,
2014-06-16,32172.36,32824.63,26174.05,0.019962,A,A,0.028483,A,A,0.039007,A,A,0.045845,A,A,0.053388,A,A,0,A,,,,,,,,,,,,,,
2014-06-17,32204.50,32845.16,26201.65,0.020093,A,A,0.028633,A,A,0.038912,A,A,0.046032,A,A,0.053627,A,A,0,A,,,,,,,,,,,,,,
2014-06-18,32250.79,32861.62,26228.10,0.020478,A,A,0.029178,A,A,0.039309,A,A,0.046684,A,A,0.054322,A,A,0,A,,,,,,,,,,,,,,
2014-06-19,32370.56,32870.08,26250.23,0.023084,A,A,0.032051,A,A,0.042092,A,A,0.049743,A,A,0.057368,A,A,0,A,,,,,,,,,,,,,,
2014-06-20,32389.84,32879.98,26259.96,0.022572,A,A,0.031825,A,A,0.041658,A,A,0.049578,A,A,0.057177,A,A,0,A,,,,,,,,,,,,,,
2014-06-23,32395.04,32901.83,26279.82,0.021698,A,A,0.031111,A,A,0.040846,A,A,0.048987,A,A,0.056529,A,A,0,A,,,,,,,,,,,,,,
2014-06-24,32220.82,32890.85,26232.67,0.015447,A,A,0.024713,A,A,0.034380,A,A,0.042655,A,A,0.050099,A,A,0,A,,,,,,,,,,,,,,
2014-06-25,32114.23,32881.28,26203.18,0.011501,A,A,0.020450,A,A,0.030084,A,A,0.038528,A,A,0.045905,A,A,0,A,,,,,,,,,,,,,,
2014-06-26,32117.63,32909.92,26218.94,0.011012,A,A,0.019706,A,A,0.029365,A,A,0.037851,A,A,0.045301,A,A,0,A,,,,,,,,,,,,,,
2014-06-27,32144.86,32924.70,26235.75,0.011425,A,A,0.019730,A,A,0.029429,A,A,0.037822,A,A,0.045446,A,A,0,A,,,,,,,,,,,,,,
2014-06-30,32191.76,32980.54,26270.24,0.012439,A,A,0.020321,A,A,0.030131,A,A,0.038407,A,A,0.046226,A,A,0,A,,,,,,,,,,,,,,
2014-07-01,32315.57,32986.61,26307.75,0.015671,A,A,0.023241,A,A,0.033259,A,A,0.041403,A,A,0.049489,A,A,0,A,,,,,,,,,,,,,,
2014-07-02,32399.04,33004.45,26333.86,0.017454,A,A,0.024940,A,A,0.035098,A,A,0.043059,A,A,0.051444,A,A,0,A,,,,,,,,,,,,,,
2014-07-03,32496.85,33013.91,26357.21,0.019579,A,A,0.027141,A,A,0.037380,A,A,0.045180,A,A,0.053832,A,A,0,A,,,,,,,,,,,,,,
2014-07-04,32535.76,33017.27,26360.11,0.019939,A,A,0.027546,A,A,0.037788,A,A,0.045349,A,A,0.054263,A,A,0,A,,,,,,,,,,,,,,
2014-07-07,32460.82,33024.44,26350.08,0.016948,A,A,0.024496,A,A,0.034605,A,A,0.041869,A,A,0.051026,A,A,0,A,,,,,,,,,,,,,,
2014-07-08,32481.86,33042.91,26360.96,0.016996,A,A,0.024486,A,A,0.034511,A,A,0.041488,A,A,0.050910,A,A,0,A,,,,,,,,,,,,,,
2014-07-09,32496.64,33044.70,26367.98,0.016863,A,A,0.024213,A,A,0.034300,A,A,0.040949,A,A,0.050599,A,A,0,A,,,,,,,,,,,,,,
2014-07-10,32617.02,33074.61,26404.46,0.019938,A,A,0.027117,A,A,0.037398,A,A,0.043808,A,A,0.053662,A,A,0,A,,,,,,,,,,,,,,
2014-07-11,32550.60,33080.44,26396.16,0.017230,A,A,0.024119,A,A,0.034476,A,A,0.040733,A,A,0.050690,A,A,0,A,,,,,,,,,,,,,,
2014-07-14,32586.37,33112.91,26411.22,0.017451,A,A,0.024430,A,A,0.034854,A,A,0.040982,A,A,0.050968,A,A,0,A,,,,,,,,,,,,,,
2014-07-15,32687.20,33140.88,26445.97,0.019633,A,A,0.026621,A,A,0.037329,A,A,0.043308,A,A,0.053335,A,A,0,A,,,,,,,,,,,,,,
2014-07-17,32834.96,33174.43,26493.69,0.023168,A,A,0.030195,A,A,0.041250,A,A,0.047037,A,A,0.057210,A,A,0,A,,,,,,,,,,,,,,
2014-07-18,32878.78,33179.42,26525.73,0.023458,A,A,0.030533,A,A,0.041870,A,A,0.047475,A,A,0.057740,A,A,0,A,,,,,,,,,,,,,,
2014-07-21,33131.48,33227.60,26580.81,0.030140,A,A,0.037344,A,A,0.049034,A,A,0.054504,A,A,0.064969,A,A,0,A,,,,,,,,,,,,,,
2014-07-22,33057.44,33219.83,26544.84,0.026725,A,A,0.034066,A,A,0.045867,A,A,0.051176,A,A,0.061748,A,A,0,A,,,,,,,,,,,,,,
2014-07-23,33141.93,33223.25,26557.54,0.028133,A,A,0.035768,A,A,0.047661,A,A,0.052876,A,A,0.063623,A,A,0,A,,,,,,,,,,,,,,
2014-07-24,33209.31,33287.08,26609.82,0.028931,A,A,0.036895,A,A,0.048791,A,A,0.054038,A,A,0.064935,A,A,0,A,,,,,,,,,,,,,,
2014-07-25,33210.27,33293.45,26613.12,0.027731,A,A,0.036069,A,A,0.047801,A,A,0.053113,A,A,0.064095,A,A,0,A,,,,,,,,,,,,,,
2014-07-28,33143.80,33294.87,26605.23,0.024573,A,A,0.033187,A,A,0.044745,A,A,0.050094,A,A,0.061024,A,A,0,A,,,,,,,,,,,,,,
2014-07-29,33128.57,33296.09,26614.61,0.023181,A,A,0.031835,A,A,0.043397,A,A,0.048716,A,A,0.059506,A,A,0,A,,,,,,,,,,,,,,
2014-07-30,33203.72,33304.24,26639.04,0.024551,A,A,0.033177,A,A,0.044841,A,A,0.050205,A,A,0.060853,A,A,0,A,,,,,,,,,,,,,,
2014-07-31,33365.64,33337.74,26702.67,0.028523,A,A,0.037106,A,A,0.048904,A,A,0.054459,A,A,0.064901,A,A,0,A,,,,,,,,,,,,,,
2014-08-01,33115.36,33316.02,26650.77,0.019887,A,A,0.028433,A,A,0.040046,A,A,0.045763,A,A,0.055857,A,A,0,A,,,,,,,,,,,,,,
2014-08-04,32998.73,33325.12,26624.81,0.015388,A,A,0.024093,A,A,0.035456,A,A,0.041246,A,A,0.051152,A,A,0,A,,,,,,,,,,,,,,
2014-08-05,33142.64,33353.14,26657.05,0.018852,A,A,0.027800,A,A,0.039009,A,A,0.044961,A,A,0.054673,A,A,0,A,,,,,,,,,,,,,,
2014-08-06,33223.40,33387.19,26703.09,0.020311,A,A,0.029522,A,A,0.040524,A,A,0.046715,A,A,0.056143,A,A,0,A,,,,,,,,,,,,,,
2014-08-07,33158.34,33440.75,26724.27,0.017369,A,A,0.026752,A,A,0.037467,A,A,0.043908,A,A,0.053013,A,A,0,A,,,,,,,,,,,,,,
2014-08-08,32977.38,33499.54,26731.26,0.011052,A,A,0.020497,A,A,0.030931,A,A,0.037527,A,A,0.046299,A,A,0,A,,,,,,,,,,,,,,
2014-08-11,33038.87,33548.44,26756.07,0.012201,A,A,0.021549,A,A,0.032028,A,A,0.038781,A,A,0.047313,A,A,0,A,,,,,,,,,,,,,,
2014-08-12,33174.45,33589.96,26801.69,0.015530,A,A,0.024824,A,A,0.035449,A,A,0.042309,A,A,0.050655,A,A,0,A,,,,,,,,,,,,,,
2014-08-13,33290.09,33623.73,26849.66,0.018221,A,A,0.027419,A,A,0.038274,A,A,0.045149,A,A,0.053383,A,A,0,A,,,,,,,,,,,,,,
2014-08-14,33448.90,33746.23,26945.70,0.022236,A,A,0.031283,A,A,0.042396,A,A,0.049208,A,A,0.057458,A,A,0,A,,,,,,,,,,,,,,
2014-08-18,33588.81,33820.55,27020.29,0.025573,A,A,0.034540,A,A,0.045829,A,A,0.052605,A,A,0.060855,A,A,0,A,,,,,,,,,,,,,,
2014-08-19,33703.86,33832.58,27048.31,0.027998,A,A,0.036978,A,A,0.048379,A,A,0.055210,A,A,0.063464,A,A,0,A,,,,,,,,,,,,,,
2014-08-20,33945.55,33961.78,27178.83,0.034127,A,A,0.043152,A,A,0.054733,A,A,0.061766,A,A,0.070017,A,A,0,A,,,,,,,,,,,,,,
2014-08-21,34164.47,34018.94,27261.58,0.039417,A,A,0.048481,A,A,0.060366,A,A,0.067506,A,A,0.075799,A,A,0,A,,,,,,,,,,,,,,
2014-08-22,34237.11,34147.12,27363.19,0.040230,A,A,0.049319,A,A,0.061342,A,A,0.068603,A,A,0.076959,A,A,0,A,,,,,,,,,,,,,,
2014-08-25,34209.44,34151.86,27361.73,0.038100,A,A,0.047153,A,A,0.059213,A,A,0.066529,A,A,0.074996,A,A,0,A,,,,,,,,,,,,,,
2014-08-26,34262.17,34173.12,27384.62,0.038389,A,A,0.047542,A,A,0.059594,A,A,0.066960,A,A,0.075566,A,A,0,A,,,,,,,,,,,,,,
2014-08-27,34378.03,34194.73,27412.49,0.040511,A,A,0.049818,A,A,0.061925,A,A,0.069333,A,A,0.078100,A,A,0,A,,,,,,,,,,,,,,
2014-08-28,34589.42,34188.10,27459.65,0.045244,A,A,0.054926,A,A,0.067198,A,A,0.074581,A,A,0.083572,A,A,0,A,,,,,,,,,,,,,,
2014-08-29,34715.90,34273.38,27529.74,0.047236,A,A,0.057313,A,A,0.069842,A,A,0.077113,A,A,0.086367,A,A,0,A,,,,,,,,,,,,,,
2014-09-01,34651.15,34278.75,27518.59,0.043511,A,A,0.053858,A,A,0.066614,A,A,0.073799,A,A,0.083260,A,A,0,A,,,,,,,,,,,,,,
2014-09-02,34619.85,34281.22,27517.67,0.040844,A,A,0.051476,A,A,0.064521,A,A,0.071601,A,A,0.081208,A,A,0,A,,,,,,,,,,,,,,
2014-09-03,34813.19,34298.34,27570.34,0.044827,A,A,0.055816,A,A,0.069270,A,A,0.076348,A,A,0.086041,A,A,0,A,,,,,,,,,,,,,,
2014-09-04,34887.57,34256.16,27551.84,0.045266,A,A,0.056525,A,A,0.070274,A,A,0.077449,A,A,0.087183,A,A,0,A,,,,,,,,,,,,,,
2014-09-05,34947.45,34091.13,27469.89,0.045287,A,A,0.056799,A,A,0.070750,A,A,0.078093,A,A,0.087907,A,A,0,A,,,,,,,,,,,,,,
2014-09-08,34741.47,33903.61,27315.99,0.037578,A,A,0.049197,A,A,0.063145,A,A,0.070572,A,A,0.080427,A,A,0,A,,,,,,,,,,,,,,
2014-09-09,34632.52,33887.82,27297.96,0.032887,A,A,0.044600,A,A,0.058620,A,A,0.066033,A,A,0.076016,A,A,0,A,,,,,,,,,,,,,,
2014-09-10,34764.13,33888.67,27343.37,0.035232,A,A,0.047237,A,A,0.061486,A,A,0.068827,A,A,0.079063,A,A,0,A,,,,,,,,,,,,,,
2014-09-11,34593.44,33906.10,27322.06,0.028711,A,A,0.040940,A,A,0.055209,A,A,0.062452,A,A,0.072768,A,A,0,A,,,,,,,,,,,,,,
2014-09-12,34514.27,33899.97,27308.66,0.024990,A,A,0.037449,A,A,0.051775,A,A,0.058853,A,A,0.069323,A,A,0,A,,,,,,,,,,,,,,
2014-09-15,34381.14,33804.38,27213.31,0.019849,A,A,0.032362,A,A,0.046747,A,A,0.053643,A,A,0.064182,A,A,0,A,,,,,,,,,,,,,,
2014-09-16,34374.20,33837.76,27246.18,0.018419,A,A,0.031089,A,A,0.045575,A,A,0.052342,A,A,0.062938,A,A,0,A,,,,,,,,,,,,,,
2014-09-17,34388.57,33862.27,27248.31,0.017637,A,A,0.030465,A,A,0.044928,A,A,0.051726,A,A,0.062376,A,A,0,A,,,,,,,,,,,,,,
2014-09-22,34481.74,33895.04,27301.98,0.019192,A,A,0.032179,A,A,0.046642,A,A,0.053556,A,A,0.064281,A,A,0,A,,,,,,,,,,,,,,
2014-09-23,34482.14,33896.76,27319.61,0.018102,A,A,0.031172,A,A,0.045539,A,A,0.052589,A,A,0.063304,A,A,0,A,,,,,,,,,,,,,,
2014-09-24,34274.29,33857.57,27248.52,0.011040,A,A,0.024055,A,A,0.038218,A,A,0.045333,A,A,0.055932,A,A,0,A,,,,,,,,,,,,,,
2014-09-25,34289.42,33878.51,27269.77,0.010719,A,A,0.023602,A,A,0.037691,A,A,0.044953,A,A,0.055392,A,A,0,A,,,,,,,,,,,,,,
2014-09-26,34082.87,33847.65,27227.21,0.003956,A,A,0.016553,A,A,0.030542,A,A,0.037892,A,A,0.048100,A,A,0,A,,,,,,,,,,,,,,
2014-09-29,34091.03,33858.46,27235.44,0.003573,A,A,0.015861,A,A,0.029867,A,A,0.037326,A,A,0.047429,A,A,0,A,,,,,,,,,,,,,,
2014-09-30,33931.05,33759.09,27145.36,-0.001608,A,A,0.010240,A,A,0.024160,A,A,0.031647,A,A,0.041622,A,A,0,A,,,,,,,,,,,,,,
2014-10-01,33726.21,33742.06,27099.19,-0.007970,A,A,0.003403,A,A,0.017208,A,A,0.024659,A,A,0.034478,A,A,0,A,,,,,,,,,,,,,,
2014-10-02,33417.61,33687.89,27018.92,-0.017223,A,A,-0.006344,A,A,0.007280,A,A,0.014669,A,A,0.024295,A,A,0,A,,,,,,,,,,,,,,
2014-10-03,33217.75,33656.90,26955.86,-0.023158,fuera,A,-0.012701,A,A,0.000787,A,A,0.008116,A,A,0.017555,A,A,0,A,,,,,,,,,,,,,,
2014-10-06,33498.61,33663.08,26996.52,-0.015088,fuera,A,-0.004861,A,A,0.008693,A,A,0.016087,A,A,0.025513,A,A,0,A,,,,,,,,,,,,,,
2014-10-07,33681.72,33667.81,27011.22,-0.009909,fuera,A,0.000029,A,A,0.013607,A,A,0.021044,A,A,0.030475,A,A,0,A,,,,,,,,,,,,,,
2014-10-08,33483.12,33612.37,26949.43,-0.015983,fuera,A,-0.006305,A,A,0.007062,A,A,0.014484,A,A,0.023818,A,A,0,A,,,,,,,,,,,,,,
2014-10-09,33454.86,33639.13,26939.60,-0.017106,fuera,fuera,-0.007601,A,A,0.005621,A,A,0.013102,A,A,0.022352,A,A,1,A,,,,,,,,,,,,,,
2014-10-10,33150.58,33660.67,26904.07,-0.026051,fuera,fuera,-0.016932,A,A,-0.003989,A,A,0.003357,A,A,0.012491,A,A,1,A,,,,,,,,,,,,,,
2014-10-13,32870.61,33700.09,26872.41,-0.034054,fuera,fuera,-0.025403,fuera,A,-0.012768,A,A,-0.005560,A,A,0.003425,A,A,1,A,,,,,,,,,,,,,,
2014-10-14,32604.07,33681.08,26798.98,-0.041540,fuera,fuera,-0.033300,fuera,A,-0.021037,fuera,A,-0.013989,A,A,-0.005106,A,A,1,A,,,,,,,,,,,,,,
2014-10-15,32570.81,33796.60,26852.68,-0.042263,fuera,fuera,-0.034295,fuera,A,-0.022265,fuera,A,-0.015338,A,A,-0.006560,A,A,1,A,,,,,,,,,,,,,,
2014-10-16,32389.71,33834.10,26847.60,-0.047184,fuera,fuera,-0.039577,fuera,A,-0.027837,fuera,A,-0.021072,fuera,A,-0.012482,A,A,1,A,,,,,,,,,,,,,,
2014-10-17,32309.24,33838.45,26832.31,-0.049014,fuera,fuera,-0.041795,fuera,fuera,-0.030358,fuera,A,-0.023735,fuera,A,-0.015288,A,A,2,E,,,,,,,,,,,,,,
2014-10-20,32373.29,33873.03,26865.95,-0.046557,fuera,fuera,-0.039690,fuera,fuera,-0.028536,fuera,fuera,-0.022065,fuera,A,-0.013676,A,A,3,E,,,,,,,,,,,,,,
2014-10-21,32501.25,33900.38,26915.27,-0.042194,fuera,fuera,-0.035726,fuera,fuera,-0.024782,fuera,fuera,-0.018514,fuera,A,-0.010099,A,A,3,E,,,,,,,,,,,,,,
2014-10-22,32592.75,33933.42,26947.22,-0.038870,fuera,fuera,-0.032770,fuera,fuera,-0.022151,fuera,fuera,-0.016068,fuera,fuera,-0.007626,A,A,4,E,,,,,,,,,,,,,,
2014-10-23,32625.66,34005.30,27007.85,-0.037220,fuera,fuera,-0.031599,fuera,fuera,-0.021321,fuera,fuera,-0.015371,fuera,fuera,-0.006948,A,A,4,E,,,,,,,,,,,,,,
2014-10-24,32724.15,34048.66,27055.17,-0.033539,fuera,fuera,-0.028487,fuera,fuera,-0.018547,fuera,fuera,-0.012655,fuera,fuera,-0.004240,A,A,4,E,,,,,,,,,,,,,,
2014-10-27,32796.19,34088.09,27089.47,-0.030541,fuera,fuera,-0.026162,fuera,fuera,-0.016580,fuera,fuera,-0.010750,fuera,fuera,-0.002351,A,A,4,E,,,,,,,,,,,,,,
2014-10-28,32691.52,34101.31,27088.60,-0.032653,fuera,fuera,-0.029036,fuera,fuera,-0.019863,fuera,fuera,-0.014128,fuera,fuera,-0.005849,A,A,4,E,,,,,,,,,,,,,,
2014-10-29,32848.43,34110.29,27106.81,-0.027139,fuera,fuera,-0.024242,fuera,fuera,-0.015315,fuera,fuera,-0.009695,fuera,fuera,-0.001470,A,A,4,E,,,,,,,,,,,,,,
2014-10-30,32792.08,34158.39,27123.23,-0.027868,fuera,fuera,-0.025764,fuera,fuera,-0.017136,fuera,fuera,-0.011705,fuera,fuera,-0.003574,A,A,4,E,,,,,,,,,,,,,,
2014-11-03,33208.05,34211.48,27243.67,-0.014777,fuera,fuera,-0.013408,fuera,fuera,-0.004938,fuera,fuera,0.000415,fuera,fuera,0.008607,A,A,4,E,,,,,,,,,,,,,,
2014-11-04,33370.05,34211.51,27283.15,-0.009174,fuera,fuera,-0.008597,fuera,fuera,-0.000466,fuera,fuera,0.004830,fuera,fuera,0.013085,A,A,4,E,,,,,,,,,,,,,,
2014-11-05,33522.76,34219.48,27323.04,-0.003855,fuera,fuera,-0.004248,fuera,fuera,0.003638,fuera,fuera,0.008929,fuera,fuera,0.017254,A,A,4,E,,,,,,,,,,,,,,
2014-11-06,33604.66,34221.05,27336.72,-0.000731,fuera,fuera,-0.002096,fuera,fuera,0.005592,fuera,fuera,0.010891,fuera,fuera,0.019260,A,A,4,E,,,,,,,,,,,,,,
2014-11-07,33584.96,34197.10,27328.38,-0.000633,fuera,fuera,-0.002886,fuera,fuera,0.004522,fuera,fuera,0.009832,fuera,fuera,0.018187,A,A,4,E,,,,,,,,,,,,,,
2014-11-10,33520.82,34237.31,27343.73,-0.001689,fuera,fuera,-0.004927,fuera,fuera,0.002161,fuera,fuera,0.007459,fuera,fuera,0.015787,A,A,4,E,,,,,,,,,,,,,,
2014-11-11,33505.04,34238.52,27332.82,-0.001245,fuera,fuera,-0.005556,fuera,fuera,0.001293,fuera,fuera,0.006570,fuera,fuera,0.014775,A,A,4,E,,,,,,,,,,,,,,
2014-11-12,33666.19,34255.52,27388.35,0.004411,fuera,fuera,-0.001092,fuera,fuera,0.005686,fuera,fuera,0.010997,fuera,fuera,0.019081,A,A,4,E,,,,,,,,,,,,,,
2014-11-13,33775.85,34276.66,27421.43,0.008328,fuera,fuera,0.001820,fuera,fuera,0.008534,fuera,fuera,0.013845,fuera,fuera,0.021798,A,A,4,E,,,,,,,,,,,,,,
2014-11-14,33854.76,34297.30,27462.56,0.011206,fuera,fuera,0.003844,fuera,fuera,0.010448,fuera,fuera,0.015717,fuera,fuera,0.023572,A,A,4,E,,,,,,,,,,,,,,
2014-11-17,33899.52,34332.99,27492.43,0.013124,fuera,fuera,0.004887,fuera,fuera,0.011301,fuera,fuera,0.016558,fuera,fuera,0.024328,A,A,4,E,,,,,,,,,,,,,,
2014-11-18,33785.00,34348.84,27471.95,0.010244,fuera,fuera,0.001336,fuera,fuera,0.007450,fuera,fuera,0.012667,fuera,fuera,0.020306,A,A,4,E,,,,,,,,,,,,,,
2014-11-19,33906.02,34385.99,27516.37,0.014273,fuera,fuera,0.004776,fuera,fuera,0.010586,fuera,fuera,0.015815,fuera,fuera,0.023353,A,A,4,E,,,,,,,,,,,,,,
2014-11-20,34055.15,34411.78,27560.73,0.018955,fuera,fuera,0.009031,fuera,fuera,0.014548,fuera,fuera,0.019792,fuera,fuera,0.027198,A,A,4,E,,,,,,,,,,,,,,
2014-11-21,34106.96,34470.84,27595.93,0.020686,A,fuera,0.010490,fuera,fuera,0.015568,fuera,fuera,0.020844,A,fuera,0.028112,A,A,4,E,,,,,,,,,,,,,,
2014-11-24,34158.85,34505.18,27617.53,0.022395,A,fuera,0.012030,fuera,fuera,0.016585,fuera,fuera,0.021883,A,fuera,0.029041,A,A,4,E,,,,,,,,,,,,,,
2014-11-25,34260.70,34530.71,27651.19,0.025595,A,fuera,0.015037,fuera,fuera,0.019085,fuera,fuera,0.024335,A,fuera,0.031507,A,A,4,E,,,,,,,,,,,,,,
2014-11-26,34371.10,34537.35,27688.32,0.028975,A,fuera,0.018232,fuera,fuera,0.021851,A,fuera,0.026976,A,fuera,0.034209,A,A,4,E,,,,,,,,,,,,,,
2014-11-27,34566.07,34590.25,27749.06,0.034611,A,A,0.023863,A,fuera,0.027074,A,fuera,0.032082,A,A,0.039417,A,A,2,E,,,,,,,,,,,,,,
2014-11-28,34519.02,34611.83,27753.50,0.033045,A,A,0.022403,A,fuera,0.025207,A,fuera,0.029982,A,A,0.037328,A,A,2,E,,,,,,,,,,,,,,
2014-12-01,34665.60,34623.71,27811.43,0.037030,A,A,0.026708,A,fuera,0.029014,A,fuera,0.033629,A,A,0.040995,A,A,2,E,,,,,,,,,,,,,,
2014-12-02,34616.94,34618.83,27810.10,0.035213,A,A,0.025314,A,fuera,0.027070,A,A,0.031504,A,A,0.038826,A,A,1,A,,,,,,,,,,,,,,
2014-12-03,34805.98,34644.22,27857.79,0.040261,A,A,0.030839,A,A,0.032136,A,A,0.036429,A,A,0.043741,A,A,0,A,,,,,,,,,,,,,,
2014-12-04,34730.73,34634.50,27833.89,0.037320,A,A,0.028558,A,A,0.029388,A,A,0.033533,A,A,0.040758,A,A,0,A,,,,,,,,,,,,,,
2014-12-05,34715.91,34609.42,27817.86,0.035984,A,A,0.028165,A,A,0.028417,A,A,0.032454,A,A,0.039610,A,A,0,A,,,,,,,,,,,,,,
2014-12-09,34567.25,34650.02,27813.45,0.030626,A,A,0.023914,A,A,0.023528,A,A,0.027420,A,A,0.034520,A,A,0,A,,,,,,,,,,,,,,
2014-12-10,34436.64,34636.58,27787.61,0.026094,A,A,0.020287,A,A,0.019247,A,A,0.022972,A,A,0.030010,A,A,0,A,,,,,,,,,,,,,,
2014-12-11,34244.69,34622.72,27741.20,0.019994,A,A,0.014833,A,A,0.013273,A,A,0.016767,A,A,0.023739,A,A,0,A,,,,,,,,,,,,,,
2014-12-12,34132.35,34661.98,27738.13,0.016212,A,A,0.011738,A,A,0.009612,A,A,0.012998,A,A,0.019922,A,A,0,A,,,,,,,,,,,,,,
2014-12-15,33925.22,34661.15,27700.65,0.009730,A,A,0.005989,A,A,0.003179,A,A,0.006459,A,A,0.013327,A,A,0,A,,,,,,,,,,,,,,
2014-12-16,33625.46,34636.69,27628.38,0.000494,A,A,-0.002452,A,A,-0.005842,A,A,-0.002727,A,A,0.004021,A,A,0,A,,,,,,,,,,,,,,
2014-12-17,33420.25,34646.29,27597.96,-0.005973,A,A,-0.008037,A,A,-0.011973,A,A,-0.009018,A,A,-0.002401,A,A,0,A,,,,,,,,,,,,,,
2014-12-18,33613.55,34672.43,27622.04,-0.000890,A,A,-0.001944,A,A,-0.006407,A,A,-0.003505,A,A,0.003034,A,A,0,A,,,,,,,,,,,,,,
2014-12-19,33871.57,34706.94,27699.86,0.005915,A,A,0.005952,A,A,0.000926,A,A,0.003863,A,A,0.010346,A,A,0,A,,,,,,,,,,,,,,
2014-12-22,33966.79,34707.70,27722.55,0.007694,A,A,0.008977,A,A,0.003434,A,A,0.006447,A,A,0.012803,A,A,0,A,,,,,,,,,,,,,,
2014-12-23,34030.67,34719.49,27750.55,0.008445,A,A,0.011086,A,A,0.005038,A,A,0.008063,A,A,0.014314,A,A,0,A,,,,,,,,,,,,,,
2014-12-24,33958.23,34704.83,27735.39,0.005249,A,A,0.009179,A,A,0.002679,A,A,0.005686,A,A,0.011781,A,A,0,A,,,,,,,,,,,,,,
2014-12-26,33998.16,34707.88,27743.94,0.005441,A,A,0.010496,A,A,0.003677,A,A,0.006644,A,A,0.012545,A,A,0,A,,,,,,,,,,,,,,
2014-12-29,34039.75,34695.31,27731.76,0.005714,A,A,0.011849,A,A,0.004756,A,A,0.007640,A,A,0.013322,A,A,0,A,,,,,,,,,,,,,,
2014-12-30,34102.24,34691.53,27735.92,0.006585,A,A,0.013698,A,A,0.006469,A,A,0.009217,A,A,0.014707,A,A,0,A,,,,,,,,,,,,,,
2014-12-31,34042.23,34719.19,27749.61,0.003946,A,A,0.011937,A,A,0.004666,A,A,0.007182,A,A,0.012468,A,A,0,A,,,,,,,,,,,,,,
2015-01-02,34001.79,34706.90,27735.63,0.001961,A,A,0.010701,A,A,0.003527,A,A,0.005759,A,A,0.010833,A,A,0,A,,,,,,,,,,,,,,
2015-01-05,34211.67,34725.28,27792.44,0.007143,A,A,0.016711,A,A,0.009729,A,A,0.011726,A,A,0.016618,A,A,0,A,,,,,,,,,,,,,,
2015-01-06,33999.62,34716.37,27759.43,0.000148,A,A,0.010136,A,A,0.003540,A,A,0.005205,A,A,0.009935,A,A,0,A,,,,,,,,,,,,,,
2015-01-07,33698.29,34721.49,27689.14,-0.009303,A,A,0.000960,A,A,-0.005170,A,A,-0.003900,A,A,0.000701,A,A,0,A,,,,,,,,,,,,,,
2015-01-08,33809.64,34732.02,27702.35,-0.006420,A,A,0.004123,A,A,-0.001697,A,A,-0.000796,A,A,0.003706,A,A,0,A,,,,,,,,,,,,,,
2015-01-09,34131.69,34765.15,27775.82,0.002545,A,A,0.013476,A,A,0.007964,A,A,0.008464,A,A,0.012868,A,A,0,A,,,,,,,,,,,,,,
2015-01-12,34132.32,34762.82,27787.55,0.002165,A,A,0.013189,A,A,0.008175,A,A,0.008206,A,A,0.012493,A,A,0,A,,,,,,,,,,,,,,
2015-01-13,34133.97,34748.51,27791.74,0.001868,A,A,0.012919,A,A,0.008395,A,A,0.007927,A,A,0.012152,A,A,0,A,,,,,,,,,,,,,,
2015-01-14,34232.97,34757.98,27817.12,0.004349,A,A,0.015347,A,A,0.011448,A,A,0.010511,A,A,0.014702,A,A,0,A,,,,,,,,,,,,,,
2015-01-15,34403.23,34812.38,27890.85,0.008764,A,A,0.019673,A,A,0.016616,A,A,0.015186,A,A,0.019304,A,A,0,A,,,,,,,,,,,,,,
2015-01-16,34318.71,34817.57,27883.65,0.005752,A,A,0.016361,A,A,0.014308,A,A,0.012399,A,A,0.016386,A,A,0,A,,,,,,,,,,,,,,
2015-01-19,34532.72,34861.13,27953.27,0.011453,A,A,0.021771,A,A,0.020772,A,A,0.018403,A,A,0.022281,A,A,0,A,,,,,,,,,,,,,,
2015-01-20,34614.98,34864.64,27976.13,0.013309,A,A,0.023153,A,A,0.023246,A,A,0.020534,A,A,0.024288,A,A,0,A,,,,,,,,,,,,,,
2015-01-21,34626.50,34875.41,27993.77,0.013138,A,A,0.022399,A,A,0.023588,A,A,0.020610,A,A,0.024208,A,A,0,A,,,,,,,,,,,,,,
2015-01-22,34890.32,34887.50,28047.83,0.020200,A,A,0.028994,A,A,0.031344,A,A,0.028113,A,A,0.031586,A,A,0,A,,,,,,,,,,,,,,
2015-01-23,35113.59,34929.15,28107.43,0.025843,A,A,0.034333,A,A,0.037767,A,A,0.034417,A,A,0.037686,A,A,0,A,,,,,,,,,,,,,,
2015-01-26,35227.56,34929.84,28153.30,0.028290,A,A,0.036434,A,A,0.040891,A,A,0.037486,A,A,0.040545,A,A,0,A,,,,,,,,,,,,,,
2015-01-27,35200.52,34931.44,28159.41,0.026738,A,A,0.034414,A,A,0.039813,A,A,0.036401,A,A,0.039262,A,A,0,A,,,,,,,,,,,,,,
2015-01-28,35049.83,34990.19,28146.23,0.021718,A,A,0.028887,A,A,0.035132,A,A,0.031737,A,A,0.034367,A,A,0,A,,,,,,,,,,,,,,
2015-01-29,34873.39,34945.50,28122.67,0.016104,A,A,0.022733,A,A,0.029757,A,A,0.026400,A,A,0.028743,A,A,0,A,,,,,,,,,,,,,,
2015-01-30,35017.33,35024.52,28204.05,0.019799,A,A,0.025861,A,A,0.033826,A,A,0.030513,A,A,0.032533,A,A,0,A,,,,,,,,,,,,,,
2015-02-02,34959.86,35032.81,28211.36,0.017737,A,A,0.023188,A,A,0.031967,A,A,0.028752,A,A,0.030415,A,A,0,A,,,,,,,,,,,,,,
2015-02-03,35119.08,35087.30,28258.24,0.022007,A,A,0.026756,A,A,0.036380,A,A,0.033301,A,A,0.034683,A,A,0,A,,,,,,,,,,,,,,
2015-02-04,35220.91,35114.64,28273.92,0.024505,A,A,0.028787,A,A,0.039068,A,A,0.036123,A,A,0.037173,A,A,0,A,,,,,,,,,,,,,,
2015-02-05,35256.51,35116.39,28297.20,0.025149,A,A,0.028941,A,A,0.039718,A,A,0.037042,A,A,0.037673,A,A,0,A,,,,,,,,,,,,,,
2015-02-06,35272.20,35141.25,28312.40,0.025171,A,A,0.028578,A,A,0.039778,A,A,0.037391,A,A,0.037619,A,A,0,A,,,,,,,,,,,,,,
2015-02-09,35128.16,35168.44,28306.24,0.020772,A,A,0.023667,A,A,0.035126,A,A,0.033103,A,A,0.032922,A,A,0,A,,,,,,,,,,,,,,
2015-02-10,35079.93,35172.22,28300.79,0.019141,A,A,0.021566,A,A,0.033247,A,A,0.031586,A,A,0.031042,A,A,0,A,,,,,,,,,,,,,,
2015-02-11,35171.85,35186.81,28324.37,0.021511,A,A,0.023474,A,A,0.035360,A,A,0.034133,A,A,0.033215,A,A,0,A,,,,,,,,,,,,,,
2015-02-12,35209.47,35187.52,28346.81,0.022180,A,A,0.023776,A,A,0.035793,A,A,0.035110,A,A,0.033797,A,A,0,A,,,,,,,,,,,,,,
2015-02-13,35391.58,35220.14,28399.85,0.026834,A,A,0.028265,A,A,0.040507,A,A,0.040232,A,A,0.038607,A,A,0,A,,,,,,,,,,,,,,
2015-02-16,35316.77,35226.75,28386.93,0.023956,A,A,0.025374,A,A,0.037753,A,A,0.037800,A,A,0.035923,A,A,0,A,,,,,,,,,,,,,,
2015-02-17,35351.52,35246.90,28410.72,0.024159,A,A,0.025686,A,A,0.038141,A,A,0.038539,A,A,0.036483,A,A,0,A,,,,,,,,,,,,,,
2015-02-18,35340.59,35258.56,28413.54,0.022910,A,A,0.024700,A,A,0.037182,A,A,0.037937,A,A,0.035740,A,A,0,A,,,,,,,,,,,,,,
2015-02-19,35430.13,35253.59,28441.39,0.024313,A,A,0.026531,A,A,0.039037,A,A,0.040264,A,A,0.037948,A,A,0,A,,,,,,,,,,,,,,
2015-02-20,35453.68,35263.10,28458.47,0.023656,A,A,0.026494,A,A,0.038853,A,A,0.040672,A,A,0.038273,A,A,0,A,,,,,,,,,,,,,,
2015-02-23,35374.88,35266.08,28439.92,0.020228,A,A,0.023602,A,A,0.035610,A,A,0.038100,A,A,0.035674,A,A,0,A,,,,,,,,,,,,,,
2015-02-24,35556.37,35278.21,28495.37,0.024356,A,A,0.028179,A,A,0.039913,A,A,0.043052,A,A,0.040669,A,A,0,A,,,,,,,,,,,,,,
2015-02-25,35688.84,35293.91,28530.28,0.027040,A,A,0.031297,A,A,0.042670,A,A,0.046529,A,A,0.044187,A,A,0,A,,,,,,,,,,,,,,
2015-02-26,35569.00,35292.74,28502.78,0.022586,A,A,0.027227,A,A,0.038070,A,A,0.042582,A,A,0.040365,A,A,0,A,,,,,,,,,,,,,,
2015-02-27,35498.79,35302.52,28496.41,0.019564,A,A,0.024678,A,A,0.034972,A,A,0.040116,A,A,0.038041,A,A,0,A,,,,,,,,,,,,,,
2015-03-02,35552.76,35310.13,28519.16,0.020102,A,A,0.025779,A,A,0.035522,A,A,0.041226,A,A,0.039387,A,A,0,A,,,,,,,,,,,,,,
2015-03-03,35543.02,35308.06,28513.29,0.018846,A,A,0.025025,A,A,0.034251,A,A,0.040413,A,A,0.038903,A,A,0,A,,,,,,,,,,,,,,
2015-03-04,35483.71,35305.57,28499.63,0.016251,A,A,0.022938,A,A,0.031572,A,A,0.038079,A,A,0.036969,A,A,0,A,,,,,,,,,,,,,,
2015-03-05,35426.70,35312.78,28497.58,0.013725,A,A,0.020922,A,A,0.029016,A,A,0.035774,A,A,0.035110,A,A,0,A,,,,,,,,,,,,,,
2015-03-06,35375.66,35331.72,28513.68,0.011381,A,A,0.019190,A,A,0.026679,A,A,0.033741,A,A,0.033483,A,A,0,A,,,,,,,,,,,,,,
2015-03-09,35427.33,35338.96,28554.67,0.012077,A,A,0.020358,A,A,0.027272,A,A,0.034749,A,A,0.034863,A,A,0,A,,,,,,,,,,,,,,
2015-03-10,35434.91,35345.33,28554.72,0.011372,A,A,0.020246,A,A,0.026636,A,A,0.034408,A,A,0.034968,A,A,0,A,,,,,,,,,,,,,,
2015-03-11,35287.40,35330.59,28536.49,0.006147,A,A,0.015670,A,A,0.021542,A,A,0.029578,A,A,0.030529,A,A,0,A,,,,,,,,,,,,,,
2015-03-12,35439.74,35369.08,28595.15,0.009449,A,A,0.019595,A,A,0.025216,A,A,0.033365,A,A,0.034784,A,A,0,A,,,,,,,,,,,,,,
2015-03-13,35508.93,35381.74,28612.94,0.010538,A,A,0.021005,A,A,0.026512,A,A,0.034625,A,A,0.036626,A,A,0,A,,,,,,,,,,,,,,
2015-03-16,35556.46,35434.43,28671.31,0.010980,A,A,0.021718,A,A,0.027215,A,A,0.035162,A,A,0.037782,A,A,0,A,,,,,,,,,,,,,,
2015-03-17,35741.42,35440.66,28698.29,0.015208,A,A,0.026196,A,A,0.031851,A,A,0.039632,A,A,0.042884,A,A,0,A,,,,,,,,,,,,,,
2015-03-18,35809.46,35443.93,28717.18,0.016130,A,A,0.027144,A,A,0.033078,A,A,0.040626,A,A,0.044523,A,A,0,A,,,,,,,,,,,,,,
2015-03-19,36126.26,35414.84,28743.33,0.024007,A,A,0.034975,A,A,0.041348,A,A,0.048724,A,A,0.053337,A,A,0,A,,,,,,,,,,,,,,
2015-03-20,36000.35,35404.68,28716.81,0.019358,A,A,0.030267,A,A,0.036890,A,A,0.044022,A,A,0.049274,A,A,0,A,,,,,,,,,,,,,,
2015-03-23,36060.46,35417.18,28734.51,0.020079,A,A,0.030978,A,A,0.037826,A,A,0.044738,A,A,0.050643,A,A,0,A,,,,,,,,,,,,,,
2015-03-24,35737.30,35351.26,28627.77,0.010225,A,A,0.020932,A,A,0.027880,A,A,0.034478,A,A,0.040925,A,A,0,A,,,,,,,,,,,,,,
2015-03-25,35606.52,35336.62,28598.28,0.005909,A,A,0.016481,A,A,0.023546,A,A,0.029846,A,A,0.036797,A,A,0,A,,,,,,,,,,,,,,
2015-03-26,35302.48,35311.63,28533.36,-0.002938,A,A,0.007197,A,A,0.014351,A,A,0.020328,A,A,0.027703,A,A,0,A,,,,,,,,,,,,,,
2015-03-27,35161.89,35313.91,28497.98,-0.006939,A,A,0.002666,A,A,0.009868,A,A,0.015603,A,A,0.023355,A,A,0,A,,,,,,,,,,,,,,
2015-03-30,35305.45,35323.40,28537.01,-0.002933,A,A,0.006192,A,A,0.013538,A,A,0.019017,A,A,0.027245,A,A,0,A,,,,,,,,,,,,,,
2015-03-31,35720.65,35373.15,28641.08,0.008463,A,A,0.017292,A,A,0.024913,A,A,0.030187,A,A,0.038896,A,A,0,A,,,,,,,,,,,,,,
2015-04-01,35658.42,35365.71,28622.65,0.006322,A,A,0.014790,A,A,0.022622,A,A,0.027584,A,A,0.036624,A,A,0,A,,,,,,,,,,,,,,
2015-04-02,35394.55,35351.49,28553.59,-0.001451,A,A,0.006657,A,A,0.014655,A,A,0.019368,A,A,0.028484,A,A,0,A,,,,,,,,,,,,,,
2015-04-06,35449.95,35347.96,28562.68,-0.000159,A,A,0.007678,A,A,0.015858,A,A,0.020381,A,A,0.029564,A,A,0,A,,,,,,,,,,,,,,
2015-04-07,35465.96,35348.24,28553.17,-0.000025,A,A,0.007477,A,A,0.015963,A,A,0.020299,A,A,0.029562,A,A,0,A,,,,,,,,,,,,,,
2015-04-08,35522.22,35354.65,28590.43,0.001308,A,A,0.008259,A,A,0.017265,A,A,0.021380,A,A,0.030758,A,A,0,A,,,,,,,,,,,,,,
2015-04-09,35841.04,35321.89,28625.05,0.009903,A,A,0.016393,A,A,0.025964,A,A,0.029911,A,A,0.039445,A,A,0,A,,,,,,,,,,,,,,
2015-04-10,36144.11,35331.16,28685.85,0.017877,A,A,0.024074,A,A,0.034153,A,A,0.037875,A,A,0.047586,A,A,0,A,,,,,,,,,,,,,,
2015-04-13,36526.68,35388.19,28793.21,0.027844,A,A,0.033818,A,A,0.044465,A,A,0.047994,A,A,0.057853,A,A,0,A,,,,,,,,,,,,,,
2015-04-14,36643.53,35395.51,28833.56,0.030156,A,A,0.035975,A,A,0.047195,A,A,0.050492,A,A,0.060317,A,A,0,A,,,,,,,,,,,,,,
2015-04-15,36287.96,35345.51,28724.28,0.019390,A,A,0.024992,A,A,0.036521,A,A,0.039586,A,A,0.049141,A,A,0,A,,,,,,,,,,,,,,
2015-04-16,36483.64,35360.21,28773.09,0.024049,A,A,0.029574,A,A,0.041526,A,A,0.044443,A,A,0.053852,A,A,0,A,,,,,,,,,,,,,,
2015-04-17,36365.58,35333.85,28711.04,0.019999,A,A,0.025317,A,A,0.037564,A,A,0.040363,A,A,0.049485,A,A,0,A,,,,,,,,,,,,,,
2015-04-20,36063.79,35306.73,28645.18,0.011111,A,A,0.016123,A,A,0.028423,A,A,0.031089,A,A,0.039882,A,A,0,A,,,,,,,,,,,,,,
2015-04-21,36194.95,35334.13,28676.20,0.014233,A,A,0.019109,A,A,0.031525,A,A,0.034195,A,A,0.042752,A,A,0,A,,,,,,,,,,,,,,
2015-04-22,36346.82,35334.86,28715.83,0.017858,A,A,0.022612,A,A,0.035128,A,A,0.037887,A,A,0.046207,A,A,0,A,,,,,,,,,,,,,,
2015-04-23,36538.26,35332.33,28757.47,0.022457,A,A,0.027253,A,A,0.039720,A,A,0.042664,A,A,0.050770,A,A,0,A,,,,,,,,,,,,,,
2015-04-24,36572.07,35345.46,28769.05,0.022677,A,A,0.027546,A,A,0.039714,A,A,0.042945,A,A,0.050796,A,A,0,A,,,,,,,,,,,,,,
2015-04-27,36509.29,35361.27,28752.97,0.020252,A,A,0.025205,A,A,0.036917,A,A,0.040519,A,A,0.048088,A,A,0,A,,,,,,,,,,,,,,
2015-04-28,36485.05,35353.66,28745.49,0.018873,A,A,0.023947,A,A,0.035290,A,A,0.039232,A,A,0.046512,A,A,0,A,,,,,,,,,,,,,,
2015-04-29,36299.70,35344.75,28697.51,0.013229,A,A,0.018187,A,A,0.029243,A,A,0.033467,A,A,0.040341,A,A,0,A,,,,,,,,,,,,,,
2015-04-30,36122.89,35327.33,28652.10,0.008022,A,A,0.012673,A,A,0.023534,A,A,0.027986,A,A,0.034503,A,A,0,A,,,,,,,,,,,,,,
2015-05-04,36169.59,35356.84,28669.38,0.008950,A,A,0.013471,A,A,0.024168,A,A,0.028895,A,A,0.035046,A,A,0,A,,,,,,,,,,,,,,
2015-05-05,36375.09,35386.94,28727.82,0.014131,A,A,0.018598,A,A,0.029204,A,A,0.034248,A,A,0.040179,A,A,0,A,,,,,,,,,,,,,,
2015-05-06,36094.39,35297.88,28634.80,0.005968,A,A,0.010306,A,A,0.020590,A,A,0.025909,A,A,0.031514,A,A,0,A,,,,,,,,,,,,,,
2015-05-07,35850.90,35246.90,28555.49,-0.001009,A,A,0.003215,A,A,0.013128,A,A,0.018680,A,A,0.024015,A,A,0,A,,,,,,,,,,,,,,
2015-05-08,35838.85,35189.60,28520.45,-0.001564,A,A,0.002622,A,A,0.012236,A,A,0.018028,A,A,0.023153,A,A,0,A,,,,,,,,,,,,,,
2015-05-11,35960.40,35249.75,28572.72,0.001491,A,A,0.005720,A,A,0.015058,A,A,0.021096,A,A,0.026070,A,A,0,A,,,,,,,,,,,,,,
2015-05-12,35970.84,35254.75,28591.13,0.001413,A,A,0.005642,A,A,0.014726,A,A,0.020969,A,A,0.025799,A,A,0,A,,,,,,,,,,,,,,
2015-05-13,35861.26,35163.50,28516.50,-0.001905,A,A,0.002236,A,A,0.011112,A,A,0.017414,A,A,0.022129,A,A,0,A,,,,,,,,,,,,,,
2015-05-14,35604.43,35168.84,28466.52,-0.009157,A,A,-0.005130,A,A,0.003366,A,A,0.009726,A,A,0.014364,A,A,0,A,,,,,,,,,,,,,,
2015-05-15,35626.05,35084.60,28406.45,-0.008763,A,A,-0.004707,A,A,0.003370,A,A,0.009875,A,A,0.014556,A,A,0,A,,,,,,,,,,,,,,
2015-05-18,35718.25,35108.64,28445.25,-0.006369,A,A,-0.002273,A,A,0.005366,A,A,0.011917,A,A,0.016753,A,A,0,A,,,,,,,,,,,,,,
2015-05-19,35853.45,35130.90,28494.81,-0.002820,A,A,0.001269,A,A,0.008628,A,A,0.015081,A,A,0.020151,A,A,0,A,,,,,,,,,,,,,,
2015-05-20,36065.12,35147.93,28557.46,0.002751,A,A,0.006867,A,A,0.013970,A,A,0.020399,A,A,0.025646,A,A,0,A,,,,,,,,,,,,,,
2015-05-22,36139.26,35152.20,28572.04,0.004566,A,A,0.008585,A,A,0.015419,A,A,0.021872,A,A,0.027237,A,A,0,A,,,,,,,,,,,,,,
2015-05-25,36275.33,35184.92,28620.58,0.008058,A,A,0.012010,A,A,0.018592,A,A,0.025082,A,A,0.030588,A,A,0,A,,,,,,,,,,,,,,
2015-05-26,36383.33,35182.20,28642.11,0.010899,A,A,0.014611,A,A,0.020994,A,A,0.027484,A,A,0.033126,A,A,0,A,,,,,,,,,,,,,,
2015-05-27,36288.40,35181.25,28641.75,0.008082,A,A,0.011562,A,A,0.017705,A,A,0.024161,A,A,0.029936,A,A,0,A,,,,,,,,,,,,,,
2015-05-28,36495.02,35219.33,28698.51,0.013550,A,A,0.016905,A,A,0.022875,A,A,0.029302,A,A,0.035280,A,A,0,A,,,,,,,,,,,,,,
2015-05-29,36425.20,35218.65,28694.34,0.011182,A,A,0.014635,A,A,0.020342,A,A,0.026675,A,A,0.032821,A,A,0,A,,,,,,,,,,,,,,
2015-06-01,36320.31,35249.40,28692.79,0.007826,A,A,0.011382,A,A,0.016868,A,A,0.023109,A,A,0.029441,A,A,0,A,,,,,,,,,,,,,,
2015-06-02,36514.52,35270.65,28747.45,0.012458,A,A,0.016341,A,A,0.021789,A,A,0.027898,A,A,0.034481,A,A,0,A,,,,,,,,,,,,,,
2015-06-03,36425.71,35252.81,28721.76,0.009210,A,A,0.013484,A,A,0.018888,A,A,0.024732,A,A,0.031557,A,A,0,A,,,,,,,,,,,,,,
2015-06-04,36611.18,35271.80,28768.82,0.013534,A,A,0.018172,A,A,0.023636,A,A,0.029288,A,A,0.036345,A,A,0,A,,,,,,,,,,,,,,
2015-06-05,36507.92,35279.85,28755.34,0.010186,A,A,0.014849,A,A,0.020335,A,A,0.025696,A,A,0.033027,A,A,0,A,,,,,,,,,,,,,,
2015-06-08,36715.57,35318.07,28819.99,0.015272,A,A,0.020050,A,A,0.025608,A,A,0.030698,A,A,0.038439,A,A,0,A,,,,,,,,,,,,,,
2015-06-09,36497.35,35310.40,28770.08,0.008554,A,A,0.013494,A,A,0.018998,A,A,0.023836,A,A,0.031855,A,A,0,A,,,,,,,,,,,,,,
2015-06-10,36023.05,35285.38,28641.68,-0.004903,A,A,0.000064,A,A,0.005442,A,A,0.010021,A,A,0.018113,A,A,0,A,,,,,,,,,,,,,,
2015-06-11,36169.42,35263.84,28643.73,-0.001291,A,A,0.003808,A,A,0.009149,A,A,0.013573,A,A,0.021852,A,A,0,A,,,,,,,,,,,,,,
2015-06-12,36536.87,35265.03,28735.53,0.008227,A,A,0.013457,A,A,0.018953,A,A,0.023214,A,A,0.031703,A,A,0,A,,,,,,,,,,,,,,
2015-06-15,36447.93,35212.25,28692.40,0.005399,A,A,0.010548,A,A,0.016086,A,A,0.020121,A,A,0.028658,A,A,0,A,,,,,,,,,,,,,,
2015-06-16,36339.81,35217.44,28679.98,0.002296,A,A,0.007188,A,A,0.012732,A,A,0.016570,A,A,0.025052,A,A,0,A,,,,,,,,,,,,,,
2015-06-17,36321.77,35230.43,28672.25,0.001925,A,A,0.006354,A,A,0.011901,A,A,0.015523,A,A,0.023925,A,A,0,A,,,,,,,,,,,,,,
2015-06-18,36549.50,35235.67,28715.61,0.008264,A,A,0.012310,A,A,0.017797,A,A,0.021342,A,A,0.029624,A,A,0,A,,,,,,,,,,,,,,
2015-06-19,36350.76,35221.97,28642.87,0.002743,A,A,0.006570,A,A,0.011865,A,A,0.015319,A,A,0.023399,A,A,0,A,,,,,,,,,,,,,,
2015-06-22,36410.29,35244.41,28695.18,0.004431,A,A,0.008094,A,A,0.013134,A,A,0.016500,A,A,0.024494,A,A,0,A,,,,,,,,,,,,,,
2015-06-23,36557.04,35263.93,28737.25,0.008361,A,A,0.011913,A,A,0.016794,A,A,0.020144,A,A,0.028029,A,A,0,A,,,,,,,,,,,,,,
2015-06-24,36861.72,35267.71,28808.75,0.016268,A,A,0.019994,A,A,0.024803,A,A,0.028169,A,A,0.035942,A,A,0,A,,,,,,,,,,,,,,
2015-06-25,36711.79,35252.93,28778.67,0.011814,A,A,0.015417,A,A,0.020195,A,A,0.023584,A,A,0.031095,A,A,0,A,,,,,,,,,,,,,,
2015-06-26,36515.91,35230.73,28735.25,0.006311,A,A,0.009602,A,A,0.014387,A,A,0.017767,A,A,0.025019,A,A,0,A,,,,,,,,,,,,,,
2015-06-30,36000.35,35223.60,28643.84,-0.007570,A,A,-0.004952,A,A,-0.000139,A,A,0.003144,A,A,0.010105,A,A,0,A,,,,,,,,,,,,,,
2015-07-01,36327.71,35277.57,28724.01,0.001604,A,A,0.003591,A,A,0.008674,A,A,0.011875,A,A,0.018786,A,A,0,A,,,,,,,,,,,,,,
2015-07-02,36436.63,35283.64,28752.59,0.004652,A,A,0.006109,A,A,0.011391,A,A,0.014527,A,A,0.021296,A,A,0,A,,,,,,,,,,,,,,
2015-07-03,36318.27,35295.60,28737.36,0.001491,A,A,0.002582,A,A,0.007813,A,A,0.010867,A,A,0.017454,A,A,0,A,,,,,,,,,,,,,,
2015-07-06,36217.88,35311.04,28731.41,-0.001227,A,A,-0.000430,A,A,0.004822,A,A,0.007780,A,A,0.014189,A,A,0,A,,,,,,,,,,,,,,
2015-07-07,36075.92,35355.55,28752.39,-0.005113,A,A,-0.004641,A,A,0.000764,A,A,0.003602,A,A,0.009748,A,A,0,A,,,,,,,,,,,,,,
2015-07-08,36180.27,35404.69,28803.42,-0.002242,A,A,-0.002076,A,A,0.003470,A,A,0.006259,A,A,0.012111,A,A,0,A,,,,,,,,,,,,,,
2015-07-09,35797.12,35424.94,28750.49,-0.012459,A,A,-0.012785,A,A,-0.007248,A,A,-0.004536,A,A,0.000951,A,A,0,A,,,,,,,,,,,,,,
2015-07-10,35909.61,35468.86,28769.09,-0.009243,A,A,-0.009848,A,A,-0.004238,A,A,-0.001614,A,A,0.003700,A,A,0,A,,,,,,,,,,,,,,
2015-07-13,36301.34,35512.65,28879.17,0.001288,A,A,0.000755,A,A,0.006389,A,A,0.008950,A,A,0.014161,A,A,0,A,,,,,,,,,,,,,,
2015-07-14,36671.98,35567.22,28973.68,0.010995,A,A,0.010743,A,A,0.016293,A,A,0.018847,A,A,0.023940,A,A,0,A,,,,,,,,,,,,,,
2015-07-15,36592.72,35628.54,29001.88,0.008419,A,A,0.008530,A,A,0.013732,A,A,0.016273,A,A,0.021193,A,A,0,A,,,,,,,,,,,,,,
2015-07-17,36684.05,35648.62,29037.28,0.010495,A,A,0.011029,A,A,0.015853,A,A,0.018462,A,A,0.023225,A,A,0,A,,,,,,,,,,,,,,
2015-07-20,36803.15,35680.30,29074.55,0.013191,A,A,0.014087,A,A,0.018720,A,A,0.021367,A,A,0.025982,A,A,0,A,,,,,,,,,,,,,,
2015-07-21,36973.64,35725.63,29136.43,0.017033,A,A,0.018570,A,A,0.022955,A,A,0.025659,A,A,0.030179,A,A,0,A,,,,,,,,,,,,,,
2015-07-22,36987.92,35729.11,29151.81,0.016580,A,A,0.018690,A,A,0.022816,A,A,0.025608,A,A,0.030036,A,A,0,A,,,,,,,,,,,,,,
2015-07-23,36992.17,35829.54,29213.86,0.015906,A,A,0.018400,A,A,0.022445,A,A,0.025303,A,A,0.029616,A,A,0,A,,,,,,,,,,,,,,
2015-07-24,36885.25,35839.38,29206.53,0.012332,A,A,0.015155,A,A,0.019059,A,A,0.021954,A,A,0.026188,A,A,0,A,,,,,,,,,,,,,,
2015-07-27,36875.35,35864.69,29241.45,0.011561,A,A,0.014652,A,A,0.018374,A,A,0.021275,A,A,0.025514,A,A,0,A,,,,,,,,,,,,,,
2015-07-28,36629.20,35884.06,29213.95,0.004508,A,A,0.007840,A,A,0.011300,A,A,0.014171,A,A,0.018353,A,A,0,A,,,,,,,,,,,,,,
2015-07-29,36712.09,35898.05,29225.37,0.006514,A,A,0.010060,A,A,0.013308,A,A,0.016192,A,A,0.020317,A,A,0,A,,,,,,,,,,,,,,
2015-07-30,36892.25,35904.88,29259.58,0.011139,A,A,0.014849,A,A,0.018042,A,A,0.020822,A,A,0.024908,A,A,0,A,,,,,,,,,,,,,,
2015-07-31,37150.24,35940.52,29340.65,0.017676,A,A,0.021654,A,A,0.024800,A,A,0.027514,A,A,0.031557,A,A,0,A,,,,,,,,,,,,,,
2015-08-03,37253.09,35961.40,29383.02,0.020023,A,A,0.024063,A,A,0.027261,A,A,0.029897,A,A,0.033904,A,A,0,A,,,,,,,,,,,,,,
2015-08-04,37442.82,36021.40,29469.06,0.024583,A,A,0.028695,A,A,0.031954,A,A,0.034625,A,A,0.038601,A,A,0,A,,,,,,,,,,,,,,
2015-08-05,37398.79,36013.20,29456.77,0.022708,A,A,0.026944,A,A,0.030175,A,A,0.032888,A,A,0.036860,A,A,0,A,,,,,,,,,,,,,,
2015-08-06,37729.74,36038.72,29544.65,0.030997,A,A,0.035430,A,A,0.038520,A,A,0.041397,A,A,0.045458,A,A,0,A,,,,,,,,,,,,,,
2015-08-07,37661.56,36042.02,29547.97,0.028362,A,A,0.032865,A,A,0.035851,A,A,0.038891,A,A,0.043017,A,A,0,A,,,,,,,,,,,,,,
2015-08-10,37384.09,36065.73,29494.23,0.020307,A,A,0.024582,A,A,0.027567,A,A,0.030707,A,A,0.034852,A,A,0,A,,,,,,,,,,,,,,
2015-08-11,37510.52,36074.04,29514.00,0.023135,A,A,0.027311,A,A,0.030479,A,A,0.033630,A,A,0.037809,A,A,0,A,,,,,,,,,,,,,,
2015-08-12,37335.49,36092.98,29514.48,0.017979,A,A,0.021917,A,A,0.025146,A,A,0.028254,A,A,0.032455,A,A,0,A,,,,,,,,,,,,,,
2015-08-13,37083.10,36102.16,29456.88,0.010738,A,A,0.014526,A,A,0.017691,A,A,0.020863,A,A,0.025046,A,A,0,A,,,,,,,,,,,,,,
2015-08-14,37229.81,36124.94,29506.06,0.013996,A,A,0.017944,A,A,0.021163,A,A,0.024439,A,A,0.028645,A,A,0,A,,,,,,,,,,,,,,
2015-08-17,37197.75,36157.67,29518.10,0.012493,A,A,0.016375,A,A,0.019746,A,A,0.023117,A,A,0.027352,A,A,0,A,,,,,,,,,,,,,,
2015-08-18,37408.21,36190.13,29583.05,0.017685,A,A,0.021349,A,A,0.024926,A,A,0.028457,A,A,0.032692,A,A,0,A,,,,,,,,,,,,,,
2015-08-19,37534.90,36228.55,29649.06,0.020461,A,A,0.024014,A,A,0.027868,A,A,0.031474,A,A,0.035694,A,A,0,A,,,,,,,,,,,,,,
2015-08-20,37210.09,36216.32,29584.20,0.011099,A,A,0.014566,A,A,0.018642,A,A,0.022258,A,A,0.026311,A,A,0,A,,,,,,,,,,,,,,
2015-08-21,36691.28,36203.23,29487.57,-0.003221,A,A,0.000154,A,A,0.004390,A,A,0.007823,A,A,0.011722,A,A,0,A,,,,,,,,,,,,,,
2015-08-24,36045.83,36226.40,29400.06,-0.020458,fuera,A,-0.017401,A,A,-0.013100,A,A,-0.009903,A,A,-0.006204,A,A,0,A,,,,,,,,,,,,,,
2015-08-25,35206.06,36228.79,29271.48,-0.042617,fuera,A,-0.039856,fuera,A,-0.035774,fuera,A,-0.032835,fuera,A,-0.029321,fuera,A,0,A,,,,,,,,,,,,,,
2015-08-26,35118.28,36225.92,29265.16,-0.044258,fuera,A,-0.041733,fuera,A,-0.037779,fuera,A,-0.035123,fuera,A,-0.031649,fuera,A,0,A,,,,,,,,,,,,,,
2015-08-27,35745.26,36307.22,29405.71,-0.026717,fuera,A,-0.024399,fuera,A,-0.020415,fuera,A,-0.018010,fuera,A,-0.014372,fuera,A,0,A,,,,,,,,,,,,,,
2015-08-28,36225.89,36340.35,29473.70,-0.013250,fuera,fuera,-0.011168,fuera,A,-0.007292,fuera,A,-0.005084,fuera,A,-0.001263,fuera,A,1,A,,,,,,,,,,,,,,
2015-08-31,36021.66,36331.45,29438.58,-0.018403,fuera,fuera,-0.016573,fuera,fuera,-0.012837,fuera,fuera,-0.010878,fuera,fuera,-0.007007,fuera,fuera,5,E,,,,,,,,,,,,,,
2015-09-01,36109.30,36347.22,29475.80,-0.015773,fuera,fuera,-0.014092,fuera,fuera,-0.010364,fuera,fuera,-0.008572,fuera,fuera,-0.004713,fuera,fuera,5,E,,,,,,,,,,,,,,
2015-09-02,35351.09,36219.90,29276.74,-0.036060,fuera,fuera,-0.034314,fuera,fuera,-0.030793,fuera,fuera,-0.029312,fuera,fuera,-0.025570,fuera,fuera,5,E,,,,,,,,,,,,,,
2015-09-03,35306.52,36166.88,29236.22,-0.036679,fuera,fuera,-0.035071,fuera,fuera,-0.031642,fuera,fuera,-0.030513,fuera,fuera,-0.026761,fuera,fuera,5,E,,,,,,,,,,,,,,
2015-09-04,35454.49,36128.81,29254.73,-0.032066,fuera,fuera,-0.030548,fuera,fuera,-0.027271,fuera,fuera,-0.026451,fuera,fuera,-0.022688,fuera,fuera,5,E,,,,,,,,,,,,,,
2015-09-07,35182.88,36116.40,29194.33,-0.038819,fuera,fuera,-0.037430,fuera,fuera,-0.034339,fuera,fuera,-0.033838,fuera,fuera,-0.030134,fuera,fuera,5,E,,,,,,,,,,,,,,
2015-09-08,35162.53,36054.11,29148.66,-0.038759,fuera,fuera,-0.037347,fuera,fuera,-0.034563,fuera,fuera,-0.034306,fuera,fuera,-0.030639,fuera,fuera,5,E,,,,,,,,,,,,,,
2015-09-09,35430.61,35939.59,29092.78,-0.031050,fuera,fuera,-0.029565,fuera,fuera,-0.026997,fuera,fuera,-0.026839,fuera,fuera,-0.023248,fuera,fuera,5,E,,,,,,,,,,,,,,
2015-09-10,35524.93,35955.51,29135.51,-0.028084,fuera,fuera,-0.026774,fuera,fuera,-0.024215,fuera,fuera,-0.024090,fuera,fuera,-0.020699,fuera,fuera,5,E,,,,,,,,,,,,,,
2015-09-11,35545.98,35990.84,29153.84,-0.027359,fuera,fuera,-0.025938,fuera,fuera,-0.023390,fuera,fuera,-0.023261,fuera,fuera,-0.020141,fuera,fuera,5,E,,,,,,,,,,,,,,
2015-09-14,35309.97,36013.10,29110.29,-0.033465,fuera,fuera,-0.031897,fuera,fuera,-0.029641,fuera,fuera,-0.029408,fuera,fuera,-0.026605,fuera,fuera,5,E,,,,,,,,,,,,,,
2015-09-15,35404.65,35990.50,29125.34,-0.030344,fuera,fuera,-0.028867,fuera,fuera,-0.026907,fuera,fuera,-0.026580,fuera,fuera,-0.023962,fuera,fuera,5,E,,,,,,,,,,,,,,
2015-09-16,35437.10,36012.12,29129.72,-0.028726,fuera,fuera,-0.027600,fuera,fuera,-0.025896,fuera,fuera,-0.025421,fuera,fuera,-0.023002,fuera,fuera,5,E,,,,,,,,,,,,,,
2015-09-17,35514.19,35992.06,29114.17,-0.025973,fuera,fuera,-0.025148,fuera,fuera,-0.023643,fuera,fuera,-0.023083,fuera,fuera,-0.020814,fuera,fuera,5,E,,,,,,,,,,,,,,
2015-09-21,35194.24,35986.14,29045.10,-0.033871,fuera,fuera,-0.033368,fuera,fuera,-0.032210,fuera,fuera,-0.031664,fuera,fuera,-0.029437,fuera,fuera,5,E,,,,,,,,,,,,,,
2015-09-22,35402.80,36045.26,29122.63,-0.027315,fuera,fuera,-0.027244,fuera,fuera,-0.026338,fuera,fuera,-0.025723,fuera,fuera,-0.023558,fuera,fuera,5,E,,,,,,,,,,,,,,
2015-09-23,35502.04,36078.38,29157.96,-0.023711,fuera,fuera,-0.024137,fuera,fuera,-0.023578,fuera,fuera,-0.022776,fuera,fuera,-0.020701,fuera,fuera,5,E,,,,,,,,,,,,,,
2015-09-24,35479.32,36107.50,29187.96,-0.023435,fuera,fuera,-0.024310,fuera,fuera,-0.024160,fuera,fuera,-0.023130,fuera,fuera,-0.021273,fuera,fuera,5,E,,,,,,,,,,,,,,
2015-09-25,35484.99,36153.57,29207.23,-0.022378,fuera,fuera,-0.023576,fuera,fuera,-0.023934,fuera,fuera,-0.022695,fuera,fuera,-0.021090,fuera,fuera,5,E,,,,,,,,,,,,,,
2015-09-28,35292.14,36133.27,29174.38,-0.026742,fuera,fuera,-0.028290,fuera,fuera,-0.029072,fuera,fuera,-0.027696,fuera,fuera,-0.026408,fuera,fuera,5,E,,,,,,,,,,,,,,
2015-09-29,35130.65,36168.61,29176.61,-0.030158,fuera,fuera,-0.032159,fuera,fuera,-0.033239,fuera,fuera,-0.031801,fuera,fuera,-0.030857,fuera,fuera,5,E,,,,,,,,,,,,,,
2015-09-30,34982.44,36301.15,29218.76,-0.033273,fuera,fuera,-0.035820,fuera,fuera,-0.036977,fuera,fuera,-0.035552,fuera,fuera,-0.034877,fuera,fuera,5,E,,,,,,,,,,,,,,
2015-10-01,35146.35,36312.32,29244.72,-0.027809,fuera,fuera,-0.030809,fuera,fuera,-0.032130,fuera,fuera,-0.030785,fuera,fuera,-0.030233,fuera,fuera,5,E,,,,,,,,,,,,,,
2015-10-02,35143.50,36277.51,29211.98,-0.026842,fuera,fuera,-0.030347,fuera,fuera,-0.031841,fuera,fuera,-0.030602,fuera,fuera,-0.030202,fuera,fuera,5,E,,,,,,,,,,,,,,
2015-10-05,35390.57,36332.81,29275.04,-0.018938,fuera,fuera,-0.023140,fuera,fuera,-0.024767,fuera,fuera,-0.023534,fuera,fuera,-0.023383,fuera,fuera,5,E,,,,,,,,,,,,,,
2015-10-06,35531.34,36342.28,29294.75,-0.013990,fuera,fuera,-0.018964,fuera,fuera,-0.020599,fuera,fuera,-0.019505,fuera,fuera,-0.019516,fuera,fuera,5,E,,,,,,,,,,,,,,
2015-10-07,35465.90,36333.10,29285.42,-0.014604,fuera,fuera,-0.020513,fuera,fuera,-0.022115,fuera,fuera,-0.021212,fuera,fuera,-0.021322,fuera,fuera,5,E,,,,,,,,,,,,,,
2015-10-08,35707.31,36345.61,29338.06,-0.006860,fuera,fuera,-0.013644,fuera,fuera,-0.015274,fuera,fuera,-0.014516,fuera,fuera,-0.014700,fuera,fuera,5,E,,,,,,,,,,,,,,
2015-10-09,35933.69,36369.87,29391.66,0.000547,fuera,fuera,-0.007449,fuera,fuera,-0.008855,fuera,fuera,-0.008261,fuera,fuera,-0.008474,fuera,fuera,5,E,,,,,,,,,,,,,,
2015-10-13,35892.91,36382.88,29394.94,0.000507,fuera,fuera,-0.008569,fuera,fuera,-0.009818,fuera,fuera,-0.009366,fuera,fuera,-0.009544,fuera,fuera,5,E,,,,,,,,,,,,,,
2015-10-14,35998.30,36413.61,29437.00,0.004307,fuera,fuera,-0.005528,fuera,fuera,-0.006724,fuera,fuera,-0.006493,fuera,fuera,-0.006521,fuera,fuera,5,E,,,,,,,,,,,,,,
2015-10-15,35797.09,36397.22,29384.85,-0.000245,fuera,fuera,-0.010713,fuera,fuera,-0.012060,fuera,fuera,-0.012096,fuera,fuera,-0.011891,fuera,fuera,5,E,,,,,,,,,,,,,,
2015-10-16,35938.79,36399.41,29396.84,0.004583,fuera,fuera,-0.006516,fuera,fuera,-0.007913,fuera,fuera,-0.008267,fuera,fuera,-0.007904,fuera,fuera,5,E,,,,,,,,,,,,,,
2015-10-19,35974.58,36396.35,29398.08,0.006277,fuera,fuera,-0.005222,fuera,fuera,-0.006766,fuera,fuera,-0.007346,fuera,fuera,-0.006805,fuera,fuera,5,E,,,,,,,,,,,,,,
2015-10-20,36185.34,36423.74,29461.15,0.012830,fuera,fuera,0.000873,fuera,fuera,-0.000997,fuera,fuera,-0.001618,fuera,fuera,-0.000947,fuera,fuera,5,E,,,,,,,,,,,,,,
2015-10-21,36358.65,36426.12,29500.33,0.018212,fuera,fuera,0.005934,fuera,fuera,0.003729,fuera,fuera,0.003086,fuera,fuera,0.003773,fuera,fuera,5,E,,,,,,,,,,,,,,
2015-10-22,36636.94,36456.81,29596.31,0.026498,A,fuera,0.013788,fuera,fuera,0.011381,fuera,fuera,0.010632,fuera,fuera,0.011358,fuera,fuera,5,E,,,,,,,,,,,,,,
2015-10-23,36842.80,36456.66,29618.18,0.032711,A,fuera,0.019550,fuera,fuera,0.016941,fuera,fuera,0.016159,fuera,fuera,0.016930,fuera,fuera,5,E,,,,,,,,,,,,,,
2015-10-26,36972.80,36492.60,29660.52,0.036508,A,fuera,0.023109,A,fuera,0.020331,A,fuera,0.019587,fuera,fuera,0.020422,A,fuera,5,E,,,,,,,,,,,,,,
2015-10-27,36912.35,36491.63,29654.48,0.034671,A,fuera,0.021420,A,fuera,0.018478,A,fuera,0.017753,fuera,fuera,0.018677,A,fuera,5,E,,,,,,,,,,,,,,
2015-10-28,36832.80,36493.05,29635.46,0.031935,A,A,0.019129,A,fuera,0.016195,A,fuera,0.015470,fuera,fuera,0.016410,A,fuera,4,E,,,,,,,,,,,,,,
2015-10-29,36954.73,36491.11,29656.22,0.034225,A,A,0.022395,A,fuera,0.019370,A,fuera,0.018689,fuera,fuera,0.019670,A,fuera,4,E,,,,,,,,,,,,,,
2015-10-30,36930.45,36474.93,29647.58,0.032382,A,A,0.021706,A,A,0.018538,A,A,0.017857,fuera,fuera,0.018859,A,A,1,A,,,,,,,,,,,,,,
2015-11-02,36867.42,36477.32,29642.76,0.029902,A,A,0.020087,A,A,0.016703,A,A,0.016026,fuera,fuera,0.016954,A,A,1,A,,,,,,,,,,,,,,
2015-11-03,37054.65,36488.84,29681.30,0.034601,A,A,0.025356,A,A,0.021806,A,A,0.021017,A,fuera,0.021921,A,A,1,A,,,,,,,,,,,,,,
2015-11-04,37148.33,36484.39,29689.13,0.036492,A,A,0.028079,A,A,0.024252,A,A,0.023454,A,fuera,0.024331,A,A,1,A,,,,,,,,,,,,,,
2015-11-05,37145.99,36474.82,29672.54,0.035761,A,A,0.028127,A,A,0.023990,A,A,0.023218,A,fuera,0.024031,A,A,1,A,,,,,,,,,,,,,,
2015-11-06,37273.07,36472.02,29714.80,0.038068,A,A,0.031848,A,A,0.027093,A,A,0.026569,A,fuera,0.027215,A,A,1,A,,,,,,,,,,,,,,
2015-11-09,37334.69,36451.62,29706.42,0.038480,A,A,0.033700,A,A,0.028474,A,A,0.028040,A,A,0.028576,A,A,0,A,,,,,,,,,,,,,,
2015-11-10,37302.31,36429.39,29705.97,0.036396,A,A,0.032840,A,A,0.027310,A,A,0.026804,A,A,0.027383,A,A,0,A,,,,,,,,,,,,,,
2015-11-11,37214.42,36410.50,29684.57,0.032659,A,A,0.030538,A,A,0.024608,A,A,0.024104,A,A,0.024683,A,A,0,A,,,,,,,,,,,,,,
2015-11-12,37092.73,36418.72,29674.86,0.028058,A,A,0.027276,A,A,0.020984,A,A,0.020607,A,A,0.021058,A,A,0,A,,,,,,,,,,,,,,
2015-11-13,37090.18,36415.93,29681.06,0.026938,A,A,0.027203,A,A,0.020598,A,A,0.020365,A,A,0.020657,A,A,0,A,,,,,,,,,,,,,,
2015-11-16,36883.29,36402.72,29649.14,0.020357,A,A,0.021626,A,A,0.014687,A,A,0.014529,A,A,0.014685,A,A,0,A,,,,,,,,,,,,,,
2015-11-17,37156.82,36440.21,29711.45,0.026907,A,A,0.029221,A,A,0.021787,A,A,0.021829,A,A,0.021889,A,A,0,A,,,,,,,,,,,,,,
2015-11-18,37270.39,36460.87,29751.52,0.028807,A,A,0.032428,A,A,0.024484,A,A,0.024759,A,A,0.024695,A,A,0,A,,,,,,,,,,,,,,
2015-11-19,37564.80,36498.79,29819.12,0.035562,A,A,0.040570,A,A,0.032179,A,A,0.032525,A,A,0.032452,A,A,0,A,,,,,,,,,,,,,,
2015-11-20,37687.84,36525.68,29852.84,0.037523,A,A,0.043763,A,A,0.035238,A,A,0.035561,A,A,0.035484,A,A,0,A,,,,,,,,,,,,,,
2015-11-23,37697.94,36529.88,29842.47,0.036417,A,A,0.043588,A,A,0.035167,A,A,0.035529,A,A,0.035440,A,A,0,A,,,,,,,,,,,,,,
2015-11-24,37900.31,36562.00,29903.82,0.040260,A,A,0.048349,A,A,0.040337,A,A,0.040805,A,A,0.040654,A,A,0,A,,,,,,,,,,,,,,
2015-11-25,37667.58,36552.02,29839.77,0.032446,A,A,0.040804,A,A,0.033677,A,A,0.034156,A,A,0.033953,A,A,0,A,,,,,,,,,,,,,,
2015-11-26,37751.28,36567.58,29868.71,0.033325,A,A,0.041932,A,A,0.035728,A,A,0.036119,A,A,0.035967,A,A,0,A,,,,,,,,,,,,,,
2015-11-27,37704.06,36572.52,29878.43,0.030638,A,A,0.039751,A,A,0.034207,A,A,0.034362,A,A,0.034383,A,A,0,A,,,,,,,,,,,,,,
2015-11-30,37594.88,36569.04,29864.06,0.026338,A,A,0.036129,A,A,0.031023,A,A,0.031026,A,A,0.031102,A,A,0,A,,,,,,,,,,,,,,
2015-12-01,37407.27,36501.97,29794.29,0.019907,A,A,0.030344,A,A,0.025714,A,A,0.025621,A,A,0.025757,A,A,0,A,,,,,,,,,,,,,,
2015-12-02,37432.51,36491.81,29763.24,0.019174,A,A,0.030452,A,A,0.026232,A,A,0.026014,A,A,0.026224,A,A,0,A,,,,,,,,,,,,,,
2015-12-03,37124.06,36482.13,29709.32,0.009468,A,A,0.021182,A,A,0.017622,A,A,0.017319,A,A,0.017655,A,A,0,A,,,,,,,,,,,,,,
2015-12-04,36875.77,36430.79,29651.01,0.001670,A,A,0.013669,A,A,0.010766,A,A,0.010304,A,A,0.010767,A,A,0,A,,,,,,,,,,,,,,
2015-12-07,36862.68,36471.92,29629.53,0.000276,A,A,0.012696,A,A,0.010416,A,A,0.009766,A,A,0.010376,A,A,0,A,,,,,,,,,,,,,,
2015-12-09,36740.09,36470.53,29630.15,-0.003861,A,A,0.008654,A,A,0.007182,A,A,0.006160,A,A,0.006963,A,A,0,A,,,,,,,,,,,,,,
2015-12-10,36511.65,36465.36,29590.51,-0.010639,A,A,0.001803,A,A,0.001146,A,A,-0.000253,A,A,0.000596,A,A,0,A,,,,,,,,,,,,,,
2015-12-11,36420.38,36456.55,29562.67,-0.013679,A,A,-0.001125,A,A,-0.001046,A,A,-0.002783,A,A,-0.001960,A,A,0,A,,,,,,,,,,,,,,
2015-12-14,36126.32,36411.74,29507.11,-0.021889,fuera,A,-0.009445,A,A,-0.008727,A,A,-0.010694,A,A,-0.009930,A,A,0,A,,,,,,,,,,,,,,
2015-12-15,36189.00,36422.43,29504.65,-0.020343,fuera,A,-0.008000,A,A,-0.006540,A,A,-0.008873,A,A,-0.008156,A,A,0,A,,,,,,,,,,,,,,
2015-12-16,36358.35,36428.48,29516.79,-0.016034,fuera,A,-0.003805,A,A,-0.001495,A,A,-0.004150,A,A,-0.003519,A,A,0,A,,,,,,,,,,,,,,
2015-12-17,36683.57,36422.16,29558.69,-0.007641,fuera,A,0.004556,A,A,0.007652,A,A,0.004789,A,A,0.005315,A,A,0,A,,,,,,,,,,,,,,
2015-12-18,36707.14,36440.67,29588.64,-0.007547,fuera,fuera,0.004655,A,A,0.008547,A,A,0.005504,A,A,0.005927,A,A,1,A,,,,,,,,,,,,,,
2015-12-21,36190.86,36385.01,29465.94,-0.021654,fuera,fuera,-0.009762,A,A,-0.005290,A,A,-0.008432,A,A,-0.008187,A,A,1,A,,,,,,,,,,,,,,
2015-12-22,35946.83,36377.34,29399.69,-0.028234,fuera,fuera,-0.016755,A,A,-0.011655,A,A,-0.014849,A,A,-0.014775,A,A,1,A,,,,,,,,,,,,,,
2015-12-23,36009.15,36397.93,29404.02,-0.026447,fuera,fuera,-0.015306,A,A,-0.009572,A,A,-0.012915,A,A,-0.012949,A,A,1,A,,,,,,,,,,,,,,
2015-12-24,36363.56,36399.24,29464.51,-0.016867,fuera,fuera,-0.005980,A,A,0.000431,A,A,-0.003067,A,A,-0.003127,A,A,1,A,,,,,,,,,,,,,,
2015-12-28,36527.14,36410.18,29500.09,-0.012380,fuera,fuera,-0.001955,A,A,0.005202,A,A,0.001444,A,A,0.001398,A,A,1,A,,,,,,,,,,,,,,
2015-12-29,36619.86,36431.67,29547.15,-0.009740,fuera,fuera,0.000094,A,A,0.008036,A,A,0.004011,A,A,0.003917,A,A,1,A,,,,,,,,,,,,,,
2015-12-30,36907.17,36443.81,29622.94,-0.001931,fuera,fuera,0.007246,A,A,0.016039,A,A,0.011884,A,A,0.011594,A,A,1,A,,,,,,,,,,,,,,
2015-12-31,36802.04,36417.84,29601.53,-0.004708,fuera,fuera,0.003661,A,A,0.013110,A,A,0.009093,A,A,0.008608,A,A,1,A,,,,,,,,,,,,,,
2016-01-04,36798.17,36416.42,29608.72,-0.004792,fuera,fuera,0.002780,A,A,0.012771,A,A,0.009107,A,A,0.008423,A,A,1,A,,,,,,,,,,,,,,
2016-01-05,36480.98,36452.74,29590.75,-0.013090,fuera,fuera,-0.006428,A,A,0.003650,A,A,0.000660,A,A,-0.000305,A,A,1,A,,,,,,,,,,,,,,
2016-01-06,36408.07,36475.43,29588.40,-0.014753,fuera,fuera,-0.008947,A,A,0.001249,A,A,-0.001081,A,A,-0.002344,A,A,1,A,,,,,,,,,,,,,,
2016-01-07,36153.26,36513.25,29582.02,-0.021228,fuera,fuera,-0.016203,A,A,-0.005882,A,A,-0.007664,A,A,-0.009343,A,A,1,A,,,,,,,,,,,,,,
2016-01-08,35747.53,36533.59,29557.48,-0.031451,fuera,fuera,-0.027333,fuera,A,-0.016895,A,A,-0.018309,A,A,-0.020368,fuera,A,1,A,,,,,,,,,,,,,,
2016-01-11,35638.98,36514.38,29540.64,-0.033513,fuera,fuera,-0.030358,fuera,A,-0.019766,A,A,-0.020843,fuera,A,-0.023309,fuera,A,1,A,,,,,,,,,,,,,,
2016-01-12,35744.86,36567.28,29610.17,-0.029823,fuera,fuera,-0.027492,fuera,A,-0.016744,A,A,-0.017480,fuera,A,-0.020373,fuera,A,1,A,,,,,,,,,,,,,,
2016-01-13,35749.50,36602.81,29618.62,-0.028804,fuera,fuera,-0.027290,fuera,A,-0.016736,A,A,-0.016944,fuera,A,-0.020128,fuera,A,1,A,,,,,,,,,,,,,,
2016-01-14,35436.88,36543.79,29552.85,-0.036193,fuera,fuera,-0.035609,fuera,fuera,-0.025373,fuera,A,-0.025121,fuera,A,-0.028436,fuera,fuera,3,E,,,,,,,,,,,,,,
2016-01-15,35377.13,36595.35,29523.30,-0.036697,fuera,fuera,-0.036981,fuera,fuera,-0.026994,fuera,A,-0.026292,fuera,fuera,-0.029817,fuera,fuera,4,E,,,,,,,,,,,,,,
2016-01-18,35049.94,36599.66,29489.71,-0.044355,fuera,fuera,-0.045584,fuera,fuera,-0.035953,fuera,A,-0.034754,fuera,fuera,-0.038448,fuera,fuera,4,E,,,,,,,,,,,,,,
2016-01-19,34909.63,36632.82,29469.21,-0.046920,fuera,fuera,-0.048988,fuera,fuera,-0.039738,fuera,A,-0.037987,fuera,fuera,-0.041902,fuera,fuera,4,E,,,,,,,,,,,,,,
2016-01-20,34918.44,36615.61,29461.09,-0.045421,fuera,fuera,-0.048320,fuera,fuera,-0.039346,fuera,fuera,-0.037083,fuera,fuera,-0.041231,fuera,fuera,5,E,,,,,,,,,,,,,,
2016-01-21,34478.51,36614.36,29365.63,-0.056069,fuera,fuera,-0.059627,fuera,fuera,-0.051145,fuera,fuera,-0.048532,fuera,fuera,-0.052793,fuera,fuera,5,E,,,,,,,,,,,,,,
2016-01-22,34372.30,36646.56,29358.20,-0.057380,fuera,fuera,-0.061729,fuera,fuera,-0.053729,fuera,fuera,-0.050885,fuera,fuera,-0.055171,fuera,fuera,5,E,,,,,,,,,,,,,,
2016-01-25,34649.20,36618.44,29389.83,-0.048266,fuera,fuera,-0.053368,fuera,fuera,-0.045913,fuera,fuera,-0.042887,fuera,fuera,-0.047094,fuera,fuera,5,E,,,,,,,,,,,,,,
2016-01-26,34628.43,36619.84,29406.29,-0.047129,fuera,fuera,-0.053041,fuera,fuera,-0.046258,fuera,fuera,-0.043316,fuera,fuera,-0.047198,fuera,fuera,5,E,,,,,,,,,,,,,,
2016-01-27,34790.50,36676.41,29463.22,-0.040970,fuera,fuera,-0.047721,fuera,fuera,-0.041605,fuera,fuera,-0.038755,fuera,fuera,-0.042354,fuera,fuera,5,E,,,,,,,,,,,,,,
2016-01-28,34663.46,36654.00,29447.31,-0.042692,fuera,fuera,-0.050285,fuera,fuera,-0.044856,fuera,fuera,-0.041993,fuera,fuera,-0.045424,fuera,fuera,5,E,,,,,,,,,,,,,,
2016-01-29,34604.16,36677.44,29435.28,-0.042393,fuera,fuera,-0.051004,fuera,fuera,-0.046317,fuera,fuera,-0.043223,fuera,fuera,-0.046580,fuera,fuera,5,E,,,,,,,,,,,,,,
2016-02-01,35073.38,36745.73,29538.36,-0.027857,fuera,fuera,-0.037360,fuera,fuera,-0.033288,fuera,fuera,-0.030007,fuera,fuera,-0.033213,fuera,fuera,5,E,,,,,,,,,,,,,,
2016-02-02,35324.54,36806.56,29638.68,-0.019430,fuera,fuera,-0.029798,fuera,fuera,-0.026313,fuera,fuera,-0.022859,fuera,fuera,-0.025879,fuera,fuera,5,E,,,,,,,,,,,,,,
2016-02-03,34904.88,36804.94,29575.89,-0.029403,fuera,fuera,-0.040516,fuera,fuera,-0.037711,fuera,fuera,-0.034354,fuera,fuera,-0.036917,fuera,fuera,5,E,,,,,,,,,,,,,,
2016-02-04,34593.96,36823.16,29504.32,-0.036262,fuera,fuera,-0.048057,fuera,fuera,-0.046022,fuera,fuera,-0.042776,fuera,fuera,-0.044909,fuera,fuera,5,E,,,,,,,,,,,,,,
2016-02-05,34374.92,36821.54,29436.29,-0.040563,fuera,fuera,-0.052955,fuera,fuera,-0.051796,fuera,fuera,-0.048566,fuera,fuera,-0.050258,fuera,fuera,5,E,,,,,,,,,,,,,,
2016-02-08,34254.17,36784.07,29396.36,-0.042045,fuera,fuera,-0.055105,fuera,fuera,-0.054873,fuera,fuera,-0.051676,fuera,fuera,-0.052887,fuera,fuera,5,E,,,,,,,,,,,,,,
2016-02-09,34244.76,36862.33,29448.63,-0.040591,fuera,fuera,-0.054130,fuera,fuera,-0.054919,fuera,fuera,-0.051707,fuera,fuera,-0.052494,fuera,fuera,5,E,,,,,,,,,,,,,,
2016-02-10,34251.41,36912.50,29454.15,-0.038834,fuera,fuera,-0.052686,fuera,fuera,-0.054476,fuera,fuera,-0.051228,fuera,fuera,-0.051632,fuera,fuera,5,E,,,,,,,,,,,,,,
2016-02-11,34103.34,36914.73,29426.85,-0.041340,fuera,fuera,-0.055476,fuera,fuera,-0.058263,fuera,fuera,-0.054975,fuera,fuera,-0.055060,fuera,fuera,5,E,,,,,,,,,,,,,,
2016-02-12,33739.99,36940.35,29389.25,-0.049773,fuera,fuera,-0.064132,fuera,fuera,-0.067825,fuera,fuera,-0.064598,fuera,fuera,-0.064440,fuera,fuera,5,E,,,,,,,,,,,,,,
2016-02-15,33716.14,36969.99,29368.23,-0.048780,fuera,fuera,-0.063423,fuera,fuera,-0.067964,fuera,fuera,-0.064866,fuera,fuera,-0.064378,fuera,fuera,5,E,,,,,,,,,,,,,,
2016-02-16,33860.28,36987.14,29429.39,-0.043178,fuera,fuera,-0.058098,fuera,fuera,-0.063518,fuera,fuera,-0.060485,fuera,fuera,-0.059687,fuera,fuera,5,E,,,,,,,,,,,,,,
2016-02-17,34226.31,37014.26,29513.28,-0.031680,fuera,fuera,-0.046816,fuera,fuera,-0.052963,fuera,fuera,-0.050025,fuera,fuera,-0.048855,fuera,fuera,5,E,,,,,,,,,,,,,,
2016-02-18,34582.44,37052.67,29591.20,-0.020615,fuera,fuera,-0.035817,fuera,fuera,-0.042712,fuera,fuera,-0.039904,fuera,fuera,-0.038332,fuera,fuera,5,E,,,,,,,,,,,,,,
2016-02-19,34562.22,37053.83,29599.09,-0.020080,fuera,fuera,-0.035243,fuera,fuera,-0.042880,fuera,fuera,-0.040305,fuera,fuera,-0.038332,fuera,fuera,5,E,,,,,,,,,,,,,,
2016-02-22,34570.56,37086.06,29608.73,-0.018537,fuera,fuera,-0.033748,fuera,fuera,-0.042228,fuera,fuera,-0.039862,fuera,fuera,-0.037650,fuera,fuera,5,E,,,,,,,,,,,,,,
2016-02-23,34554.82,37050.24,29570.19,-0.017650,fuera,fuera,-0.032865,fuera,fuera,-0.042298,fuera,fuera,-0.040058,fuera,fuera,-0.037771,fuera,fuera,5,E,,,,,,,,,,,,,,
2016-02-24,34289.69,37056.41,29533.13,-0.024015,fuera,fuera,-0.038853,fuera,fuera,-0.049163,fuera,fuera,-0.047124,fuera,fuera,-0.044960,fuera,fuera,5,E,,,,,,,,,,,,,,
2016-02-25,34296.54,37114.02,29564.26,-0.022800,fuera,fuera,-0.037141,fuera,fuera,-0.048481,fuera,fuera,-0.046634,fuera,fuera,-0.044596,fuera,fuera,5,E,,,,,,,,,,,,,,
2016-02-26,34201.34,37108.76,29553.10,-0.024396,fuera,fuera,-0.038352,fuera,fuera,-0.050542,fuera,fuera,-0.049005,fuera,fuera,-0.046923,fuera,fuera,5,E,,,,,,,,,,,,,,
2016-02-29,34254.78,37152.99,29593.80,-0.021563,fuera,fuera,-0.035367,fuera,fuera,-0.048441,fuera,fuera,-0.047298,fuera,fuera,-0.045017,fuera,fuera,5,E,,,,,,,,,,,,,,
2016-03-01,34349.11,37153.50,29620.78,-0.017511,fuera,fuera,-0.031281,fuera,fuera,-0.045146,fuera,fuera,-0.044515,fuera,fuera,-0.042033,fuera,fuera,5,E,,,,,,,,,,,,,,
2016-03-02,34856.37,37213.49,29738.73,-0.001883,fuera,fuera,-0.015787,fuera,fuera,-0.030450,fuera,fuera,-0.030330,fuera,fuera,-0.027616,fuera,fuera,5,E,,,,,,,,,,,,,,
2016-03-03,34954.14,37195.49,29743.17,0.002163,fuera,fuera,-0.011957,fuera,fuera,-0.027124,fuera,fuera,-0.027561,fuera,fuera,-0.024803,fuera,fuera,5,E,,,,,,,,,,,,,,
2016-03-04,35107.42,37198.87,29770.38,0.007645,fuera,fuera,-0.006605,fuera,fuera,-0.022312,fuera,fuera,-0.023223,fuera,fuera,-0.020483,fuera,fuera,5,E,,,,,,,,,,,,,,
2016-03-07,35146.62,37207.51,29781.46,0.009834,fuera,fuera,-0.004625,fuera,fuera,-0.020709,fuera,fuera,-0.022033,fuera,fuera,-0.019323,fuera,fuera,5,E,,,,,,,,,,,,,,
2016-03-08,35173.93,37197.34,29778.06,0.011463,fuera,fuera,-0.003101,fuera,fuera,-0.019407,fuera,fuera,-0.021197,fuera,fuera,-0.018559,fuera,fuera,5,E,,,,,,,,,,,,,,
2016-03-09,34938.92,37199.73,29756.21,0.005649,fuera,fuera,-0.008917,fuera,fuera,-0.025358,fuera,fuera,-0.027539,fuera,fuera,-0.025068,fuera,fuera,5,E,,,,,,,,,,,,,,
2016-03-10,34869.69,37170.04,29710.99,0.004481,fuera,fuera,-0.010060,fuera,fuera,-0.026686,fuera,fuera,-0.029192,fuera,fuera,-0.026879,fuera,fuera,5,E,,,,,,,,,,,,,,
2016-03-11,34920.46,37166.21,29725.97,0.006476,fuera,fuera,-0.007919,fuera,fuera,-0.024624,fuera,fuera,-0.027528,fuera,fuera,-0.025332,fuera,fuera,5,E,,,,,,,,,,,,,,
2016-03-14,35474.95,37288.45,29903.97,0.022565,A,fuera,0.008257,fuera,fuera,-0.008621,fuera,fuera,-0.011949,fuera,fuera,-0.009840,fuera,fuera,5,E,,,,,,,,,,,,,,
2016-03-15,35636.77,37240.13,29916.56,0.027301,A,fuera,0.013077,fuera,fuera,-0.003632,fuera,fuera,-0.007400,fuera,fuera,-0.005395,fuera,fuera,5,E,,,,,,,,,,,,,,
2016-03-16,35532.39,37287.31,29933.29,0.024434,A,fuera,0.010404,fuera,fuera,-0.006013,fuera,fuera,-0.010201,fuera,fuera,-0.008336,fuera,fuera,5,E,,,,,,,,,,,,,,
2016-03-17,35675.71,37323.11,29976.70,0.028409,A,fuera,0.014787,fuera,fuera,-0.001489,fuera,fuera,-0.006130,fuera,fuera,-0.004389,fuera,fuera,5,E,,,,,,,,,,,,,,
2016-03-18,35361.36,37310.09,29871.24,0.019358,A,A,0.006437,fuera,fuera,-0.009689,fuera,fuera,-0.014671,fuera,fuera,-0.013128,fuera,fuera,4,E,,,,,,,,,,,,,,
2016-03-21,35552.46,37351.50,29930.14,0.024537,A,A,0.012396,fuera,fuera,-0.003822,fuera,fuera,-0.009135,fuera,fuera,-0.007874,fuera,fuera,4,E,,,,,,,,,,,,,,
2016-03-22,35857.72,37353.51,29996.35,0.032707,A,A,0.021240,A,fuera,0.005118,fuera,fuera,-0.000420,fuera,fuera,0.000544,fuera,fuera,4,E,,,,,,,,,,,,,,
2016-03-23,35835.42,37349.98,29995.00,0.031459,A,A,0.020656,A,fuera,0.004885,fuera,fuera,-0.000774,fuera,fuera,-0.000152,fuera,fuera,4,E,,,,,,,,,,,,,,
2016-03-24,35651.08,37352.15,29974.84,0.025384,A,A,0.015567,A,fuera,0.000100,fuera,fuera,-0.005565,fuera,fuera,-0.005333,fuera,fuera,4,E,,,,,,,,,,,,,,
2016-03-28,35721.99,37389.80,30008.43,0.026538,A,A,0.017878,A,fuera,0.002538,fuera,fuera,-0.003272,fuera,fuera,-0.003407,fuera,fuera,4,E,,,,,,,,,,,,,,
2016-03-29,35661.19,37382.79,29991.30,0.024129,A,A,0.016537,A,A,0.001334,fuera,fuera,-0.004659,fuera,fuera,-0.005184,fuera,fuera,3,E,,,,,,,,,,,,,,
2016-03-30,35959.36,37434.40,30074.15,0.031816,A,A,0.025338,A,A,0.010212,fuera,fuera,0.003929,fuera,fuera,0.002949,fuera,fuera,3,E,,,,,,,,,,,,,,
2016-03-31,35907.09,37410.61,30038.09,0.029583,A,A,0.024304,A,A,0.009305,fuera,fuera,0.002742,fuera,fuera,0.001287,fuera,fuera,3,E,,,,,,,,,,,,,,
2016-04-01,35646.04,37416.03,29994.73,0.021458,A,A,0.017382,A,A,0.002609,fuera,fuera,-0.004224,fuera,fuera,-0.006103,fuera,fuera,3,E,,,,,,,,,,,,,,
2016-04-04,35600.77,37449.91,29984.27,0.019514,A,A,0.016632,A,A,0.002056,fuera,fuera,-0.005104,fuera,fuera,-0.007466,fuera,fuera,3,E,,,,,,,,,,,,,,
2016-04-05,35544.27,37442.75,29980.89,0.017591,A,A,0.015443,A,A,0.001131,fuera,fuera,-0.006259,fuera,fuera,-0.009074,fuera,fuera,3,E,,,,,,,,,,,,,,
2016-04-06,35422.37,37457.43,29969.68,0.014038,A,A,0.012406,A,A,-0.001575,fuera,fuera,-0.009212,fuera,fuera,-0.012449,fuera,fuera,3,E,,,,,,,,,,,,,,
2016-04-07,35591.71,37493.58,30016.37,0.018440,A,A,0.017501,A,A,0.003862,fuera,fuera,-0.004029,fuera,fuera,-0.007756,fuera,fuera,3,E,,,,,,,,,,,,,,
2016-04-08,35624.22,37489.99,30047.67,0.018703,A,A,0.018487,A,A,0.005400,fuera,fuera,-0.002665,fuera,fuera,-0.006831,fuera,fuera,3,E,,,,,,,,,,,,,,
2016-04-11,35894.64,37491.94,30109.66,0.025446,A,A,0.026101,A,A,0.013513,fuera,fuera,0.005283,fuera,fuera,0.000717,fuera,fuera,3,E,,,,,,,,,,,,,,
2016-04-12,35934.60,37507.70,30128.20,0.025493,A,A,0.027156,A,A,0.015118,fuera,fuera,0.006746,fuera,fuera,0.001822,fuera,fuera,3,E,,,,,,,,,,,,,,
2016-04-13,35842.95,37460.10,30071.32,0.021842,A,A,0.024494,A,A,0.012936,fuera,fuera,0.004513,fuera,fuera,-0.000699,fuera,fuera,3,E,,,,,,,,,,,,,,
2016-04-14,36135.31,37502.71,30145.10,0.028949,A,A,0.032528,A,A,0.021436,A,fuera,0.012965,fuera,fuera,0.007376,fuera,fuera,3,E,,,,,,,,,,,,,,
2016-04-15,36119.05,37517.18,30159.74,0.027176,A,A,0.031722,A,A,0.021215,A,fuera,0.012716,fuera,fuera,0.006883,fuera,fuera,3,E,,,,,,,,,,,,,,
2016-04-18,35981.55,37527.56,30133.43,0.021818,A,A,0.027367,A,A,0.017570,A,fuera,0.009177,fuera,fuera,0.003048,fuera,fuera,3,E,,,,,,,,,,,,,,
2016-04-19,36051.88,37557.77,30156.60,0.022309,A,A,0.028851,A,A,0.019706,A,fuera,0.011479,fuera,fuera,0.005039,fuera,fuera,3,E,,,,,,,,,,,,,,
2016-04-20,35999.19,37540.30,30155.23,0.019440,A,A,0.026852,A,A,0.018351,A,A,0.010423,fuera,fuera,0.003650,fuera,fuera,2,E,,,,,,,,,,,,,,
2016-04-21,36099.25,37554.68,30195.77,0.021070,A,A,0.028963,A,A,0.021190,A,A,0.013662,fuera,fuera,0.006559,fuera,fuera,2,E,,,,,,,,,,,,,,
2016-04-22,36082.45,37503.37,30163.26,0.019634,A,A,0.027702,A,A,0.020749,A,A,0.013628,fuera,fuera,0.006260,fuera,fuera,2,E,,,,,,,,,,,,,,
2016-04-25,36268.63,37520.59,30208.66,0.023798,A,A,0.032260,A,A,0.026045,A,A,0.019303,fuera,fuera,0.011610,fuera,fuera,2,E,,,,,,,,,,,,,,
2016-04-26,36209.97,37539.32,30208.82,0.021092,A,A,0.029866,A,A,0.024538,A,A,0.018052,fuera,fuera,0.010131,fuera,fuera,2,E,,,,,,,,,,,,,,
2016-04-27,36291.28,37546.18,30222.41,0.022273,A,A,0.031491,A,A,0.026972,A,A,0.020737,A,fuera,0.012520,fuera,fuera,2,E,,,,,,,,,,,,,,
2016-04-28,36321.20,37559.27,30234.39,0.021816,A,A,0.031582,A,A,0.027777,A,A,0.021957,A,fuera,0.013497,fuera,fuera,2,E,,,,,,,,,,,,,,
2016-04-29,36025.07,37495.16,30130.32,0.012391,A,A,0.022527,A,A,0.019372,A,A,0.014052,A,fuera,0.005436,fuera,fuera,2,E,,,,,,,,,,,,,,
2016-05-02,35785.98,37474.40,30078.86,0.004678,A,A,0.015420,A,A,0.012678,A,A,0.007760,A,fuera,-0.000998,fuera,fuera,2,E,,,,,,,,,,,,,,
2016-05-03,35864.00,37509.37,30115.88,0.005858,A,A,0.017390,A,A,0.015045,A,A,0.010382,A,A,0.001444,fuera,fuera,1,A,,,,,,,,,,,,,,
2016-05-04,35885.39,37537.97,30155.40,0.005495,A,A,0.017555,A,A,0.015856,A,A,0.011321,A,A,0.002322,fuera,fuera,1,A,,,,,,,,,,,,,,
2016-05-05,35833.29,37552.83,30157.84,0.003425,A,A,0.015520,A,A,0.014632,A,A,0.010135,A,A,0.001158,fuera,fuera,1,A,,,,,,,,,,,,,,
2016-05-06,35696.80,37541.36,30114.97,-0.000859,A,A,0.011060,A,A,0.011152,A,A,0.006602,A,A,-0.002307,fuera,fuera,1,A,,,,,,,,,,,,,,
2016-05-09,35661.48,37565.46,30122.77,-0.002191,A,A,0.009431,A,A,0.010514,A,A,0.005898,A,A,-0.002924,fuera,fuera,1,A,,,,,,,,,,,,,,
2016-05-10,35815.87,37575.12,30166.76,0.001712,A,A,0.013097,A,A,0.015203,A,A,0.010441,A,A,0.001723,fuera,fuera,1,A,,,,,,,,,,,,,,
2016-05-11,36265.38,37611.40,30273.43,0.013596,A,A,0.024899,A,A,0.028014,A,A,0.023166,A,A,0.014509,fuera,fuera,1,A,,,,,,,,,,,,,,
2016-05-12,36266.25,37615.82,30285.23,0.012786,A,A,0.023946,A,A,0.028085,A,A,0.023152,A,A,0.014720,fuera,fuera,1,A,,,,,,,,,,,,,,
2016-05-13,36393.62,37589.87,30307.38,0.015383,A,A,0.026341,A,A,0.031618,A,A,0.026689,A,A,0.018441,fuera,fuera,1,A,,,,,,,,,,,,,,
2016-05-16,36467.53,37613.73,30348.88,0.016470,A,A,0.027180,A,A,0.033478,A,A,0.028744,A,A,0.020604,A,fuera,1,A,,,,,,,,,,,,,,
2016-05-17,36711.15,37637.49,30394.01,0.022477,A,A,0.032746,A,A,0.040031,A,A,0.035608,A,A,0.027524,A,fuera,1,A,,,,,,,,,,,,,,
2016-05-18,36676.83,37614.57,30384.82,0.020864,A,A,0.030670,A,A,0.038754,A,A,0.034649,A,A,0.026698,A,fuera,1,A,,,,,,,,,,,,,,
2016-05-19,36506.49,37600.60,30331.37,0.015511,A,A,0.025018,A,A,0.033684,A,A,0.029756,A,A,0.022170,A,fuera,1,A,,,,,,,,,,,,,,
2016-05-20,36523.68,37594.95,30330.49,0.015457,A,A,0.024619,A,A,0.033817,A,A,0.030081,A,A,0.022916,A,A,0,A,,,,,,,,,,,,,,
2016-05-23,36484.39,37606.45,30326.14,0.013661,A,A,0.022658,A,A,0.032345,A,A,0.028842,A,A,0.022092,A,A,0,A,,,,,,,,,,,,,,
2016-05-24,36519.47,37607.88,30343.04,0.014030,A,A,0.022762,A,A,0.032861,A,A,0.029788,A,A,0.023388,A,A,0,A,,,,,,,,,,,,,,
2016-05-25,36672.27,37611.64,30357.61,0.017762,A,A,0.025971,A,A,0.036608,A,A,0.034056,A,A,0.027898,A,A,0,A,,,,,,,,,,,,,,
2016-05-26,36910.09,37635.94,30407.98,0.023683,A,A,0.031446,A,A,0.042678,A,A,0.040681,A,A,0.034758,A,A,0,A,,,,,,,,,,,,,,
2016-05-27,36780.39,37625.55,30375.74,0.019377,A,A,0.026666,A,A,0.038264,A,A,0.037060,A,A,0.031333,A,A,0,A,,,,,,,,,,,,,,
2016-05-30,36906.46,37655.64,30406.35,0.022125,A,A,0.028995,A,A,0.040996,A,A,0.040585,A,A,0.035027,A,A,0,A,,,,,,,,,,,,,,
2016-05-31,37041.88,37674.52,30447.18,0.025005,A,A,0.031560,A,A,0.044032,A,A,0.044335,A,A,0.038909,A,A,0,A,,,,,,,,,,,,,,
2016-06-01,37008.07,37629.56,30408.11,0.023409,A,A,0.029655,A,A,0.042303,A,A,0.043234,A,A,0.038059,A,A,0,A,,,,,,,,,,,,,,
2016-06-02,37148.37,37677.19,30458.20,0.026506,A,A,0.032573,A,A,0.045483,A,A,0.046981,A,A,0.041989,A,A,0,A,,,,,,,,,,,,,,
2016-06-03,37109.37,37687.27,30447.63,0.024508,A,A,0.030593,A,A,0.043587,A,A,0.045613,A,A,0.040841,A,A,0,A,,,,,,,,,,,,,,
2016-06-06,36915.30,37682.86,30429.10,0.018329,A,A,0.024417,A,A,0.037380,A,A,0.039819,A,A,0.035385,A,A,0,A,,,,,,,,,,,,,,
2016-06-07,36964.58,37687.81,30417.65,0.018801,A,A,0.024989,A,A,0.038152,A,A,0.040837,A,A,0.036716,A,A,0,A,,,,,,,,,,,,,,
2016-06-08,37138.67,37709.53,30472.64,0.022524,A,A,0.028836,A,A,0.042451,A,A,0.045349,A,A,0.041453,A,A,0,A,,,,,,,,,,,,,,
2016-06-09,36971.34,37684.48,30416.07,0.017059,A,A,0.023269,A,A,0.037086,A,A,0.040298,A,A,0.036634,A,A,0,A,,,,,,,,,,,,,,
2016-06-10,36997.08,37699.55,30443.57,0.016913,A,A,0.023063,A,A,0.037031,A,A,0.040587,A,A,0.037154,A,A,0,A,,,,,,,,,,,,,,
2016-06-13,36827.32,37720.49,30429.75,0.011671,A,A,0.017774,A,A,0.031485,A,A,0.035410,A,A,0.032249,A,A,0,A,,,,,,,,,,,,,,
2016-06-14,36578.86,37718.69,30376.60,0.004450,A,A,0.010496,A,A,0.023785,A,A,0.028004,A,A,0.025234,A,A,0,A,,,,,,,,,,,,,,
2016-06-15,36527.19,37728.47,30356.82,0.002613,A,A,0.008636,A,A,0.021614,A,A,0.026108,A,A,0.023822,A,A,0,A,,,,,,,,,,,,,,
2016-06-16,36515.27,37725.16,30358.45,0.002054,A,A,0.007942,A,A,0.020563,A,A,0.025335,A,A,0.023531,A,A,0,A,,,,,,,,,,,,,,
2016-06-17,36591.15,37772.83,30401.38,0.003847,A,A,0.009501,A,A,0.021894,A,A,0.026885,A,A,0.025567,A,A,0,A,,,,,,,,,,,,,,
2016-06-20,36538.92,37750.11,30381.11,0.002073,A,A,0.007631,A,A,0.019550,A,A,0.024826,A,A,0.023968,A,A,0,A,,,,,,,,,,,,,,
2016-06-21,36646.08,37704.20,30385.06,0.004649,A,A,0.010243,A,A,0.021612,A,A,0.027284,A,A,0.026826,A,A,0,A,,,,,,,,,,,,,,
2016-06-22,36563.05,37687.66,30356.81,0.002028,A,A,0.007638,A,A,0.018445,A,A,0.024427,A,A,0.024454,A,A,0,A,,,,,,,,,,,,,,
2016-06-23,36496.48,37664.48,30332.65,-0.000038,A,A,0.005438,A,A,0.015877,A,A,0.022096,A,A,0.022595,A,A,0,A,,,,,,,,,,,,,,
2016-06-24,36546.01,37684.99,30337.11,0.001036,A,A,0.006445,A,A,0.016638,A,A,0.022970,A,A,0.024000,A,A,0,A,,,,,,,,,,,,,,
2016-06-28,35776.33,37719.53,30248.50,-0.019752,A,A,-0.014800,A,A,-0.005146,A,A,0.001113,A,A,0.002686,A,A,0,A,,,,,,,,,,,,,,
2016-06-29,35730.12,37721.93,30221.14,-0.020732,fuera,A,-0.015975,A,A,-0.006787,A,A,-0.000355,A,A,0.001630,A,A,0,A,,,,,,,,,,,,,,
2016-06-30,35666.52,37724.56,30196.33,-0.022103,fuera,A,-0.017625,A,A,-0.008896,A,A,-0.002226,A,A,0.000099,A,A,0,A,,,,,,,,,,,,,,
2016-07-01,35920.04,37791.02,30269.51,-0.014912,fuera,A,-0.010759,A,A,-0.002353,A,A,0.004595,A,A,0.007333,A,A,0,A,,,,,,,,,,,,,,
2016-07-04,36071.05,37843.03,30346.90,-0.010798,fuera,A,-0.006801,A,A,0.001293,A,A,0.008422,A,A,0.011644,A,A,0,A,,,,,,,,,,,,,,
2016-07-05,36105.16,37846.12,30349.76,-0.010055,fuera,fuera,-0.006102,A,A,0.001652,A,A,0.008910,A,A,0.012612,A,A,1,A,,,,,,,,,,,,,,
2016-07-06,35916.57,37876.63,30360.59,-0.015258,fuera,fuera,-0.011503,A,A,-0.004091,A,A,0.003197,A,A,0.007284,A,A,1,A,,,,,,,,,,,,,,
2016-07-07,35995.55,37917.48,30391.89,-0.013158,fuera,fuera,-0.009502,A,A,-0.002407,A,A,0.004935,A,A,0.009419,A,A,1,A,,,,,,,,,,,,,,
2016-07-08,36007.43,37919.60,30398.64,-0.012937,fuera,fuera,-0.009338,A,A,-0.002431,A,A,0.004797,A,A,0.009693,A,A,1,A,,,,,,,,,,,,,,
2016-07-11,36147.65,37983.00,30446.58,-0.009366,fuera,fuera,-0.005588,A,A,0.001086,A,A,0.008162,A,A,0.013536,A,A,1,A,,,,,,,,,,,,,,
2016-07-12,36279.75,37982.24,30472.08,-0.006120,fuera,fuera,-0.002102,A,A,0.004382,A,A,0.011164,A,A,0.017049,A,A,1,A,,,,,,,,,,,,,,
2016-07-13,36583.14,37996.95,30530.06,0.001724,fuera,fuera,0.005923,A,A,0.012334,A,A,0.018845,A,A,0.025279,A,A,1,A,,,,,,,,,,,,,,
2016-07-14,36564.59,37998.32,30524.80,0.001034,fuera,fuera,0.005227,A,A,0.011388,A,A,0.017598,A,A,0.024414,A,A,1,A,,,,,,,,,,,,,,
2016-07-15,36426.37,37979.96,30476.56,-0.002848,fuera,fuera,0.001295,A,A,0.007105,A,A,0.013161,A,A,0.020197,A,A,1,A,,,,,,,,,,,,,,
2016-07-18,36391.66,38002.92,30473.51,-0.003797,fuera,fuera,0.000165,A,A,0.005675,A,A,0.011711,A,A,0.018891,A,A,1,A,,,,,,,,,,,,,,
2016-07-19,36506.38,38004.61,30490.13,-0.000680,fuera,fuera,0.003122,A,A,0.008354,A,A,0.014378,A,A,0.021643,A,A,1,A,,,,,,,,,,,,,,
2016-07-20,36537.56,38015.61,30504.24,0.000279,fuera,fuera,0.003747,A,A,0.008886,A,A,0.014716,A,A,0.022024,A,A,1,A,,,,,,,,,,,,,,
2016-07-21,36655.52,38042.15,30541.49,0.003522,fuera,fuera,0.006747,A,A,0.011827,A,A,0.017427,A,A,0.024867,A,A,1,A,,,,,,,,,,,,,,
2016-07-22,36573.89,38016.73,30512.42,0.001246,fuera,fuera,0.004293,A,A,0.009251,A,A,0.014548,A,A,0.022144,A,A,1,A,,,,,,,,,,,,,,
2016-07-25,36670.84,38041.21,30539.53,0.003810,fuera,fuera,0.006781,A,A,0.011618,A,A,0.016600,A,A,0.024426,A,A,1,A,,,,,,,,,,,,,,
2016-07-26,36883.60,38016.51,30568.40,0.009389,fuera,fuera,0.012330,A,A,0.017013,A,A,0.021775,A,A,0.029863,A,A,1,A,,,,,,,,,,,,,,
2016-07-27,37136.08,38009.80,30603.31,0.015918,fuera,fuera,0.018891,A,A,0.023478,A,A,0.027988,A,A,0.036331,A,A,1,A,,,,,,,,,,,,,,
2016-07-28,37323.19,38037.26,30660.22,0.020632,A,fuera,0.023585,A,A,0.028173,A,A,0.032358,A,A,0.041034,A,A,1,A,,,,,,,,,,,,,,
2016-07-29,37341.31,38059.77,30683.07,0.020860,A,fuera,0.023504,A,A,0.028199,A,A,0.032183,A,A,0.041074,A,A,1,A,,,,,,,,,,,,,,
2016-08-01,37088.36,38096.82,30674.20,0.013755,A,fuera,0.016004,A,A,0.020785,A,A,0.024615,A,A,0.033523,A,A,1,A,,,,,,,,,,,,,,
2016-08-02,37105.34,38136.74,30701.02,0.014097,A,fuera,0.015930,A,A,0.020820,A,A,0.024546,A,A,0.033422,A,A,1,A,,,,,,,,,,,,,,
2016-08-03,36819.10,38119.16,30647.66,0.006410,A,A,0.007690,A,A,0.012587,A,A,0.016195,A,A,0.024896,A,A,0,A,,,,,,,,,,,,,,
2016-08-04,36860.49,38137.83,30654.43,0.007632,A,A,0.008380,A,A,0.013446,A,A,0.016887,A,A,0.025458,A,A,0,A,,,,,,,,,,,,,,
2016-08-05,36948.40,38176.08,30702.06,0.010158,A,A,0.010244,A,A,0.015540,A,A,0.018774,A,A,0.027290,A,A,0,A,,,,,,,,,,,,,,
2016-08-08,37139.93,38202.07,30729.50,0.015375,A,A,0.014840,A,A,0.020339,A,A,0.023445,A,A,0.031958,A,A,0,A,,,,,,,,,,,,,,
2016-08-09,37143.23,38224.31,30752.87,0.015325,A,A,0.014356,A,A,0.019949,A,A,0.022939,A,A,0.031358,A,A,0,A,,,,,,,,,,,,,,
2016-08-10,37171.13,38255.56,30793.55,0.015960,A,A,0.014725,A,A,0.020209,A,A,0.023253,A,A,0.031353,A,A,0,A,,,,,,,,,,,,,,
2016-08-11,37045.86,38290.20,30817.67,0.012593,A,A,0.010969,A,A,0.016268,A,A,0.019427,A,A,0.027124,A,A,0,A,,,,,,,,,,,,,,
2016-08-12,36966.08,38325.19,30818.58,0.010416,A,A,0.008546,A,A,0.013655,A,A,0.016850,A,A,0.024212,A,A,0,A,,,,,,,,,,,,,,
2016-08-16,37210.68,38461.03,30961.68,0.016970,A,A,0.014898,A,A,0.019869,A,A,0.023167,A,A,0.030313,A,A,0,A,,,,,,,,,,,,,,
2016-08-17,37205.78,38516.43,31013.96,0.016602,A,A,0.014550,A,A,0.019327,A,A,0.022538,A,A,0.029584,A,A,0,A,,,,,,,,,,,,,,
2016-08-18,37406.14,38525.65,31054.28,0.021564,A,A,0.019697,A,A,0.024358,A,A,0.027546,A,A,0.034482,A,A,0,A,,,,,,,,,,,,,,
2016-08-19,37432.68,38528.14,31057.76,0.021727,A,A,0.020018,A,A,0.024589,A,A,0.027852,A,A,0.034566,A,A,0,A,,,,,,,,,,,,,,
2016-08-22,37580.26,38544.71,31097.88,0.025093,A,A,0.023579,A,A,0.028177,A,A,0.031434,A,A,0.037956,A,A,0,A,,,,,,,,,,,,,,
2016-08-23,37810.34,38588.53,31171.68,0.030607,A,A,0.029265,A,A,0.033940,A,A,0.037163,A,A,0.043506,A,A,0,A,,,,,,,,,,,,,,
2016-08-24,37982.44,38625.83,31231.90,0.034394,A,A,0.033307,A,A,0.038015,A,A,0.041269,A,A,0.047410,A,A,0,A,,,,,,,,,,,,,,
2016-08-25,38043.34,38643.79,31264.47,0.035177,A,A,0.034361,A,A,0.039051,A,A,0.042290,A,A,0.048208,A,A,0,A,,,,,,,,,,,,,,
2016-08-26,37768.44,38641.02,31203.25,0.026948,A,A,0.026512,A,A,0.030989,A,A,0.034270,A,A,0.039834,A,A,0,A,,,,,,,,,,,,,,
2016-08-29,37563.83,38667.36,31181.00,0.020727,A,A,0.020612,A,A,0.024949,A,A,0.028223,A,A,0.033475,A,A,0,A,,,,,,,,,,,,,,
2016-08-30,37982.82,38705.78,31278.90,0.031217,A,A,0.031524,A,A,0.035784,A,A,0.039059,A,A,0.044290,A,A,0,A,,,,,,,,,,,,,,
2016-08-31,38086.05,38709.82,31299.67,0.032581,A,A,0.033870,A,A,0.038028,A,A,0.041209,A,A,0.046413,A,A,0,A,,,,,,,,,,,,,,
2016-09-01,38269.90,38749.72,31372.45,0.035980,A,A,0.038305,A,A,0.042388,A,A,0.045493,A,A,0.050739,A,A,0,A,,,,,,,,,,,,,,
2016-09-02,38346.43,38745.83,31384.06,0.036381,A,A,0.039853,A,A,0.043824,A,A,0.046787,A,A,0.052107,A,A,0,A,,,,,,,,,,,,,,
2016-09-05,38294.75,38767.13,31377.71,0.033510,A,A,0.037930,A,A,0.041795,A,A,0.044642,A,A,0.049976,A,A,0,A,,,,,,,,,,,,,,
2016-09-06,38286.60,38792.03,31392.30,0.031919,A,A,0.037107,A,A,0.040862,A,A,0.043698,A,A,0.048988,A,A,0,A,,,,,,,,,,,,,,
2016-09-07,38313.21,38817.64,31409.34,0.031272,A,A,0.037236,A,A,0.040791,A,A,0.043768,A,A,0.048932,A,A,0,A,,,,,,,,,,,,,,
2016-09-08,37986.88,38837.30,31373.29,0.021224,A,A,0.028032,A,A,0.031265,A,A,0.034327,A,A,0.039305,A,A,0,A,,,,,,,,,,,,,,
2016-09-09,38015.50,38856.86,31396.43,0.020762,A,A,0.028353,A,A,0.031379,A,A,0.034524,A,A,0.039515,A,A,0,A,,,,,,,,,,,,,,
2016-09-12,37923.46,38839.75,31408.82,0.017127,A,A,0.025462,A,A,0.028234,A,A,0.031541,A,A,0.036483,A,A,0,A,,,,,,,,,,,,,,
2016-09-13,37945.27,38817.21,31362.02,0.016623,A,A,0.025567,A,A,0.028129,A,A,0.031646,A,A,0.036537,A,A,0,A,,,,,,,,,,,,,,
2016-09-14,37653.77,38820.67,31328.61,0.007989,A,A,0.017227,A,A,0.019619,A,A,0.023278,A,A,0.028133,A,A,0,A,,,,,,,,,,,,,,
2016-09-15,37708.29,38790.84,31314.32,0.008773,A,A,0.018192,A,A,0.020515,A,A,0.024320,A,A,0.029099,A,A,0,A,,,,,,,,,,,,,,
2016-09-16,37697.60,38812.56,31309.90,0.007808,A,A,0.017396,A,A,0.019786,A,A,0.023580,A,A,0.028329,A,A,0,A,,,,,,,,,,,,,,
2016-09-20,37823.00,38826.36,31340.96,0.010322,A,A,0.020250,A,A,0.022700,A,A,0.026527,A,A,0.031311,A,A,0,A,,,,,,,,,,,,,,
2016-09-21,37780.59,38810.45,31336.92,0.008358,A,A,0.018573,A,A,0.021128,A,A,0.024927,A,A,0.029721,A,A,0,A,,,,,,,,,,,,,,
2016-09-22,37846.02,38806.52,31332.40,0.009303,A,A,0.019822,A,A,0.022473,A,A,0.026283,A,A,0.031015,A,A,0,A,,,,,,,,,,,,,,
2016-09-23,37712.27,38861.52,31350.11,0.005036,A,A,0.015726,A,A,0.018553,A,A,0.022260,A,A,0.026929,A,A,0,A,,,,,,,,,,,,,,
2016-09-26,37736.88,38896.00,31393.36,0.005048,A,A,0.015858,A,A,0.018894,A,A,0.022545,A,A,0.027139,A,A,0,A,,,,,,,,,,,,,,
2016-09-27,37608.98,38911.74,31399.76,0.001029,A,A,0.011963,A,A,0.015105,A,A,0.018741,A,A,0.023293,A,A,0,A,,,,,,,,,,,,,,
2016-09-28,37653.14,38954.07,31420.22,0.001622,A,A,0.012352,A,A,0.015953,A,A,0.019509,A,A,0.024108,A,A,0,A,,,,,,,,,,,,,,
2016-09-29,37784.42,38988.21,31459.48,0.004579,A,A,0.015006,A,A,0.019098,A,A,0.022537,A,A,0.027205,A,A,0,A,,,,,,,,,,,,,,
2016-09-30,37501.74,38991.27,31433.85,-0.003152,A,A,0.006637,A,A,0.011176,A,A,0.014458,A,A,0.019102,A,A,0,A,,,,,,,,,,,,,,
2016-10-03,37407.23,38972.69,31389.86,-0.005713,A,A,0.003474,A,A,0.008405,A,A,0.011505,A,A,0.016125,A,A,0,A,,,,,,,,,,,,,,
2016-10-04,37501.40,38982.56,31412.07,-0.003305,A,A,0.005398,A,A,0.010765,A,A,0.013616,A,A,0.018227,A,A,0,A,,,,,,,,,,,,,,
2016-10-05,37715.32,38963.95,31435.91,0.002010,A,A,0.010451,A,A,0.016246,A,A,0.018869,A,A,0.023567,A,A,0,A,,,,,,,,,,,,,,
2016-10-06,37909.97,38969.60,31461.84,0.006703,A,A,0.014819,A,A,0.021184,A,A,0.023535,A,A,0.028343,A,A,0,A,,,,,,,,,,,,,,
2016-10-07,37985.68,38973.39,31474.21,0.008020,A,A,0.016000,A,A,0.022935,A,A,0.025007,A,A,0.029933,A,A,0,A,,,,,,,,,,,,,,
2016-10-11,38030.88,38980.72,31488.26,0.008523,A,A,0.016350,A,A,0.023838,A,A,0.025762,A,A,0.030694,A,A,0,A,,,,,,,,,,,,,,
2016-10-12,37818.20,38974.83,31476.49,0.002369,A,A,0.009962,A,A,0.017909,A,A,0.019619,A,A,0.024495,A,A,0,A,,,,,,,,,,,,,,
2016-10-13,37765.98,38966.05,31448.39,0.000616,A,A,0.007942,A,A,0.016304,A,A,0.017852,A,A,0.022721,A,A,0,A,,,,,,,,,,,,,,
2016-10-14,37801.67,38966.68,31473.93,0.001174,A,A,0.008382,A,A,0.016995,A,A,0.018465,A,A,0.023318,A,A,0,A,,,,,,,,,,,,,,
2016-10-17,37892.53,38939.30,31460.80,0.003154,A,A,0.010247,A,A,0.019156,A,A,0.020604,A,A,0.025356,A,A,0,A,,,,,,,,,,,,,,
2016-10-18,37872.08,38910.21,31442.97,0.002126,A,A,0.009094,A,A,0.018383,A,A,0.019740,A,A,0.024403,A,A,0,A,,,,,,,,,,,,,,
2016-10-19,38027.57,38926.23,31471.12,0.005612,A,A,0.012547,A,A,0.022242,A,A,0.023528,A,A,0.028161,A,A,0,A,,,,,,,,,,,,,,
2016-10-20,38148.49,38967.71,31538.09,0.008254,A,A,0.015073,A,A,0.025140,A,A,0.026355,A,A,0.030977,A,A,0,A,,,,,,,,,,,,,,
2016-10-21,38150.28,38967.65,31545.36,0.007743,A,A,0.014441,A,A,0.024783,A,A,0.025965,A,A,0.030568,A,A,0,A,,,,,,,,,,,,,,
2016-10-24,38126.04,38959.66,31542.83,0.006677,A,A,0.013177,A,A,0.023659,A,A,0.024892,A,A,0.029503,A,A,0,A,,,,,,,,,,,,,,
2016-10-25,38012.89,38907.31,31480.63,0.003348,A,A,0.009567,A,A,0.020169,A,A,0.021499,A,A,0.026052,A,A,0,A,,,,,,,,,,,,,,
2016-10-26,37744.90,38875.43,31413.25,-0.003822,A,A,0.002003,A,A,0.012606,A,A,0.014081,A,A,0.018501,A,A,0,A,,,,,,,,,,,,,,
2016-10-27,37619.70,38857.57,31383.66,-0.007015,A,A,-0.001625,A,A,0.008937,A,A,0.010500,A,A,0.014840,A,A,0,A,,,,,,,,,,,,,,
2016-10-28,37411.38,38790.06,31290.96,-0.012183,A,A,-0.007267,A,A,0.003090,A,A,0.004775,A,A,0.008921,A,A,0,A,,,,,,,,,,,,,,
2016-11-02,37242.49,38721.92,31219.14,-0.016180,A,A,-0.011716,A,A,-0.001616,A,A,0.000188,A,A,0.004053,A,A,0,A,,,,,,,,,,,,,,
2016-11-03,37110.77,38663.61,31156.04,-0.019281,A,A,-0.015117,A,A,-0.005310,A,A,-0.003376,A,A,0.000235,A,A,0,A,,,,,,,,,,,,,,
2016-11-04,36869.63,38672.51,31123.16,-0.025256,fuera,A,-0.021428,fuera,A,-0.011883,A,A,-0.009781,A,A,-0.006473,A,A,0,A,,,,,,,,,,,,,,
2016-11-07,36883.19,38711.13,31139.04,-0.024267,fuera,A,-0.020978,fuera,A,-0.011619,A,A,-0.009360,A,A,-0.006331,A,A,0,A,,,,,,,,,,,,,,
2016-11-08,37245.01,38773.64,31232.73,-0.014208,fuera,A,-0.011548,fuera,A,-0.002359,A,A,0.000274,A,A,0.003085,A,A,0,A,,,,,,,,,,,,,,
2016-11-09,37271.96,38783.76,31237.25,-0.012916,fuera,A,-0.011002,fuera,A,-0.002095,A,A,0.000919,A,A,0.003465,A,A,0,A,,,,,,,,,,,,,,
2016-11-10,37111.77,38710.96,31129.96,-0.016443,fuera,fuera,-0.015319,fuera,fuera,-0.006811,A,A,-0.003376,A,A,-0.001124,A,A,2,E,,,,,,,,,,,,,,
2016-11-11,37280.18,38425.29,30943.05,-0.011389,fuera,fuera,-0.010908,fuera,fuera,-0.002707,A,A,0.001068,A,A,0.003191,A,A,2,E,,,,,,,,,,,,,,
2016-11-14,37113.95,38246.46,30782.23,-0.015117,fuera,fuera,-0.015307,fuera,fuera,-0.007462,A,A,-0.003426,A,A,-0.001463,A,A,2,E,,,,,,,,,,,,,,
2016-11-15,37115.24,37812.10,30465.08,-0.014386,fuera,fuera,-0.015250,fuera,fuera,-0.007725,A,A,-0.003465,A,A,-0.001582,A,A,2,E,,,,,,,,,,,,,,
2016-11-16,37175.56,38025.77,30621.57,-0.012312,fuera,fuera,-0.013702,fuera,fuera,-0.006484,A,A,-0.001997,A,A,-0.000110,A,A,2,E,,,,,,,,,,,,,,
2016-11-17,37505.38,38120.01,30752.24,-0.003249,fuera,fuera,-0.005174,fuera,fuera,0.001881,A,A,0.006605,A,A,0.008590,A,A,2,E,,,,,,,,,,,,,,
2016-11-18,37507.48,38178.90,30800.86,-0.002948,fuera,fuera,-0.005241,fuera,fuera,0.001492,A,A,0.006406,A,A,0.008467,A,A,2,E,,,,,,,,,,,,,,
2016-11-21,37590.84,38144.25,30778.76,-0.000523,fuera,fuera,-0.003189,fuera,fuera,0.003288,A,A,0.008385,A,A,0.010475,A,A,2,E,,,,,,,,,,,,,,
2016-11-22,37603.25,38122.38,30756.63,-0.000163,fuera,fuera,-0.002941,fuera,fuera,0.003225,A,A,0.008444,A,A,0.010576,A,A,2,E,,,,,,,,,,,,,,
2016-11-23,37660.18,38136.13,30777.11,0.001379,fuera,fuera,-0.001526,fuera,fuera,0.004423,A,A,0.009709,A,A,0.011852,A,A,2,E,,,,,,,,,,,,,,
2016-11-24,37793.17,38093.69,30768.75,0.004859,fuera,fuera,0.001912,fuera,fuera,0.007603,A,A,0.012957,A,A,0.015149,A,A,2,E,,,,,,,,,,,,,,
2016-11-25,37682.02,38057.88,30723.34,0.001987,fuera,fuera,-0.000982,fuera,fuera,0.004267,A,A,0.009672,A,A,0.011946,A,A,2,E,,,,,,,,,,,,,,
2016-11-28,37768.40,38040.56,30718.23,0.004291,fuera,fuera,0.001397,fuera,fuera,0.006158,A,A,0.011671,A,A,0.014080,A,A,2,E,,,,,,,,,,,,,,
2016-11-29,37694.09,38048.34,30717.09,0.002405,fuera,fuera,-0.000429,fuera,fuera,0.003826,A,A,0.009187,A,A,0.011888,A,A,2,E,,,,,,,,,,,,,,
2016-11-30,37667.72,38152.57,30781.85,0.001730,fuera,fuera,-0.001086,fuera,fuera,0.002788,A,A,0.007983,A,A,0.011016,A,A,2,E,,,,,,,,,,,,,,
2016-12-01,37653.62,38177.67,30794.89,0.001405,fuera,fuera,-0.001497,fuera,fuera,0.002117,A,A,0.007095,A,A,0.010506,A,A,2,E,,,,,,,,,,,,,,
2016-12-02,37600.59,38167.44,30770.46,-0.000001,fuera,fuera,-0.002746,fuera,fuera,0.000402,A,A,0.005247,A,A,0.008955,A,A,2,E,,,,,,,,,,,,,,
2016-12-05,37414.76,38235.90,30783.48,-0.004803,fuera,fuera,-0.007398,fuera,fuera,-0.004761,A,A,-0.000063,A,A,0.003912,A,A,2,E,,,,,,,,,,,,,,
2016-12-06,37404.63,38287.23,30808.93,-0.004849,fuera,fuera,-0.007311,fuera,fuera,-0.005184,A,A,-0.000665,A,A,0.003577,A,A,2,E,,,,,,,,,,,,,,
2016-12-07,37249.13,38302.68,30787.32,-0.008838,fuera,fuera,-0.010988,fuera,fuera,-0.009352,A,A,-0.005157,A,A,-0.000666,A,A,2,E,,,,,,,,,,,,,,
2016-12-09,37407.36,38372.56,30855.32,-0.004628,fuera,fuera,-0.006421,fuera,fuera,-0.005169,A,A,-0.001289,A,A,0.003484,A,A,2,E,,,,,,,,,,,,,,
2016-12-12,37362.12,38370.22,30843.37,-0.005750,fuera,fuera,-0.007242,fuera,fuera,-0.006378,A,A,-0.002840,A,A,0.002223,A,A,2,E,,,,,,,,,,,,,,
2016-12-13,37090.73,38330.99,30781.16,-0.012607,fuera,fuera,-0.013952,fuera,fuera,-0.013596,A,A,-0.010321,A,A,-0.005082,A,A,2,E,,,,,,,,,,,,,,
2016-12-14,37257.99,38399.78,30854.62,-0.007772,fuera,fuera,-0.009206,fuera,fuera,-0.009193,A,A,-0.006105,A,A,-0.000651,A,A,2,E,,,,,,,,,,,,,,
2016-12-15,37289.36,38548.62,30973.27,-0.006527,fuera,fuera,-0.008072,fuera,fuera,-0.008497,A,A,-0.005447,A,A,0.000092,A,A,2,E,,,,,,,,,,,,,,
2016-12-16,37459.52,38494.97,30967.02,-0.001656,fuera,fuera,-0.003354,fuera,fuera,-0.004148,A,A,-0.001135,A,A,0.004467,A,A,2,E,,,,,,,,,,,,,,
2016-12-19,37730.12,38567.42,31067.78,0.005609,fuera,fuera,0.003936,fuera,fuera,0.002814,A,A,0.005747,A,A,0.011464,A,A,2,E,,,,,,,,,,,,,,
2016-12-20,37976.31,38627.79,31148.06,0.012044,fuera,fuera,0.010351,fuera,fuera,0.009108,A,A,0.011903,A,A,0.017748,A,A,2,E,,,,,,,,,,,,,,
2016-12-21,37931.47,38660.33,31169.06,0.010772,fuera,fuera,0.009064,fuera,fuera,0.007682,A,A,0.010343,A,A,0.016256,A,A,2,E,,,,,,,,,,,,,,
2016-12-22,37698.95,38672.96,31124.28,0.004691,fuera,fuera,0.002878,fuera,fuera,0.001349,A,A,0.003853,A,A,0.009778,A,A,2,E,,,,,,,,,,,,,,
2016-12-23,37700.42,38716.21,31182.85,0.004832,fuera,fuera,0.002969,fuera,fuera,0.001195,A,A,0.003627,A,A,0.009591,A,A,2,E,,,,,,,,,,,,,,
2016-12-26,37566.89,38697.31,31153.95,0.001546,fuera,fuera,-0.000495,fuera,fuera,-0.002528,A,A,-0.000180,A,A,0.005800,A,A,2,E,,,,,,,,,,,,,,
2016-12-27,37512.71,38757.45,31182.61,0.000479,fuera,fuera,-0.001798,fuera,fuera,-0.004056,A,A,-0.001835,A,A,0.004133,A,A,2,E,,,,,,,,,,,,,,
2016-12-28,37602.80,38808.63,31231.46,0.003207,fuera,fuera,0.000645,fuera,fuera,-0.001781,A,A,0.000380,A,A,0.006319,A,A,2,E,,,,,,,,,,,,,,
2016-12-29,37621.61,38856.33,31276.36,0.004009,fuera,fuera,0.001193,fuera,fuera,-0.001345,A,A,0.000757,A,A,0.006428,A,A,2,E,,,,,,,,,,,,,,
2016-12-30,37526.30,38919.55,31290.18,0.001755,fuera,fuera,-0.001309,fuera,fuera,-0.003902,A,A,-0.001829,A,A,0.003495,A,A,2,E,,,,,,,,,,,,,,
2017-01-03,37694.75,38986.30,31375.81,0.006281,fuera,fuera,0.003157,fuera,fuera,0.000535,A,A,0.002562,A,A,0.007566,A,A,2,E,,,,,,,,,,,,,,
2017-01-04,37953.32,39085.23,31495.68,0.012983,fuera,fuera,0.009967,fuera,fuera,0.007356,A,A,0.009218,A,A,0.014040,A,A,2,E,,,,,,,,,,,,,,
2017-01-05,38062.97,39208.65,31608.64,0.015518,fuera,fuera,0.012648,fuera,fuera,0.010242,A,A,0.011888,A,A,0.016540,A,A,2,E,,,,,,,,,,,,,,
2017-01-06,37973.89,39242.34,31607.22,0.012702,fuera,fuera,0.010041,fuera,fuera,0.007899,A,A,0.009225,A,A,0.013760,A,A,2,E,,,,,,,,,,,,,,
2017-01-09,37929.91,39177.87,31559.49,0.011038,fuera,fuera,0.008691,fuera,fuera,0.006683,A,A,0.007783,A,A,0.012154,A,A,2,E,,,,,,,,,,,,,,
2017-01-10,38075.76,39196.88,31597.87,0.014201,fuera,fuera,0.012418,fuera,fuera,0.010402,A,A,0.011370,A,A,0.015598,A,A,2,E,,,,,,,,,,,,,,
2017-01-11,38171.52,39165.03,31592.58,0.015977,fuera,fuera,0.014854,fuera,fuera,0.012887,A,A,0.013649,A,A,0.017686,A,A,2,E,,,,,,,,,,,,,,
2017-01-12,38376.92,39201.04,31647.73,0.020761,A,fuera,0.020149,A,fuera,0.018250,A,A,0.018785,A,A,0.022680,A,A,2,E,,,,,,,,,,,,,,
2017-01-13,38073.26,39222.32,31606.19,0.012204,A,fuera,0.012059,A,fuera,0.010251,A,A,0.010494,A,A,0.014203,A,A,2,E,,,,,,,,,,,,,,
2017-01-16,37997.43,39191.23,31562.84,0.009660,A,fuera,0.009969,A,fuera,0.008343,A,A,0.008239,A,A,0.011881,A,A,2,E,,,,,,,,,,,,,,
2017-01-17,38005.34,39182.81,31563.11,0.009438,A,fuera,0.010078,A,fuera,0.008639,A,A,0.008184,A,A,0.011783,A,A,2,E,,,,,,,,,,,,,,
2017-01-18,37859.52,39163.35,31521.05,0.005123,A,A,0.006179,A,A,0.004895,A,A,0.004151,A,A,0.007596,A,A,0,A,,,,,,,,,,,,,,
2017-01-19,37973.68,39137.70,31512.71,0.007643,A,A,0.009179,A,A,0.008027,A,A,0.006983,A,A,0.010297,A,A,0,A,,,,,,,,,,,,,,
2017-01-20,37942.28,39117.55,31495.39,0.006355,A,A,0.008315,A,A,0.007206,A,A,0.006014,A,A,0.009156,A,A,0,A,,,,,,,,,,,,,,
2017-01-23,37957.64,39153.77,31527.57,0.006494,A,A,0.008752,A,A,0.007631,A,A,0.006288,A,A,0.009262,A,A,0,A,,,,,,,,,,,,,,
2017-01-24,37729.60,39130.72,31466.05,0.000316,A,A,0.002866,A,A,0.001635,A,A,0.000205,A,A,0.002971,A,A,0,A,,,,,,,,,,,,,,
2017-01-25,37917.11,39156.49,31500.45,0.005095,A,A,0.007948,A,A,0.006621,A,A,0.005149,A,A,0.007670,A,A,0,A,,,,,,,,,,,,,,
2017-01-26,38037.25,39176.93,31528.29,0.008022,A,A,0.011179,A,A,0.009696,A,A,0.008320,A,A,0.010571,A,A,0,A,,,,,,,,,,,,,,
2017-01-27,38014.84,39152.95,31505.61,0.007217,A,A,0.010583,A,A,0.009010,A,A,0.007733,A,A,0.009735,A,A,0,A,,,,,,,,,,,,,,
2017-01-30,38054.05,39156.32,31517.68,0.008101,A,A,0.011495,A,A,0.009945,A,A,0.008700,A,A,0.010581,A,A,0,A,,,,,,,,,,,,,,
2017-01-31,37836.98,39160.78,31483.11,0.002259,A,A,0.005634,A,A,0.004180,A,A,0.002877,A,A,0.004708,A,A,0,A,,,,,,,,,,,,,,
2017-02-01,37664.70,39186.50,31471.66,-0.002243,A,A,0.000950,A,A,-0.000358,A,A,-0.001610,A,A,0.000065,A,A,0,A,,,,,,,,,,,,,,
2017-02-02,37765.30,39247.27,31532.45,0.000380,A,A,0.003406,A,A,0.002336,A,A,0.001138,A,A,0.002593,A,A,0,A,,,,,,,,,,,,,,
2017-02-03,37664.49,39277.36,31534.23,-0.002289,A,A,0.000497,A,A,-0.000326,A,A,-0.001382,A,A,-0.000201,A,A,0,A,,,,,,,,,,,,,,
2017-02-06,37767.40,39287.75,31564.81,0.000370,A,A,0.002857,A,A,0.002396,A,A,0.001493,A,A,0.002330,A,A,0,A,,,,,,,,,,,,,,
2017-02-07,37682.99,39278.58,31531.61,-0.001914,A,A,0.000284,A,A,0.000134,A,A,-0.000591,A,A,-0.000083,A,A,0,A,,,,,,,,,,,,,,
2017-02-08,37938.25,39363.67,31645.54,0.004538,A,A,0.006770,A,A,0.006824,A,A,0.006268,A,A,0.006481,A,A,0,A,,,,,,,,,,,,,,
2017-02-09,38041.89,39411.23,31692.28,0.006904,A,A,0.009199,A,A,0.009498,A,A,0.009086,A,A,0.009038,A,A,0,A,,,,,,,,,,,,,,
2017-02-10,38180.61,39453.77,31729.69,0.010023,A,A,0.012430,A,A,0.012977,A,A,0.012716,A,A,0.012497,A,A,0,A,,,,,,,,,,,,,,
2017-02-13,38140.06,39440.67,31716.53,0.008515,A,A,0.010995,A,A,0.011682,A,A,0.011609,A,A,0.011215,A,A,0,A,,,,,,,,,,,,,,
2017-02-14,38275.62,39451.64,31741.12,0.011557,A,A,0.014100,A,A,0.015046,A,A,0.015114,A,A,0.014547,A,A,0,A,,,,,,,,,,,,,,
2017-02-15,38269.73,39481.71,31749.56,0.010702,A,A,0.013460,A,A,0.014724,A,A,0.014874,A,A,0.014113,A,A,0,A,,,,,,,,,,,,,,
2017-02-16,38292.90,39452.82,31728.16,0.010700,A,A,0.013605,A,A,0.015224,A,A,0.015325,A,A,0.014496,A,A,0,A,,,,,,,,,,,,,,
2017-02-17,38268.55,39411.30,31699.06,0.009477,A,A,0.012640,A,A,0.014494,A,A,0.014536,A,A,0.013624,A,A,0,A,,,,,,,,,,,,,,
2017-02-20,38482.99,39470.66,31776.16,0.014525,A,A,0.017904,A,A,0.020043,A,A,0.020019,A,A,0.019073,A,A,0,A,,,,,,,,,,,,,,
2017-02-21,38463.59,39450.23,31751.17,0.013578,A,A,0.017024,A,A,0.019335,A,A,0.019339,A,A,0.018339,A,A,0,A,,,,,,,,,,,,,,
2017-02-22,38640.62,39440.59,31770.86,0.017847,A,A,0.021267,A,A,0.023763,A,A,0.023809,A,A,0.022798,A,A,0,A,,,,,,,,,,,,,,
2017-02-23,38616.47,39469.19,31792.53,0.016803,A,A,0.020226,A,A,0.022878,A,A,0.022970,A,A,0.021986,A,A,0,A,,,,,,,,,,,,,,
2017-02-24,38611.22,39526.65,31830.04,0.016123,A,A,0.019743,A,A,0.022522,A,A,0.022599,A,A,0.021712,A,A,0,A,,,,,,,,,,,,,,
2017-02-27,38715.36,39597.58,31894.07,0.018259,A,A,0.022058,A,A,0.025026,A,A,0.025104,A,A,0.024323,A,A,0,A,,,,,,,,,,,,,,
2017-02-28,38688.14,39605.59,31884.17,0.016877,A,A,0.020952,A,A,0.024106,A,A,0.024105,A,A,0.023405,A,A,0,A,,,,,,,,,,,,,,
2017-03-01,38806.85,39642.65,31941.48,0.019226,A,A,0.023615,A,A,0.027050,A,A,0.026948,A,A,0.026277,A,A,0,A,,,,,,,,,,,,,,
2017-03-02,39172.51,39646.79,31984.58,0.027888,A,A,0.032619,A,A,0.036416,A,A,0.036262,A,A,0.035689,A,A,0,A,,,,,,,,,,,,,,
2017-03-03,39206.67,39645.26,31994.86,0.027835,A,A,0.032859,A,A,0.036990,A,A,0.036721,A,A,0.036348,A,A,0,A,,,,,,,,,,,,,,
2017-03-06,39293.30,39661.89,32026.94,0.029047,A,A,0.034421,A,A,0.038890,A,A,0.038518,A,A,0.038415,A,A,0,A,,,,,,,,,,,,,,
2017-03-07,39485.70,39657.47,32056.00,0.033009,A,A,0.038601,A,A,0.043444,A,A,0.043082,A,A,0.043251,A,A,0,A,,,,,,,,,,,,,,
2017-03-08,39548.30,39637.75,32052.25,0.033688,A,A,0.039332,A,A,0.044506,A,A,0.044254,A,A,0.044630,A,A,0,A,,,,,,,,,,,,,,
2017-03-09,39536.20,39625.90,32032.06,0.032488,A,A,0.038039,A,A,0.043536,A,A,0.043508,A,A,0.044037,A,A,0,A,,,,,,,,,,,,,,
2017-03-10,39578.77,39553.90,31983.94,0.032638,A,A,0.038232,A,A,0.043944,A,A,0.044214,A,A,0.044884,A,A,0,A,,,,,,,,,,,,,,
2017-03-13,39677.97,39508.10,31979.83,0.034178,A,A,0.039847,A,A,0.045774,A,A,0.046398,A,A,0.047132,A,A,0,A,,,,,,,,,,,,,,
2017-03-14,39929.41,39496.63,32007.93,0.039615,A,A,0.045222,A,A,0.051459,A,A,0.052471,A,A,0.053345,A,A,0,A,,,,,,,,,,,,,,
2017-03-15,40103.38,39419.29,31981.95,0.042979,A,A,0.048555,A,A,0.055046,A,A,0.056436,A,A,0.057452,A,A,0,A,,,,,,,,,,,,,,
2017-03-16,40355.77,39405.49,32022.57,0.048344,A,A,0.053834,A,A,0.060722,A,A,0.062404,A,A,0.063571,A,A,0,A,,,,,,,,,,,,,,
2017-03-17,40318.83,39527.73,32094.35,0.046029,A,A,0.051643,A,A,0.058809,A,A,0.060786,A,A,0.062005,A,A,0,A,,,,,,,,,,,,,,
2017-03-20,40378.12,39613.76,32161.20,0.046131,A,A,0.052054,A,A,0.059356,A,A,0.061680,A,A,0.062973,A,A,0,A,,,,,,,,,,,,,,
2017-03-21,40476.84,39661.90,32218.00,0.047199,A,A,0.053553,A,A,0.060957,A,A,0.063623,A,A,0.064954,A,A,0,A,,,,,,,,,,,,,,
2017-03-22,40159.92,39615.29,32137.58,0.037627,A,A,0.044358,A,A,0.051717,A,A,0.054764,A,A,0.056100,A,A,0,A,,,,,,,,,,,,,,
2017-03-23,40299.18,39702.93,32225.33,0.039837,A,A,0.046873,A,A,0.054387,A,A,0.057853,A,A,0.059206,A,A,0,A,,,,,,,,,,,,,,
2017-03-24,40375.62,39775.15,32273.32,0.040357,A,A,0.047721,A,A,0.055406,A,A,0.059264,A,A,0.060655,A,A,0,A,,,,,,,,,,,,,,
2017-03-27,40507.56,39801.80,32328.35,0.042235,A,A,0.049893,A,A,0.057932,A,A,0.062063,A,A,0.063501,A,A,0,A,,,,,,,,,,,,,,
2017-03-28,40584.39,39847.80,32378.26,0.042511,A,A,0.050578,A,A,0.058993,A,A,0.063324,A,A,0.064887,A,A,0,A,,,,,,,,,,,,,,
2017-03-29,40982.71,39884.35,32463.26,0.050903,A,A,0.059440,A,A,0.068336,A,A,0.072860,A,A,0.074583,A,A,0,A,,,,,,,,,,,,,,
2017-03-30,40970.34,39887.15,32467.43,0.048833,A,A,0.057690,A,A,0.066973,A,A,0.071585,A,A,0.073518,A,A,0,A,,,,,,,,,,,,,,
2017-03-31,40910.62,39918.97,32465.08,0.045582,A,A,0.054708,A,A,0.064417,A,A,0.069046,A,A,0.071257,A,A,0,A,,,,,,,,,,,,,,
2017-04-03,40848.18,40017.02,32521.11,0.042332,A,A,0.051763,A,A,0.061854,A,A,0.066423,A,A,0.068878,A,A,0,A,,,,,,,,,,,,,,
2017-04-04,40610.27,40008.30,32468.79,0.034634,A,A,0.044520,A,A,0.054778,A,A,0.059226,A,A,0.061946,A,A,0,A,,,,,,,,,,,,,,
2017-04-05,40782.09,40089.74,32546.54,0.037181,A,A,0.047795,A,A,0.058320,A,A,0.062679,A,A,0.065714,A,A,0,A,,,,,,,,,,,,,,
2017-04-06,40699.52,40080.24,32514.87,0.033367,A,A,0.044530,A,A,0.055263,A,A,0.059619,A,A,0.062898,A,A,0,A,,,,,,,,,,,,,,
2017-04-07,40681.72,40078.17,32505.26,0.031160,A,A,0.042923,A,A,0.053886,A,A,0.058261,A,A,0.061823,A,A,0,A,,,,,,,,,,,,,,
2017-04-10,40689.76,40121.25,32536.79,0.029669,A,A,0.042038,A,A,0.053174,A,A,0.057532,A,A,0.061439,A,A,0,A,,,,,,,,,,,,,,
2017-04-11,40593.09,40146.34,32538.29,0.025544,A,A,0.038556,A,A,0.049768,A,A,0.054155,A,A,0.058356,A,A,0,A,,,,,,,,,,,,,,
2017-04-12,40491.73,40178.04,32540.36,0.021519,A,A,0.035087,A,A,0.046222,A,A,0.050646,A,A,0.055129,A,A,0,A,,,,,,,,,,,,,,
2017-04-13,40473.97,40204.92,32556.23,0.019681,A,A,0.033642,A,A,0.044842,A,A,0.049314,A,A,0.054076,A,A,0,A,,,,,,,,,,,,,,
2017-04-17,40248.22,40245.95,32541.43,0.012821,A,A,0.026955,A,A,0.038122,A,A,0.042670,A,A,0.047667,A,A,0,A,,,,,,,,,,,,,,
2017-04-18,40291.29,40414.07,32674.14,0.012687,A,A,0.027117,A,A,0.038374,A,A,0.043069,A,A,0.048269,A,A,0,A,,,,,,,,,,,,,,
2017-04-20,40159.16,40356.17,32623.07,0.008305,A,A,0.022812,A,A,0.034141,A,A,0.038969,A,A,0.044338,A,A,0,A,,,,,,,,,,,,,,
2017-04-21,40307.50,40342.61,32626.65,0.010880,A,A,0.025638,A,A,0.037006,A,A,0.042109,A,A,0.047702,A,A,0,A,,,,,,,,,,,,,,
2017-04-24,40373.21,40346.94,32648.66,0.011355,A,A,0.026318,A,A,0.037773,A,A,0.043097,A,A,0.048929,A,A,0,A,,,,,,,,,,,,,,
2017-04-25,40901.32,40332.86,32739.02,0.023085,A,A,0.038528,A,A,0.050264,A,A,0.055899,A,A,0.062047,A,A,0,A,,,,,,,,,,,,,,
2017-04-26,41383.54,40302.09,32788.93,0.033481,A,A,0.049252,A,A,0.061458,A,A,0.067406,A,A,0.073848,A,A,0,A,,,,,,,,,,,,,,
2017-04-27,41602.48,40258.82,32795.17,0.037142,A,A,0.053265,A,A,0.065897,A,A,0.072020,A,A,0.078731,A,A,0,A,,,,,,,,,,,,,,
2017-04-28,41506.66,40310.00,32818.37,0.033113,A,A,0.049399,A,A,0.062375,A,A,0.068571,A,A,0.075414,A,A,0,A,,,,,,,,,,,,,,
2017-05-02,41564.00,40359.68,32877.23,0.032856,A,A,0.049377,A,A,0.062745,A,A,0.069033,A,A,0.076027,A,A,0,A,,,,,,,,,,,,,,
2017-05-03,41827.28,40402.58,32957.06,0.037556,A,A,0.054455,A,A,0.068223,A,A,0.074709,A,A,0.081862,A,A,0,A,,,,,,,,,,,,,,
2017-05-04,41890.40,40399.69,32964.94,0.037306,A,A,0.054362,A,A,0.068565,A,A,0.075216,A,A,0.082461,A,A,0,A,,,,,,,,,,,,,,
2017-05-05,42106.48,40324.03,32938.76,0.040699,A,A,0.057953,A,A,0.072697,A,A,0.079573,A,A,0.086931,A,A,0,A,,,,,,,,,,,,,,
2017-05-08,42202.18,40340.16,32978.10,0.041123,A,A,0.058514,A,A,0.073709,A,A,0.080764,A,A,0.088213,A,A,0,A,,,,,,,,,,,,,,
2017-05-09,42264.17,40265.70,32927.31,0.040888,A,A,0.058161,A,A,0.073872,A,A,0.081070,A,A,0.088613,A,A,0,A,,,,,,,,,,,,,,
2017-05-10,42356.38,40162.67,32862.18,0.041364,A,A,0.058569,A,A,0.074778,A,A,0.082082,A,A,0.089849,A,A,0,A,,,,,,,,,,,,,,
2017-05-11,42213.31,40166.80,32834.96,0.036193,A,A,0.053131,A,A,0.069734,A,A,0.077168,A,A,0.085073,A,A,0,A,,,,,,,,,,,,,,
2017-05-12,42172.95,40081.84,32773.97,0.033687,A,A,0.050390,A,A,0.067365,A,A,0.074881,A,A,0.082917,A,A,0,A,,,,,,,,,,,,,,
2017-05-15,42214.03,40103.22,32799.54,0.033194,A,A,0.049709,A,A,0.067126,A,A,0.074592,A,A,0.082883,A,A,0,A,,,,,,,,,,,,,,
2017-05-16,42315.46,40193.91,32887.85,0.034114,A,A,0.050543,A,A,0.068414,A,A,0.075855,A,A,0.084337,A,A,0,A,,,,,,,,,,,,,,
2017-05-17,42302.50,40217.89,32915.23,0.032270,A,A,0.048528,A,A,0.066791,A,A,0.074221,A,A,0.082862,A,A,0,A,,,,,,,,,,,,,,
2017-05-18,42111.40,40314.62,32981.69,0.026252,A,A,0.042243,A,A,0.060729,A,A,0.068167,A,A,0.076891,A,A,0,A,,,,,,,,,,,,,,
2017-05-19,41941.86,40359.29,32940.90,0.021008,A,A,0.036575,A,A,0.055317,A,A,0.062785,A,A,0.071590,A,A,0,A,,,,,,,,,,,,,,
2017-05-22,41972.59,40311.59,32917.23,0.020724,A,A,0.035863,A,A,0.054969,A,A,0.062539,A,A,0.071405,A,A,0,A,,,,,,,,,,,,,,
2017-05-23,41934.47,40291.57,32893.72,0.018928,A,A,0.033461,A,A,0.052965,A,A,0.060550,A,A,0.069491,A,A,0,A,,,,,,,,,,,,,,
2017-05-24,42183.29,40286.19,32941.68,0.023943,A,A,0.038114,A,A,0.058000,A,A,0.065692,A,A,0.074841,A,A,0,A,,,,,,,,,,,,,,
2017-05-25,42344.14,40317.35,32996.85,0.026758,A,A,0.040520,A,A,0.060749,A,A,0.068562,A,A,0.077918,A,A,0,A,,,,,,,,,,,,,,
2017-05-26,42209.41,40239.78,32906.18,0.022537,A,A,0.035790,A,A,0.056138,A,A,0.063975,A,A,0.073531,A,A,0,A,,,,,,,,,,,,,,
2017-05-29,42343.56,40180.87,32876.93,0.024582,A,A,0.037599,A,A,0.058175,A,A,0.066120,A,A,0.075930,A,A,0,A,,,,,,,,,,,,,,
2017-05-30,42520.44,40181.70,32909.53,0.027635,A,A,0.040376,A,A,0.061256,A,A,0.069312,A,A,0.079390,A,A,0,A,,,,,,,,,,,,,,
2017-05-31,42586.19,40269.51,32993.76,0.028003,A,A,0.040445,A,A,0.061530,A,A,0.069694,A,A,0.079995,A,A,0,A,,,,,,,,,,,,,,
2017-06-01,42403.76,40353.22,33026.60,0.022559,A,A,0.034521,A,A,0.055683,A,A,0.063870,A,A,0.074344,A,A,0,A,,,,,,,,,,,,,,
2017-06-02,42590.01,40380.15,33060.52,0.025948,A,A,0.037568,A,A,0.058896,A,A,0.067295,A,A,0.077993,A,A,0,A,,,,,,,,,,,,,,
2017-06-05,42701.08,40454.40,33146.76,0.027678,A,A,0.038879,A,A,0.060256,A,A,0.068867,A,A,0.079698,A,A,0,A,,,,,,,,,,,,,,
2017-06-06,42652.28,40466.54,33149.72,0.025581,A,A,0.036334,A,A,0.057698,A,A,0.066479,A,A,0.077332,A,A,0,A,,,,,,,,,,,,,,
2017-06-07,42647.24,40475.47,33152.82,0.024509,A,A,0.034894,A,A,0.056224,A,A,0.065167,A,A,0.076074,A,A,0,A,,,,,,,,,,,,,,
2017-06-08,42652.42,40475.03,33152.97,0.023648,A,A,0.033778,A,A,0.055018,A,A,0.064101,A,A,0.075041,A,A,0,A,,,,,,,,,,,,,,
2017-06-09,42524.89,40450.10,33093.17,0.019546,A,A,0.029527,A,A,0.050510,A,A,0.059799,A,A,0.070731,A,A,0,A,,,,,,,,,,,,,,
2017-06-12,42424.87,40425.09,33045.33,0.016259,A,A,0.025984,A,A,0.046671,A,A,0.056240,A,A,0.067133,A,A,0,A,,,,,,,,,,,,,,
2017-06-13,42161.15,40378.96,32974.19,0.009156,A,A,0.018613,A,A,0.038913,A,A,0.048733,A,A,0.059427,A,A,0,A,,,,,,,,,,,,,,
2017-06-14,42321.59,40419.14,33026.21,0.012114,A,A,0.021469,A,A,0.041539,A,A,0.051666,A,A,0.062385,A,A,0,A,,,,,,,,,,,,,,
2017-06-15,42248.65,40432.01,33036.90,0.009533,A,A,0.018818,A,A,0.038471,A,A,0.048798,A,A,0.059508,A,A,0,A,,,,,,,,,,,,,,
2017-06-16,42299.60,40439.70,33042.32,0.009835,A,A,0.019203,A,A,0.038414,A,A,0.048998,A,A,0.059764,A,A,0,A,,,,,,,,,,,,,,
2017-06-19,42238.52,40393.09,32990.86,0.007443,A,A,0.017011,A,A,0.035700,A,A,0.046401,A,A,0.057286,A,A,0,A,,,,,,,,,,,,,,
2017-06-20,42364.18,40400.26,33017.82,0.009429,A,A,0.019252,A,A,0.037559,A,A,0.048428,A,A,0.059508,A,A,0,A,,,,,,,,,,,,,,
2017-06-21,42248.82,40353.59,32947.23,0.005615,A,A,0.015762,A,A,0.033590,A,A,0.044513,A,A,0.055718,A,A,0,A,,,,,,,,,,,,,,
2017-06-22,42125.03,40312.57,32886.73,0.001697,A,A,0.012159,A,A,0.029446,A,A,0.040432,A,A,0.051702,A,A,0,A,,,,,,,,,,,,,,
2017-06-23,42150.33,40353.01,32920.48,0.001245,A,A,0.012011,A,A,0.028982,A,A,0.039975,A,A,0.051407,A,A,0,A,,,,,,,,,,,,,,
2017-06-27,42220.03,40305.36,32904.60,0.001890,A,A,0.012954,A,A,0.029580,A,A,0.040642,A,A,0.052176,A,A,0,A,,,,,,,,,,,,,,
2017-06-28,42105.45,40213.98,32820.31,-0.001741,A,A,0.009551,A,A,0.025726,A,A,0.036828,A,A,0.048368,A,A,0,A,,,,,,,,,,,,,,
2017-06-29,42163.68,40212.57,32831.68,-0.001025,A,A,0.010320,A,A,0.026063,A,A,0.037253,A,A,0.048873,A,A,0,A,,,,,,,,,,,,,,
2017-06-30,42056.59,40149.55,32777.11,-0.003915,A,A,0.007199,A,A,0.022469,A,A,0.033649,A,A,0.045293,A,A,0,A,,,,,,,,,,,,,,
2017-07-03,42108.19,40155.49,32785.04,-0.002959,A,A,0.008010,A,A,0.022717,A,A,0.033884,A,A,0.045631,A,A,0,A,,,,,,,,,,,,,,
2017-07-04,42064.60,40136.45,32750.43,-0.004283,A,A,0.006554,A,A,0.020715,A,A,0.031752,A,A,0.043650,A,A,0,A,,,,,,,,,,,,,,
2017-07-05,42127.31,40091.69,32730.05,-0.003094,A,A,0.007597,A,A,0.021270,A,A,0.032238,A,A,0.044347,A,A,0,A,,,,,,,,,,,,,,
2017-07-06,42332.22,40096.59,32758.66,0.001489,A,A,0.011936,A,A,0.025210,A,A,0.036130,A,A,0.048546,A,A,0,A,,,,,,,,,,,,,,
2017-07-07,42226.36,39995.98,32670.18,-0.001192,A,A,0.008797,A,A,0.021681,A,A,0.032466,A,A,0.045050,A,A,0,A,,,,,,,,,,,,,,
2017-07-10,42275.85,39974.41,32650.72,-0.000110,A,A,0.009416,A,A,0.021892,A,A,0.032572,A,A,0.045383,A,A,0,A,,,,,,,,,,,,,,
2017-07-11,42447.77,39992.40,32706.24,0.003826,A,A,0.012861,A,A,0.025046,A,A,0.035685,A,A,0.048734,A,A,0,A,,,,,,,,,,,,,,
2017-07-12,42554.25,40062.63,32776.60,0.006191,A,A,0.014693,A,A,0.026686,A,A,0.037195,A,A,0.050462,A,A,0,A,,,,,,,,,,,,,,
2017-07-13,42676.64,40116.48,32836.92,0.008915,A,A,0.016859,A,A,0.028681,A,A,0.039094,A,A,0.052597,A,A,0,A,,,,,,,,,,,,,,
2017-07-14,42746.20,39978.90,32737.02,0.010277,A,A,0.017700,A,A,0.029406,A,A,0.039677,A,A,0.053349,A,A,0,A,,,,,,,,,,,,,,
2017-07-17,42823.81,39883.01,32676.26,0.011765,A,A,0.018664,A,A,0.030355,A,A,0.040468,A,A,0.054266,A,A,0,A,,,,,,,,,,,,,,
2017-07-18,42854.06,39834.46,32642.78,0.012140,A,A,0.018483,A,A,0.030172,A,A,0.040100,A,A,0.054012,A,A,0,A,,,,,,,,,,,,,,
2017-07-19,42840.60,39811.92,32624.15,0.011543,A,A,0.017184,A,A,0.028941,A,A,0.038681,A,A,0.052658,A,A,0,A,,,,,,,,,,,,,,
2017-07-20,42876.48,39775.76,32590.08,0.012085,A,A,0.017060,A,A,0.028897,A,A,0.038446,A,A,0.052533,A,A,0,A,,,,,,,,,,,,,,
2017-07-21,42820.98,39783.05,32597.99,0.010399,A,A,0.014743,A,A,0.026705,A,A,0.036065,A,A,0.050173,A,A,0,A,,,,,,,,,,,,,,
2017-07-24,42788.53,39854.11,32654.68,0.009186,A,A,0.013043,A,A,0.025146,A,A,0.034250,A,A,0.048391,A,A,0,A,,,,,,,,,,,,,,
2017-07-25,42685.02,39916.31,32673.66,0.006368,A,A,0.009729,A,A,0.021963,A,A,0.030788,A,A,0.044848,A,A,0,A,,,,,,,,,,,,,,
2017-07-26,42664.59,39875.77,32636.24,0.005502,A,A,0.008588,A,A,0.020847,A,A,0.029336,A,A,0.043386,A,A,0,A,,,,,,,,,,,,,,
2017-07-27,42719.22,39923.37,32691.79,0.006507,A,A,0.009382,A,A,0.021503,A,A,0.029682,A,A,0.043773,A,A,0,A,,,,,,,,,,,,,,
2017-07-28,42758.32,39933.47,32702.09,0.007210,A,A,0.009875,A,A,0.021791,A,A,0.029669,A,A,0.043768,A,A,0,A,,,,,,,,,,,,,,
2017-07-31,42896.39,39997.79,32779.39,0.010099,A,A,0.012616,A,A,0.024433,A,A,0.031998,A,A,0.046157,A,A,0,A,,,,,,,,,,,,,,
2017-08-01,43010.76,40025.18,32830.26,0.012439,A,A,0.014775,A,A,0.026388,A,A,0.033754,A,A,0.047897,A,A,0,A,,,,,,,,,,,,,,
2017-08-02,43082.73,40054.32,32856.61,0.013835,A,A,0.016002,A,A,0.027347,A,A,0.034558,A,A,0.048552,A,A,0,A,,,,,,,,,,,,,,
2017-08-03,43188.67,40066.36,32888.72,0.016008,A,A,0.018014,A,A,0.029106,A,A,0.036158,A,A,0.050031,A,A,0,A,,,,,,,,,,,,,,
2017-08-04,42942.11,39989.35,32799.96,0.009923,A,A,0.011891,A,A,0.022572,A,A,0.029384,A,A,0.042974,A,A,0,A,,,,,,,,,,,,,,
2017-08-07,42976.25,39937.29,32758.46,0.010522,A,A,0.012407,A,A,0.022738,A,A,0.029382,A,A,0.042756,A,A,0,A,,,,,,,,,,,,,,
2017-08-08,43110.13,39897.97,32755.03,0.013453,A,A,0.015244,A,A,0.025347,A,A,0.031751,A,A,0.044912,A,A,0,A,,,,,,,,,,,,,,
2017-08-09,43067.56,39936.99,32764.55,0.012233,A,A,0.013976,A,A,0.023767,A,A,0.029903,A,A,0.042852,A,A,0,A,,,,,,,,,,,,,,
2017-08-10,42866.51,39893.55,32694.32,0.007392,A,A,0.009000,A,A,0.018462,A,A,0.024328,A,A,0.037022,A,A,0,A,,,,,,,,,,,,,,
2017-08-11,42434.58,39864.39,32623.79,-0.002645,A,A,-0.001263,A,A,0.007777,A,A,0.013371,A,A,0.025735,A,A,0,A,,,,,,,,,,,,,,
2017-08-14,42326.40,39944.54,32665.08,-0.005084,A,A,-0.003850,A,A,0.004753,A,A,0.010237,A,A,0.022299,A,A,0,A,,,,,,,,,,,,,,
2017-08-16,42590.36,39973.56,32719.69,0.001034,A,A,0.002261,A,A,0.010537,A,A,0.015963,A,A,0.027824,A,A,0,A,,,,,,,,,,,,,,
2017-08-17,42674.47,39985.49,32735.11,0.002742,A,A,0.004103,A,A,0.012006,A,A,0.017433,A,A,0.028986,A,A,0,A,,,,,,,,,,,,,,
2017-08-18,42528.50,39989.01,32729.10,-0.000796,A,A,0.000515,A,A,0.008054,A,A,0.013445,A,A,0.024636,A,A,0,A,,,,,,,,,,,,,,
2017-08-21,42561.22,40014.53,32761.05,-0.000191,A,A,0.001057,A,A,0.008332,A,A,0.013722,A,A,0.024583,A,A,0,A,,,,,,,,,,,,,,
2017-08-22,42407.71,40030.07,32738.86,-0.003853,A,A,-0.002713,A,A,0.004216,A,A,0.009624,A,A,0.020123,A,A,0,A,,,,,,,,,,,,,,
2017-08-23,42511.11,40028.08,32738.01,-0.001566,A,A,-0.000493,A,A,0.006130,A,A,0.011546,A,A,0.021820,A,A,0,A,,,,,,,,,,,,,,
2017-08-24,42564.38,39957.71,32707.91,-0.000419,A,A,0.000619,A,A,0.006837,A,A,0.012294,A,A,0.022335,A,A,0,A,,,,,,,,,,,,,,
2017-08-25,42471.41,39904.09,32643.95,-0.002719,A,A,-0.001613,A,A,0.004051,A,A,0.009604,A,A,0.019353,A,A,0,A,,,,,,,,,,,,,,
2017-08-28,42474.15,39908.76,32641.83,-0.002836,A,A,-0.001646,A,A,0.003541,A,A,0.009219,A,A,0.018670,A,A,0,A,,,,,,,,,,,,,,
2017-08-29,42217.68,39850.58,32552.69,-0.008892,A,A,-0.007628,A,A,-0.003058,A,A,0.002755,A,A,0.011844,A,A,0,A,,,,,,,,,,,,,,
2017-08-30,41919.80,39863.82,32511.91,-0.015731,A,A,-0.014413,A,A,-0.010511,A,A,-0.004531,A,A,0.004087,A,A,0,A,,,,,,,,,,,,,,
2017-08-31,42097.03,39897.41,32553.03,-0.011565,A,A,-0.010068,A,A,-0.006776,A,A,-0.000577,A,A,0.007702,A,A,0,A,,,,,,,,,,,,,,
2017-09-01,42239.45,39910.92,32588.41,-0.008260,A,A,-0.006659,A,A,-0.003766,A,A,0.002503,A,A,0.010523,A,A,0,A,,,,,,,,,,,,,,
2017-09-04,42121.30,39946.22,32592.24,-0.011068,A,A,-0.009267,A,A,-0.006744,A,A,-0.000589,A,A,0.007139,A,A,0,A,,,,,,,,,,,,,,
2017-09-05,42073.51,39949.11,32591.34,-0.012172,A,A,-0.010163,A,A,-0.007994,A,A,-0.002053,A,A,0.005466,A,A,0,A,,,,,,,,,,,,,,
2017-09-06,41833.57,39948.26,32556.22,-0.017687,A,A,-0.015511,A,A,-0.013735,A,A,-0.007980,A,A,-0.000713,A,A,0,A,,,,,,,,,,,,,,
2017-09-07,41838.88,39949.77,32564.73,-0.017414,A,A,-0.015094,A,A,-0.013681,A,A,-0.008109,A,A,-0.001020,A,A,0,A,,,,,,,,,,,,,,
2017-09-08,41686.22,39938.10,32536.53,-0.020669,fuera,A,-0.018338,A,A,-0.017244,A,A,-0.011952,A,A,-0.005071,A,A,0,A,,,,,,,,,,,,,,
2017-09-11,41866.75,40005.05,32624.73,-0.016244,fuera,A,-0.013848,A,A,-0.012982,A,A,-0.007937,A,A,-0.001195,A,A,0,A,,,,,,,,,,,,,,
2017-09-12,42286.15,40014.41,32706.31,-0.006394,fuera,A,-0.003919,A,A,-0.003141,A,A,0.001618,A,A,0.008313,A,A,0,A,,,,,,,,,,,,,,
2017-09-13,42534.73,39950.55,32694.84,-0.000599,fuera,A,0.001799,A,A,0.002632,A,A,0.007042,A,A,0.013740,A,A,0,A,,,,,,,,,,,,,,
2017-09-14,42615.81,39975.71,32735.69,0.001274,fuera,fuera,0.003600,A,A,0.004450,A,A,0.008475,A,A,0.015190,A,A,1,A,,,,,,,,,,,,,,
2017-09-15,42664.38,39913.86,32701.64,0.002422,fuera,fuera,0.004590,A,A,0.005514,A,A,0.009075,A,A,0.015904,A,A,1,A,,,,,,,,,,,,,,
2017-09-20,42803.81,39865.26,32692.87,0.005668,fuera,fuera,0.007686,A,A,0.008644,A,A,0.011800,A,A,0.018745,A,A,1,A,,,,,,,,,,,,,,
2017-09-21,42694.24,39858.74,32664.35,0.003161,fuera,fuera,0.004938,A,A,0.005925,A,A,0.008634,A,A,0.015693,A,A,1,A,,,,,,,,,,,,,,
2017-09-22,42769.26,39887.37,32704.52,0.004968,fuera,fuera,0.006554,A,A,0.007546,A,A,0.009847,A,A,0.017038,A,A,1,A,,,,,,,,,,,,,,
2017-09-25,42772.75,39977.22,32783.51,0.005086,fuera,fuera,0.006443,A,A,0.007508,A,A,0.009385,A,A,0.016619,A,A,1,A,,,,,,,,,,,,,,
2017-09-26,42785.03,39999.75,32814.91,0.005423,fuera,fuera,0.006487,A,A,0.007670,A,A,0.009247,A,A,0.016435,A,A,1,A,,,,,,,,,,,,,,
2017-09-27,42911.95,40025.21,32855.90,0.008357,fuera,fuera,0.009190,A,A,0.010447,A,A,0.011894,A,A,0.018963,A,A,1,A,,,,,,,,,,,,,,
2017-09-28,43149.59,40016.89,32883.90,0.013750,fuera,fuera,0.014433,A,A,0.015722,A,A,0.017144,A,A,0.024096,A,A,1,A,,,,,,,,,,,,,,
2017-09-29,43151.18,40009.54,32887.73,0.013541,fuera,fuera,0.014080,A,A,0.015446,A,A,0.016806,A,A,0.023638,A,A,1,A,,,,,,,,,,,,,,
2017-10-02,43410.56,39934.22,32868.74,0.019236,fuera,fuera,0.019709,A,A,0.021156,A,A,0.022494,A,A,0.029321,A,A,1,A,,,,,,,,,,,,,,
2017-10-03,43647.45,39873.39,32845.08,0.024302,A,fuera,0.024675,A,A,0.026336,A,A,0.027654,A,A,0.034417,A,A,1,A,,,,,,,,,,,,,,
2017-10-04,43652.20,39814.29,32795.56,0.023936,A,fuera,0.024207,A,A,0.026097,A,A,0.027360,A,A,0.033996,A,A,1,A,,,,,,,,,,,,,,
2017-10-05,43510.87,39727.15,32685.24,0.020294,A,fuera,0.020350,A,A,0.022427,A,A,0.023712,A,A,0.030133,A,A,1,A,,,,,,,,,,,,,,
2017-10-06,43476.51,39619.96,32583.29,0.019241,A,fuera,0.019040,A,A,0.021318,A,A,0.022612,A,A,0.028765,A,A,1,A,,,,,,,,,,,,,,
2017-10-10,43637.82,39391.38,32457.15,0.022727,A,A,0.022332,A,A,0.024808,A,A,0.026090,A,A,0.032029,A,A,0,A,,,,,,,,,,,,,,
2017-10-11,43612.49,39301.49,32389.33,0.021908,A,A,0.021221,A,A,0.023939,A,A,0.025206,A,A,0.030866,A,A,0,A,,,,,,,,,,,,,,
2017-10-12,43532.58,39289.11,32368.23,0.019722,A,A,0.018881,A,A,0.021762,A,A,0.023025,A,A,0.028427,A,A,0,A,,,,,,,,,,,,,,
2017-10-13,43464.46,39249.56,32325.80,0.017868,A,A,0.016909,A,A,0.019930,A,A,0.021129,A,A,0.026284,A,A,0,A,,,,,,,,,,,,,,
2017-10-16,43385.09,39241.16,32305.12,0.015864,A,A,0.014744,A,A,0.017886,A,A,0.018998,A,A,0.023874,A,A,0,A,,,,,,,,,,,,,,
2017-10-17,43373.03,39219.49,32278.02,0.015420,A,A,0.014203,A,A,0.017412,A,A,0.018474,A,A,0.023038,A,A,0,A,,,,,,,,,,,,,,
2017-10-18,43440.38,39190.59,32257.72,0.016693,A,A,0.015521,A,A,0.018782,A,A,0.019796,A,A,0.024057,A,A,0,A,,,,,,,,,,,,,,
2017-10-19,43645.64,39180.84,32280.38,0.020854,A,A,0.020013,A,A,0.023331,A,A,0.024263,A,A,0.028243,A,A,0,A,,,,,,,,,,,,,,
2017-10-20,43573.47,39201.75,32293.66,0.018506,A,A,0.018059,A,A,0.021359,A,A,0.022196,A,A,0.025913,A,A,0,A,,,,,,,,,,,,,,
2017-10-23,43804.41,39345.17,32430.17,0.023259,A,A,0.023095,A,A,0.026404,A,A,0.027194,A,A,0.030648,A,A,0,A,,,,,,,,,,,,,,
2017-10-24,43868.79,39504.31,32561.21,0.024128,A,A,0.024227,A,A,0.027456,A,A,0.028259,A,A,0.031477,A,A,0,A,,,,,,,,,,,,,,
2017-10-25,43900.02,39559.83,32612.76,0.024128,A,A,0.024553,A,A,0.027765,A,A,0.028597,A,A,0.031532,A,A,0,A,,,,,,,,,,,,,,
2017-10-26,43811.34,39440.07,32506.47,0.021397,A,A,0.022102,A,A,0.025272,A,A,0.026183,A,A,0.028890,A,A,0,A,,,,,,,,,,,,,,
2017-10-30,43816.92,39508.37,32550.98,0.020782,A,A,0.021811,A,A,0.024998,A,A,0.025946,A,A,0.028555,A,A,0,A,,,,,,,,,,,,,,
2017-10-31,44248.53,39584.69,32683.10,0.029911,A,A,0.031281,A,A,0.034554,A,A,0.035612,A,A,0.038175,A,A,0,A,,,,,,,,,,,,,,
2017-11-02,44347.29,39622.36,32686.84,0.031259,A,A,0.032970,A,A,0.036329,A,A,0.037501,A,A,0.039942,A,A,0,A,,,,,,,,,,,,,,
2017-11-03,44179.58,39635.48,32676.52,0.026453,A,A,0.028532,A,A,0.031893,A,A,0.033211,A,A,0.035505,A,A,0,A,,,,,,,,,,,,,,
2017-11-06,44066.51,39620.00,32629.89,0.022984,A,A,0.025463,A,A,0.028734,A,A,0.030185,A,A,0.032425,A,A,0,A,,,,,,,,,,,,,,
2017-11-07,44294.75,39650.94,32678.04,0.027182,A,A,0.030293,A,A,0.033487,A,A,0.035128,A,A,0.037308,A,A,0,A,,,,,,,,,,,,,,
2017-11-08,44265.53,39646.25,32673.14,0.025265,A,A,0.029171,A,A,0.032258,A,A,0.034085,A,A,0.036208,A,A,0,A,,,,,,,,,,,,,,
2017-11-09,44164.67,39720.30,32703.76,0.021842,A,A,0.026462,A,A,0.029357,A,A,0.031381,A,A,0.033470,A,A,0,A,,,,,,,,,,,,,,
2017-11-10,44049.16,39745.98,32703.85,0.018222,A,A,0.023366,A,A,0.026163,A,A,0.028363,A,A,0.030426,A,A,0,A,,,,,,,,,,,,,,
2017-11-13,43890.35,39766.59,32677.69,0.013630,A,A,0.019338,A,A,0.021979,A,A,0.024374,A,A,0.026418,A,A,0,A,,,,,,,,,,,,,,
2017-11-14,43807.40,39766.71,32661.05,0.010815,A,A,0.017154,A,A,0.019599,A,A,0.022146,A,A,0.024176,A,A,0,A,,,,,,,,,,,,,,
2017-11-15,43599.17,39768.83,32624.45,0.005100,A,A,0.012124,A,A,0.014350,A,A,0.017022,A,A,0.019038,A,A,0,A,,,,,,,,,,,,,,
2017-11-16,43408.93,39754.27,32578.52,-0.000090,A,A,0.007510,A,A,0.009589,A,A,0.012304,A,A,0.014366,A,A,0,A,,,,,,,,,,,,,,
2017-11-17,43691.94,39697.61,32581.80,0.005397,A,A,0.013616,A,A,0.015815,A,A,0.018594,A,A,0.020719,A,A,0,A,,,,,,,,,,,,,,
2017-11-20,43841.33,39681.10,32610.53,0.007817,A,A,0.016524,A,A,0.018863,A,A,0.021715,A,A,0.023917,A,A,0,A,,,,,,,,,,,,,,
2017-11-21,43922.90,39718.17,32655.39,0.008848,A,A,0.017924,A,A,0.020325,A,A,0.023248,A,A,0.025478,A,A,0,A,,,,,,,,,,,,,,
2017-11-22,44134.38,39595.16,32591.75,0.012879,A,A,0.022284,A,A,0.024791,A,A,0.027742,A,A,0.029997,A,A,0,A,,,,,,,,,,,,,,
2017-11-23,44146.94,39524.31,32556.63,0.012376,A,A,0.021977,A,A,0.024662,A,A,0.027628,A,A,0.029875,A,A,0,A,,,,,,,,,,,,,,
2017-11-24,43912.93,39443.85,32465.93,0.006370,A,A,0.016063,A,A,0.018905,A,A,0.021804,A,A,0.024041,A,A,0,A,,,,,,,,,,,,,,
2017-11-27,43949.75,39457.79,32497.65,0.006626,A,A,0.016348,A,A,0.019443,A,A,0.022248,A,A,0.024565,A,A,0,A,,,,,,,,,,,,,,
2017-11-28,43941.05,39496.19,32531.18,0.005789,A,A,0.015622,A,A,0.018948,A,A,0.021640,A,A,0.024059,A,A,0,A,,,,,,,,,,,,,,
2017-11-29,44296.55,39486.53,32558.70,0.013139,A,A,0.023199,A,A,0.026810,A,A,0.029432,A,A,0.031946,A,A,0,A,,,,,,,,,,,,,,
2017-11-30,44282.95,39476.13,32553.34,0.012051,A,A,0.022216,A,A,0.026114,A,A,0.028620,A,A,0.031259,A,A,0,A,,,,,,,,,,,,,,
2017-12-01,44207.82,39471.96,32533.43,0.009604,A,A,0.019844,A,A,0.024022,A,A,0.026411,A,A,0.029189,A,A,0,A,,,,,,,,,,,,,,
2017-12-04,44292.89,39489.67,32557.92,0.010839,A,A,0.021043,A,A,0.025604,A,A,0.027878,A,A,0.030844,A,A,0,A,,,,,,,,,,,,,,
2017-12-05,44330.99,39485.42,32553.58,0.011102,A,A,0.021035,A,A,0.026079,A,A,0.028257,A,A,0.031364,A,A,0,A,,,,,,,,,,,,,,
2017-12-06,44361.10,39467.96,32558.84,0.011169,A,A,0.020896,A,A,0.026334,A,A,0.028434,A,A,0.031727,A,A,0,A,,,,,,,,,,,,,,
2017-12-07,44112.57,39456.32,32522.68,0.005147,A,A,0.014493,A,A,0.020204,A,A,0.022224,A,A,0.025679,A,A,0,A,,,,,,,,,,,,,,
2017-12-11,44442.16,39455.93,32554.77,0.012249,A,A,0.021222,A,A,0.027371,A,A,0.029382,A,A,0.033002,A,A,0,A,,,,,,,,,,,,,,
2017-12-12,44687.41,39404.81,32552.48,0.017302,A,A,0.025894,A,A,0.032529,A,A,0.034501,A,A,0.038311,A,A,0,A,,,,,,,,,,,,,,
2017-12-13,44751.78,39407.56,32573.27,0.018129,A,A,0.026298,A,A,0.033524,A,A,0.035426,A,A,0.039405,A,A,0,A,,,,,,,,,,,,,,
2017-12-14,44608.68,39362.81,32492.47,0.014292,A,A,0.022002,A,A,0.029797,A,A,0.031624,A,A,0.035683,A,A,0,A,,,,,,,,,,,,,,
2017-12-15,44205.04,39323.45,32402.15,0.004827,A,A,0.011842,A,A,0.020185,A,A,0.021918,A,A,0.025975,A,A,0,A,,,,,,,,,,,,,,
2017-12-18,44209.26,39338.49,32404.47,0.004620,A,A,0.011091,A,A,0.020016,A,A,0.021670,A,A,0.025686,A,A,0,A,,,,,,,,,,,,,,
2017-12-19,44279.30,39487.76,32535.95,0.005832,A,A,0.011972,A,A,0.021282,A,A,0.022944,A,A,0.026941,A,A,0,A,,,,,,,,,,,,,,
2017-12-20,44158.26,39465.28,32506.90,0.002731,A,A,0.008621,A,A,0.018182,A,A,0.019848,A,A,0.023774,A,A,0,A,,,,,,,,,,,,,,
2017-12-21,44125.76,39536.66,32574.00,0.001619,A,A,0.007336,A,A,0.017168,A,A,0.018813,A,A,0.022677,A,A,0,A,,,,,,,,,,,,,,
2017-12-22,44103.33,39646.31,32647.69,0.000741,A,A,0.006308,A,A,0.016381,A,A,0.018012,A,A,0.021806,A,A,0,A,,,,,,,,,,,,,,
2017-12-26,44256.73,39663.37,32682.14,0.003809,A,A,0.009285,A,A,0.019553,A,A,0.021243,A,A,0.025004,A,A,0,A,,,,,,,,,,,,,,
2017-12-27,44136.19,39710.61,32698.13,0.000827,A,A,0.006019,A,A,0.016334,A,A,0.018167,A,A,0.021858,A,A,0,A,,,,,,,,,,,,,,
2017-12-28,44033.05,39720.54,32700.25,-0.001743,A,A,0.003217,A,A,0.013516,A,A,0.015510,A,A,0.019112,A,A,0,A,,,,,,,,,,,,,,
2017-12-29,44149.62,39737.49,32722.58,0.000726,A,A,0.005380,A,A,0.015794,A,A,0.017871,A,A,0.021435,A,A,0,A,,,,,,,,,,,,,,
2018-01-02,44207.99,39776.46,32761.63,0.001878,A,A,0.006199,A,A,0.016738,A,A,0.018872,A,A,0.022412,A,A,0,A,,,,,,,,,,,,,,
2018-01-03,44239.58,39762.34,32754.01,0.002422,A,A,0.006443,A,A,0.017020,A,A,0.019260,A,A,0.022742,A,A,0,A,,,,,,,,,,,,,,
2018-01-04,44247.48,39773.51,32762.02,0.002381,A,A,0.006230,A,A,0.016764,A,A,0.019109,A,A,0.022534,A,A,0,A,,,,,,,,,,,,,,
2018-01-05,44474.13,39761.57,32811.10,0.007183,A,A,0.010909,A,A,0.021433,A,A,0.023974,A,A,0.027316,A,A,0,A,,,,,,,,,,,,,,
2018-01-08,44832.23,39804.21,32895.81,0.014994,A,A,0.018535,A,A,0.029048,A,A,0.031807,A,A,0.035071,A,A,0,A,,,,,,,,,,,,,,
2018-01-09,44948.94,39806.82,32908.41,0.017328,A,A,0.020715,A,A,0.031100,A,A,0.034070,A,A,0.037218,A,A,0,A,,,,,,,,,,,,,,
2018-01-10,45021.34,39819.58,32929.62,0.018536,A,A,0.021862,A,A,0.032090,A,A,0.035320,A,A,0.038338,A,A,0,A,,,,,,,,,,,,,,
2018-01-11,45037.01,39724.08,32860.24,0.018393,A,A,0.021665,A,A,0.031776,A,A,0.035205,A,A,0.038185,A,A,0,A,,,,,,,,,,,,,,
2018-01-12,45113.60,39721.71,32875.64,0.019706,A,A,0.022809,A,A,0.032769,A,A,0.036481,A,A,0.039402,A,A,0,A,,,,,,,,,,,,,,
2018-01-15,45135.95,39731.76,32879.28,0.019765,A,A,0.022773,A,A,0.032436,A,A,0.036535,A,A,0.039373,A,A,0,A,,,,,,,,,,,,,,
2018-01-17,45180.67,39748.56,32921.92,0.020255,A,A,0.023218,A,A,0.032650,A,A,0.037083,A,A,0.039884,A,A,0,A,,,,,,,,,,,,,,
2018-01-18,45516.48,39841.23,33023.58,0.027082,A,A,0.030100,A,A,0.039460,A,A,0.044186,A,A,0.047046,A,A,0,A,,,,,,,,,,,,,,
2018-01-19,45608.18,39841.19,33029.05,0.028265,A,A,0.031394,A,A,0.040633,A,A,0.045565,A,A,0.048594,A,A,0,A,,,,,,,,,,,,,,
2018-01-22,45870.32,39857.59,33082.54,0.033108,A,A,0.036412,A,A,0.045608,A,A,0.050761,A,A,0.054020,A,A,0,A,,,,,,,,,,,,,,
2018-01-23,45984.83,39852.49,33082.92,0.034452,A,A,0.038042,A,A,0.047117,A,A,0.052605,A,A,0.056043,A,A,0,A,,,,,,,,,,,,,,
2018-01-24,46183.76,39891.14,33136.04,0.037488,A,A,0.041524,A,A,0.050492,A,A,0.056350,A,A,0.059968,A,A,0,A,,,,,,,,,,,,,,
2018-01-25,46123.77,39900.10,33160.67,0.034884,A,A,0.039264,A,A,0.047952,A,A,0.054153,A,A,0.057959,A,A,0,A,,,,,,,,,,,,,,
2018-01-26,45917.88,39942.10,33170.76,0.029198,A,A,0.033772,A,A,0.042209,A,A,0.048681,A,A,0.052653,A,A,0,A,,,,,,,,,,,,,,
2018-01-29,46138.94,39953.97,33198.57,0.033013,A,A,0.037896,A,A,0.046210,A,A,0.052875,A,A,0.057083,A,A,0,A,,,,,,,,,,,,,,
2018-01-30,46276.76,39935.40,33208.44,0.034995,A,A,0.040116,A,A,0.048346,A,A,0.055156,A,A,0.059568,A,A,0,A,,,,,,,,,,,,,,
2018-01-31,45936.51,39911.62,33140.68,0.026473,A,A,0.031731,A,A,0.039769,A,A,0.046632,A,A,0.051157,A,A,0,A,,,,,,,,,,,,,,
2018-02-01,45946.53,39898.12,33112.77,0.025661,A,A,0.031183,A,A,0.039138,A,A,0.046071,A,A,0.050760,A,A,0,A,,,,,,,,,,,,,,
2018-02-02,45765.48,39867.90,33082.16,0.020700,A,A,0.026418,A,A,0.034274,A,A,0.041206,A,A,0.046041,A,A,0,A,,,,,,,,,,,,,,
2018-02-05,45294.17,39817.32,32996.74,0.009511,A,A,0.015476,A,A,0.022955,A,A,0.029797,A,A,0.034792,A,A,0,A,,,,,,,,,,,,,,
2018-02-06,44596.85,39777.63,32890.57,-0.006178,A,A,-0.000245,A,A,0.006744,A,A,0.013356,A,A,0.018547,A,A,0,A,,,,,,,,,,,,,,
2018-02-07,44156.12,39823.18,32793.99,-0.015938,A,A,-0.010117,A,A,-0.003551,A,A,0.002894,A,A,0.008272,A,A,0,A,,,,,,,,,,,,,,
2018-02-08,43804.21,39777.31,32716.26,-0.023585,fuera,A,-0.017916,A,A,-0.011745,A,A,-0.005435,A,A,0.000106,A,A,0,A,,,,,,,,,,,,,,
2018-02-09,43510.19,39836.22,32758.47,-0.029763,fuera,A,-0.024240,fuera,A,-0.018525,A,A,-0.012407,A,A,-0.006665,A,A,0,A,,,,,,,,,,,,,,
2018-02-12,43263.58,39860.65,32699.25,-0.034752,fuera,A,-0.029429,fuera,A,-0.024116,fuera,A,-0.018258,A,A,-0.012353,A,A,0,A,,,,,,,,,,,,,,
2018-02-13,43420.67,39849.92,32689.86,-0.030795,fuera,A,-0.025651,fuera,A,-0.020639,fuera,A,-0.015031,A,A,-0.008846,A,A,0,A,,,,,,,,,,,,,,
2018-02-14,43258.44,39858.08,32664.75,-0.034007,fuera,fuera,-0.029022,fuera,A,-0.024261,fuera,A,-0.019012,A,A,-0.012576,A,A,1,A,,,,,,,,,,,,,,
2018-02-15,43574.88,39901.00,32726.66,-0.026522,fuera,fuera,-0.021811,fuera,fuera,-0.017105,fuera,A,-0.012238,A,A,-0.005444,A,A,2,E,,,,,,,,,,,,,,
2018-02-16,43808.27,39894.16,32765.61,-0.020880,fuera,fuera,-0.016572,fuera,fuera,-0.011879,fuera,fuera,-0.007364,A,A,-0.000288,A,A,3,E,,,,,,,,,,,,,,
2018-02-19,43933.03,39916.95,32825.55,-0.017692,fuera,fuera,-0.013887,fuera,fuera,-0.009170,fuera,fuera,-0.004891,A,A,0.002287,A,A,3,E,,,,,,,,,,,,,,
2018-02-20,44041.16,39957.86,32888.05,-0.014997,fuera,fuera,-0.011679,fuera,fuera,-0.006872,fuera,fuera,-0.002766,A,A,0.004442,A,A,3,E,,,,,,,,,,,,,,
2018-02-21,43981.99,39984.76,32902.24,-0.016211,fuera,fuera,-0.013107,fuera,fuera,-0.008292,fuera,fuera,-0.004399,A,A,0.002840,A,A,3,E,,,,,,,,,,,,,,
2018-02-22,43986.33,40029.74,32927.50,-0.016005,fuera,fuera,-0.013060,fuera,fuera,-0.008287,fuera,fuera,-0.004584,A,A,0.002701,A,A,3,E,,,,,,,,,,,,,,
2018-02-23,44040.77,40034.25,32942.43,-0.014670,fuera,fuera,-0.011880,fuera,fuera,-0.007186,fuera,fuera,-0.003618,A,A,0.003667,A,A,3,E,,,,,,,,,,,,,,
2018-02-26,44152.42,40045.75,32945.99,-0.012170,fuera,fuera,-0.009381,fuera,fuera,-0.004840,fuera,fuera,-0.001406,A,A,0.005922,A,A,3,E,,,,,,,,,,,,,,
2018-02-27,44165.16,40050.61,32949.91,-0.011904,fuera,fuera,-0.009101,fuera,fuera,-0.004748,fuera,fuera,-0.001418,A,A,0.005893,A,A,3,E,,,,,,,,,,,,,,
2018-02-28,43921.40,40013.98,32907.76,-0.017269,fuera,fuera,-0.014573,fuera,fuera,-0.010376,fuera,fuera,-0.007175,A,A,0.000086,A,A,3,E,,,,,,,,,,,,,,
2018-03-01,43827.50,40015.08,32898.09,-0.019160,fuera,fuera,-0.016638,fuera,fuera,-0.012588,fuera,fuera,-0.009520,A,A,-0.002280,A,A,3,E,,,,,,,,,,,,,,
2018-03-02,43702.42,40023.98,32888.67,-0.021749,fuera,fuera,-0.019362,fuera,fuera,-0.015420,fuera,fuera,-0.012514,A,A,-0.005348,A,A,3,E,,,,,,,,,,,,,,
2018-03-05,43604.88,40049.00,32868.83,-0.023724,fuera,fuera,-0.021314,fuera,fuera,-0.017625,fuera,fuera,-0.014815,A,A,-0.007771,A,A,3,E,,,,,,,,,,,,,,
2018-03-06,43773.73,40076.77,32903.38,-0.019760,fuera,fuera,-0.017348,fuera,fuera,-0.013814,fuera,fuera,-0.011132,A,A,-0.004209,A,A,3,E,,,,,,,,,,,,,,
2018-03-07,43829.02,40069.23,32921.40,-0.018337,fuera,fuera,-0.015976,fuera,fuera,-0.012558,fuera,fuera,-0.009973,A,A,-0.003294,A,A,3,E,,,,,,,,,,,,,,
2018-03-08,44012.95,40089.89,32959.06,-0.014106,fuera,fuera,-0.011750,fuera,fuera,-0.008442,fuera,fuera,-0.005896,A,A,0.000542,A,A,3,E,,,,,,,,,,,,,,
2018-03-09,44290.75,40042.32,32962.64,-0.007905,fuera,fuera,-0.005498,fuera,fuera,-0.002303,fuera,fuera,0.000241,A,A,0.006485,A,A,3,E,,,,,,,,,,,,,,
2018-03-12,44595.11,40033.68,32983.23,-0.001147,fuera,fuera,0.001254,fuera,fuera,0.004357,fuera,fuera,0.006880,A,A,0.012950,A,A,3,E,,,,,,,,,,,,,,
2018-03-13,44834.31,40112.52,33083.03,0.004209,fuera,fuera,0.006369,fuera,fuera,0.009596,fuera,fuera,0.011985,A,A,0.017876,A,A,3,E,,,,,,,,,,,,,,
2018-03-14,44721.88,40116.92,33077.90,0.001804,fuera,fuera,0.003747,fuera,fuera,0.006970,fuera,fuera,0.009212,A,A,0.014796,A,A,3,E,,,,,,,,,,,,,,
2018-03-15,44545.81,40128.69,33056.60,-0.001904,fuera,fuera,-0.000155,fuera,fuera,0.002914,fuera,fuera,0.005037,A,A,0.010308,A,A,3,E,,,,,,,,,,,,,,
2018-03-16,44584.76,40158.18,33075.78,-0.000806,fuera,fuera,0.000778,fuera,fuera,0.003661,fuera,fuera,0.005689,A,A,0.010664,A,A,3,E,,,,,,,,,,,,,,
2018-03-19,44728.47,40222.75,33135.41,0.002607,fuera,fuera,0.003962,fuera,fuera,0.006786,fuera,fuera,0.008656,A,A,0.013400,A,A,3,E,,,,,,,,,,,,,,
2018-03-20,44552.52,40215.66,33110.60,-0.001047,fuera,fuera,-0.000110,fuera,fuera,0.002754,fuera,fuera,0.004437,A,A,0.009002,A,A,3,E,,,,,,,,,,,,,,
2018-03-21,44521.16,40186.98,33066.25,-0.001422,fuera,fuera,-0.000923,fuera,fuera,0.001959,fuera,fuera,0.003482,A,A,0.007932,A,A,3,E,,,,,,,,,,,,,,
2018-03-22,44428.93,40164.21,33047.16,-0.002950,fuera,fuera,-0.003045,fuera,fuera,-0.000212,fuera,fuera,0.001191,A,A,0.005517,A,A,3,E,,,,,,,,,,,,,,
2018-03-23,44017.46,40157.66,33019.21,-0.011400,fuera,fuera,-0.012229,fuera,fuera,-0.009503,fuera,fuera,-0.008160,A,A,-0.004038,A,A,3,E,,,,,,,,,,,,,,
2018-03-26,43557.29,40178.76,32980.08,-0.020604,fuera,fuera,-0.022361,fuera,fuera,-0.019796,fuera,fuera,-0.018526,A,A,-0.014583,A,A,3,E,,,,,,,,,,,,,,
2018-03-27,43786.84,40219.14,33014.32,-0.014360,fuera,fuera,-0.017099,fuera,fuera,-0.014677,fuera,fuera,-0.013350,A,A,-0.009584,A,A,3,E,,,,,,,,,,,,,,
2018-03-28,43727.84,40253.88,33067.56,-0.014477,fuera,fuera,-0.018241,fuera,fuera,-0.016083,fuera,fuera,-0.014649,A,A,-0.011089,A,A,3,E,,,,,,,,,,,,,,
2018-03-29,43445.26,40296.15,33054.84,-0.019531,fuera,fuera,-0.024349,fuera,fuera,-0.022381,fuera,fuera,-0.020921,fuera,A,-0.017598,A,A,3,E,,,,,,,,,,,,,,
2018-04-02,43702.90,40322.87,33110.22,-0.012620,fuera,fuera,-0.018450,fuera,fuera,-0.016549,fuera,fuera,-0.015092,fuera,A,-0.011935,A,A,3,E,,,,,,,,,,,,,,
2018-04-03,43595.80,40317.99,33107.77,-0.013780,fuera,fuera,-0.020665,fuera,fuera,-0.018879,fuera,fuera,-0.017459,fuera,A,-0.014477,A,A,3,E,,,,,,,,,,,,,,
2018-04-04,43680.35,40327.03,33110.07,-0.010576,fuera,fuera,-0.018584,fuera,fuera,-0.016865,fuera,fuera,-0.015434,fuera,A,-0.012660,A,A,3,E,,,,,,,,,,,,,,
2018-04-05,43636.80,40393.94,33144.07,-0.010417,fuera,fuera,-0.019355,fuera,fuera,-0.017720,fuera,fuera,-0.016265,fuera,fuera,-0.013730,A,A,4,E,,,,,,,,,,,,,,
2018-04-06,43879.45,40423.90,33200.80,-0.003876,fuera,fuera,-0.013774,fuera,fuera,-0.012249,fuera,fuera,-0.010731,fuera,fuera,-0.008330,A,A,4,E,,,,,,,,,,,,,,
2018-04-09,43823.59,40385.89,33188.05,-0.004169,fuera,fuera,-0.014805,fuera,fuera,-0.013476,fuera,fuera,-0.011939,fuera,fuera,-0.009623,A,A,4,E,,,,,,,,,,,,,,
2018-04-10,43781.03,40404.60,33168.14,-0.004375,fuera,fuera,-0.015398,fuera,fuera,-0.014394,fuera,fuera,-0.012790,fuera,fuera,-0.010608,A,A,4,E,,,,,,,,,,,,,,
2018-04-11,43954.47,40454.31,33208.70,-0.000107,fuera,fuera,-0.011152,fuera,fuera,-0.010405,fuera,fuera,-0.008813,fuera,fuera,-0.006767,A,A,4,E,,,,,,,,,,,,,,
2018-04-12,43805.45,40460.88,33196.54,-0.003320,fuera,fuera,-0.014083,fuera,fuera,-0.013642,fuera,fuera,-0.012097,fuera,fuera,-0.010193,A,A,4,E,,,,,,,,,,,,,,
2018-04-13,43795.27,40472.25,33204.48,-0.003547,fuera,fuera,-0.013881,fuera,fuera,-0.013770,fuera,fuera,-0.012273,fuera,fuera,-0.010451,A,A,4,E,,,,,,,,,,,,,,
2018-04-16,43673.30,40474.13,33193.30,-0.006404,fuera,fuera,-0.016129,fuera,fuera,-0.016364,fuera,fuera,-0.014978,fuera,fuera,-0.013218,A,A,4,E,,,,,,,,,,,,,,
2018-04-17,43608.29,40453.39,33159.19,-0.008056,fuera,fuera,-0.017065,fuera,fuera,-0.017650,fuera,fuera,-0.016402,fuera,fuera,-0.014700,A,A,4,E,,,,,,,,,,,,,,
2018-04-18,43684.31,40492.78,33201.71,-0.006459,fuera,fuera,-0.014833,fuera,fuera,-0.015771,fuera,fuera,-0.014705,fuera,fuera,-0.013021,A,A,4,E,,,,,,,,,,,,,,
2018-04-19,43881.50,40507.75,33268.26,-0.002288,fuera,fuera,-0.009815,fuera,fuera,-0.011271,fuera,fuera,-0.010358,fuera,fuera,-0.008654,A,A,4,E,,,,,,,,,,,,,,
2018-04-20,43872.21,40503.17,33260.06,-0.002650,fuera,fuera,-0.009418,fuera,fuera,-0.011339,fuera,fuera,-0.010606,fuera,fuera,-0.008953,A,A,4,E,,,,,,,,,,,,,,
2018-04-23,43743.64,40487.18,33230.34,-0.005540,fuera,fuera,-0.011580,fuera,fuera,-0.014004,fuera,fuera,-0.013485,fuera,fuera,-0.011911,A,A,4,E,,,,,,,,,,,,,,
2018-04-24,43835.50,40473.42,33210.21,-0.003402,fuera,fuera,-0.008752,fuera,fuera,-0.011706,fuera,fuera,-0.011394,fuera,fuera,-0.009870,A,A,4,E,,,,,,,,,,,,,,
2018-04-25,43743.70,40384.63,33138.83,-0.005340,fuera,fuera,-0.009974,fuera,fuera,-0.013562,fuera,fuera,-0.013382,fuera,fuera,-0.011974,A,A,4,E,,,,,,,,,,,,,,
2018-04-26,43642.39,40280.26,33029.59,-0.007473,fuera,fuera,-0.011400,fuera,fuera,-0.015708,fuera,fuera,-0.015560,fuera,fuera,-0.014233,A,A,4,E,,,,,,,,,,,,,,
2018-04-27,43749.13,40335.23,33085.33,-0.004926,fuera,fuera,-0.008220,fuera,fuera,-0.013187,fuera,fuera,-0.013118,fuera,fuera,-0.011801,A,A,4,E,,,,,,,,,,,,,,
2018-04-30,43999.70,40390.48,33170.88,0.000793,fuera,fuera,-0.001784,fuera,fuera,-0.007466,fuera,fuera,-0.007476,fuera,fuera,-0.006159,A,A,4,E,,,,,,,,,,,,,,
2018-05-02,44276.43,40460.78,33256.26,0.007025,fuera,fuera,0.005207,fuera,fuera,-0.001253,fuera,fuera,-0.001306,fuera,fuera,0.000008,A,A,4,E,,,,,,,,,,,,,,
2018-05-03,44420.96,40487.88,33284.24,0.010181,fuera,fuera,0.009031,fuera,fuera,0.001933,fuera,fuera,0.001927,fuera,fuera,0.003164,A,A,4,E,,,,,,,,,,,,,,
2018-05-04,44274.97,40494.15,33252.59,0.006681,fuera,fuera,0.006312,fuera,fuera,-0.001402,fuera,fuera,-0.001364,fuera,fuera,-0.000138,A,A,4,E,,,,,,,,,,,,,,
2018-05-07,44394.20,40547.96,33302.43,0.009103,fuera,fuera,0.009513,fuera,fuera,0.001252,fuera,fuera,0.001286,fuera,fuera,0.002547,A,A,4,E,,,,,,,,,,,,,,
2018-05-08,44676.68,40554.46,33345.66,0.015025,fuera,fuera,0.016160,fuera,fuera,0.007487,fuera,fuera,0.007574,fuera,fuera,0.008836,A,A,4,E,,,,,,,,,,,,,,
2018-05-09,45145.91,40595.08,33432.39,0.024888,A,fuera,0.026632,A,fuera,0.017784,fuera,fuera,0.017978,fuera,fuera,0.019234,A,A,4,E,,,,,,,,,,,,,,
2018-05-10,45081.97,40511.14,33334.64,0.022762,A,fuera,0.024841,A,fuera,0.016106,fuera,fuera,0.016379,fuera,fuera,0.017647,A,A,4,E,,,,,,,,,,,,,,
2018-05-11,45032.40,40514.31,33324.06,0.021018,A,fuera,0.023268,A,fuera,0.014779,fuera,fuera,0.015061,fuera,fuera,0.016389,A,A,4,E,,,,,,,,,,,,,,
2018-05-14,44790.55,40539.46,33306.79,0.015136,A,fuera,0.017310,A,fuera,0.009190,fuera,fuera,0.009534,fuera,fuera,0.010817,A,A,4,E,,,,,,,,,,,,,,
2018-05-15,44990.99,40549.86,33339.66,0.019320,A,A,0.021236,A,A,0.013517,fuera,fuera,0.013985,fuera,fuera,0.015169,A,A,2,E,,,,,,,,,,,,,,
2018-05-16,45180.13,40545.75,33349.78,0.023303,A,A,0.024890,A,A,0.017598,fuera,fuera,0.018154,fuera,fuera,0.019201,A,A,2,E,,,,,,,,,,,,,,
2018-05-17,45190.62,40598.91,33377.14,0.023357,A,A,0.024426,A,A,0.017743,fuera,fuera,0.018264,fuera,fuera,0.019185,A,A,2,E,,,,,,,,,,,,,,
2018-05-18,45120.21,40624.17,33371.25,0.021558,A,A,0.022270,A,A,0.016114,fuera,fuera,0.016478,fuera,fuera,0.017321,A,A,2,E,,,,,,,,,,,,,,
2018-05-22,45307.86,40628.97,33378.61,0.025414,A,A,0.025977,A,A,0.020267,A,fuera,0.020464,A,fuera,0.021204,A,A,2,E,,,,,,,,,,,,,,
2018-05-23,44890.45,40581.45,33297.63,0.015811,A,A,0.016181,A,A,0.010904,A,fuera,0.010931,A,fuera,0.011579,A,A,2,E,,,,,,,,,,,,,,
2018-05-24,44550.43,40558.50,33209.28,0.008207,A,A,0.008302,A,A,0.003389,A,fuera,0.003189,A,fuera,0.003790,A,A,2,E,,,,,,,,,,,,,,
2018-05-25,44418.86,40557.14,33187.83,0.005297,A,A,0.005169,A,A,0.000605,A,fuera,0.000163,A,fuera,0.000737,A,A,2,E,,,,,,,,,,,,,,
2018-05-28,44453.75,40624.01,33218.87,0.006120,A,A,0.005793,A,A,0.001573,A,A,0.000874,A,A,0.001466,A,A,0,A,,,,,,,,,,,,,,
2018-05-29,44370.56,40606.68,33198.84,0.004267,A,A,0.003793,A,A,-0.000014,A,A,-0.001024,A,A,-0.000448,A,A,0,A,,,,,,,,,,,,,,
2018-05-30,43978.00,40595.29,33123.88,-0.004598,A,A,-0.005026,A,A,-0.008457,A,A,-0.009828,A,A,-0.009303,A,A,0,A,,,,,,,,,,,,,,
2018-05-31,44040.79,40614.50,33129.99,-0.003419,A,A,-0.003562,A,A,-0.006586,A,A,-0.008416,A,A,-0.007905,A,A,0,A,,,,,,,,,,,,,,
2018-06-01,44231.38,40615.67,33166.55,0.000670,A,A,0.000641,A,A,-0.001848,A,A,-0.004142,A,A,-0.003663,A,A,0,A,,,,,,,,,,,,,,
2018-06-04,44398.50,40649.63,33198.23,0.004112,A,A,0.004219,A,A,0.002372,A,A,-0.000421,A,A,0.000083,A,A,0,A,,,,,,,,,,,,,,
2018-06-05,44607.63,40685.78,33262.20,0.008253,A,A,0.008626,A,A,0.007477,A,A,0.004208,A,A,0.004735,A,A,0,A,,,,,,,,,,,,,,
2018-06-06,44762.28,40698.72,33273.25,0.011210,A,A,0.011709,A,A,0.011263,A,A,0.007579,A,A,0.008119,A,A,0,A,,,,,,,,,,,,,,
2018-06-07,44561.40,40659.10,33183.89,0.006184,A,A,0.006889,A,A,0.007123,A,A,0.003038,A,A,0.003546,A,A,0,A,,,,,,,,,,,,,,
2018-06-08,44513.71,40667.36,33175.48,0.004687,A,A,0.005568,A,A,0.006491,A,A,0.002033,A,A,0.002440,A,A,0,A,,,,,,,,,,,,,,
2018-06-11,44478.22,40741.03,33235.52,0.003463,A,A,0.004602,A,A,0.006057,A,A,0.001335,A,A,0.001619,A,A,0,A,,,,,,,,,,,,,,
2018-06-12,44709.69,40733.97,33255.83,0.008265,A,A,0.009680,A,A,0.011607,A,A,0.006614,A,A,0.006725,A,A,0,A,,,,,,,,,,,,,,
2018-06-13,44796.99,40747.18,33273.12,0.009742,A,A,0.011580,A,A,0.013829,A,A,0.008631,A,A,0.008626,A,A,0,A,,,,,,,,,,,,,,
2018-06-14,44758.85,40762.82,33283.30,0.008388,A,A,0.010746,A,A,0.013102,A,A,0.007849,A,A,0.007755,A,A,0,A,,,,,,,,,,,,,,
2018-06-15,44535.13,40755.68,33222.08,0.003056,A,A,0.005760,A,A,0.008054,A,A,0.002941,A,A,0.002756,A,A,0,A,,,,,,,,,,,,,,
2018-06-18,44495.54,40783.20,33226.96,0.001818,A,A,0.004883,A,A,0.007072,A,A,0.002196,A,A,0.001885,A,A,0,A,,,,,,,,,,,,,,
2018-06-19,44315.79,40787.64,33186.64,-0.002488,A,A,0.000919,A,A,0.002875,A,A,-0.001595,A,A,-0.002182,A,A,0,A,,,,,,,,,,,,,,
2018-06-20,44151.02,40809.07,33181.45,-0.006435,A,A,-0.002599,A,A,-0.001015,A,A,-0.004996,A,A,-0.005881,A,A,0,A,,,,,,,,,,,,,,
2018-06-21,44175.26,40814.41,33192.65,-0.006171,A,A,-0.001919,A,A,-0.000695,A,A,-0.004088,A,A,-0.005317,A,A,0,A,,,,,,,,,,,,,,
2018-06-22,43997.04,40818.73,33177.86,-0.010335,A,A,-0.005761,A,A,-0.004871,A,A,-0.007682,A,A,-0.009302,A,A,0,A,,,,,,,,,,,,,,
2018-06-25,43929.29,40824.60,33177.82,-0.011883,A,A,-0.007117,A,A,-0.006571,A,A,-0.008730,A,A,-0.010792,A,A,0,A,,,,,,,,,,,,,,
2018-06-26,43633.24,40798.22,33127.53,-0.018425,A,A,-0.013675,A,A,-0.013280,A,A,-0.014883,A,A,-0.017376,A,A,0,A,,,,,,,,,,,,,,
2018-06-27,43514.29,40802.11,33102.15,-0.020988,fuera,A,-0.016349,A,A,-0.015898,A,A,-0.017061,A,A,-0.019925,A,A,0,A,,,,,,,,,,,,,,
2018-06-28,43418.63,40805.21,33096.01,-0.022937,fuera,A,-0.018383,A,A,-0.017934,A,A,-0.018647,A,A,-0.021954,fuera,A,0,A,,,,,,,,,,,,,,
2018-06-29,43462.41,40820.38,33107.22,-0.021814,fuera,A,-0.017301,A,A,-0.016801,A,A,-0.017062,A,A,-0.020868,fuera,A,0,A,,,,,,,,,,,,,,
2018-07-03,43652.98,40841.76,33122.46,-0.017530,fuera,A,-0.013065,A,A,-0.012408,A,A,-0.012266,A,A,-0.016488,fuera,A,0,A,,,,,,,,,,,,,,
2018-07-04,43736.45,40850.14,33164.55,-0.015645,fuera,fuera,-0.011190,A,A,-0.010458,A,A,-0.009906,A,A,-0.014524,fuera,A,1,A,,,,,,,,,,,,,,
2018-07-05,43714.08,40846.25,33169.70,-0.016008,fuera,fuera,-0.011737,A,A,-0.010883,A,A,-0.009975,A,A,-0.014935,fuera,fuera,2,E,,,,,,,,,,,,,,
2018-07-06,43861.78,40888.48,33222.46,-0.012479,fuera,fuera,-0.008461,A,A,-0.007468,A,A,-0.006323,A,A,-0.011539,fuera,fuera,2,E,,,,,,,,,,,,,,
2018-07-09,44217.14,40941.19,33325.07,-0.004377,fuera,fuera,-0.000633,A,A,0.000560,A,A,0.001810,A,A,-0.003485,fuera,fuera,2,E,,,,,,,,,,,,,,
2018-07-10,44332.28,40934.56,33342.14,-0.001813,fuera,fuera,0.001809,A,A,0.003062,A,A,0.004380,A,A,-0.000800,fuera,fuera,2,E,,,,,,,,,,,,,,
2018-07-11,44380.59,40944.32,33351.30,-0.000718,fuera,fuera,0.002704,A,A,0.004015,A,A,0.005350,A,A,0.000390,fuera,fuera,2,E,,,,,,,,,,,,,,
2018-07-12,44112.24,40950.81,33304.23,-0.006480,fuera,fuera,-0.003475,A,A,-0.002158,A,A,-0.000859,A,A,-0.005497,fuera,fuera,2,E,,,,,,,,,,,,,,
2018-07-13,44090.66,40928.82,33286.97,-0.006441,fuera,fuera,-0.004011,A,A,-0.002768,A,A,-0.001526,A,A,-0.005815,fuera,fuera,2,E,,,,,,,,,,,,,,
2018-07-17,44224.93,40945.47,33342.87,-0.002987,fuera,fuera,-0.001126,A,A,0.000155,A,A,0.001341,A,A,-0.002629,fuera,fuera,2,E,,,,,,,,,,,,,,
2018-07-18,44584.33,40943.32,33403.41,0.005341,fuera,fuera,0.006712,A,A,0.008092,A,A,0.009190,A,A,0.005576,fuera,fuera,2,E,,,,,,,,,,,,,,
2018-07-19,44745.42,40983.20,33454.04,0.008996,fuera,fuera,0.009967,A,A,0.011548,A,A,0.012581,A,A,0.009287,fuera,fuera,2,E,,,,,,,,,,,,,,
2018-07-20,44899.79,41013.72,33498.23,0.012523,fuera,fuera,0.012990,A,A,0.014883,A,A,0.015836,A,A,0.012881,fuera,fuera,2,E,,,,,,,,,,,,,,
2018-07-23,45031.24,41039.46,33536.80,0.015563,fuera,fuera,0.015473,A,A,0.017742,A,A,0.018568,A,A,0.015952,fuera,fuera,2,E,,,,,,,,,,,,,,
2018-07-24,45115.29,41091.99,33587.59,0.017497,fuera,fuera,0.016927,A,A,0.019570,A,A,0.020234,A,A,0.017985,fuera,fuera,2,E,,,,,,,,,,,,,,
2018-07-25,45124.88,41092.74,33595.79,0.017711,fuera,fuera,0.016694,A,A,0.019684,A,A,0.020199,A,A,0.018359,fuera,fuera,2,E,,,,,,,,,,,,,,
2018-07-26,45055.07,41090.21,33579.34,0.016265,fuera,fuera,0.014653,A,A,0.017976,A,A,0.018387,A,A,0.016989,fuera,fuera,2,E,,,,,,,,,,,,,,
2018-07-27,44999.87,41094.69,33576.12,0.014965,fuera,fuera,0.012995,A,A,0.016623,A,A,0.016929,A,A,0.015947,fuera,fuera,2,E,,,,,,,,,,,,,,
2018-07-30,44753.20,41088.06,33552.59,0.009298,fuera,fuera,0.007084,A,A,0.011044,A,A,0.011224,A,A,0.010589,fuera,fuera,2,E,,,,,,,,,,,,,,
2018-07-31,44462.50,41085.93,33505.54,0.002720,fuera,fuera,0.000254,A,A,0.004499,A,A,0.004591,A,A,0.004327,fuera,fuera,2,E,,,,,,,,,,,,,,
2018-08-01,44457.57,41105.68,33498.04,0.002607,fuera,fuera,-0.000106,A,A,0.004404,A,A,0.004364,A,A,0.004543,fuera,fuera,2,E,,,,,,,,,,,,,,
2018-08-02,44438.21,41133.24,33522.15,0.002137,fuera,fuera,-0.000695,A,A,0.003964,A,A,0.003795,A,A,0.004375,fuera,fuera,2,E,,,,,,,,,,,,,,
2018-08-03,44242.11,41142.28,33492.19,-0.002418,fuera,fuera,-0.005093,A,A,-0.000523,A,A,-0.000751,A,A,0.000249,fuera,fuera,2,E,,,,,,,,,,,,,,
2018-08-06,44422.69,41157.44,33539.46,0.001463,fuera,fuera,-0.001033,A,A,0.003339,A,A,0.003151,A,A,0.004574,fuera,fuera,2,E,,,,,,,,,,,,,,
2018-08-07,44498.48,41187.77,33569.16,0.003037,fuera,fuera,0.000593,A,A,0.004871,A,A,0.004706,A,A,0.006431,fuera,fuera,2,E,,,,,,,,,,,,,,
2018-08-08,44395.21,41198.91,33547.26,0.000711,fuera,fuera,-0.001729,A,A,0.002371,A,A,0.002252,A,A,0.004132,fuera,fuera,2,E,,,,,,,,,,,,,,
2018-08-09,44407.97,41240.32,33574.77,0.001099,fuera,fuera,-0.001348,A,A,0.002417,A,A,0.002455,A,A,0.004375,fuera,fuera,2,E,,,,,,,,,,,,,,
2018-08-10,44330.23,41254.19,33560.99,-0.000438,fuera,fuera,-0.002811,A,A,0.000505,A,A,0.000692,A,A,0.002522,fuera,fuera,2,E,,,,,,,,,,,,,,
2018-08-13,44246.07,41310.89,33562.76,-0.002178,fuera,fuera,-0.004411,A,A,-0.001557,A,A,-0.001133,A,A,0.000487,fuera,fuera,2,E,,,,,,,,,,,,,,
2018-08-14,44092.98,41321.03,33527.18,-0.005420,fuera,fuera,-0.007528,A,A,-0.005115,A,A,-0.004430,A,A,-0.003123,fuera,fuera,2,E,,,,,,,,,,,,,,
2018-08-16,44095.44,41356.16,33553.57,-0.005174,fuera,fuera,-0.007230,A,A,-0.005173,A,A,-0.004241,A,A,-0.003188,fuera,fuera,2,E,,,,,,,,,,,,,,
2018-08-17,44172.70,41402.62,33591.49,-0.003163,fuera,fuera,-0.005204,A,A,-0.003504,A,A,-0.002416,A,A,-0.001606,fuera,fuera,2,E,,,,,,,,,,,,,,
2018-08-20,44309.97,41463.43,33644.34,0.000179,fuera,fuera,-0.001807,A,A,-0.000529,A,A,0.000743,A,A,0.001365,fuera,fuera,2,E,,,,,,,,,,,,,,
2018-08-21,44544.68,41523.25,33716.68,0.005585,fuera,fuera,0.003708,A,A,0.004573,A,A,0.006084,A,A,0.006536,fuera,fuera,2,E,,,,,,,,,,,,,,
2018-08-22,44489.49,41534.10,33700.36,0.004363,fuera,fuera,0.002688,A,A,0.003194,A,A,0.004851,A,A,0.005189,fuera,fuera,2,E,,,,,,,,,,,,,,
2018-08-23,44385.38,41541.06,33700.13,0.002068,fuera,fuera,0.000666,A,A,0.000701,A,A,0.002529,A,A,0.002775,fuera,fuera,2,E,,,,,,,,,,,,,,
2018-08-24,44459.69,41559.64,33723.69,0.003673,fuera,fuera,0.002494,A,A,0.002210,A,A,0.004201,A,A,0.004368,fuera,fuera,2,E,,,,,,,,,,,,,,
2018-08-27,44440.43,41566.65,33725.62,0.003092,fuera,fuera,0.002098,A,A,0.001583,A,A,0.003674,A,A,0.003851,fuera,fuera,2,E,,,,,,,,,,,,,,
2018-08-28,44497.89,41588.85,33756.49,0.004227,fuera,fuera,0.003366,A,A,0.002655,A,A,0.004769,A,A,0.005066,fuera,fuera,2,E,,,,,,,,,,,,,,
2018-08-29,44673.52,41519.67,33724.60,0.007849,fuera,fuera,0.007248,A,A,0.006363,A,A,0.008542,A,A,0.008939,fuera,fuera,2,E,,,,,,,,,,,,,,
2018-08-30,45142.50,41464.88,33763.90,0.017810,fuera,fuera,0.017545,A,A,0.016607,A,A,0.018820,A,A,0.019352,fuera,fuera,2,E,,,,,,,,,,,,,,
2018-08-31,45200.91,41452.21,33752.90,0.018327,fuera,fuera,0.018423,A,A,0.017584,A,A,0.019753,A,A,0.020437,A,fuera,2,E,,,,,,,,,,,,,,
2018-09-03,45380.33,41526.17,33836.75,0.021415,A,fuera,0.021984,A,A,0.021205,A,A,0.023432,A,A,0.024203,A,fuera,2,E,,,,,,,,,,,,,,
2018-09-04,45427.08,41571.64,33869.09,0.021441,A,fuera,0.022607,A,A,0.021850,A,A,0.024084,A,A,0.024941,A,fuera,2,E,,,,,,,,,,,,,,
2018-09-05,45499.23,41621.52,33893.88,0.022023,A,fuera,0.023834,A,A,0.023024,A,A,0.025310,A,A,0.026221,A,fuera,2,E,,,,,,,,,,,,,,
2018-09-06,45087.38,41564.02,33789.37,0.012047,A,fuera,0.014396,A,A,0.013398,A,A,0.015713,A,A,0.016693,A,A,1,A,,,,,,,,,,,,,,
2018-09-07,44741.64,41545.46,33725.49,0.003783,A,A,0.006624,A,A,0.005378,A,A,0.007738,A,A,0.008732,A,A,0,A,,,,,,,,,,,,,,
2018-09-10,44856.08,41523.88,33730.74,0.005778,A,A,0.009095,A,A,0.007734,A,A,0.010091,A,A,0.011159,A,A,0,A,,,,,,,,,,,,,,
2018-09-11,44939.06,41484.07,33719.50,0.007098,A,A,0.010810,A,A,0.009431,A,A,0.011709,A,A,0.012912,A,A,0,A,,,,,,,,,,,,,,
2018-09-12,45016.69,41517.71,33744.05,0.008436,A,A,0.012365,A,A,0.011025,A,A,0.013226,A,A,0.014586,A,A,0,A,,,,,,,,,,,,,,
2018-09-13,44894.85,41521.98,33727.46,0.005425,A,A,0.009559,A,A,0.008133,A,A,0.010247,A,A,0.011829,A,A,0,A,,,,,,,,,,,,,,
2018-09-14,44883.31,41587.07,33765.36,0.004916,A,A,0.009269,A,A,0.007750,A,A,0.009752,A,A,0.011539,A,A,0,A,,,,,,,,,,,,,,
2018-09-20,45358.88,41628.10,33917.51,0.014934,A,A,0.019748,A,A,0.018255,A,A,0.020083,A,A,0.022109,A,A,0,A,,,,,,,,,,,,,,
2018-09-21,45217.13,41622.75,33885.48,0.011196,A,A,0.016318,A,A,0.015055,A,A,0.016545,A,A,0.018799,A,A,0,A,,,,,,,,,,,,,,
2018-09-24,45054.65,41624.98,33868.35,0.007147,A,A,0.012467,A,A,0.011414,A,A,0.012595,A,A,0.015079,A,A,0,A,,,,,,,,,,,,,,
2018-09-25,44851.79,41574.02,33813.84,0.002479,A,A,0.007719,A,A,0.006906,A,A,0.007826,A,A,0.010455,A,A,0,A,,,,,,,,,,,,,,
2018-09-26,45012.77,41556.89,33824.68,0.005943,A,A,0.011030,A,A,0.010464,A,A,0.011197,A,A,0.013992,A,A,0,A,,,,,,,,,,,,,,
2018-09-27,44756.42,41448.71,33721.70,0.000286,A,A,0.005067,A,A,0.004768,A,A,0.005220,A,A,0.008159,A,A,0,A,,,,,,,,,,,,,,
2018-09-28,44660.25,41490.15,33754.02,-0.001680,A,A,0.002674,A,A,0.002739,A,A,0.002883,A,A,0.005877,A,A,0,A,,,,,,,,,,,,,,
2018-10-01,44502.45,41523.73,33751.86,-0.004904,A,A,-0.001070,A,A,-0.000633,A,A,-0.000822,A,A,0.002153,A,A,0,A,,,,,,,,,,,,,,
2018-10-02,44297.40,41552.28,33743.02,-0.009082,A,A,-0.005904,A,A,-0.005033,A,A,-0.005565,A,A,-0.002555,A,A,0,A,,,,,,,,,,,,,,
2018-10-03,44361.21,41588.47,33794.69,-0.007312,A,A,-0.004768,A,A,-0.003364,A,A,-0.004263,A,A,-0.001232,A,A,0,A,,,,,,,,,,,,,,
2018-10-04,44451.53,41595.25,33831.73,-0.005019,A,A,-0.003102,A,A,-0.001226,A,A,-0.002332,A,A,0.000622,A,A,0,A,,,,,,,,,,,,,,
2018-10-05,44531.78,41542.88,33804.45,-0.003113,A,A,-0.001677,A,A,0.000582,A,A,-0.000586,A,A,0.002280,A,A,0,A,,,,,,,,,,,,,,
2018-10-08,44395.09,41502.02,33755.06,-0.006140,A,A,-0.005000,A,A,-0.002483,A,A,-0.003648,A,A,-0.000939,A,A,0,A,,,,,,,,,,,,,,
2018-10-09,44735.90,41535.52,33868.32,0.001351,A,A,0.002288,A,A,0.005104,A,A,0.003902,A,A,0.006541,A,A,0,A,,,,,,,,,,,,,,
2018-10-10,44746.16,41518.70,33852.11,0.001427,A,A,0.002156,A,A,0.005240,A,A,0.004057,A,A,0.006572,A,A,0,A,,,,,,,,,,,,,,
2018-10-11,44258.67,41431.69,33730.35,-0.009491,A,A,-0.008900,A,A,-0.005782,A,A,-0.006793,A,A,-0.004461,A,A,0,A,,,,,,,,,,,,,,
2018-10-12,43571.43,41285.04,33522.07,-0.024458,fuera,A,-0.024069,fuera,A,-0.021105,fuera,A,-0.021887,fuera,A,-0.019876,A,A,0,A,,,,,,,,,,,,,,
2018-10-16,43586.27,41284.16,33507.47,-0.023683,fuera,A,-0.023482,fuera,A,-0.020614,fuera,A,-0.021240,fuera,A,-0.019508,A,A,0,A,,,,,,,,,,,,,,
2018-10-17,43575.40,41246.17,33475.68,-0.023528,fuera,A,-0.023450,fuera,A,-0.020657,fuera,A,-0.021180,fuera,A,-0.019686,A,A,0,A,,,,,,,,,,,,,,
2018-10-18,43605.19,41216.38,33485.11,-0.022470,fuera,A,-0.022609,fuera,A,-0.019742,fuera,A,-0.020262,fuera,A,-0.018981,A,A,0,A,,,,,,,,,,,,,,
2018-10-19,43376.75,41230.53,33459.97,-0.027129,fuera,fuera,-0.027486,fuera,fuera,-0.024540,fuera,fuera,-0.025058,fuera,fuera,-0.024047,fuera,A,4,E,,,,,,,,,,,,,,
2018-10-22,43434.71,41292.87,33508.23,-0.025435,fuera,fuera,-0.025917,fuera,fuera,-0.022961,fuera,fuera,-0.023390,fuera,fuera,-0.022702,fuera,A,4,E,,,,,,,,,,,,,,
2018-10-23,43695.80,41330.30,33584.46,-0.019382,fuera,fuera,-0.019757,fuera,fuera,-0.016887,fuera,fuera,-0.017205,fuera,fuera,-0.016842,fuera,A,4,E,,,,,,,,,,,,,,
2018-10-24,43450.15,41377.04,33585.92,-0.024581,fuera,fuera,-0.024825,fuera,fuera,-0.022163,fuera,fuera,-0.022381,fuera,fuera,-0.022329,fuera,A,4,E,,,,,,,,,,,,,,
2018-10-25,43191.27,41378.83,33562.90,-0.029918,fuera,fuera,-0.030054,fuera,fuera,-0.027620,fuera,fuera,-0.027764,fuera,fuera,-0.028034,fuera,fuera,5,E,,,,,,,,,,,,,,
2018-10-26,43184.22,41374.81,33537.73,-0.029531,fuera,fuera,-0.029583,fuera,fuera,-0.027386,fuera,fuera,-0.027567,fuera,fuera,-0.028073,fuera,fuera,5,E,,,,,,,,,,,,,,
2018-10-29,43075.84,41389.59,33562.43,-0.031256,fuera,fuera,-0.031325,fuera,fuera,-0.029418,fuera,fuera,-0.029701,fuera,fuera,-0.030397,fuera,fuera,5,E,,,,,,,,,,,,,,
2018-10-30,42861.80,41331.76,33481.16,-0.035285,fuera,fuera,-0.035371,fuera,fuera,-0.033836,fuera,fuera,-0.034200,fuera,fuera,-0.035047,fuera,fuera,5,E,,,,,,,,,,,,,,
2018-10-31,43019.99,41315.15,33486.51,-0.031063,fuera,fuera,-0.031118,fuera,fuera,-0.029912,fuera,fuera,-0.030337,fuera,fuera,-0.031360,fuera,fuera,5,E,,,,,,,,,,,,,,
2018-11-05,44417.93,41427.78,33799.10,0.000444,fuera,fuera,0.000571,fuera,fuera,0.001586,fuera,fuera,0.001162,fuera,fuera,-0.000023,fuera,fuera,5,E,,,,,,,,,,,,,,
2018-11-06,43895.85,41496.72,33761.84,-0.011045,fuera,fuera,-0.010891,fuera,fuera,-0.010123,fuera,fuera,-0.010588,fuera,fuera,-0.011802,fuera,fuera,5,E,,,,,,,,,,,,,,
2018-11-07,43789.50,41523.24,33766.86,-0.013091,fuera,fuera,-0.013053,fuera,fuera,-0.012426,fuera,fuera,-0.012932,fuera,fuera,-0.014159,fuera,fuera,5,E,,,,,,,,,,,,,,
2018-11-08,43904.47,41523.41,33764.97,-0.010119,fuera,fuera,-0.010269,fuera,fuera,-0.009810,fuera,fuera,-0.010271,fuera,fuera,-0.011505,fuera,fuera,5,E,,,,,,,,,,,,,,
2018-11-09,43765.39,41521.80,33738.58,-0.012573,fuera,fuera,-0.013171,fuera,fuera,-0.012907,fuera,fuera,-0.013272,fuera,fuera,-0.014521,fuera,fuera,5,E,,,,,,,,,,,,,,
2018-11-12,43570.65,41492.52,33692.41,-0.016163,fuera,fuera,-0.017329,fuera,fuera,-0.017283,fuera,fuera,-0.017444,fuera,fuera,-0.018783,fuera,fuera,5,E,,,,,,,,,,,,,,
2018-11-13,43426.84,41512.30,33687.24,-0.018448,fuera,fuera,-0.020229,fuera,fuera,-0.020505,fuera,fuera,-0.020406,fuera,fuera,-0.021852,fuera,fuera,5,E,,,,,,,,,,,,,,
2018-11-14,43515.15,41484.13,33654.93,-0.015507,fuera,fuera,-0.017896,fuera,fuera,-0.018537,fuera,fuera,-0.018193,fuera,fuera,-0.019659,fuera,fuera,5,E,,,,,,,,,,,,,,
2018-11-15,43421.54,41475.40,33640.38,-0.016597,fuera,fuera,-0.019672,fuera,fuera,-0.020639,fuera,fuera,-0.020075,fuera,fuera,-0.021467,fuera,fuera,5,E,,,,,,,,,,,,,,
2018-11-16,43319.67,41473.32,33612.72,-0.018031,fuera,fuera,-0.021596,fuera,fuera,-0.022855,fuera,fuera,-0.022131,fuera,fuera,-0.023454,fuera,fuera,5,E,,,,,,,,,,,,,,
2018-11-19,43191.70,41510.69,33618.51,-0.020167,fuera,fuera,-0.024095,fuera,fuera,-0.025608,fuera,fuera,-0.024701,fuera,fuera,-0.026019,fuera,fuera,5,E,,,,,,,,,,,,,,
2018-11-20,43006.94,41507.18,33599.32,-0.023448,fuera,fuera,-0.027844,fuera,fuera,-0.029604,fuera,fuera,-0.028499,fuera,fuera,-0.029875,fuera,fuera,5,E,,,,,,,,,,,,,,
2018-11-21,42474.04,41541.76,33536.38,-0.034347,fuera,fuera,-0.039341,fuera,fuera,-0.041295,fuera,fuera,-0.040065,fuera,fuera,-0.041464,fuera,fuera,5,E,,,,,,,,,,,,,,
2018-11-22,42494.55,41556.06,33539.01,-0.032648,fuera,fuera,-0.038333,fuera,fuera,-0.040417,fuera,fuera,-0.039179,fuera,fuera,-0.040540,fuera,fuera,5,E,,,,,,,,,,,,,,
2018-11-23,42466.85,41537.10,33531.20,-0.032090,fuera,fuera,-0.038379,fuera,fuera,-0.040594,fuera,fuera,-0.039386,fuera,fuera,-0.040697,fuera,fuera,5,E,,,,,,,,,,,,,,
2018-11-26,42604.74,41538.44,33550.09,-0.027825,fuera,fuera,-0.034675,fuera,fuera,-0.037049,fuera,fuera,-0.035912,fuera,fuera,-0.037148,fuera,fuera,5,E,,,,,,,,,,,,,,
2018-11-27,42877.54,41529.82,33549.67,-0.020368,fuera,fuera,-0.027920,fuera,fuera,-0.030583,fuera,fuera,-0.029472,fuera,fuera,-0.030560,fuera,fuera,5,E,,,,,,,,,,,,,,
2018-11-28,42907.17,41571.11,33596.93,-0.018540,fuera,fuera,-0.026703,fuera,fuera,-0.029625,fuera,fuera,-0.028536,fuera,fuera,-0.029545,fuera,fuera,5,E,,,,,,,,,,,,,,
2018-11-29,43062.16,41566.75,33618.47,-0.013996,fuera,fuera,-0.022728,fuera,fuera,-0.025835,fuera,fuera,-0.024830,fuera,fuera,-0.025779,fuera,fuera,5,E,,,,,,,,,,,,,,
2018-11-30,43104.89,41617.82,33675.64,-0.012139,fuera,fuera,-0.021289,fuera,fuera,-0.024505,fuera,fuera,-0.023689,fuera,fuera,-0.024582,fuera,fuera,5,E,,,,,,,,,,,,,,
2018-12-03,43148.88,41647.24,33707.41,-0.010191,fuera,fuera,-0.019841,fuera,fuera,-0.023118,fuera,fuera,-0.022590,fuera,fuera,-0.023358,fuera,fuera,5,E,,,,,,,,,,,,,,
2018-12-04,43442.76,41683.46,33777.17,-0.002782,fuera,fuera,-0.012795,fuera,fuera,-0.016104,fuera,fuera,-0.015918,fuera,fuera,-0.016542,fuera,fuera,5,E,,,,,,,,,,,,,,
2018-12-05,43188.20,41692.80,33766.50,-0.007881,fuera,fuera,-0.018062,fuera,fuera,-0.021415,fuera,fuera,-0.021636,fuera,fuera,-0.022166,fuera,fuera,5,E,,,,,,,,,,,,,,
2018-12-06,43141.80,41695.77,33756.11,-0.008258,fuera,fuera,-0.018419,fuera,fuera,-0.021981,fuera,fuera,-0.022620,fuera,fuera,-0.023059,fuera,fuera,5,E,,,,,,,,,,,,,,
2018-12-07,42894.55,41737.54,33744.71,-0.013234,fuera,fuera,-0.023244,fuera,fuera,-0.027039,fuera,fuera,-0.028062,fuera,fuera,-0.028424,fuera,fuera,5,E,,,,,,,,,,,,,,
2018-12-10,42643.60,41768.00,33737.33,-0.018145,fuera,fuera,-0.028012,fuera,fuera,-0.032143,fuera,fuera,-0.033520,fuera,fuera,-0.033804,fuera,fuera,5,E,,,,,,,,,,,,,,
2018-12-11,42268.04,41726.37,33635.01,-0.025704,fuera,fuera,-0.035487,fuera,fuera,-0.040006,fuera,fuera,-0.041733,fuera,fuera,-0.041910,fuera,fuera,5,E,,,,,,,,,,,,,,
2018-12-12,42500.23,41758.51,33693.74,-0.019331,fuera,fuera,-0.029151,fuera,fuera,-0.034183,fuera,fuera,-0.036186,fuera,fuera,-0.036255,fuera,fuera,5,E,,,,,,,,,,,,,,
2018-12-13,42869.35,41793.44,33774.98,-0.010039,fuera,fuera,-0.019943,fuera,fuera,-0.025403,fuera,fuera,-0.027532,fuera,fuera,-0.027588,fuera,fuera,5,E,,,,,,,,,,,,,,
2018-12-14,43108.63,41798.80,33823.03,-0.003682,fuera,fuera,-0.013897,fuera,fuera,-0.019629,fuera,fuera,-0.021845,fuera,fuera,-0.021913,fuera,fuera,5,E,,,,,,,,,,,,,,
2018-12-17,42999.43,41780.27,33798.76,-0.005313,fuera,fuera,-0.015742,fuera,fuera,-0.021757,fuera,fuera,-0.024032,fuera,fuera,-0.024131,fuera,fuera,5,E,,,,,,,,,,,,,,
2018-12-18,42693.62,41765.76,33743.94,-0.011592,fuera,fuera,-0.021957,fuera,fuera,-0.028333,fuera,fuera,-0.030675,fuera,fuera,-0.030719,fuera,fuera,5,E,,,,,,,,,,,,,,
2018-12-19,42747.53,41802.33,33783.82,-0.009925,fuera,fuera,-0.019926,fuera,fuera,-0.026694,fuera,fuera,-0.029169,fuera,fuera,-0.029137,fuera,fuera,5,E,,,,,,,,,,,,,,
2018-12-20,42674.31,41853.15,33807.27,-0.011156,fuera,fuera,-0.020825,fuera,fuera,-0.027913,fuera,fuera,-0.030507,fuera,fuera,-0.030436,fuera,fuera,5,E,,,,,,,,,,,,,,
2018-12-21,42372.48,41877.77,33789.81,-0.017542,fuera,fuera,-0.026875,fuera,fuera,-0.034294,fuera,fuera,-0.036903,fuera,fuera,-0.036918,fuera,fuera,5,E,,,,,,,,,,,,,,
2018-12-24,42239.76,41921.02,33810.56,-0.019929,fuera,fuera,-0.028836,fuera,fuera,-0.036790,fuera,fuera,-0.039399,fuera,fuera,-0.039543,fuera,fuera,5,E,,,,,,,,,,,,,,
2018-12-26,42090.04,41903.99,33784.50,-0.022755,fuera,fuera,-0.031190,fuera,fuera,-0.039659,fuera,fuera,-0.042221,fuera,fuera,-0.042563,fuera,fuera,5,E,,,,,,,,,,,,,,
2018-12-27,42356.48,41994.83,33873.12,-0.016021,fuera,fuera,-0.024110,fuera,fuera,-0.033116,fuera,fuera,-0.035599,fuera,fuera,-0.036190,fuera,fuera,5,E,,,,,,,,,,,,,,
2018-12-28,42564.34,42053.27,33947.26,-0.010615,fuera,fuera,-0.018513,fuera,fuera,-0.027995,fuera,fuera,-0.030330,fuera,fuera,-0.031179,fuera,fuera,5,E,,,,,,,,,,,,,,
2018-12-31,42822.06,42095.42,34026.78,-0.004301,fuera,fuera,-0.011790,fuera,fuera,-0.021793,fuera,fuera,-0.023971,fuera,fuera,-0.025106,fuera,fuera,5,E,,,,,,,,,,,,,,
2019-01-02,42897.91,42118.16,34048.58,-0.002386,fuera,fuera,-0.009376,fuera,fuera,-0.019743,fuera,fuera,-0.021784,fuera,fuera,-0.023197,fuera,fuera,5,E,,,,,,,,,,,,,,
2019-01-03,42983.54,42181.68,34147.47,-0.000291,fuera,fuera,-0.006798,fuera,fuera,-0.017456,fuera,fuera,-0.019402,fuera,fuera,-0.021132,fuera,fuera,5,E,,,,,,,,,,,,,,
2019-01-04,42839.58,42239.12,34200.69,-0.003518,fuera,fuera,-0.009529,fuera,fuera,-0.020322,fuera,fuera,-0.022280,fuera,fuera,-0.024291,fuera,fuera,5,E,,,,,,,,,,,,,,
2019-01-07,43031.24,42301.96,34266.34,0.000853,fuera,fuera,-0.004643,fuera,fuera,-0.015574,fuera,fuera,-0.017600,fuera,fuera,-0.019858,fuera,fuera,5,E,,,,,,,,,,,,,,
2019-01-08,43019.56,42231.62,34206.45,0.000581,fuera,fuera,-0.004430,fuera,fuera,-0.015500,fuera,fuera,-0.017559,fuera,fuera,-0.020045,fuera,fuera,5,E,,,,,,,,,,,,,,
2019-01-09,43200.65,42317.16,34301.98,0.005426,fuera,fuera,0.000213,fuera,fuera,-0.011039,fuera,fuera,-0.013158,fuera,fuera,-0.015840,fuera,fuera,5,E,,,,,,,,,,,,,,
2019-01-10,43592.40,42256.46,34320.05,0.014702,fuera,fuera,0.009626,fuera,fuera,-0.001856,fuera,fuera,-0.004069,fuera,fuera,-0.006889,fuera,fuera,5,E,,,,,,,,,,,,,,
2019-01-11,43660.51,42246.16,34319.58,0.016356,fuera,fuera,0.011473,fuera,fuera,-0.000083,fuera,fuera,-0.002347,fuera,fuera,-0.005328,fuera,fuera,5,E,,,,,,,,,,,,,,
2019-01-14,43657.17,42250.52,34320.04,0.016408,fuera,fuera,0.011790,fuera,fuera,0.000099,fuera,fuera,-0.002241,fuera,fuera,-0.005367,fuera,fuera,5,E,,,,,,,,,,,,,,
2019-01-15,43486.60,42270.64,34317.77,0.012583,fuera,fuera,0.008297,fuera,fuera,-0.003388,fuera,fuera,-0.005943,fuera,fuera,-0.009122,fuera,fuera,5,E,,,,,,,,,,,,,,
2019-01-16,43655.26,42303.69,34359.50,0.016466,fuera,fuera,0.012429,fuera,fuera,0.000871,fuera,fuera,-0.001924,fuera,fuera,-0.005157,fuera,fuera,5,E,,,,,,,,,,,,,,
2019-01-17,43776.85,42322.24,34384.73,0.019112,fuera,fuera,0.015173,fuera,fuera,0.004069,fuera,fuera,0.000977,fuera,fuera,-0.002278,fuera,fuera,5,E,,,,,,,,,,,,,,
2019-01-18,43826.54,42272.97,34352.39,0.020105,A,fuera,0.016237,fuera,fuera,0.005619,fuera,fuera,0.002205,fuera,fuera,-0.001094,fuera,fuera,5,E,,,,,,,,,,,,,,
2019-01-21,44073.01,42254.68,34369.49,0.025496,A,fuera,0.021768,A,fuera,0.011642,fuera,fuera,0.007845,fuera,fuera,0.004527,fuera,fuera,5,E,,,,,,,,,,,,,,
2019-01-22,44189.44,42188.32,34328.66,0.027743,A,fuera,0.024251,A,fuera,0.014547,fuera,fuera,0.010487,fuera,fuera,0.007187,fuera,fuera,5,E,,,,,,,,,,,,,,
2019-01-23,43847.19,42153.59,34249.00,0.019437,A,fuera,0.016145,A,fuera,0.006919,fuera,fuera,0.002732,fuera,fuera,-0.000480,fuera,fuera,5,E,,,,,,,,,,,,,,
2019-01-24,43890.31,42208.88,34317.00,0.019974,A,A,0.016976,A,fuera,0.008157,fuera,fuera,0.003810,fuera,fuera,0.000658,fuera,fuera,4,E,,,,,,,,,,,,,,
2019-01-25,44006.35,42262.17,34392.09,0.021862,A,A,0.019550,A,A,0.011063,fuera,fuera,0.006582,fuera,fuera,0.003466,fuera,fuera,3,E,,,,,,,,,,,,,,
2019-01-28,44116.87,42345.38,34478.28,0.023572,A,A,0.021864,A,A,0.013836,fuera,fuera,0.009192,fuera,fuera,0.006152,fuera,fuera,3,E,,,,,,,,,,,,,,
2019-01-29,44144.05,42358.70,34497.43,0.023318,A,A,0.022141,A,A,0.014655,fuera,fuera,0.009866,fuera,fuera,0.006949,fuera,fuera,3,E,,,,,,,,,,,,,,
2019-01-30,44095.07,42387.76,34515.61,0.021398,A,A,0.020671,A,A,0.013733,fuera,fuera,0.008826,fuera,fuera,0.006019,fuera,fuera,3,E,,,,,,,,,,,,,,
2019-01-31,44096.19,42390.86,34512.73,0.020784,A,A,0.020320,A,A,0.014086,fuera,fuera,0.008927,fuera,fuera,0.006220,fuera,fuera,3,E,,,,,,,,,,,,,,
2019-02-01,44048.89,42469.83,34580.97,0.019090,A,A,0.018788,A,A,0.013300,fuera,fuera,0.007944,fuera,fuera,0.005314,fuera,fuera,3,E,,,,,,,,,,,,,,
2019-02-04,43997.94,42517.94,34618.25,0.017422,A,A,0.017250,A,A,0.012402,fuera,fuera,0.006926,fuera,fuera,0.004288,fuera,fuera,3,E,,,,,,,,,,,,,,
2019-02-05,44015.42,42576.11,34663.43,0.017350,A,A,0.017803,A,A,0.013021,fuera,fuera,0.007574,fuera,fuera,0.004768,fuera,fuera,3,E,,,,,,,,,,,,,,
2019-02-06,44092.14,42608.84,34700.34,0.018630,A,A,0.019504,A,A,0.015025,fuera,fuera,0.009574,fuera,fuera,0.006586,fuera,fuera,3,E,,,,,,,,,,,,,,
2019-02-07,44019.46,42598.80,34668.50,0.016650,A,A,0.017739,A,A,0.013543,fuera,fuera,0.008209,fuera,fuera,0.005003,fuera,fuera,3,E,,,,,,,,,,,,,,
2019-02-08,43817.04,42567.83,34606.15,0.011648,A,A,0.013091,A,A,0.009100,fuera,fuera,0.003925,fuera,fuera,0.000459,fuera,fuera,3,E,,,,,,,,,,,,,,
2019-02-11,43666.31,42598.10,34598.89,0.007897,A,A,0.009642,A,A,0.005844,fuera,fuera,0.000872,fuera,fuera,-0.002846,fuera,fuera,3,E,,,,,,,,,,,,,,
2019-02-12,43870.18,42692.55,34702.63,0.012096,A,A,0.014247,A,A,0.010651,fuera,fuera,0.005812,fuera,fuera,0.001924,fuera,fuera,3,E,,,,,,,,,,,,,,
2019-02-13,44114.81,42663.36,34724.09,0.016973,A,A,0.019649,A,A,0.016351,fuera,fuera,0.011559,fuera,fuera,0.007562,fuera,fuera,3,E,,,,,,,,,,,,,,
2019-02-14,44257.42,42656.10,34732.82,0.019222,A,A,0.022671,A,A,0.019687,fuera,fuera,0.014962,fuera,fuera,0.010847,fuera,fuera,3,E,,,,,,,,,,,,,,
2019-02-15,44474.41,42712.25,34830.41,0.023185,A,A,0.027294,A,A,0.024701,A,fuera,0.020042,A,fuera,0.015776,fuera,fuera,3,E,,,,,,,,,,,,,,
2019-02-18,44424.22,42686.95,34790.14,0.021219,A,A,0.025726,A,A,0.023537,A,fuera,0.019023,A,fuera,0.014597,fuera,fuera,3,E,,,,,,,,,,,,,,
2019-02-19,44369.84,42675.20,34776.67,0.019312,A,A,0.024035,A,A,0.022380,A,fuera,0.017892,A,fuera,0.013304,fuera,fuera,3,E,,,,,,,,,,,,,,
2019-02-20,44332.63,42741.07,34822.60,0.017764,A,A,0.022688,A,A,0.021631,A,fuera,0.017161,A,fuera,0.012411,fuera,fuera,3,E,,,,,,,,,,,,,,
2019-02-21,44328.91,42743.90,34810.64,0.016831,A,A,0.021919,A,A,0.021527,A,A,0.017304,A,A,0.012297,fuera,fuera,1,A,,,,,,,,,,,,,,
2019-02-22,44291.32,42740.35,34795.75,0.015170,A,A,0.020392,A,A,0.020472,A,A,0.016647,A,A,0.011442,fuera,fuera,1,A,,,,,,,,,,,,,,
2019-02-25,44417.04,42764.49,34828.78,0.017148,A,A,0.022570,A,A,0.023151,A,A,0.019675,A,A,0.014337,fuera,fuera,1,A,,,,,,,,,,,,,,
2019-02-26,44517.15,42777.33,34860.58,0.018329,A,A,0.024170,A,A,0.025210,A,A,0.022048,A,A,0.016618,fuera,fuera,1,A,,,,,,,,,,,,,,
2019-02-27,44460.85,42765.05,34852.92,0.015894,A,A,0.022293,A,A,0.023690,A,A,0.020879,A,A,0.015318,fuera,fuera,1,A,,,,,,,,,,,,,,
2019-02-28,44306.21,42701.94,34784.72,0.011223,A,A,0.018226,A,A,0.019887,A,A,0.017428,A,A,0.011815,fuera,fuera,1,A,,,,,,,,,,,,,,
2019-03-01,44166.92,42691.49,34752.16,0.007119,A,A,0.014622,A,A,0.016490,A,A,0.014339,A,A,0.008684,fuera,fuera,1,A,,,,,,,,,,,,,,
2019-03-04,44474.21,42674.64,34776.45,0.013146,A,A,0.021179,A,A,0.023358,A,A,0.021403,A,A,0.015706,fuera,fuera,1,A,,,,,,,,,,,,,,
2019-03-05,44550.04,42611.38,34745.37,0.013986,A,A,0.022407,A,A,0.024815,A,A,0.023088,A,A,0.017461,fuera,fuera,1,A,,,,,,,,,,,,,,
2019-03-06,44441.55,42643.03,34749.08,0.010728,A,A,0.019552,A,A,0.021993,A,A,0.020578,A,A,0.015112,fuera,fuera,1,A,,,,,,,,,,,,,,
2019-03-07,44402.50,42668.74,34757.70,0.009116,A,A,0.018213,A,A,0.020777,A,A,0.019693,A,A,0.014367,fuera,fuera,1,A,,,,,,,,,,,,,,
2019-03-08,44274.02,42728.52,34778.04,0.005468,A,A,0.014855,A,A,0.017512,A,A,0.016799,A,A,0.011635,fuera,fuera,1,A,,,,,,,,,,,,,,
2019-03-11,44432.07,42806.02,34867.67,0.008344,A,A,0.017917,A,A,0.020735,A,A,0.020421,A,A,0.015429,fuera,fuera,1,A,,,,,,,,,,,,,,
2019-03-12,44839.80,42871.41,34976.15,0.016664,A,A,0.026451,A,A,0.029624,A,A,0.029761,A,A,0.024870,A,fuera,1,A,,,,,,,,,,,,,,
2019-03-13,44924.59,42857.25,34987.45,0.017702,A,A,0.027416,A,A,0.031437,A,A,0.031668,A,A,0.026838,A,fuera,1,A,,,,,,,,,,,,,,
2019-03-14,44940.63,42904.56,35022.55,0.017375,A,A,0.026887,A,A,0.031531,A,A,0.031883,A,A,0.027168,A,fuera,1,A,,,,,,,,,,,,,,
2019-03-15,45121.87,42934.70,35076.06,0.020728,A,A,0.030200,A,A,0.035339,A,A,0.035693,A,A,0.031261,A,fuera,1,A,,,,,,,,,,,,,,
2019-03-18,45291.12,42986.42,35147.71,0.023716,A,A,0.033260,A,A,0.038855,A,A,0.039191,A,A,0.035063,A,A,0,A,,,,,,,,,,,,,,
2019-03-19,45416.87,43023.91,35202.92,0.025564,A,A,0.035236,A,A,0.041301,A,A,0.041657,A,A,0.037861,A,A,0,A,,,,,,,,,,,,,,
2019-03-20,45387.48,43085.70,35248.74,0.024010,A,A,0.033575,A,A,0.040146,A,A,0.040578,A,A,0.037097,A,A,0,A,,,,,,,,,,,,,,
2019-03-21,45301.71,43127.52,35281.20,0.021294,A,A,0.030685,A,A,0.037685,A,A,0.038175,A,A,0.035059,A,A,0,A,,,,,,,,,,,,,,
2019-03-22,45234.28,43239.87,35354.27,0.019055,A,A,0.028215,A,A,0.035687,A,A,0.036223,A,A,0.033541,A,A,0,A,,,,,,,,,,,,,,
2019-03-25,45298.06,43345.42,35457.79,0.019867,A,A,0.028596,A,A,0.036653,A,A,0.037321,A,A,0.034983,A,A,0,A,,,,,,,,,,,,,,
2019-03-26,45122.51,43391.51,35451.13,0.015440,A,A,0.023563,A,A,0.032162,A,A,0.032924,A,A,0.030960,A,A,0,A,,,,,,,,,,,,,,
2019-03-27,45334.51,43394.63,35499.46,0.019453,A,A,0.027191,A,A,0.036447,A,A,0.037292,A,A,0.035713,A,A,0,A,,,,,,,,,,,,,,
2019-03-28,45367.80,43476.56,35549.39,0.019449,A,A,0.026850,A,A,0.036586,A,A,0.037560,A,A,0.036407,A,A,0,A,,,,,,,,,,,,,,
2019-03-29,45299.83,43490.22,35542.24,0.017264,A,A,0.024321,A,A,0.034291,A,A,0.035504,A,A,0.034752,A,A,0,A,,,,,,,,,,,,,,
2019-04-01,45505.99,43493.54,35569.56,0.021186,A,A,0.028008,A,A,0.038205,A,A,0.039619,A,A,0.039302,A,A,0,A,,,,,,,,,,,,,,
2019-04-02,45654.50,43488.57,35598.42,0.023747,A,A,0.030360,A,A,0.040752,A,A,0.042414,A,A,0.042476,A,A,0,A,,,,,,,,,,,,,,
2019-04-03,45516.13,43491.31,35574.68,0.019922,A,A,0.026321,A,A,0.036833,A,A,0.039006,A,A,0.039087,A,A,0,A,,,,,,,,,,,,,,
2019-04-04,45596.80,43489.04,35578.37,0.020967,A,A,0.027142,A,A,0.037957,A,A,0.040463,A,A,0.040695,A,A,0,A,,,,,,,,,,,,,,
2019-04-05,45595.16,43473.29,35568.73,0.020146,A,A,0.026179,A,A,0.037214,A,A,0.040018,A,A,0.040443,A,A,0,A,,,,,,,,,,,,,,
2019-04-08,45652.70,43536.63,35628.31,0.020593,A,A,0.026523,A,A,0.037844,A,A,0.040935,A,A,0.041544,A,A,0,A,,,,,,,,,,,,,,
2019-04-09,45647.15,43629.14,35706.11,0.019643,A,A,0.025517,A,A,0.037051,A,A,0.040383,A,A,0.041181,A,A,0,A,,,,,,,,,,,,,,
2019-04-10,45647.08,43770.85,35816.32,0.018855,A,A,0.024776,A,A,0.036396,A,A,0.039913,A,A,0.041008,A,A,0,A,,,,,,,,,,,,,,
2019-04-11,45693.57,43847.73,35877.47,0.019046,A,A,0.025089,A,A,0.036863,A,A,0.040460,A,A,0.041890,A,A,0,A,,,,,,,,,,,,,,
2019-04-12,45601.29,43821.94,35834.41,0.016090,A,A,0.022322,A,A,0.034140,A,A,0.037889,A,A,0.039533,A,A,0,A,,,,,,,,,,,,,,
2019-04-15,45526.35,43790.95,35770.29,0.013486,A,A,0.019913,A,A,0.031820,A,A,0.035711,A,A,0.037458,A,A,0,A,,,,,,,,,,,,,,
2019-04-16,45624.00,43806.51,35810.38,0.014780,A,A,0.021397,A,A,0.033323,A,A,0.037415,A,A,0.039300,A,A,0,A,,,,,,,,,,,,,,
2019-04-17,45789.25,43781.29,35816.18,0.017613,A,A,0.024375,A,A,0.036246,A,A,0.040587,A,A,0.042647,A,A,0,A,,,,,,,,,,,,,,
2019-04-18,45626.51,43800.35,35799.70,0.013311,A,A,0.020093,A,A,0.031692,A,A,0.036301,A,A,0.038562,A,A,0,A,,,,,,,,,,,,,,
2019-04-22,45679.67,43877.56,35871.17,0.013889,A,A,0.020708,A,A,0.032069,A,A,0.036789,A,A,0.039340,A,A,0,A,,,,,,,,,,,,,,
2019-04-23,45702.33,43861.82,35868.34,0.013753,A,A,0.020676,A,A,0.031847,A,A,0.036585,A,A,0.039430,A,A,0,A,,,,,,,,,,,,,,
2019-04-24,45902.75,43885.21,35921.90,0.017430,A,A,0.024417,A,A,0.035646,A,A,0.040359,A,A,0.043572,A,A,0,A,,,,,,,,,,,,,,
2019-04-25,45966.39,43877.21,35911.47,0.018021,A,A,0.025095,A,A,0.036311,A,A,0.041046,A,A,0.044545,A,A,0,A,,,,,,,,,,,,,,
2019-04-26,46023.58,43836.63,35890.27,0.018438,A,A,0.025649,A,A,0.036736,A,A,0.041634,A,A,0.045310,A,A,0,A,,,,,,,,,,,,,,
2019-04-29,46038.00,43846.51,35904.40,0.017883,A,A,0.025285,A,A,0.036207,A,A,0.041258,A,A,0.045100,A,A,0,A,,,,,,,,,,,,,,
2019-04-30,46285.02,43815.80,35922.95,0.022406,A,A,0.030019,A,A,0.040827,A,A,0.046118,A,A,0.050101,A,A,0,A,,,,,,,,,,,,,,
2019-05-02,46323.29,43829.86,35944.33,0.022345,A,A,0.030072,A,A,0.040661,A,A,0.046259,A,A,0.050314,A,A,0,A,,,,,,,,,,,,,,
2019-05-03,46452.79,43817.80,35943.78,0.024202,A,A,0.032107,A,A,0.042474,A,A,0.048438,A,A,0.052600,A,A,0,A,,,,,,,,,,,,,,
2019-05-06,46418.23,43851.11,35944.46,0.022382,A,A,0.030491,A,A,0.040575,A,A,0.046989,A,A,0.051439,A,A,0,A,,,,,,,,,,,,,,
2019-05-07,46174.56,43858.11,35924.41,0.016017,A,A,0.024309,A,A,0.034129,A,A,0.040825,A,A,0.045491,A,A,0,A,,,,,,,,,,,,,,
2019-05-08,45866.61,43830.76,35868.03,0.008554,A,A,0.016825,A,A,0.026389,A,A,0.033279,A,A,0.038131,A,A,0,A,,,,,,,,,,,,,,
2019-05-09,45781.81,43844.38,35867.47,0.006084,A,A,0.014351,A,A,0.023738,A,A,0.030730,A,A,0.035862,A,A,0,A,,,,,,,,,,,,,,
2019-05-10,45691.78,43848.67,35867.55,0.003493,A,A,0.011771,A,A,0.021016,A,A,0.028031,A,A,0.033468,A,A,0,A,,,,,,,,,,,,,,
2019-05-13,45579.90,43871.63,35860.47,0.000461,A,A,0.008678,A,A,0.017860,A,A,0.024787,A,A,0.030566,A,A,0,A,,,,,,,,,,,,,,
2019-05-14,45305.22,43915.59,35854.72,-0.006068,A,A,0.002031,A,A,0.011107,A,A,0.018000,A,A,0.024010,A,A,0,A,,,,,,,,,,,,,,
2019-05-15,45400.55,43914.14,35859.12,-0.004447,A,A,0.003609,A,A,0.012640,A,A,0.019589,A,A,0.025818,A,A,0,A,,,,,,,,,,,,,,
2019-05-16,45509.77,43932.82,35891.39,-0.002377,A,A,0.005539,A,A,0.014450,A,A,0.021518,A,A,0.027900,A,A,0,A,,,,,,,,,,,,,,
2019-05-17,45546.72,43939.88,35887.48,-0.001870,A,A,0.005908,A,A,0.014684,A,A,0.021791,A,A,0.028325,A,A,0,A,,,,,,,,,,,,,,
2019-05-20,45460.24,43953.48,35888.60,-0.004017,A,A,0.003656,A,A,0.012289,A,A,0.019248,A,A,0.025955,A,A,0,A,,,,,,,,,,,,,,
2019-05-22,45579.53,43978.27,35942.47,-0.001626,A,A,0.005889,A,A,0.014464,A,A,0.021305,A,A,0.028173,A,A,0,A,,,,,,,,,,,,,,
2019-05-23,45560.53,44005.91,35966.98,-0.002173,A,A,0.005057,A,A,0.013564,A,A,0.020251,A,A,0.027177,A,A,0,A,,,,,,,,,,,,,,
2019-05-24,45280.54,44088.77,35999.70,-0.008239,A,A,-0.001446,A,A,0.006889,A,A,0.013352,A,A,0.020356,A,A,0,A,,,,,,,,,,,,,,
2019-05-27,45257.77,44119.48,36013.85,-0.008675,A,A,-0.002267,A,A,0.005984,A,A,0.012192,A,A,0.019334,A,A,0,A,,,,,,,,,,,,,,
2019-05-28,45340.90,44216.74,36119.74,-0.006874,A,A,-0.000796,A,A,0.007443,A,A,0.013349,A,A,0.020707,A,A,0,A,,,,,,,,,,,,,,
2019-05-29,45635.01,44342.94,36296.26,-0.000626,A,A,0.005264,A,A,0.013525,A,A,0.019211,A,A,0.026822,A,A,0,A,,,,,,,,,,,,,,
2019-05-30,45743.12,44547.91,36490.33,0.001524,A,A,0.007221,A,A,0.015508,A,A,0.020935,A,A,0.028734,A,A,0,A,,,,,,,,,,,,,,
2019-05-31,45844.44,44522.80,36481.32,0.003390,A,A,0.008971,A,A,0.017342,A,A,0.022540,A,A,0.030501,A,A,0,A,,,,,,,,,,,,,,
2019-06-03,45898.32,44642.53,36596.06,0.004294,A,A,0.009604,A,A,0.018022,A,A,0.023090,A,A,0.031198,A,A,0,A,,,,,,,,,,,,,,
2019-06-04,45827.05,44694.71,36610.51,0.002511,A,A,0.007462,A,A,0.015957,A,A,0.020885,A,A,0.029105,A,A,0,A,,,,,,,,,,,,,,
2019-06-05,45721.05,44728.35,36604.46,-0.000013,A,A,0.004701,A,A,0.013179,A,A,0.017901,A,A,0.026308,A,A,0,A,,,,,,,,,,,,,,
2019-06-06,45562.72,44857.25,36678.23,-0.003503,A,A,0.000874,A,A,0.009311,A,A,0.013832,A,A,0.022322,A,A,0,A,,,,,,,,,,,,,,
2019-06-07,45530.82,44916.27,36725.86,-0.004141,A,A,-0.000201,A,A,0.008260,A,A,0.012583,A,A,0.021172,A,A,0,A,,,,,,,,,,,,,,
2019-06-10,45726.23,45074.03,36878.00,0.000031,A,A,0.003635,A,A,0.012181,A,A,0.016385,A,A,0.025038,A,A,0,A,,,,,,,,,,,,,,
2019-06-11,46291.62,45592.55,37373.16,0.012054,A,A,0.015342,A,A,0.024143,A,A,0.028365,A,A,0.037039,A,A,0,A,,,,,,,,,,,,,,
2019-06-12,46459.05,45695.47,37492.81,0.015288,A,A,0.018307,A,A,0.027239,A,A,0.031474,A,A,0.040015,A,A,0,A,,,,,,,,,,,,,,
2019-06-13,46347.04,45729.14,37505.56,0.012499,A,A,0.015327,A,A,0.024171,A,A,0.028402,A,A,0.036799,A,A,0,A,,,,,,,,,,,,,,
2019-06-14,46436.69,45734.88,37522.60,0.014069,A,A,0.016765,A,A,0.025543,A,A,0.029749,A,A,0.038147,A,A,0,A,,,,,,,,,,,,,,
2019-06-17,46328.69,45652.55,37447.38,0.011376,A,A,0.013919,A,A,0.022596,A,A,0.026775,A,A,0.035141,A,A,0,A,,,,,,,,,,,,,,
2019-06-18,46314.44,45650.35,37440.33,0.010760,A,A,0.013194,A,A,0.021707,A,A,0.025909,A,A,0.034214,A,A,0,A,,,,,,,,,,,,,,
2019-06-19,46598.74,45714.01,37537.21,0.016473,A,A,0.018958,A,A,0.027278,A,A,0.031604,A,A,0.039843,A,A,0,A,,,,,,,,,,,,,,
2019-06-20,46736.63,45718.88,37575.39,0.018883,A,A,0.021512,A,A,0.029543,A,A,0.034075,A,A,0.042184,A,A,0,A,,,,,,,,,,,,,,
2019-06-21,46712.92,45848.80,37679.80,0.017830,A,A,0.020532,A,A,0.028306,A,A,0.033002,A,A,0.040911,A,A,0,A,,,,,,,,,,,,,,
2019-06-24,46649.74,45868.33,37685.76,0.016030,A,A,0.018683,A,A,0.026279,A,A,0.030996,A,A,0.038718,A,A,0,A,,,,,,,,,,,,,,
2019-06-25,46615.93,45843.63,37657.54,0.014807,A,A,0.017465,A,A,0.024944,A,A,0.029658,A,A,0.037163,A,A,0,A,,,,,,,,,,,,,,
2019-06-26,46249.54,45791.06,37549.32,0.006554,A,A,0.009141,A,A,0.016447,A,A,0.021083,A,A,0.028256,A,A,0,A,,,,,,,,,,,,,,
2019-06-27,46350.53,45603.22,37430.73,0.008435,A,A,0.010921,A,A,0.018188,A,A,0.022832,A,A,0.029775,A,A,0,A,,,,,,,,,,,,,,
2019-06-28,46454.15,45608.88,37451.17,0.010420,A,A,0.012795,A,A,0.019945,A,A,0.024622,A,A,0.031370,A,A,0,A,,,,,,,,,,,,,,
2019-07-01,46564.08,45713.76,37548.73,0.012519,A,A,0.014778,A,A,0.021803,A,A,0.026514,A,A,0.033129,A,A,0,A,,,,,,,,,,,,,,
2019-07-02,46788.01,45684.32,37569.08,0.017013,A,A,0.019141,A,A,0.026101,A,A,0.030868,A,A,0.037387,A,A,0,A,,,,,,,,,,,,,,
2019-07-03,46925.68,45763.66,37657.06,0.019568,A,A,0.021647,A,A,0.028460,A,A,0.033277,A,A,0.039718,A,A,0,A,,,,,,,,,,,,,,
2019-07-04,46980.99,45829.02,37721.31,0.020427,A,A,0.022389,A,A,0.029030,A,A,0.033849,A,A,0.040186,A,A,0,A,,,,,,,,,,,,,,
2019-07-05,46955.54,45860.55,37740.80,0.019563,A,A,0.021336,A,A,0.027863,A,A,0.032652,A,A,0.038906,A,A,0,A,,,,,,,,,,,,,,
2019-07-08,47136.25,45772.88,37711.41,0.023149,A,A,0.024730,A,A,0.031147,A,A,0.035966,A,A,0.042151,A,A,0,A,,,,,,,,,,,,,,
2019-07-09,47084.22,45772.14,37715.18,0.021692,A,A,0.023082,A,A,0.029314,A,A,0.034159,A,A,0.040292,A,A,0,A,,,,,,,,,,,,,,
2019-07-10,47114.96,45793.87,37750.10,0.021895,A,A,0.023241,A,A,0.029249,A,A,0.034121,A,A,0.040329,A,A,0,A,,,,,,,,,,,,,,
2019-07-11,47137.74,45904.78,37831.03,0.021763,A,A,0.023219,A,A,0.029081,A,A,0.033870,A,A,0.040198,A,A,0,A,,,,,,,,,,,,,,
2019-07-12,47128.63,45927.15,37849.11,0.020904,A,A,0.022507,A,A,0.028239,A,A,0.032968,A,A,0.039365,A,A,0,A,,,,,,,,,,,,,,
2019-07-15,47006.91,45928.88,37817.55,0.017623,A,A,0.019412,A,A,0.024946,A,A,0.029678,A,A,0.036042,A,A,0,A,,,,,,,,,,,,,,
2019-07-17,46963.92,45959.00,37830.80,0.016015,A,A,0.018010,A,A,0.023374,A,A,0.028156,A,A,0.034496,A,A,0,A,,,,,,,,,,,,,,
2019-07-18,46944.79,46047.64,37919.30,0.014802,A,A,0.017107,A,A,0.022296,A,A,0.027208,A,A,0.033502,A,A,0,A,,,,,,,,,,,,,,
2019-07-19,46991.22,46153.16,38012.91,0.015030,A,A,0.017642,A,A,0.022674,A,A,0.027674,A,A,0.033953,A,A,0,A,,,,,,,,,,,,,,
2019-07-22,47124.71,46392.10,38221.70,0.017125,A,A,0.020072,A,A,0.025013,A,A,0.030003,A,A,0.036338,A,A,0,A,,,,,,,,,,,,,,
2019-07-23,47191.20,46519.02,38342.35,0.017757,A,A,0.020971,A,A,0.025897,A,A,0.030842,A,A,0.037256,A,A,0,A,,,,,,,,,,,,,,
2019-07-24,47370.42,46679.40,38503.33,0.020688,A,A,0.024262,A,A,0.029189,A,A,0.034103,A,A,0.040556,A,A,0,A,,,,,,,,,,,,,,
2019-07-25,47459.19,46837.64,38652.50,0.021681,A,A,0.025573,A,A,0.030536,A,A,0.035359,A,A,0.041858,A,A,0,A,,,,,,,,,,,,,,
2019-07-26,47509.49,46866.14,38686.00,0.021811,A,A,0.026103,A,A,0.031077,A,A,0.035791,A,A,0.042326,A,A,0,A,,,,,,,,,,,,,,
2019-07-29,47658.68,46930.07,38746.13,0.023856,A,A,0.028738,A,A,0.033755,A,A,0.038366,A,A,0.044954,A,A,0,A,,,,,,,,,,,,,,
2019-07-30,47633.68,46982.98,38790.99,0.022160,A,A,0.027640,A,A,0.032654,A,A,0.037138,A,A,0.043772,A,A,0,A,,,,,,,,,,,,,,
2019-07-31,47625.06,47011.91,38802.97,0.020863,A,A,0.026905,A,A,0.031890,A,A,0.036238,A,A,0.042943,A,A,0,A,,,,,,,,,,,,,,
2019-08-01,47474.11,47122.63,38882.49,0.016736,A,A,0.023240,A,A,0.028065,A,A,0.032246,A,A,0.039028,A,A,0,A,,,,,,,,,,,,,,
2019-08-02,47340.10,47166.15,38888.19,0.013096,A,A,0.020003,A,A,0.024659,A,A,0.028721,A,A,0.035503,A,A,0,A,,,,,,,,,,,,,,
2019-08-05,47043.70,47320.16,38962.54,0.006179,A,A,0.013415,A,A,0.017774,A,A,0.021753,A,A,0.028476,A,A,0,A,,,,,,,,,,,,,,
2019-08-06,46540.36,47559.70,39088.31,-0.004890,A,A,0.002531,A,A,0.006592,A,A,0.010382,A,A,0.017026,A,A,0,A,,,,,,,,,,,,,,
2019-08-07,46448.46,47612.72,39102.17,-0.007148,A,A,0.000459,A,A,0.004344,A,A,0.007961,A,A,0.014603,A,A,0,A,,,,,,,,,,,,,,
2019-08-08,46569.76,47842.34,39308.08,-0.004956,A,A,0.002834,A,A,0.006659,A,A,0.010114,A,A,0.016803,A,A,0,A,,,,,,,,,,,,,,
2019-08-09,46764.55,47789.31,39277.78,-0.001364,A,A,0.006696,A,A,0.010565,A,A,0.013851,A,A,0.020535,A,A,0,A,,,,,,,,,,,,,,
2019-08-12,46742.34,47828.12,39302.40,-0.002412,A,A,0.005862,A,A,0.009821,A,A,0.012971,A,A,0.019507,A,A,0,A,,,,,,,,,,,,,,
2019-08-13,46446.71,47848.19,39250.15,-0.009060,A,A,-0.000791,A,A,0.003210,A,A,0.006248,A,A,0.012607,A,A,0,A,,,,,,,,,,,,,,
2019-08-14,46126.93,47811.66,39141.89,-0.015806,A,A,-0.007944,A,A,-0.003824,A,A,-0.000924,A,A,0.005286,A,A,0,A,,,,,,,,,,,,,,
2019-08-16,45665.60,47884.31,39127.42,-0.025282,fuera,A,-0.017953,A,A,-0.013803,A,A,-0.011027,A,A,-0.005011,A,A,0,A,,,,,,,,,,,,,,
2019-08-19,45951.65,47966.04,39225.82,-0.018992,fuera,A,-0.011949,A,A,-0.007697,A,A,-0.004968,A,A,0.000966,A,A,0,A,,,,,,,,,,,,,,
2019-08-20,46266.07,48031.83,39298.06,-0.012200,fuera,A,-0.005428,A,A,-0.001056,A,A,0.001665,A,A,0.007494,A,A,0,A,,,,,,,,,,,,,,
2019-08-21,46171.07,48014.14,39290.08,-0.014155,fuera,A,-0.007707,A,A,-0.003232,A,A,-0.000553,A,A,0.005113,A,A,0,A,,,,,,,,,,,,,,
2019-08-22,46303.33,48103.54,39397.23,-0.011325,fuera,fuera,-0.005107,A,A,-0.000523,A,A,0.002103,A,A,0.007649,A,A,1,A,,,,,,,,,,,,,,
2019-08-23,46289.47,48089.09,39383.39,-0.011476,fuera,fuera,-0.005648,A,A,-0.000987,A,A,0.001585,A,A,0.007006,A,A,1,A,,,,,,,,,,,,,,
2019-08-26,45989.31,48130.54,39394.79,-0.017538,fuera,fuera,-0.012331,A,A,-0.007575,A,A,-0.005051,A,A,0.000183,A,A,1,A,,,,,,,,,,,,,,
2019-08-27,45951.24,48116.92,39361.15,-0.017996,fuera,fuera,-0.013378,A,A,-0.008475,A,A,-0.006045,A,A,-0.000909,A,A,1,A,,,,,,,,,,,,,,
2019-08-28,46057.78,48178.86,39423.10,-0.015442,fuera,fuera,-0.011328,A,A,-0.006240,A,A,-0.003888,A,A,0.001141,A,A,1,A,,,,,,,,,,,,,,
2019-08-29,46180.37,48225.47,39473.22,-0.012618,fuera,fuera,-0.008878,A,A,-0.003727,A,A,-0.001404,A,A,0.003508,A,A,1,A,,,,,,,,,,,,,,
2019-08-30,46372.38,48233.86,39490.73,-0.008570,fuera,fuera,-0.004967,A,A,0.000249,A,A,0.002526,A,A,0.007321,A,A,1,A,,,,,,,,,,,,,,
2019-09-02,46663.31,48174.37,39490.36,-0.002498,fuera,fuera,0.001001,A,A,0.006293,A,A,0.008576,A,A,0.013205,A,A,1,A,,,,,,,,,,,,,,
2019-09-03,46796.44,48159.70,39504.31,0.000185,fuera,fuera,0.003555,A,A,0.008948,A,A,0.011215,A,A,0.015689,A,A,1,A,,,,,,,,,,,,,,
2019-09-04,46634.61,48275.35,39573.09,-0.003307,fuera,fuera,-0.000186,A,A,0.005298,A,A,0.007486,A,A,0.011814,A,A,1,A,,,,,,,,,,,,,,
2019-09-05,46973.05,48595.92,39877.31,0.003838,fuera,fuera,0.006647,A,A,0.012363,A,A,0.014511,A,A,0.018712,A,A,1,A,,,,,,,,,,,,,,
2019-09-06,47127.20,48533.89,39845.08,0.007036,fuera,fuera,0.009422,A,A,0.015421,A,A,0.017519,A,A,0.021576,A,A,1,A,,,,,,,,,,,,,,
2019-09-09,47018.70,48528.80,39832.13,0.004699,fuera,fuera,0.006597,A,A,0.012905,A,A,0.014892,A,A,0.018743,A,A,1,A,,,,,,,,,,,,,,
2019-09-10,47205.70,48454.69,39791.34,0.008575,fuera,fuera,0.010100,A,A,0.016719,A,A,0.018602,A,A,0.022308,A,A,1,A,,,,,,,,,,,,,,
2019-09-11,47229.11,48397.79,39745.76,0.009031,fuera,fuera,0.010285,A,A,0.017034,A,A,0.018776,A,A,0.022395,A,A,1,A,,,,,,,,,,,,,,
2019-09-12,47498.63,48216.99,39629.23,0.014589,fuera,fuera,0.015697,A,A,0.022573,A,A,0.024210,A,A,0.027775,A,A,1,A,,,,,,,,,,,,,,
2019-09-13,47612.96,48256.39,39682.95,0.016791,fuera,fuera,0.017711,A,A,0.024682,A,A,0.026251,A,A,0.029776,A,A,1,A,,,,,,,,,,,,,,
2019-09-16,47524.69,48068.82,39504.83,0.014720,fuera,fuera,0.015456,A,A,0.022377,A,A,0.023928,A,A,0.027443,A,A,1,A,,,,,,,,,,,,,,
2019-09-17,47543.31,48000.35,39452.73,0.014918,fuera,fuera,0.015442,A,A,0.022347,A,A,0.023926,A,A,0.027448,A,A,1,A,,,,,,,,,,,,,,
2019-09-23,47879.17,48028.39,39536.28,0.021665,A,fuera,0.022081,A,A,0.029032,A,A,0.030718,A,A,0.034270,A,A,1,A,,,,,,,,,,,,,,
2019-09-24,48112.06,48091.23,39610.10,0.026076,A,fuera,0.026535,A,A,0.033412,A,A,0.035204,A,A,0.038815,A,A,1,A,,,,,,,,,,,,,,
2019-09-25,47977.10,48174.01,39659.55,0.022697,A,fuera,0.023232,A,A,0.029857,A,A,0.031814,A,A,0.035427,A,A,1,A,,,,,,,,,,,,,,
2019-09-26,47974.14,48192.79,39671.58,0.022158,A,fuera,0.022739,A,A,0.029161,A,A,0.031271,A,A,0.034877,A,A,1,A,,,,,,,,,,,,,,
2019-09-27,48095.44,48115.09,39624.63,0.024272,A,A,0.024831,A,A,0.031128,A,A,0.033414,A,A,0.036997,A,A,0,A,,,,,,,,,,,,,,
2019-09-30,48276.26,48158.45,39665.73,0.027595,A,A,0.028116,A,A,0.034332,A,A,0.036809,A,A,0.040334,A,A,0,A,,,,,,,,,,,,,,
2019-10-01,48258.46,48160.79,39658.88,0.026785,A,A,0.027050,A,A,0.033262,A,A,0.035954,A,A,0.039431,A,A,0,A,,,,,,,,,,,,,,
2019-10-02,48116.34,48102.45,39604.29,0.023443,A,A,0.023425,A,A,0.029598,A,A,0.032464,A,A,0.035883,A,A,0,A,,,,,,,,,,,,,,
2019-10-03,47673.16,48146.72,39575.13,0.013938,A,A,0.013588,A,A,0.019603,A,A,0.022664,A,A,0.025926,A,A,0,A,,,,,,,,,,,,,,
2019-10-04,47371.29,48356.95,39688.18,0.007654,A,A,0.006900,A,A,0.012643,A,A,0.015971,A,A,0.019105,A,A,0,A,,,,,,,,,,,,,,
2019-10-07,47432.32,48449.46,39776.96,0.009049,A,A,0.007981,A,A,0.013425,A,A,0.017077,A,A,0.020109,A,A,0,A,,,,,,,,,,,,,,
2019-10-08,47468.98,48525.63,39846.44,0.009903,A,A,0.008578,A,A,0.013696,A,A,0.017644,A,A,0.020557,A,A,0,A,,,,,,,,,,,,,,
2019-10-09,47530.87,48550.03,39886.43,0.011193,A,A,0.009709,A,A,0.014561,A,A,0.018689,A,A,0.021550,A,A,0,A,,,,,,,,,,,,,,
2019-10-10,47749.61,48663.96,40005.74,0.015650,A,A,0.014088,A,A,0.018745,A,A,0.022984,A,A,0.025875,A,A,0,A,,,,,,,,,,,,,,
2019-10-11,47715.63,48547.45,39901.45,0.014604,A,A,0.013172,A,A,0.017569,A,A,0.021853,A,A,0.024784,A,A,0,A,,,,,,,,,,,,,,
2019-10-14,47906.54,48403.80,39806.32,0.018007,A,A,0.016948,A,A,0.021154,A,A,0.025478,A,A,0.028488,A,A,0,A,,,,,,,,,,,,,,
2019-10-15,47905.20,48343.70,39762.60,0.017278,A,A,0.016653,A,A,0.020623,A,A,0.024963,A,A,0.028064,A,A,0,A,,,,,,,,,,,,,,
2019-10-16,48259.35,48334.76,39802.27,0.023983,A,A,0.023788,A,A,0.027551,A,A,0.031920,A,A,0.035212,A,A,0,A,,,,,,,,,,,,,,
2019-10-17,48507.31,48260.70,39786.10,0.028399,A,A,0.028579,A,A,0.032112,A,A,0.036566,A,A,0.040016,A,A,0,A,,,,,,,,,,,,,,
2019-10-18,48424.44,47838.89,39402.03,0.025829,A,A,0.026339,A,A,0.029644,A,A,0.034181,A,A,0.037728,A,A,0,A,,,,,,,,,,,,,,
2019-10-21,48236.07,47647.31,39210.91,0.020978,A,A,0.021916,A,A,0.025031,A,A,0.029595,A,A,0.033232,A,A,0,A,,,,,,,,,,,,,,
2019-10-22,48593.52,47363.79,39093.04,0.027352,A,A,0.028928,A,A,0.032066,A,A,0.036565,A,A,0.040392,A,A,0,A,,,,,,,,,,,,,,
2019-10-23,48748.46,46885.15,38779.30,0.029137,A,A,0.031609,A,A,0.034798,A,A,0.039201,A,A,0.043156,A,A,0,A,,,,,,,,,,,,,,
2019-10-24,48662.48,46837.79,38755.83,0.026017,A,A,0.029266,A,A,0.032409,A,A,0.036715,A,A,0.040789,A,A,0,A,,,,,,,,,,,,,,
2019-10-25,48630.57,47045.28,38892.79,0.024210,A,A,0.028102,A,A,0.031198,A,A,0.035332,A,A,0.039590,A,A,0,A,,,,,,,,,,,,,,
2019-10-28,48826.67,47041.92,38923.97,0.027064,A,A,0.031751,A,A,0.034748,A,A,0.038755,A,A,0.043265,A,A,0,A,,,,,,,,,,,,,,
2019-10-29,48982.26,46821.24,38777.34,0.029048,A,A,0.034519,A,A,0.037393,A,A,0.041297,A,A,0.046054,A,A,0,A,,,,,,,,,,,,,,
2019-10-30,48943.62,46599.72,38610.33,0.026963,A,A,0.033214,A,A,0.036003,A,A,0.039779,A,A,0.044712,A,A,0,A,,,,,,,,,,,,,,
2019-11-04,49301.75,46448.82,38568.15,0.032883,A,A,0.040210,A,A,0.042955,A,A,0.046633,A,A,0.051775,A,A,0,A,,,,,,,,,,,,,,
2019-11-05,49792.93,46275.39,38505.55,0.041311,A,A,0.049826,A,A,0.052583,A,A,0.056217,A,A,0.061623,A,A,0,A,,,,,,,,,,,,,,
2019-11-06,50120.62,46180.72,38493.97,0.046188,A,A,0.055867,A,A,0.058647,A,A,0.062262,A,A,0.067923,A,A,0,A,,,,,,,,,,,,,,
2019-11-07,49758.67,46224.35,38455.42,0.036912,A,A,0.047454,A,A,0.050228,A,A,0.053755,A,A,0.059619,A,A,0,A,,,,,,,,,,,,,,
2019-11-08,49774.87,46346.62,38542.58,0.035618,A,A,0.046957,A,A,0.049702,A,A,0.053237,A,A,0.059363,A,A,0,A,,,,,,,,,,,,,,
2019-11-11,49939.19,46614.30,38724.01,0.037465,A,A,0.049415,A,A,0.052282,A,A,0.055783,A,A,0.062184,A,A,0,A,,,,,,,,,,,,,,
2019-11-12,50110.21,46585.39,38754.43,0.039428,A,A,0.051776,A,A,0.054983,A,A,0.058422,A,A,0.065059,A,A,0,A,,,,,,,,,,,,,,
2019-11-13,51143.16,46062.42,38542.94,0.058654,A,A,0.071806,A,A,0.075578,A,A,0.079064,A,A,0.086031,A,A,0,A,,,,,,,,,,,,,,
2019-11-14,51257.79,45252.48,37925.08,0.058940,A,A,0.072562,A,A,0.076864,A,A,0.080405,A,A,0.087446,A,A,0,A,,,,,,,,,,,,,,
2019-11-15,51529.09,43249.47,36598.42,0.062398,A,A,0.076562,A,A,0.081401,A,A,0.085019,A,A,0.092107,A,A,0,A,,,,,,,,,,,,,,
2019-11-18,51474.92,45140.40,37917.11,0.059118,A,A,0.073771,A,A,0.079134,A,A,0.082765,A,A,0.089828,A,A,0,A,,,,,,,,,,,,,,
2019-11-19,51152.38,45523.81,38089.01,0.050586,A,A,0.065409,A,A,0.071325,A,A,0.074965,A,A,0.081954,A,A,0,A,,,,,,,,,,,,,,
2019-11-20,51585.09,45592.12,38209.14,0.057371,A,A,0.072516,A,A,0.079270,A,A,0.082919,A,A,0.089995,A,A,0,A,,,,,,,,,,,,,,
2019-11-21,52090.36,45412.96,38142.77,0.065500,A,A,0.080766,A,A,0.088574,A,A,0.092265,A,A,0.099464,A,A,0,A,,,,,,,,,,,,,,
2019-11-22,51868.11,45374.69,38099.25,0.058905,A,A,0.074094,A,A,0.082735,A,A,0.086461,A,A,0.093600,A,A,0,A,,,,,,,,,,,,,,
2019-11-25,51953.37,45468.71,38166.18,0.058519,A,A,0.073884,A,A,0.083305,A,A,0.087116,A,A,0.094230,A,A,0,A,,,,,,,,,,,,,,
2019-11-26,51904.74,45573.31,38237.15,0.055444,A,A,0.070896,A,A,0.081094,A,A,0.084975,A,A,0.092048,A,A,0,A,,,,,,,,,,,,,,
2019-11-27,51784.13,45672.42,38291.94,0.051137,A,A,0.066523,A,A,0.077391,A,A,0.081349,A,A,0.088328,A,A,0,A,,,,,,,,,,,,,,
2019-11-28,52517.20,45662.09,38390.61,0.063903,A,A,0.079457,A,A,0.091242,A,A,0.095371,A,A,0.102400,A,A,0,A,,,,,,,,,,,,,,
2019-11-29,53446.63,45571.04,38455.93,0.080072,A,A,0.095936,A,A,0.108890,A,A,0.113165,A,A,0.120397,A,A,0,A,,,,,,,,,,,,,,
2019-12-02,52494.66,45493.94,38223.42,0.058685,A,A,0.074164,A,A,0.087759,A,A,0.092007,A,A,0.099186,A,A,0,A,,,,,,,,,,,,,,
2019-12-03,52044.32,45290.82,38005.77,0.047749,A,A,0.062915,A,A,0.077207,A,A,0.081442,A,A,0.088617,A,A,0,A,,,,,,,,,,,,,,
2019-12-04,51763.73,45190.03,37890.99,0.040476,A,A,0.055304,A,A,0.070274,A,A,0.074505,A,A,0.081685,A,A,0,A,,,,,,,,,,,,,,
2019-12-05,51790.25,45139.76,37851.41,0.039370,A,A,0.054025,A,A,0.069736,A,A,0.073994,A,A,0.081182,A,A,0,A,,,,,,,,,,,,,,
2019-12-06,51561.90,45027.78,37685.98,0.033200,A,A,0.047746,A,A,0.064017,A,A,0.068280,A,A,0.075394,A,A,0,A,,,,,,,,,,,,,,
2019-12-09,51615.63,45131.90,37769.73,0.032464,A,A,0.047235,A,A,0.064124,A,A,0.068416,A,A,0.075465,A,A,0,A,,,,,,,,,,,,,,
2019-12-10,51228.73,45155.90,37740.29,0.022970,A,A,0.037874,A,A,0.055285,A,A,0.059515,A,A,0.066404,A,A,0,A,,,,,,,,,,,,,,
2019-12-11,51546.20,45246.88,37858.43,0.027434,A,A,0.042796,A,A,0.060875,A,A,0.065156,A,A,0.071948,A,A,0,A,,,,,,,,,,,,,,
2019-12-12,51557.66,45469.53,38036.26,0.025805,A,A,0.041569,A,A,0.060157,A,A,0.064456,A,A,0.071155,A,A,0,A,,,,,,,,,,,,,,
2019-12-13,51718.35,45699.41,38225.39,0.027100,A,A,0.043268,A,A,0.062431,A,A,0.066808,A,A,0.073533,A,A,0,A,,,,,,,,,,,,,,
2019-12-16,52041.01,46019.78,38545.82,0.031555,A,A,0.048179,A,A,0.067913,A,A,0.072430,A,A,0.079238,A,A,0,A,,,,,,,,,,,,,,
2019-12-17,52016.51,46456.49,38913.81,0.029119,A,A,0.046110,A,A,0.066202,A,A,0.070898,A,A,0.077724,A,A,0,A,,,,,,,,,,,,,,
2019-12-18,51813.20,46955.09,39280.70,0.023339,A,A,0.040610,A,A,0.060761,A,A,0.065708,A,A,0.072564,A,A,0,A,,,,,,,,,,,,,,
2019-12-19,51547.64,46982.69,39279.66,0.016469,A,A,0.034000,A,A,0.054101,A,A,0.059295,A,A,0.066152,A,A,0,A,,,,,,,,,,,,,,
2019-12-20,51560.32,46968.30,39279.41,0.015251,A,A,0.032948,A,A,0.053166,A,A,0.058599,A,A,0.065497,A,A,0,A,,,,,,,,,,,,,,
2019-12-23,51484.25,46909.33,39218.11,0.012434,A,A,0.030153,A,A,0.050487,A,A,0.056109,A,A,0.063073,A,A,0,A,,,,,,,,,,,,,,
2019-12-24,51724.91,46879.83,39243.17,0.015702,A,A,0.033725,A,A,0.054207,A,A,0.060093,A,A,0.067170,A,A,0,A,,,,,,,,,,,,,,
2019-12-26,51544.85,46838.29,39170.52,0.010707,A,A,0.029024,A,A,0.049326,A,A,0.055506,A,A,0.062614,A,A,0,A,,,,,,,,,,,,,,
2019-12-27,51355.95,46893.26,39192.51,0.005792,A,A,0.024173,A,A,0.044245,A,A,0.050821,A,A,0.057906,A,A,0,A,,,,,,,,,,,,,,
2019-12-30,51431.49,47003.91,39321.19,0.006097,A,A,0.024576,A,A,0.044420,A,A,0.051553,A,A,0.058628,A,A,0,A,,,,,,,,,,,,,,
2019-12-31,51398.91,47050.64,39362.85,0.004265,A,A,0.022875,A,A,0.042478,A,A,0.050091,A,A,0.057068,A,A,0,A,,,,,,,,,,,,,,
2020-01-02,51590.88,47039.25,39380.57,0.006722,A,A,0.025638,A,A,0.045117,A,A,0.053208,A,A,0.060110,A,A,0,A,,,,,,,,,,,,,,
2020-01-03,52409.84,47187.64,39610.62,0.021116,A,A,0.040577,A,A,0.060218,A,A,0.068934,A,A,0.075893,A,A,0,A,,,,,,,,,,,,,,
2020-01-06,52546.87,47260.68,39685.86,0.022208,A,A,0.041866,A,A,0.061501,A,A,0.070705,A,A,0.077656,A,A,0,A,,,,,,,,,,,,,,
2020-01-07,53052.66,47323.43,39812.00,0.030217,A,A,0.050144,A,A,0.070094,A,A,0.079842,A,A,0.086920,A,A,0,A,,,,,,,,,,,,,,
2020-01-08,53290.81,47326.23,39848.07,0.033064,A,A,0.052931,A,A,0.073141,A,A,0.083440,A,A,0.090671,A,A,0,A,,,,,,,,,,,,,,
2020-01-09,52954.24,47272.72,39746.91,0.025143,A,A,0.044500,A,A,0.064695,A,A,0.075366,A,A,0.082732,A,A,0,A,,,,,,,,,,,,,,
2020-01-10,53165.89,47233.94,39753.44,0.027894,A,A,0.046837,A,A,0.067256,A,A,0.078283,A,A,0.085965,A,A,0,A,,,,,,,,,,,,,,
2020-01-13,53597.30,47114.83,39719.28,0.034528,A,A,0.053365,A,A,0.074139,A,A,0.085533,A,A,0.093631,A,A,0,A,,,,,,,,,,,,,,
2020-01-14,54210.27,47163.30,39848.29,0.044373,A,A,0.063303,A,A,0.084531,A,A,0.096332,A,A,0.104864,A,A,0,A,,,,,,,,,,,,,,
2020-01-15,53888.62,47183.55,39814.09,0.036424,A,A,0.054998,A,A,0.076367,A,A,0.088334,A,A,0.097106,A,A,0,A,,,,,,,,,,,,,,
2020-01-16,53737.15,47264.46,39841.40,0.031911,A,A,0.050159,A,A,0.071691,A,A,0.083817,A,A,0.092857,A,A,0,A,,,,,,,,,,,,,,
2020-01-17,53957.08,47358.27,39955.74,0.034892,A,A,0.052512,A,A,0.074334,A,A,0.086685,A,A,0.096122,A,A,0,A,,,,,,,,,,,,,,
2020-01-20,54006.72,47504.96,40078.62,0.034631,A,A,0.051638,A,A,0.073652,A,A,0.086043,A,A,0.095893,A,A,0,A,,,,,,,,,,,,,,
2020-01-21,53890.77,47612.71,40155.10,0.031373,A,A,0.047665,A,A,0.069748,A,A,0.082007,A,A,0.092322,A,A,0,A,,,,,,,,,,,,,,
2020-01-22,53351.36,47535.73,40015.87,0.020236,A,A,0.035628,A,A,0.057564,A,A,0.069663,A,A,0.080275,A,A,0,A,,,,,,,,,,,,,,
2020-01-23,53524.70,47479.01,39992.79,0.022520,A,A,0.037329,A,A,0.059525,A,A,0.071653,A,A,0.082648,A,A,0,A,,,,,,,,,,,,,,
2020-01-24,53217.36,47408.14,39873.41,0.015944,A,A,0.029931,A,A,0.052056,A,A,0.064070,A,A,0.075380,A,A,0,A,,,,,,,,,,,,,,
2020-01-27,53398.10,47358.04,39840.69,0.018829,A,A,0.031978,A,A,0.054263,A,A,0.066243,A,A,0.077959,A,A,0,A,,,,,,,,,,,,,,
2020-01-28,53179.43,47431.41,39857.19,0.014093,A,A,0.026352,A,A,0.048665,A,A,0.060488,A,A,0.072547,A,A,0,A,,,,,,,,,,,,,,
2020-01-29,53392.58,47494.65,39940.62,0.017537,A,A,0.028988,A,A,0.051516,A,A,0.063243,A,A,0.075824,A,A,0,A,,,,,,,,,,,,,,
2020-01-30,53311.36,47460.86,39900.30,0.015385,A,A,0.026037,A,A,0.048593,A,A,0.060146,A,A,0.073191,A,A,0,A,,,,,,,,,,,,,,
2020-01-31,53452.83,47426.35,39883.45,0.017361,A,A,0.027378,A,A,0.050096,A,A,0.061473,A,A,0.075044,A,A,0,A,,,,,,,,,,,,,,
2020-02-03,53192.11,47428.26,39841.18,0.012109,A,A,0.021065,A,A,0.043817,A,A,0.054896,A,A,0.068852,A,A,0,A,,,,,,,,,,,,,,
2020-02-04,52641.97,47408.53,39761.62,0.001983,A,A,0.009493,A,A,0.031972,A,A,0.042751,A,A,0.056952,A,A,0,A,,,,,,,,,,,,,,
2020-02-05,52925.80,47436.41,39827.79,0.007201,A,A,0.013984,A,A,0.036418,A,A,0.047136,A,A,0.061728,A,A,0,A,,,,,,,,,,,,,,
2020-02-06,53031.94,47427.47,39838.21,0.008800,A,A,0.015133,A,A,0.037382,A,A,0.048005,A,A,0.062894,A,A,0,A,,,,,,,,,,,,,,
2020-02-07,53349.26,47444.83,39882.58,0.014156,A,A,0.020111,A,A,0.042440,A,A,0.052945,A,A,0.068183,A,A,0,A,,,,,,,,,,,,,,
2020-02-10,53482.92,47528.91,39955.57,0.015971,A,A,0.021535,A,A,0.043868,A,A,0.054293,A,A,0.069679,A,A,0,A,,,,,,,,,,,,,,
2020-02-11,53707.85,47588.84,40033.28,0.019320,A,A,0.024679,A,A,0.046988,A,A,0.057421,A,A,0.072941,A,A,0,A,,,,,,,,,,,,,,
2020-02-12,53924.76,47483.23,39987.74,0.022441,A,A,0.027649,A,A,0.049795,A,A,0.060318,A,A,0.076020,A,A,0,A,,,,,,,,,,,,,,
2020-02-13,54017.76,47479.47,40002.86,0.023002,A,A,0.028541,A,A,0.050096,A,A,0.060794,A,A,0.076639,A,A,0,A,,,,,,,,,,,,,,
2020-02-14,54236.41,47398.46,39965.54,0.025982,A,A,0.031790,A,A,0.052799,A,A,0.063693,A,A,0.079717,A,A,0,A,,,,,,,,,,,,,,
2020-02-17,54123.34,47337.58,39886.64,0.022740,A,A,0.028845,A,A,0.049099,A,A,0.060164,A,A,0.076161,A,A,0,A,,,,,,,,,,,,,,
2020-02-18,54087.00,47320.28,39866.86,0.021037,A,A,0.027357,A,A,0.046916,A,A,0.058174,A,A,0.074089,A,A,0,A,,,,,,,,,,,,,,
2020-02-19,53957.58,47159.38,39694.18,0.017776,A,A,0.024046,A,A,0.043018,A,A,0.054378,A,A,0.070120,A,A,0,A,,,,,,,,,,,,,,
2020-02-20,54114.72,46962.03,39546.99,0.019843,A,A,0.026259,A,A,0.044620,A,A,0.056157,A,A,0.071860,A,A,0,A,,,,,,,,,,,,,,
2020-02-21,54289.72,46665.97,39317.54,0.022081,A,A,0.028907,A,A,0.046565,A,A,0.058312,A,A,0.073971,A,A,0,A,,,,,,,,,,,,,,
2020-02-24,54304.53,46430.01,39122.20,0.021182,A,A,0.028446,A,A,0.045418,A,A,0.057385,A,A,0.072894,A,A,0,A,,,,,,,,,,,,,,
2020-02-25,53145.00,46583.41,39088.23,-0.001284,A,A,0.006131,A,A,0.022028,A,A,0.033816,A,A,0.048860,A,A,0,A,,,,,,,,,,,,,,
2020-02-26,52600.19,46645.30,39064.27,-0.011983,A,A,-0.004388,A,A,0.010667,A,A,0.022342,A,A,0.037083,A,A,0,A,,,,,,,,,,,,,,
2020-02-27,52150.58,46535.88,38910.24,-0.020602,fuera,A,-0.013005,A,A,0.001231,A,A,0.012843,A,A,0.027228,A,A,0,A,,,,,,,,,,,,,,
2020-02-28,51259.35,46251.88,38533.86,-0.037225,fuera,A,-0.029511,fuera,A,-0.016513,A,A,-0.005015,A,A,0.008836,A,A,0,A,,,,,,,,,,,,,,
2020-03-02,50540.10,46160.46,38330.08,-0.050411,fuera,A,-0.042305,fuera,A,-0.030716,fuera,A,-0.019390,A,A,-0.006016,A,A,0,A,,,,,,,,,,,,,,
2020-03-03,51275.32,46287.06,38496.28,-0.036534,fuera,A,-0.028022,fuera,A,-0.017144,fuera,A,-0.005705,A,A,0.007643,A,A,0,A,,,,,,,,,,,,,,
2020-03-04,51118.17,46541.36,38720.86,-0.039374,fuera,fuera,-0.030736,fuera,A,-0.020669,fuera,A,-0.009382,A,A,0.003811,A,A,1,A,,,,,,,,,,,,,,
2020-03-05,51762.97,47100.49,39260.22,-0.027327,fuera,fuera,-0.018509,fuera,fuera,-0.008976,fuera,A,0.002301,A,A,0.015666,A,A,2,E,,,,,,,,,,,,,,
2020-03-06,51722.26,47225.69,39351.54,-0.027813,fuera,fuera,-0.019261,fuera,fuera,-0.010365,fuera,fuera,0.000721,A,A,0.014089,A,A,3,E,,,,,,,,,,,,,,
2020-03-09,50926.72,47418.31,39329.87,-0.042118,fuera,fuera,-0.034164,fuera,fuera,-0.025990,fuera,fuera,-0.015299,A,A,-0.002175,A,A,3,E,,,,,,,,,,,,,,
2020-03-10,48880.52,47587.00,39102.31,-0.078999,fuera,fuera,-0.072219,fuera,fuera,-0.065112,fuera,fuera,-0.055098,fuera,A,-0.042551,fuera,A,3,E,,,,,,,,,,,,,,
2020-03-11,49240.04,47518.74,39030.93,-0.070648,fuera,fuera,-0.064843,fuera,fuera,-0.058224,fuera,fuera,-0.048409,fuera,A,-0.035825,fuera,A,3,E,,,,,,,,,,,,,,
2020-03-12,48062.26,47498.74,38822.53,-0.091013,fuera,fuera,-0.086267,fuera,fuera,-0.080412,fuera,fuera,-0.071230,fuera,A,-0.059040,fuera,A,3,E,,,,,,,,,,,,,,
2020-03-13,45282.25,46548.36,37543.62,-0.140743,fuera,fuera,-0.137511,fuera,fuera,-0.132711,fuera,fuera,-0.124529,fuera,A,-0.113202,fuera,A,3,E,,,,,,,,,,,,,,
2020-03-16,45750.27,46605.77,37600.23,-0.128980,fuera,fuera,-0.127046,fuera,fuera,-0.122998,fuera,fuera,-0.115129,fuera,fuera,-0.103830,fuera,fuera,5,E,,,,,,,,,,,,,,
2020-03-17,42722.44,46873.97,37400.70,-0.182653,fuera,fuera,-0.182549,fuera,fuera,-0.179808,fuera,fuera,-0.172848,fuera,fuera,-0.162518,fuera,fuera,5,E,,,,,,,,,,,,,,
2020-03-18,43019.65,46920.13,37443.30,-0.173146,fuera,fuera,-0.174642,fuera,fuera,-0.172881,fuera,fuera,-0.166250,fuera,fuera,-0.156089,fuera,fuera,5,E,,,,,,,,,,,,,,
2020-03-19,41237.32,46007.24,36317.49,-0.203149,fuera,fuera,-0.206321,fuera,fuera,-0.205643,fuera,fuera,-0.199731,fuera,fuera,-0.190260,fuera,fuera,5,E,,,,,,,,,,,,,,
2020-03-20,40896.60,45645.92,35781.12,-0.205276,fuera,fuera,-0.210349,fuera,fuera,-0.210475,fuera,fuera,-0.205265,fuera,fuera,-0.196118,fuera,fuera,5,E,,,,,,,,,,,,,,
2020-03-23,40810.76,45381.81,35484.20,-0.202399,fuera,fuera,-0.209443,fuera,fuera,-0.210363,fuera,fuera,-0.205789,fuera,fuera,-0.196920,fuera,fuera,5,E,,,,,,,,,,,,,,
2020-03-24,39926.67,44868.47,34888.67,-0.214916,fuera,fuera,-0.223854,fuera,fuera,-0.225537,fuera,fuera,-0.221722,fuera,fuera,-0.213311,fuera,fuera,5,E,,,,,,,,,,,,,,
2020-03-25,41016.87,44800.00,34960.47,-0.189109,fuera,fuera,-0.200059,fuera,fuera,-0.202593,fuera,fuera,-0.199335,fuera,fuera,-0.190950,fuera,fuera,5,E,,,,,,,,,,,,,,
2020-03-26,41962.35,45093.21,35384.34,-0.166181,fuera,fuera,-0.179223,fuera,fuera,-0.182589,fuera,fuera,-0.179862,fuera,fuera,-0.171521,fuera,fuera,5,E,,,,,,,,,,,,,,
2020-03-27,43028.30,45399.83,35823.70,-0.141136,fuera,fuera,-0.156226,fuera,fuera,-0.160270,fuera,fuera,-0.158119,fuera,fuera,-0.149801,fuera,fuera,5,E,,,,,,,,,,,,,,
2020-03-30,42309.23,45406.43,35738.52,-0.151315,fuera,fuera,-0.168001,fuera,fuera,-0.172548,fuera,fuera,-0.171158,fuera,fuera,-0.163226,fuera,fuera,5,E,,,,,,,,,,,,,,
2020-03-31,42977.25,45474.61,35830.01,-0.133976,fuera,fuera,-0.152672,fuera,fuera,-0.157856,fuera,fuera,-0.157133,fuera,fuera,-0.149309,fuera,fuera,5,E,,,,,,,,,,,,,,
2020-04-01,43432.15,45619.59,35977.54,-0.120889,fuera,fuera,-0.141546,fuera,fuera,-0.147361,fuera,fuera,-0.147277,fuera,fuera,-0.139671,fuera,fuera,5,E,,,,,,,,,,,,,,
2020-04-02,42905.01,45998.76,36215.95,-0.127474,fuera,fuera,-0.149468,fuera,fuera,-0.156053,fuera,fuera,-0.156540,fuera,fuera,-0.149476,fuera,fuera,5,E,,,,,,,,,,,,,,
2020-04-03,43301.82,46073.35,36309.54,-0.115347,fuera,fuera,-0.139137,fuera,fuera,-0.146665,fuera,fuera,-0.147651,fuera,fuera,-0.141060,fuera,fuera,5,E,,,,,,,,,,,,,,
2020-04-06,43244.31,45894.63,36113.04,-0.112513,fuera,fuera,-0.137653,fuera,fuera,-0.146065,fuera,fuera,-0.147742,fuera,fuera,-0.141634,fuera,fuera,5,E,,,,,,,,,,,,,,
2020-04-07,44121.26,45984.91,36326.71,-0.090984,fuera,fuera,-0.117644,fuera,fuera,-0.126962,fuera,fuera,-0.129536,fuera,fuera,-0.123766,fuera,fuera,5,E,,,,,,,,,,,,,,
2020-04-08,44351.83,46015.97,36402.50,-0.082632,fuera,fuera,-0.110642,fuera,fuera,-0.120825,fuera,fuera,-0.124067,fuera,fuera,-0.118745,fuera,fuera,5,E,,,,,,,,,,,,,,
2020-04-09,45089.08,46338.52,36744.08,-0.063966,fuera,fuera,-0.093565,fuera,fuera,-0.104840,fuera,fuera,-0.108665,fuera,fuera,-0.103720,fuera,fuera,5,E,,,,,,,,,,,,,,
2020-04-13,45172.80,46783.93,37132.70,-0.058677,fuera,fuera,-0.089473,fuera,fuera,-0.101872,fuera,fuera,-0.106005,fuera,fuera,-0.101695,fuera,fuera,5,E,,,,,,,,,,,,,,
2020-04-14,45418.66,46897.10,37297.23,-0.050006,fuera,fuera,-0.081975,fuera,fuera,-0.095711,fuera,fuera,-0.100149,fuera,fuera,-0.096452,fuera,fuera,5,E,,,,,,,,,,,,,,
2020-04-15,46228.76,46995.60,37527.21,-0.029689,fuera,fuera,-0.063335,fuera,fuera,-0.078494,fuera,fuera,-0.083182,fuera,fuera,-0.080092,fuera,fuera,5,E,,,,,,,,,,,,,,
2020-04-16,46063.64,47042.27,37574.88,-0.029596,fuera,fuera,-0.064408,fuera,fuera,-0.080655,fuera,fuera,-0.085522,fuera,fuera,-0.083060,fuera,fuera,5,E,,,,,,,,,,,,,,
2020-04-17,45875.74,47012.18,37551.29,-0.029857,fuera,fuera,-0.065828,fuera,fuera,-0.083317,fuera,fuera,-0.088343,fuera,fuera,-0.086420,fuera,fuera,5,E,,,,,,,,,,,,,,
2020-04-20,46448.19,47172.72,37766.48,-0.014143,fuera,fuera,-0.051891,fuera,fuera,-0.070827,fuera,fuera,-0.076069,fuera,fuera,-0.074731,fuera,fuera,5,E,,,,,,,,,,,,,,
2020-04-21,46237.98,47217.02,37786.58,-0.014941,fuera,fuera,-0.053873,fuera,fuera,-0.073937,fuera,fuera,-0.079229,fuera,fuera,-0.078628,fuera,fuera,5,E,,,,,,,,,,,,,,
2020-04-22,45670.38,47216.07,37709.55,-0.023141,fuera,fuera,-0.063186,fuera,fuera,-0.084072,fuera,fuera,-0.089462,fuera,fuera,-0.089517,fuera,fuera,5,E,,,,,,,,,,,,,,
2020-04-23,45879.79,47293.12,37823.02,-0.014879,fuera,fuera,-0.056579,fuera,fuera,-0.078608,fuera,fuera,-0.084231,fuera,fuera,-0.084927,fuera,fuera,5,E,,,,,,,,,,,,,,
2020-04-24,46031.00,47452.66,37968.15,-0.007805,fuera,fuera,-0.051279,fuera,fuera,-0.074334,fuera,fuera,-0.080186,fuera,fuera,-0.081529,fuera,fuera,5,E,,,,,,,,,,,,,,
2020-04-27,45820.39,47568.32,37986.65,-0.008322,fuera,fuera,-0.053310,fuera,fuera,-0.077334,fuera,fuera,-0.083354,fuera,fuera,-0.085324,fuera,fuera,5,E,,,,,,,,,,,,,,
2020-04-28,46365.33,47771.62,38235.80,0.007318,fuera,fuera,-0.039939,fuera,fuera,-0.065277,fuera,fuera,-0.071364,fuera,fuera,-0.074085,fuera,fuera,5,E,,,,,,,,,,,,,,
2020-04-29,46566.92,47847.76,38340.79,0.014921,fuera,fuera,-0.033631,fuera,fuera,-0.060162,fuera,fuera,-0.066101,fuera,fuera,-0.069703,fuera,fuera,5,E,,,,,,,,,,,,,,
2020-04-30,46738.16,47913.89,38431.37,0.021554,A,fuera,-0.028006,fuera,fuera,-0.055701,fuera,fuera,-0.061635,fuera,fuera,-0.065955,fuera,fuera,5,E,,,,,,,,,,,,,,
2020-05-04,46095.81,48079.27,38495.40,0.010486,A,fuera,-0.039067,fuera,fuera,-0.067501,fuera,fuera,-0.073477,fuera,fuera,-0.078324,fuera,fuera,5,E,,,,,,,,,,,,,,
2020-05-05,45616.60,48117.78,38451.17,0.002737,A,fuera,-0.046704,fuera,fuera,-0.075964,fuera,fuera,-0.082029,fuera,fuera,-0.087301,fuera,fuera,5,E,,,,,,,,,,,,,,
2020-05-06,45746.08,48208.89,38566.82,0.007944,A,fuera,-0.041841,fuera,fuera,-0.072169,fuera,fuera,-0.078356,fuera,fuera,-0.084074,fuera,fuera,5,E,,,,,,,,,,,,,,
2020-05-07,45986.80,48251.85,38643.97,0.015878,A,A,-0.034607,fuera,fuera,-0.066141,fuera,fuera,-0.072514,fuera,fuera,-0.078702,fuera,fuera,4,E,,,,,,,,,,,,,,
2020-05-08,46126.85,48347.52,38714.80,0.021475,A,A,-0.029469,fuera,fuera,-0.062181,fuera,fuera,-0.068708,fuera,fuera,-0.075360,fuera,fuera,4,E,,,,,,,,,,,,,,
2020-05-11,46077.76,48476.18,38831.84,0.023250,A,A,-0.028178,fuera,fuera,-0.062011,fuera,fuera,-0.068776,fuera,fuera,-0.075776,fuera,fuera,4,E,,,,,,,,,,,,,,
2020-05-12,45831.84,48687.18,38990.71,0.020756,A,A,-0.030922,fuera,fuera,-0.065627,fuera,fuera,-0.072727,fuera,fuera,-0.080082,fuera,fuera,4,E,,,,,,,,,,,,,,
2020-05-13,45447.67,48876.72,39128.44,0.014953,A,A,-0.036415,fuera,fuera,-0.071967,fuera,fuera,-0.079415,fuera,fuera,-0.086965,fuera,fuera,4,E,,,,,,,,,,,,,,
2020-05-14,44801.50,48870.09,39063.23,0.002552,A,A,-0.047235,fuera,fuera,-0.083446,fuera,fuera,-0.091292,fuera,fuera,-0.099019,fuera,fuera,4,E,,,,,,,,,,,,,,
2020-05-15,44737.67,48917.26,39068.23,0.003370,A,A,-0.045650,fuera,fuera,-0.082969,fuera,fuera,-0.091304,fuera,fuera,-0.099326,fuera,fuera,4,E,,,,,,,,,,,,,,
2020-05-18,44966.97,48992.78,39176.59,0.010071,A,A,-0.037786,fuera,fuera,-0.076589,fuera,fuera,-0.085400,fuera,fuera,-0.093767,fuera,fuera,4,E,,,,,,,,,,,,,,
2020-05-19,45743.35,49236.73,39500.92,0.027274,A,A,-0.018422,fuera,fuera,-0.059052,fuera,fuera,-0.068513,fuera,fuera,-0.077322,fuera,fuera,4,E,,,,,,,,,,,,,,
2020-05-20,45753.67,49373.95,39643.25,0.027504,A,A,-0.015450,fuera,fuera,-0.057149,fuera,fuera,-0.067255,fuera,fuera,-0.076252,fuera,fuera,4,E,,,,,,,,,,,,,,
2020-05-22,45378.38,49524.80,39744.81,0.017727,A,A,-0.020701,fuera,fuera,-0.062988,fuera,fuera,-0.073794,fuera,fuera,-0.082843,fuera,fuera,4,E,,,,,,,,,,,,,,
2020-05-25,45229.66,49891.48,40048.58,0.013275,A,A,-0.020977,fuera,fuera,-0.064200,fuera,fuera,-0.075706,fuera,fuera,-0.084874,fuera,fuera,4,E,,,,,,,,,,,,,,
2020-05-26,45398.42,50011.51,40176.99,0.014953,A,A,-0.014360,fuera,fuera,-0.058904,fuera,fuera,-0.071113,fuera,fuera,-0.080492,fuera,fuera,4,E,,,,,,,,,,,,,,
2020-05-27,45871.14,49785.76,40096.99,0.022994,A,A,-0.001240,fuera,fuera,-0.047330,fuera,fuera,-0.060402,fuera,fuera,-0.070015,fuera,fuera,4,E,,,,,,,,,,,,,,
2020-05-28,46640.24,49185.98,39725.25,0.037149,A,A,0.017758,fuera,fuera,-0.029708,fuera,fuera,-0.043769,fuera,fuera,-0.053639,fuera,fuera,4,E,,,,,,,,,,,,,,
2020-05-29,46467.22,49640.42,40070.48,0.029973,A,A,0.016108,fuera,fuera,-0.031646,fuera,fuera,-0.046392,fuera,fuera,-0.056230,fuera,fuera,4,E,,,,,,,,,,,,,,
2020-06-01,46198.75,49736.45,40128.91,0.021415,A,A,0.012295,fuera,fuera,-0.035644,fuera,fuera,-0.050937,fuera,fuera,-0.060585,fuera,fuera,4,E,,,,,,,,,,,,,,
2020-06-02,46218.13,49757.93,40145.18,0.019711,A,A,0.014471,fuera,fuera,-0.033601,fuera,fuera,-0.049540,fuera,fuera,-0.059239,fuera,fuera,4,E,,,,,,,,,,,,,,
2020-06-03,46416.88,49650.69,40120.52,0.022398,A,A,0.020276,A,fuera,-0.027910,fuera,fuera,-0.044331,fuera,fuera,-0.054333,fuera,fuera,4,E,,,,,,,,,,,,,,
2020-06-04,46540.31,49404.34,39937.96,0.022998,A,A,0.024656,A,fuera,-0.023767,fuera,fuera,-0.040659,fuera,fuera,-0.051017,fuera,fuera,4,E,,,,,,,,,,,,,,
2020-06-05,46884.27,49094.49,39736.33,0.028595,A,A,0.033734,A,fuera,-0.015107,fuera,fuera,-0.032398,fuera,fuera,-0.043244,fuera,fuera,4,E,,,,,,,,,,,,,,
2020-06-08,47249.70,48814.83,39558.63,0.034687,A,A,0.043414,A,fuera,-0.006005,fuera,fuera,-0.023697,fuera,fuera,-0.035113,fuera,fuera,4,E,,,,,,,,,,,,,,
2020-06-09,47913.60,48572.29,39467.51,0.046674,A,A,0.059467,A,A,0.009235,fuera,fuera,-0.008996,fuera,fuera,-0.020968,fuera,fuera,3,E,,,,,,,,,,,,,,
2020-06-10,47882.49,48645.10,39525.15,0.043674,A,A,0.059894,A,A,0.009896,fuera,fuera,-0.008607,fuera,fuera,-0.021072,fuera,fuera,3,E,,,,,,,,,,,,,,
2020-06-11,47464.93,49012.47,39814.93,0.032461,A,A,0.051166,A,A,0.002435,fuera,fuera,-0.016063,fuera,fuera,-0.028966,fuera,fuera,3,E,,,,,,,,,,,,,,
2020-06-12,46917.55,48992.98,39740.48,0.019177,A,A,0.039879,A,A,-0.007793,fuera,fuera,-0.026008,fuera,fuera,-0.039441,fuera,fuera,3,E,,,,,,,,,,,,,,
2020-06-15,47242.81,48931.63,39719.38,0.024813,A,A,0.047385,A,A,0.000422,fuera,fuera,-0.017965,fuera,fuera,-0.032078,fuera,fuera,3,E,,,,,,,,,,,,,,
2020-06-16,47323.16,48928.98,39711.43,0.025451,A,A,0.048425,A,A,0.003471,fuera,fuera,-0.015044,fuera,fuera,-0.029687,fuera,fuera,3,E,,,,,,,,,,,,,,
2020-06-17,47155.27,48803.48,39595.68,0.020839,A,A,0.044198,A,A,0.001372,fuera,fuera,-0.017213,fuera,fuera,-0.032364,fuera,fuera,3,E,,,,,,,,,,,,,,
2020-06-18,48150.78,48944.83,39890.23,0.041022,A,A,0.064244,A,A,0.023801,A,fuera,0.004702,fuera,fuera,-0.011346,fuera,fuera,3,E,,,,,,,,,,,,,,
2020-06-19,48800.60,49350.24,40325.61,0.053769,A,A,0.076457,A,A,0.038822,A,fuera,0.019292,fuera,fuera,0.002445,fuera,fuera,3,E,,,,,,,,,,,,,,
2020-06-22,49086.27,49854.94,40768.59,0.058402,A,A,0.079837,A,A,0.046100,A,fuera,0.026130,A,fuera,0.008720,fuera,fuera,3,E,,,,,,,,,,,,,,
2020-06-23,49116.62,49678.33,40611.04,0.057415,A,A,0.077461,A,A,0.047963,A,fuera,0.027666,A,fuera,0.009734,fuera,fuera,3,E,,,,,,,,,,,,,,
2020-06-24,49441.24,49752.57,40750.71,0.062881,A,A,0.081383,A,A,0.056090,A,A,0.035237,A,fuera,0.016786,fuera,fuera,2,E,,,,,,,,,,,,,,
2020-06-25,49162.44,49709.63,40660.51,0.055413,A,A,0.071902,A,A,0.051372,A,A,0.030270,A,fuera,0.011446,fuera,fuera,2,E,,,,,,,,,,,,,,
2020-06-26,48936.95,49802.18,40663.80,0.048938,A,A,0.064114,A,A,0.047832,A,A,0.026413,A,A,0.007204,fuera,fuera,1,A,,,,,,,,,,,,,,
2020-06-30,48844.88,49701.05,40555.98,0.045488,A,A,0.059634,A,A,0.047135,A,A,0.025414,A,A,0.005734,fuera,fuera,1,A,,,,,,,,,,,,,,
2020-07-01,49184.41,49620.77,40540.21,0.051178,A,A,0.064778,A,A,0.055653,A,A,0.033394,A,A,0.013092,fuera,fuera,1,A,,,,,,,,,,,,,,
2020-07-02,49297.40,49714.15,40623.81,0.051856,A,A,0.064707,A,A,0.059339,A,A,0.036630,A,A,0.015800,fuera,fuera,1,A,,,,,,,,,,,,,,
2020-07-03,49402.41,49647.29,40577.55,0.052581,A,A,0.064667,A,A,0.062840,A,A,0.039627,A,A,0.018465,fuera,fuera,1,A,,,,,,,,,,,,,,
2020-07-06,49697.09,49652.20,40627.50,0.057293,A,A,0.068763,A,A,0.070062,A,A,0.046446,A,A,0.025018,A,fuera,1,A,,,,,,,,,,,,,,
2020-07-07,50310.55,49863.95,40872.01,0.068539,A,A,0.079270,A,A,0.083864,A,A,0.059919,A,A,0.038136,A,fuera,1,A,,,,,,,,,,,,,,
2020-07-08,49916.55,49983.74,40933.40,0.058263,A,A,0.068449,A,A,0.075951,A,A,0.052276,A,A,0.030576,A,fuera,1,A,,,,,,,,,,,,,,
2020-07-09,49719.39,50181.30,41068.10,0.052049,A,A,0.061929,A,A,0.072097,A,A,0.048885,A,A,0.027050,A,fuera,1,A,,,,,,,,,,,,,,
2020-07-10,49357.76,49775.53,40718.26,0.042626,A,A,0.052366,A,A,0.064601,A,A,0.042119,A,A,0.020217,A,A,0,A,,,,,,,,,,,,,,
2020-07-13,49814.42,49707.43,40728.99,0.050386,A,A,0.060173,A,A,0.074827,A,A,0.052585,A,A,0.030295,A,A,0,A,,,,,,,,,,,,,,
2020-07-14,49714.76,49605.87,40641.41,0.046525,A,A,0.056427,A,A,0.073038,A,A,0.051370,A,A,0.028993,A,A,0,A,,,,,,,,,,,,,,
2020-07-15,49797.73,49666.24,40677.80,0.046450,A,A,0.056568,A,A,0.075335,A,A,0.054021,A,A,0.031404,A,A,0,A,,,,,,,,,,,,,,
2020-07-17,49615.14,49448.57,40491.82,0.040775,A,A,0.051231,A,A,0.071934,A,A,0.051135,A,A,0.028319,A,A,0,A,,,,,,,,,,,,,,
2020-07-20,49640.21,49021.09,40199.31,0.039269,A,A,0.050576,A,A,0.072807,A,A,0.052618,A,A,0.029569,A,A,0,A,,,,,,,,,,,,,,
2020-07-21,49845.34,49015.02,40235.00,0.041121,A,A,0.053600,A,A,0.076991,A,A,0.057874,A,A,0.034532,A,A,0,A,,,,,,,,,,,,,,
2020-07-22,49822.48,49035.19,40282.90,0.038193,A,A,0.051745,A,A,0.076346,A,A,0.058274,A,A,0.034751,A,A,0,A,,,,,,,,,,,,,,
2020-07-23,49525.80,49128.48,40306.63,0.029837,A,A,0.044422,A,A,0.069561,A,A,0.052949,A,A,0.029239,A,A,0,A,,,,,,,,,,,,,,
2020-07-24,49070.72,49442.12,40503.28,0.018808,A,A,0.033860,A,A,0.058771,A,A,0.044378,A,A,0.020531,A,A,0,A,,,,,,,,,,,,,,
2020-07-27,48975.83,49565.29,40596.71,0.015328,A,A,0.030740,A,A,0.055907,A,A,0.043485,A,A,0.019271,A,A,0,A,,,,,,,,,,,,,,
2020-07-28,49407.38,49432.14,40561.24,0.022377,A,A,0.038617,A,A,0.063508,A,A,0.053479,A,A,0.028931,A,A,0,A,,,,,,,,,,,,,,
2020-07-29,49431.55,49456.78,40584.40,0.020904,A,A,0.037966,A,A,0.062399,A,A,0.054673,A,A,0.030072,A,A,0,A,,,,,,,,,,,,,,
2020-07-30,49144.62,49472.88,40545.34,0.013236,A,A,0.030817,A,A,0.054242,A,A,0.049192,A,A,0.024813,A,A,0,A,,,,,,,,,,,,,,
2020-07-31,48685.28,49345.15,40353.78,0.002474,A,A,0.020406,A,A,0.042453,A,A,0.039930,A,A,0.016012,A,A,0,A,,,,,,,,,,,,,,
2020-08-03,48843.59,49433.00,40445.65,0.004720,A,A,0.022961,A,A,0.043847,A,A,0.043671,A,A,0.020095,A,A,0,A,,,,,,,,,,,,,,
2020-08-04,49136.90,49490.21,40532.02,0.009522,A,A,0.028297,A,A,0.047824,A,A,0.050396,A,A,0.026911,A,A,0,A,,,,,,,,,,,,,,
2020-08-05,49650.68,49586.38,40705.65,0.018472,A,A,0.037843,A,A,0.056619,A,A,0.061696,A,A,0.038163,A,A,0,A,,,,,,,,,,,,,,
2020-08-06,50198.69,49741.77,40949.13,0.027848,A,A,0.047730,A,A,0.066205,A,A,0.073756,A,A,0.050097,A,A,0,A,,,,,,,,,,,,,,
2020-08-07,50322.26,49690.51,40914.77,0.028551,A,A,0.048744,A,A,0.066993,A,A,0.076707,A,A,0.053156,A,A,0,A,,,,,,,,,,,,,,
2020-08-10,50537.10,49663.47,40887.93,0.031070,A,A,0.051663,A,A,0.069475,A,A,0.081389,A,A,0.058146,A,A,0,A,,,,,,,,,,,,,,
2020-08-11,51167.71,49798.74,41091.39,0.041913,A,A,0.063043,A,A,0.080738,A,A,0.094373,A,A,0.071762,A,A,0,A,,,,,,,,,,,,,,
2020-08-12,51075.16,49837.04,41132.86,0.038231,A,A,0.059402,A,A,0.076852,A,A,0.091985,A,A,0.070292,A,A,0,A,,,,,,,,,,,,,,
2020-08-13,51196.98,49858.21,41152.24,0.039166,A,A,0.060085,A,A,0.077328,A,A,0.093892,A,A,0.073332,A,A,0,A,,,,,,,,,,,,,,
2020-08-14,51338.06,49957.20,41270.44,0.040408,A,A,0.060985,A,A,0.078271,A,A,0.095556,A,A,0.076770,A,A,0,A,,,,,,,,,,,,,,
2020-08-17,51508.51,49991.45,41322.67,0.041965,A,A,0.062207,A,A,0.079768,A,A,0.097908,A,A,0.080835,A,A,0,A,,,,,,,,,,,,,,
2020-08-18,51929.29,50044.53,41415.44,0.048115,A,A,0.068408,A,A,0.086613,A,A,0.104812,A,A,0.090063,A,A,0,A,,,,,,,,,,,,,,
2020-08-19,51652.26,49991.05,41335.09,0.040466,A,A,0.060430,A,A,0.078985,A,A,0.097000,A,A,0.084688,A,A,0,A,,,,,,,,,,,,,,
2020-08-20,50851.68,50074.12,41270.46,0.022724,A,A,0.042286,A,A,0.060842,A,A,0.077901,A,A,0.068429,A,A,0,A,,,,,,,,,,,,,,
2020-08-21,50740.95,50084.41,41254.93,0.018864,A,A,0.038357,A,A,0.057168,A,A,0.073420,A,A,0.066703,A,A,0,A,,,,,,,,,,,,,,
2020-08-24,51168.72,50139.86,41369.14,0.026072,A,A,0.045176,A,A,0.064663,A,A,0.080215,A,A,0.076256,A,A,0,A,,,,,,,,,,,,,,
2020-08-25,51312.28,50292.09,41504.37,0.027801,A,A,0.046078,A,A,0.066397,A,A,0.080772,A,A,0.079815,A,A,0,A,,,,,,,,,,,,,,
2020-08-26,51211.19,50417.80,41593.84,0.024806,A,A,0.042087,A,A,0.063032,A,A,0.076442,A,A,0.078036,A,A,0,A,,,,,,,,,,,,,,
2020-08-27,51393.63,50547.13,41726.64,0.027417,A,A,0.043967,A,A,0.065463,A,A,0.078241,A,A,0.082094,A,A,0,A,,,,,,,,,,,,,,
2020-08-28,51330.41,50539.94,41693.65,0.025293,A,A,0.041133,A,A,0.062957,A,A,0.075131,A,A,0.080911,A,A,0,A,,,,,,,,,,,,,,
2020-08-31,51327.31,50516.28,41684.75,0.024246,A,A,0.039469,A,A,0.061650,A,A,0.073135,A,A,0.080834,A,A,0,A,,,,,,,,,,,,,,
2020-09-01,50877.88,50423.00,41553.36,0.014405,A,A,0.028844,A,A,0.051096,A,A,0.062068,A,A,0.071309,A,A,0,A,,,,,,,,,,,,,,
2020-09-02,50860.02,50459.59,41607.26,0.013144,A,A,0.026976,A,A,0.049527,A,A,0.060130,A,A,0.071008,A,A,0,A,,,,,,,,,,,,,,
2020-09-03,51148.63,50389.24,41570.64,0.018008,A,A,0.031264,A,A,0.054246,A,A,0.064404,A,A,0.077080,A,A,0,A,,,,,,,,,,,,,,
2020-09-04,50817.08,50361.31,41503.97,0.010730,A,A,0.023201,A,A,0.046215,A,A,0.055931,A,A,0.070267,A,A,0,A,,,,,,,,,,,,,,
2020-09-07,50421.76,50310.22,41393.76,0.002416,A,A,0.014113,A,A,0.037113,A,A,0.046231,A,A,0.062172,A,A,0,A,,,,,,,,,,,,,,
2020-09-08,50379.24,50258.38,41349.42,0.001269,A,A,0.012262,A,A,0.035337,A,A,0.044057,A,A,0.061374,A,A,0,A,,,,,,,,,,,,,,
2020-09-09,50039.97,50172.98,41240.41,-0.005355,A,A,0.004774,A,A,0.027590,A,A,0.035864,A,A,0.054022,A,A,0,A,,,,,,,,,,,,,,
2020-09-10,49824.37,50100.39,41145.31,-0.009601,A,A,-0.000164,A,A,0.022293,A,A,0.030438,A,A,0.049378,A,A,0,A,,,,,,,,,,,,,,
2020-09-11,49483.47,49926.35,40980.51,-0.016274,A,A,-0.007633,A,A,0.014404,A,A,0.022520,A,A,0.041950,A,A,0,A,,,,,,,,,,,,,,
2020-09-14,49703.69,49793.14,40899.96,-0.012047,A,A,-0.004086,A,A,0.018001,A,A,0.026205,A,A,0.045815,A,A,0,A,,,,,,,,,,,,,,
2020-09-15,50109.94,49881.39,41034.27,-0.004102,A,A,0.003154,A,A,0.025359,A,A,0.033804,A,A,0.053596,A,A,0,A,,,,,,,,,,,,,,
2020-09-16,49952.09,49860.71,41012.31,-0.007344,A,A,-0.000828,A,A,0.021241,A,A,0.029761,A,A,0.049011,A,A,0,A,,,,,,,,,,,,,,
2020-09-17,50054.33,49811.03,40990.88,-0.005425,A,A,0.000311,A,A,0.022408,A,A,0.031022,A,A,0.049927,A,A,0,A,,,,,,,,,,,,,,
2020-09-21,49951.16,49649.98,40814.18,-0.007622,A,A,-0.002312,A,A,0.019347,A,A,0.028191,A,A,0.046245,A,A,0,A,,,,,,,,,,,,,,
2020-09-22,49625.39,49636.15,40723.12,-0.014087,A,A,-0.009074,A,A,0.011741,A,A,0.020807,A,A,0.037916,A,A,0,A,,,,,,,,,,,,,,
2020-09-23,49664.79,49611.14,40692.08,-0.013226,A,A,-0.008466,A,A,0.011430,A,A,0.020819,A,A,0.037216,A,A,0,A,,,,,,,,,,,,,,
2020-09-24,49477.09,49539.57,40607.11,-0.016805,A,A,-0.012324,A,A,0.006528,A,A,0.016245,A,A,0.031663,A,A,0,A,,,,,,,,,,,,,,
2020-09-25,49609.06,49294.58,40389.57,-0.014219,A,A,-0.009742,A,A,0.008155,A,A,0.018243,A,A,0.032946,A,A,0,A,,,,,,,,,,,,,,
2020-09-28,49633.72,49196.92,40282.02,-0.013974,A,A,-0.009395,A,A,0.007771,A,A,0.017990,A,A,0.032151,A,A,0,A,,,,,,,,,,,,,,
2020-09-29,49912.41,49065.20,40197.90,-0.008848,A,A,-0.004136,A,A,0.012479,A,A,0.022998,A,A,0.036768,A,A,0,A,,,,,,,,,,,,,,
2020-09-30,49842.67,48933.34,40117.61,-0.010423,A,A,-0.005837,A,A,0.010048,A,A,0.020915,A,A,0.034035,A,A,0,A,,,,,,,,,,,,,,
2020-10-01,50266.90,48938.44,40197.64,-0.002368,A,A,0.002287,A,A,0.017491,A,A,0.028897,A,A,0.041586,A,A,0,A,,,,,,,,,,,,,,
2020-10-02,50312.90,49042.22,40274.09,-0.001969,A,A,0.002887,A,A,0.017298,A,A,0.028992,A,A,0.041361,A,A,0,A,,,,,,,,,,,,,,
2020-10-05,50448.36,49262.80,40471.15,-0.000059,A,A,0.005259,A,A,0.018989,A,A,0.030793,A,A,0.042872,A,A,0,A,,,,,,,,,,,,,,
2020-10-06,51043.08,49306.06,40580.37,0.010750,A,A,0.016684,A,A,0.029984,A,A,0.041870,A,A,0.053828,A,A,0,A,,,,,,,,,,,,,,
2020-10-07,51121.54,49255.36,40580.08,0.011420,A,A,0.017990,A,A,0.030492,A,A,0.042431,A,A,0.054087,A,A,0,A,,,,,,,,,,,,,,
2020-10-08,51165.48,49211.90,40531.54,0.011616,A,A,0.018469,A,A,0.030231,A,A,0.042307,A,A,0.053779,A,A,0,A,,,,,,,,,,,,,,
2020-10-09,51694.09,49345.87,40701.25,0.021396,A,A,0.028360,A,A,0.039601,A,A,0.051930,A,A,0.063389,A,A,0,A,,,,,,,,,,,,,,
2020-10-13,52367.66,49537.67,40952.21,0.033776,A,A,0.040785,A,A,0.051749,A,A,0.064288,A,A,0.075967,A,A,0,A,,,,,,,,,,,,,,
2020-10-14,52337.61,49495.10,40930.16,0.032368,A,A,0.039374,A,A,0.049787,A,A,0.062261,A,A,0.074094,A,A,0,A,,,,,,,,,,,,,,
2020-10-15,52363.36,49514.23,40958.06,0.032335,A,A,0.039031,A,A,0.049023,A,A,0.061232,A,A,0.073409,A,A,0,A,,,,,,,,,,,,,,
2020-10-16,52166.01,49502.86,40885.76,0.027953,A,A,0.034356,A,A,0.043927,A,A,0.055719,A,A,0.068331,A,A,0,A,,,,,,,,,,,,,,
2020-10-19,51951.14,49450.21,40807.19,0.023380,A,A,0.029350,A,A,0.038694,A,A,0.049957,A,A,0.062914,A,A,0,A,,,,,,,,,,,,,,
2020-10-20,51517.59,49430.80,40751.67,0.014760,A,A,0.020167,A,A,0.029195,A,A,0.040039,A,A,0.053079,A,A,0,A,,,,,,,,,,,,,,
2020-10-21,51598.93,49409.71,40745.45,0.016322,A,A,0.021224,A,A,0.029875,A,A,0.040512,A,A,0.053861,A,A,0,A,,,,,,,,,,,,,,
2020-10-22,51565.86,49396.50,40722.41,0.015832,A,A,0.020019,A,A,0.028155,A,A,0.038610,A,A,0.052276,A,A,0,A,,,,,,,,,,,,,,
2020-10-23,51378.86,49461.14,40744.39,0.012270,A,A,0.015738,A,A,0.023489,A,A,0.033625,A,A,0.047492,A,A,0,A,,,,,,,,,,,,,,
2020-10-26,51208.66,49506.14,40749.32,0.008759,A,A,0.011706,A,A,0.019222,A,A,0.029055,A,A,0.043123,A,A,0,A,,,,,,,,,,,,,,
2020-10-27,50842.07,49534.88,40728.87,0.001493,A,A,0.003885,A,A,0.011101,A,A,0.020717,A,A,0.034850,A,A,0,A,,,,,,,,,,,,,,
2020-10-28,50314.62,49542.84,40657.82,-0.008526,A,A,-0.006808,A,A,0.000133,A,A,0.009419,A,A,0.023371,A,A,0,A,,,,,,,,,,,,,,
2020-10-29,49782.84,49414.55,40489.76,-0.018348,A,A,-0.017411,A,A,-0.010652,A,A,-0.001882,A,A,0.011997,A,A,0,A,,,,,,,,,,,,,,
2020-10-30,49465.77,49465.91,40456.45,-0.023853,fuera,A,-0.023766,fuera,A,-0.017036,A,A,-0.008857,A,A,0.005082,A,A,0,A,,,,,,,,,,,,,,
2020-11-02,49168.53,49406.06,40355.11,-0.028771,fuera,A,-0.029777,fuera,A,-0.022953,fuera,A,-0.015367,A,A,-0.001349,A,A,0,A,,,,,,,,,,,,,,
2020-11-03,49373.89,49428.51,40384.03,-0.023876,fuera,A,-0.025884,fuera,A,-0.018858,fuera,A,-0.011812,A,A,0.002292,A,A,0,A,,,,,,,,,,,,,,
2020-11-04,49301.75,49546.69,40491.09,-0.024434,fuera,A,-0.027357,fuera,A,-0.020322,fuera,A,-0.013775,A,A,0.000234,A,A,0,A,,,,,,,,,,,,,,
2020-11-05,49674.00,49672.88,40660.15,-0.016548,fuera,fuera,-0.020020,fuera,fuera,-0.013085,fuera,A,-0.006857,A,A,0.007149,A,A,2,E,,,,,,,,,,,,,,
2020-11-06,50613.06,49863.38,41009.18,0.002153,fuera,fuera,-0.001622,fuera,fuera,0.005179,fuera,fuera,0.011271,A,A,0.025425,A,A,3,E,,,,,,,,,,,,,,
2020-11-09,51291.19,50013.31,41216.64,0.015516,fuera,fuera,0.011453,fuera,fuera,0.018174,fuera,fuera,0.024162,A,A,0.038302,A,A,3,E,,,,,,,,,,,,,,
2020-11-10,52198.21,49938.81,41294.91,0.032847,A,fuera,0.028813,A,fuera,0.035516,A,fuera,0.041418,A,A,0.055625,A,A,3,E,,,,,,,,,,,,,,
2020-11-11,52176.93,49895.14,41196.78,0.031629,A,fuera,0.028074,A,fuera,0.034462,A,fuera,0.040062,A,A,0.054121,A,A,3,E,,,,,,,,,,,,,,
2020-11-12,52015.83,49924.71,41194.62,0.027705,A,fuera,0.024603,A,fuera,0.030741,A,fuera,0.035848,A,A,0.049761,A,A,3,E,,,,,,,,,,,,,,
2020-11-13,51811.12,49925.22,41197.85,0.022865,A,fuera,0.020378,A,fuera,0.026346,A,fuera,0.030879,A,A,0.044457,A,A,3,E,,,,,,,,,,,,,,
2020-11-16,52621.35,49887.28,41263.83,0.037588,A,A,0.035925,A,A,0.041775,A,A,0.045949,A,A,0.059454,A,A,0,A,,,,,,,,,,,,,,
2020-11-17,53322.46,50037.75,41495.33,0.049646,A,A,0.049142,A,A,0.054820,A,A,0.058649,A,A,0.072138,A,A,0,A,,,,,,,,,,,,,,
2020-11-18,53193.15,50024.71,41455.61,0.045505,A,A,0.046192,A,A,0.051375,A,A,0.055076,A,A,0.068268,A,A,0,A,,,,,,,,,,,,,,
2020-11-19,52777.05,49973.49,41365.83,0.036120,A,A,0.037649,A,A,0.042473,A,A,0.046037,A,A,0.058727,A,A,0,A,,,,,,,,,,,,,,
2020-11-20,52782.02,49890.74,41312.72,0.034940,A,A,0.037132,A,A,0.041870,A,A,0.045406,A,A,0.057580,A,A,0,A,,,,,,,,,,,,,,
2020-11-23,53061.31,49992.87,41451.38,0.039054,A,A,0.041877,A,A,0.046633,A,A,0.050157,A,A,0.061853,A,A,0,A,,,,,,,,,,,,,,
2020-11-24,53565.23,50158.82,41655.93,0.047275,A,A,0.050999,A,A,0.055659,A,A,0.059306,A,A,0.070549,A,A,0,A,,,,,,,,,,,,,,
2020-11-25,54364.89,50170.48,41799.76,0.060725,A,A,0.065692,A,A,0.070312,A,A,0.074068,A,A,0.085069,A,A,0,A,,,,,,,,,,,,,,
2020-11-26,54143.43,50097.72,41736.25,0.054357,A,A,0.060398,A,A,0.064950,A,A,0.068646,A,A,0.079366,A,A,0,A,,,,,,,,,,,,,,
2020-11-27,53938.32,50031.78,41654.55,0.048339,A,A,0.055559,A,A,0.059963,A,A,0.063579,A,A,0.074008,A,A,0,A,,,,,,,,,,,,,,
2020-11-30,54200.60,50037.59,41711.59,0.051352,A,A,0.059762,A,A,0.064031,A,A,0.067745,A,A,0.077867,A,A,0,A,,,,,,,,,,,,,,
2020-12-01,53835.79,49868.87,41513.63,0.042387,A,A,0.051823,A,A,0.055772,A,A,0.059656,A,A,0.069327,A,A,0,A,,,,,,,,,,,,,,
2020-12-02,54021.41,49915.63,41573.44,0.044135,A,A,0.054438,A,A,0.058248,A,A,0.062390,A,A,0.071729,A,A,0,A,,,,,,,,,,,,,,
2020-12-03,53851.76,49828.15,41464.38,0.039067,A,A,0.050168,A,A,0.053905,A,A,0.058230,A,A,0.067135,A,A,0,A,,,,,,,,,,,,,,
2020-12-04,53900.65,49860.45,41503.42,0.038392,A,A,0.050241,A,A,0.053838,A,A,0.058480,A,A,0.066926,A,A,0,A,,,,,,,,,,,,,,
2020-12-07,54046.29,49769.85,41440.11,0.039537,A,A,0.052044,A,A,0.055562,A,A,0.060521,A,A,0.068668,A,A,0,A,,,,,,,,,,,,,,
2020-12-09,53802.64,49681.67,41347.05,0.033369,A,A,0.046226,A,A,0.049637,A,A,0.054935,A,A,0.062868,A,A,0,A,,,,,,,,,,,,,,
2020-12-10,53458.66,49606.95,41229.25,0.025704,A,A,0.038565,A,A,0.041884,A,A,0.047388,A,A,0.055150,A,A,0,A,,,,,,,,,,,,,,
2020-12-11,53436.37,49620.96,41246.58,0.024266,A,A,0.037063,A,A,0.040481,A,A,0.046244,A,A,0.053725,A,A,0,A,,,,,,,,,,,,,,
2020-12-14,53034.07,49583.89,41175.38,0.015746,A,A,0.028254,A,A,0.031892,A,A,0.037725,A,A,0.044791,A,A,0,A,,,,,,,,,,,,,,
2020-12-15,52949.02,49605.46,41182.39,0.013576,A,A,0.025529,A,A,0.029625,A,A,0.035453,A,A,0.042186,A,A,0,A,,,,,,,,,,,,,,
2020-12-16,53296.40,49736.63,41342.43,0.019823,A,A,0.031136,A,A,0.035715,A,A,0.041532,A,A,0.048046,A,A,0,A,,,,,,,,,,,,,,
2020-12-17,53596.70,49841.31,41480.98,0.025020,A,A,0.035854,A,A,0.040863,A,A,0.046630,A,A,0.052892,A,A,0,A,,,,,,,,,,,,,,
2020-12-18,53452.73,50068.39,41659.92,0.021794,A,A,0.031980,A,A,0.037555,A,A,0.043119,A,A,0.049197,A,A,0,A,,,,,,,,,,,,,,
2020-12-21,53409.84,50124.18,41688.56,0.020435,A,A,0.030110,A,A,0.036201,A,A,0.041587,A,A,0.047603,A,A,0,A,,,,,,,,,,,,,,
2020-12-22,53327.30,50166.06,41708.46,0.018263,A,A,0.027472,A,A,0.034125,A,A,0.039244,A,A,0.045294,A,A,0,A,,,,,,,,,,,,,,
2020-12-23,53208.32,50229.22,41732.12,0.015262,A,A,0.024075,A,A,0.031402,A,A,0.036129,A,A,0.042298,A,A,0,A,,,,,,,,,,,,,,
2020-12-24,52776.23,50234.99,41676.72,0.006515,A,A,0.014810,A,A,0.022747,A,A,0.026991,A,A,0.033298,A,A,0,A,,,,,,,,,,,,,,
2020-12-28,52483.34,50244.01,41638.86,0.000540,A,A,0.008267,A,A,0.016950,A,A,0.020710,A,A,0.027034,A,A,0,A,,,,,,,,,,,,,,
2020-12-29,52717.79,50286.41,41703.07,0.004440,A,A,0.011827,A,A,0.021258,A,A,0.024646,A,A,0.031016,A,A,0,A,,,,,,,,,,,,,,
2020-12-30,53011.34,50310.45,41785.44,0.009263,A,A,0.016432,A,A,0.026468,A,A,0.029615,A,A,0.036087,A,A,0,A,,,,,,,,,,,,,,
2020-12-31,53303.50,50394.78,41913.81,0.013770,A,A,0.020996,A,A,0.031556,A,A,0.034405,A,A,0.041132,A,A,0,A,,,,,,,,,,,,,,
2021-01-04,53511.02,50397.12,41947.63,0.016343,A,A,0.023847,A,A,0.035051,A,A,0.037538,A,A,0.044503,A,A,0,A,,,,,,,,,,,,,,
2021-01-05,53367.13,50479.75,41977.32,0.012079,A,A,0.020148,A,A,0.031812,A,A,0.033940,A,A,0.041055,A,A,0,A,,,,,,,,,,,,,,
2021-01-06,53650.46,50552.54,42050.38,0.015661,A,A,0.024543,A,A,0.036747,A,A,0.038663,A,A,0.045942,A,A,0,A,,,,,,,,,,,,,,
2021-01-07,53692.24,50640.71,42099.30,0.014522,A,A,0.024349,A,A,0.037042,A,A,0.038802,A,A,0.046209,A,A,0,A,,,,,,,,,,,,,,
2021-01-08,54877.66,50621.48,42264.71,0.034529,A,A,0.045770,A,A,0.059132,A,A,0.060847,A,A,0.068487,A,A,0,A,,,,,,,,,,,,,,
2021-01-11,55495.97,50721.32,42458.27,0.043478,A,A,0.056177,A,A,0.070109,A,A,0.071821,A,A,0.079563,A,A,0,A,,,,,,,,,,,,,,
2021-01-12,55603.77,50554.09,42324.03,0.042921,A,A,0.056833,A,A,0.071103,A,A,0.073027,A,A,0.080618,A,A,0,A,,,,,,,,,,,,,,
2021-01-13,56259.97,50648.18,42522.66,0.052751,A,A,0.067858,A,A,0.082492,A,A,0.084657,A,A,0.092284,A,A,0,A,,,,,,,,,,,,,,
2021-01-14,57092.03,50798.47,42774.56,0.065750,A,A,0.082134,A,A,0.097108,A,A,0.099508,A,A,0.107180,A,A,0,A,,,,,,,,,,,,,,
2021-01-15,56947.15,50781.37,42737.70,0.060955,A,A,0.077917,A,A,0.092893,A,A,0.095591,A,A,0.103157,A,A,0,A,,,,,,,,,,,,,,
2021-01-18,56541.22,50853.28,42722.70,0.051493,A,A,0.068913,A,A,0.083689,A,A,0.086779,A,A,0.094128,A,A,0,A,,,,,,,,,,,,,,
2021-01-19,56682.23,50843.82,42737.58,0.052086,A,A,0.070151,A,A,0.084935,A,A,0.088542,A,A,0.095672,A,A,0,A,,,,,,,,,,,,,,
2021-01-20,56811.14,50993.33,42859.89,0.052308,A,A,0.071049,A,A,0.085839,A,A,0.089990,A,A,0.096991,A,A,0,A,,,,,,,,,,,,,,
2021-01-21,57001.52,51016.13,42900.87,0.053935,A,A,0.072905,A,A,0.087820,A,A,0.092415,A,A,0.099458,A,A,0,A,,,,,,,,,,,,,,
2021-01-22,56265.10,51042.87,42789.13,0.039062,A,A,0.057592,A,A,0.072224,A,A,0.077215,A,A,0.084135,A,A,0,A,,,,,,,,,,,,,,
2021-01-25,56403.96,51122.09,42872.74,0.040256,A,A,0.058698,A,A,0.073347,A,A,0.078844,A,A,0.085593,A,A,0,A,,,,,,,,,,,,,,
2021-01-26,57008.32,51232.07,43062.57,0.049582,A,A,0.068278,A,A,0.083268,A,A,0.089273,A,A,0.095881,A,A,0,A,,,,,,,,,,,,,,
2021-01-27,56656.25,51278.57,43051.91,0.041449,A,A,0.059990,A,A,0.075056,A,A,0.081475,A,A,0.087910,A,A,0,A,,,,,,,,,,,,,,
2021-01-28,56296.98,51258.34,43002.62,0.033479,A,A,0.051591,A,A,0.066835,A,A,0.073660,A,A,0.079881,A,A,0,A,,,,,,,,,,,,,,
2021-01-29,56249.86,51366.51,43074.42,0.031484,A,A,0.048894,A,A,0.064530,A,A,0.071804,A,A,0.077811,A,A,0,A,,,,,,,,,,,,,,
2021-02-01,55337.93,51266.30,42851.90,0.014360,A,A,0.030222,A,A,0.046015,A,A,0.053660,A,A,0.059266,A,A,0,A,,,,,,,,,,,,,,
2021-02-02,55774.25,51212.98,42870.75,0.021679,A,A,0.036443,A,A,0.052912,A,A,0.061026,A,A,0.066495,A,A,0,A,,,,,,,,,,,,,,
2021-02-03,56727.22,51335.83,43114.04,0.037957,A,A,0.051843,A,A,0.069276,A,A,0.078009,A,A,0.083470,A,A,0,A,,,,,,,,,,,,,,
2021-02-04,56665.76,51342.09,43124.80,0.035794,A,A,0.048489,A,A,0.066541,A,A,0.075767,A,A,0.081146,A,A,0,A,,,,,,,,,,,,,,
2021-02-05,57056.33,51457.58,43253.39,0.041571,A,A,0.053354,A,A,0.072228,A,A,0.081961,A,A,0.087469,A,A,0,A,,,,,,,,,,,,,,
2021-02-08,57362.08,51544.47,43379.45,0.045735,A,A,0.056655,A,A,0.076300,A,A,0.086397,A,A,0.092133,A,A,0,A,,,,,,,,,,,,,,
2021-02-09,57683.06,51667.82,43501.93,0.049957,A,A,0.060410,A,A,0.080556,A,A,0.091039,A,A,0.097060,A,A,0,A,,,,,,,,,,,,,,
2021-02-10,57852.68,51745.76,43583.78,0.051364,A,A,0.061528,A,A,0.082025,A,A,0.092710,A,A,0.099176,A,A,0,A,,,,,,,,,,,,,,
2021-02-11,57903.45,51874.75,43679.18,0.050650,A,A,0.060724,A,A,0.081269,A,A,0.092081,A,A,0.099010,A,A,0,A,,,,,,,,,,,,,,
2021-02-12,57690.97,51969.59,43693.72,0.045156,A,A,0.055166,A,A,0.075685,A,A,0.086472,A,A,0.093907,A,A,0,A,,,,,,,,,,,,,,
2021-02-15,58001.03,52027.99,43758.51,0.048855,A,A,0.059026,A,A,0.079909,A,A,0.090688,A,A,0.098684,A,A,0,A,,,,,,,,,,,,,,
2021-02-16,57812.03,52027.22,43708.72,0.043602,A,A,0.053771,A,A,0.074903,A,A,0.085637,A,A,0.094067,A,A,0,A,,,,,,,,,,,,,,
2021-02-17,57877.77,51803.41,43542.39,0.042763,A,A,0.053392,A,A,0.074635,A,A,0.085333,A,A,0.094334,A,A,0,A,,,,,,,,,,,,,,
2021-02-18,57830.95,51607.01,43382.67,0.039887,A,A,0.051192,A,A,0.072408,A,A,0.082951,A,A,0.092435,A,A,0,A,,,,,,,,,,,,,,
2021-02-19,56900.21,51455.28,43123.07,0.021680,A,A,0.033187,A,A,0.054164,A,A,0.064203,A,A,0.073880,A,A,0,A,,,,,,,,,,,,,,
2021-02-22,56751.22,51225.42,42925.74,0.017723,A,A,0.029321,A,A,0.050449,A,A,0.060071,A,A,0.070105,A,A,0,A,,,,,,,,,,,,,,
2021-02-23,56168.63,51003.08,42659.00,0.006187,A,A,0.017777,A,A,0.038852,A,A,0.047976,A,A,0.058327,A,A,0,A,,,,,,,,,,,,,,
2021-02-24,55766.30,50776.16,42415.14,-0.001957,A,A,0.009714,A,A,0.030649,A,A,0.039308,A,A,0.050047,A,A,0,A,,,,,,,,,,,,,,
2021-02-25,55494.63,50594.24,42197.48,-0.007674,A,A,0.004247,A,A,0.024882,A,A,0.033165,A,A,0.044263,A,A,0,A,,,,,,,,,,,,,,
2021-02-26,55502.49,50235.97,41930.86,-0.008438,A,A,0.004066,A,A,0.024190,A,A,0.032238,A,A,0.043771,A,A,0,A,,,,,,,,,,,,,,
2021-03-01,55303.88,50399.81,41979.51,-0.012976,A,A,0.000145,A,A,0.019750,A,A,0.027563,A,A,0.039419,A,A,0,A,,,,,,,,,,,,,,
2021-03-02,56063.66,50689.35,42294.32,-0.000835,A,A,0.013277,A,A,0.032808,A,A,0.040534,A,A,0.052955,A,A,0,A,,,,,,,,,,,,,,
2021-03-03,56412.71,50888.82,42492.69,0.003917,A,A,0.018949,A,A,0.038168,A,A,0.045876,A,A,0.058638,A,A,0,A,,,,,,,,,,,,,,
2021-03-04,56811.98,50662.18,42401.20,0.009505,A,A,0.025299,A,A,0.044320,A,A,0.052071,A,A,0.065186,A,A,0,A,,,,,,,,,,,,,,
2021-03-05,56008.44,50566.02,42200.30,-0.005835,A,A,0.010231,A,A,0.028464,A,A,0.036175,A,A,0.049361,A,A,0,A,,,,,,,,,,,,,,
2021-03-08,56046.22,50168.40,41893.72,-0.006159,A,A,0.010288,A,A,0.027955,A,A,0.035961,A,A,0.049253,A,A,0,A,,,,,,,,,,,,,,
2021-03-09,55641.05,50043.21,41730.41,-0.014227,A,A,0.002493,A,A,0.019307,A,A,0.027654,A,A,0.040861,A,A,0,A,,,,,,,,,,,,,,
2021-03-10,55588.19,50184.93,41799.94,-0.015914,A,A,0.001106,A,A,0.017071,A,A,0.025879,A,A,0.039068,A,A,0,A,,,,,,,,,,,,,,
2021-03-11,55857.57,50246.21,41887.47,-0.011987,A,A,0.005376,A,A,0.020612,A,A,0.030097,A,A,0.043203,A,A,0,A,,,,,,,,,,,,,,
2021-03-12,55980.08,50343.31,41994.48,-0.010249,A,A,0.006867,A,A,0.021481,A,A,0.031702,A,A,0.044538,A,A,0,A,,,,,,,,,,,,,,
2021-03-15,55871.96,50200.66,41893.45,-0.012306,A,A,0.004235,A,A,0.018152,A,A,0.029071,A,A,0.041536,A,A,0,A,,,,,,,,,,,,,,
2021-03-16,55975.64,50136.88,41872.05,-0.010618,A,A,0.005268,A,A,0.018741,A,A,0.030327,A,A,0.042501,A,A,0,A,,,,,,,,,,,,,,
2021-03-17,56246.28,50132.10,41929.37,-0.005829,A,A,0.009195,A,A,0.022502,A,A,0.034569,A,A,0.046592,A,A,0,A,,,,,,,,,,,,,,
2021-03-18,56653.20,50160.18,42019.50,0.001536,A,A,0.015540,A,A,0.028785,A,A,0.041196,A,A,0.053122,A,A,0,A,,,,,,,,,,,,,,
2021-03-19,56261.90,49841.00,41741.85,-0.005114,A,A,0.007774,A,A,0.020842,A,A,0.033147,A,A,0.044891,A,A,0,A,,,,,,,,,,,,,,
2021-03-22,55598.02,49803.68,41618.77,-0.016488,A,A,-0.004715,A,A,0.008101,A,A,0.020242,A,A,0.031703,A,A,0,A,,,,,,,,,,,,,,
2021-03-23,55519.32,49749.00,41548.56,-0.017431,A,A,-0.006710,A,A,0.005964,A,A,0.018095,A,A,0.029349,A,A,0,A,,,,,,,,,,,,,,
2021-03-24,55337.39,49782.36,41554.63,-0.020083,fuera,A,-0.010521,A,A,0.001956,A,A,0.014057,A,A,0.025120,A,A,0,A,,,,,,,,,,,,,,
2021-03-25,55090.30,49689.22,41424.51,-0.023724,fuera,A,-0.015457,A,A,-0.003013,A,A,0.008846,A,A,0.019701,A,A,0,A,,,,,,,,,,,,,,
2021-03-26,55415.18,49459.21,41314.51,-0.017638,fuera,A,-0.010380,A,A,0.002445,A,A,0.013987,A,A,0.024841,A,A,0,A,,,,,,,,,,,,,,
2021-03-29,56049.66,49115.64,41150.71,-0.006252,fuera,A,-0.000045,A,A,0.013341,A,A,0.024572,A,A,0.035599,A,A,0,A,,,,,,,,,,,,,,
2021-03-30,56476.69,49245.76,41302.52,0.001529,fuera,fuera,0.006519,A,A,0.020303,A,A,0.031177,A,A,0.042486,A,A,1,A,,,,,,,,,,,,,,
2021-03-31,56383.33,49151.29,41221.29,-0.000019,fuera,fuera,0.003913,A,A,0.017880,A,A,0.028235,A,A,0.039766,A,A,1,A,,,,,,,,,,,,,,
2021-04-01,55899.23,49126.47,41145.83,-0.008449,fuera,fuera,-0.005425,A,A,0.008567,A,A,0.018217,A,A,0.029990,A,A,1,A,,,,,,,,,,,,,,
2021-04-05,55918.12,49179.00,41186.32,-0.007985,fuera,fuera,-0.005754,A,A,0.008432,A,A,0.017406,A,A,0.029494,A,A,1,A,,,,,,,,,,,,,,
2021-04-06,56184.49,49495.82,41461.97,-0.003592,fuera,fuera,-0.001799,A,A,0.012866,A,A,0.021034,A,A,0.033532,A,A,1,A,,,,,,,,,,,,,,
2021-04-07,56297.16,49716.11,41649.10,-0.001799,fuera,fuera,-0.000532,A,A,0.014460,A,A,0.021911,A,A,0.034811,A,A,1,A,,,,,,,,,,,,,,
2021-04-08,56084.64,49695.29,41598.07,-0.005316,fuera,fuera,-0.004965,A,A,0.010196,A,A,0.017091,A,A,0.030158,A,A,1,A,,,,,,,,,,,,,,
2021-04-09,55928.44,49709.03,41585.68,-0.007797,fuera,fuera,-0.008025,A,A,0.007035,A,A,0.013446,A,A,0.026577,A,A,1,A,,,,,,,,,,,,,,
2021-04-12,55966.30,49672.64,41567.91,-0.006699,fuera,fuera,-0.007483,A,A,0.007287,A,A,0.013473,A,A,0.026633,A,A,1,A,,,,,,,,,,,,,,
2021-04-13,55756.66,49471.85,41398.56,-0.009793,fuera,fuera,-0.011243,A,A,0.003166,A,A,0.009054,A,A,0.022283,A,A,1,A,,,,,,,,,,,,,,
2021-04-14,55857.92,49224.42,41252.21,-0.007279,fuera,fuera,-0.009337,A,A,0.004585,A,A,0.010218,A,A,0.023615,A,A,1,A,,,,,,,,,,,,,,
2021-04-15,55898.63,49019.81,41154.84,-0.005789,fuera,fuera,-0.008287,A,A,0.004916,A,A,0.010243,A,A,0.023834,A,A,1,A,,,,,,,,,,,,,,
2021-04-16,55851.67,49224.05,41252.52,-0.005818,fuera,fuera,-0.008819,A,A,0.003709,A,A,0.008833,A,A,0.022427,A,A,1,A,,,,,,,,,,,,,,
2021-04-19,56385.27,49496.32,41499.74,0.004199,fuera,fuera,0.000694,A,A,0.012776,A,A,0.017935,A,A,0.031530,A,A,1,A,,,,,,,,,,,,,,
2021-04-20,56362.82,49424.59,41476.47,0.004451,fuera,fuera,0.000384,A,A,0.011787,A,A,0.016976,A,A,0.030395,A,A,1,A,,,,,,,,,,,,,,
2021-04-21,55816.66,49385.15,41341.64,-0.004496,fuera,fuera,-0.009037,A,A,0.001507,A,A,0.006595,A,A,0.019786,A,A,1,A,,,,,,,,,,,,,,
2021-04-22,55779.96,49279.96,41264.75,-0.004322,fuera,fuera,-0.009352,A,A,0.000301,A,A,0.005416,A,A,0.018493,A,A,1,A,,,,,,,,,,,,,,
2021-04-23,56308.18,49092.17,41264.56,0.005714,fuera,fuera,0.000017,A,A,0.009098,A,A,0.014371,A,A,0.027404,A,A,1,A,,,,,,,,,,,,,,
2021-04-26,56945.96,49269.71,41497.20,0.017087,fuera,fuera,0.011191,A,A,0.019787,A,A,0.025266,A,A,0.038178,A,A,1,A,,,,,,,,,,,,,,
2021-04-27,56750.80,49022.46,41291.51,0.013601,fuera,fuera,0.007798,A,A,0.015654,A,A,0.021334,A,A,0.033737,A,A,1,A,,,,,,,,,,,,,,
2021-04-28,56437.35,48567.58,40920.58,0.007895,fuera,fuera,0.002293,A,A,0.009445,A,A,0.015294,A,A,0.027118,A,A,1,A,,,,,,,,,,,,,,
2021-04-29,56229.49,48134.46,40635.08,0.003999,fuera,fuera,-0.001380,A,A,0.005164,A,A,0.011158,A,A,0.022383,A,A,1,A,,,,,,,,,,,,,,
2021-04-30,56405.60,47833.73,40490.27,0.006779,fuera,fuera,0.001704,A,A,0.007696,A,A,0.013942,A,A,0.024559,A,A,1,A,,,,,,,,,,,,,,
2021-05-03,56241.50,47756.94,40440.72,0.003556,fuera,fuera,-0.001460,A,A,0.004160,A,A,0.010576,A,A,0.020538,A,A,1,A,,,,,,,,,,,,,,
2021-05-04,56095.93,47835.66,40448.46,0.000644,fuera,fuera,-0.004134,A,A,0.000902,A,A,0.007602,A,A,0.016912,A,A,1,A,,,,,,,,,,,,,,
2021-05-05,55952.48,48188.12,40638.76,-0.001871,fuera,fuera,-0.006467,A,A,-0.002344,A,A,0.004665,A,A,0.013342,A,A,1,A,,,,,,,,,,,,,,
2021-05-06,55995.64,48526.92,40884.58,-0.000936,fuera,fuera,-0.005516,A,A,-0.002222,A,A,0.005080,A,A,0.013203,A,A,1,A,,,,,,,,,,,,,,
2021-05-07,55916.25,48651.32,40981.27,-0.001998,fuera,fuera,-0.006611,A,A,-0.004210,A,A,0.003334,A,A,0.010996,A,A,1,A,,,,,,,,,,,,,,
2021-05-10,55820.98,48800.52,41065.76,-0.003624,fuera,fuera,-0.007880,A,A,-0.006401,A,A,0.001279,A,A,0.008618,A,A,1,A,,,,,,,,,,,,,,
2021-05-11,55578.57,48831.99,41068.08,-0.007767,fuera,fuera,-0.011610,A,A,-0.011120,A,A,-0.003430,A,A,0.003752,A,A,1,A,,,,,,,,,,,,,,
2021-05-12,55407.67,48914.21,41125.11,-0.010726,fuera,fuera,-0.013980,A,A,-0.014559,A,A,-0.006829,A,A,0.000202,A,A,1,A,,,,,,,,,,,,,,
2021-05-13,55294.61,48680.67,40947.09,-0.012630,fuera,fuera,-0.015277,A,A,-0.016889,A,A,-0.009238,A,A,-0.002308,A,A,1,A,,,,,,,,,,,,,,
2021-05-14,55413.76,48748.10,41017.17,-0.010328,fuera,fuera,-0.012530,A,A,-0.015105,A,A,-0.007520,A,A,-0.000673,A,A,1,A,,,,,,,,,,,,,,
2021-05-17,55634.03,48733.96,41012.00,-0.006257,fuera,fuera,-0.007951,A,A,-0.011338,A,A,-0.003972,A,A,0.002867,A,A,1,A,,,,,,,,,,,,,,
2021-05-18,55996.00,48190.90,40716.18,0.000159,fuera,fuera,-0.000991,A,A,-0.005004,A,A,0.002098,A,A,0.009006,A,A,1,A,,,,,,,,,,,,,,
2021-05-19,55839.80,48202.64,40701.74,-0.002577,fuera,fuera,-0.003211,A,A,-0.007826,A,A,-0.001103,A,A,0.005810,A,A,1,A,,,,,,,,,,,,,,
2021-05-20,55576.91,47925.79,40426.15,-0.007009,fuera,fuera,-0.007280,A,A,-0.012363,A,A,-0.006173,A,A,0.000674,A,A,1,A,,,,,,,,,,,,,,
2021-05-24,55933.98,47863.75,40437.37,-0.000344,fuera,fuera,-0.000632,A,A,-0.005791,A,A,-0.000232,A,A,0.006650,A,A,1,A,,,,,,,,,,,,,,
2021-05-25,56959.39,47508.73,40291.46,0.017700,fuera,fuera,0.017630,A,A,0.012433,A,A,0.017447,A,A,0.024534,A,A,1,A,,,,,,,,,,,,,,
2021-05-26,57595.83,47329.14,40237.18,0.028256,A,fuera,0.028590,A,A,0.023532,A,A,0.027972,A,A,0.035386,A,A,1,A,,,,,,,,,,,,,,
2021-05-27,57633.81,47447.23,40334.23,0.028072,A,fuera,0.028732,A,A,0.024015,A,A,0.027751,A,A,0.035586,A,A,1,A,,,,,,,,,,,,,,
2021-05-28,57757.46,47531.64,40395.57,0.029290,A,fuera,0.030289,A,A,0.026020,A,A,0.029075,A,A,0.037273,A,A,1,A,,,,,,,,,,,,,,
2021-05-31,57732.54,47822.10,40588.97,0.027770,A,fuera,0.029205,A,A,0.025430,A,A,0.027807,A,A,0.036265,A,A,1,A,,,,,,,,,,,,,,
2021-06-01,57788.65,48039.81,40750.09,0.027804,A,A,0.029493,A,A,0.026118,A,A,0.028024,A,A,0.036742,A,A,0,A,,,,,,,,,,,,,,
2021-06-02,58069.75,48114.85,40867.03,0.031980,A,A,0.033923,A,A,0.030770,A,A,0.032228,A,A,0.041158,A,A,0,A,,,,,,,,,,,,,,
2021-06-03,58001.48,48081.47,40852.67,0.030146,A,A,0.032251,A,A,0.029357,A,A,0.030206,A,A,0.039345,A,A,0,A,,,,,,,,,,,,,,
2021-06-04,57584.68,47628.62,40451.92,0.022259,A,A,0.024614,A,A,0.021773,A,A,0.022123,A,A,0.031329,A,A,0,A,,,,,,,,,,,,,,
2021-06-07,57485.48,47195.80,40129.29,0.019860,A,A,0.022429,A,A,0.019774,A,A,0.019708,A,A,0.029028,A,A,0,A,,,,,,,,,,,,,,
2021-06-08,57421.20,46803.09,39814.37,0.018116,A,A,0.020895,A,A,0.018398,A,A,0.018130,A,A,0.027384,A,A,0,A,,,,,,,,,,,,,,
2021-06-09,57535.85,46720.23,39767.95,0.019606,A,A,0.022395,A,A,0.019990,A,A,0.019812,A,A,0.028890,A,A,0,A,,,,,,,,,,,,,,
2021-06-10,57649.86,46719.24,39780.72,0.021082,A,A,0.023835,A,A,0.021634,A,A,0.021480,A,A,0.030316,A,A,0,A,,,,,,,,,,,,,,
2021-06-11,57932.40,46930.43,39989.26,0.025341,A,A,0.028261,A,A,0.026397,A,A,0.026196,A,A,0.034706,A,A,0,A,,,,,,,,,,,,,,
2021-06-14,57940.42,47200.65,40178.62,0.024672,A,A,0.027845,A,A,0.026282,A,A,0.026192,A,A,0.034130,A,A,0,A,,,,,,,,,,,,,,
2021-06-15,58005.56,47219.20,40206.81,0.025002,A,A,0.028392,A,A,0.027243,A,A,0.027162,A,A,0.034552,A,A,0,A,,,,,,,,,,,,,,
2021-06-16,58137.90,47166.51,40196.25,0.026381,A,A,0.030121,A,A,0.029430,A,A,0.029228,A,A,0.036202,A,A,0,A,,,,,,,,,,,,,,
2021-06-17,58032.46,47105.17,40153.35,0.023647,A,A,0.027745,A,A,0.027492,A,A,0.027128,A,A,0.033674,A,A,0,A,,,,,,,,,,,,,,
2021-06-18,58309.91,47034.44,40150.67,0.027569,A,A,0.032185,A,A,0.032312,A,A,0.031778,A,A,0.037903,A,A,0,A,,,,,,,,,,,,,,
2021-06-22,58759.10,47055.07,40233.25,0.034308,A,A,0.039419,A,A,0.040089,A,A,0.039418,A,A,0.045109,A,A,0,A,,,,,,,,,,,,,,
2021-06-23,59138.48,47039.40,40283.14,0.039866,A,A,0.045107,A,A,0.046507,A,A,0.045623,A,A,0.050995,A,A,0,A,,,,,,,,,,,,,,
2021-06-24,58430.70,46899.95,40053.64,0.026591,A,A,0.031769,A,A,0.033895,A,A,0.032756,A,A,0.037652,A,A,0,A,,,,,,,,,,,,,,
2021-06-25,58662.20,46726.09,39958.47,0.029514,A,A,0.034908,A,A,0.037817,A,A,0.036560,A,A,0.040899,A,A,0,A,,,,,,,,,,,,,,
2021-06-29,58736.07,46627.59,39889.61,0.029624,A,A,0.035171,A,A,0.038949,A,A,0.037502,A,A,0.041293,A,A,0,A,,,,,,,,,,,,,,
2021-06-30,58746.55,46424.75,39762.32,0.028830,A,A,0.034407,A,A,0.038947,A,A,0.037259,A,A,0.040596,A,A,0,A,,,,,,,,,,,,,,
2021-07-01,58201.18,46166.28,39455.54,0.018781,A,A,0.024197,A,A,0.029039,A,A,0.027293,A,A,0.030184,A,A,0,A,,,,,,,,,,,,,,
2021-07-02,58655.73,46052.17,39444.70,0.025978,A,A,0.031578,A,A,0.036688,A,A,0.034739,A,A,0.037450,A,A,0,A,,,,,,,,,,,,,,
2021-07-05,58493.42,45727.75,39185.68,0.022322,A,A,0.028128,A,A,0.033348,A,A,0.031405,A,A,0.033856,A,A,0,A,,,,,,,,,,,,,,
2021-07-06,58344.52,45339.33,38863.49,0.018882,A,A,0.024822,A,A,0.030196,A,A,0.028500,A,A,0.030505,A,A,0,A,,,,,,,,,,,,,,
2021-07-07,58517.98,45345.81,38875.41,0.021075,A,A,0.027136,A,A,0.032646,A,A,0.031237,A,A,0.032864,A,A,0,A,,,,,,,,,,,,,,
2021-07-08,58923.07,45320.61,38921.02,0.027075,A,A,0.033470,A,A,0.039098,A,A,0.038050,A,A,0.039252,A,A,0,A,,,,,,,,,,,,,,
2021-07-09,58534.45,45670.78,39137.64,0.019338,A,A,0.026025,A,A,0.031591,A,A,0.031001,A,A,0.031870,A,A,0,A,,,,,,,,,,,,,,
2021-07-12,58815.35,45923.95,39363.88,0.023096,A,A,0.030178,A,A,0.035984,A,A,0.035752,A,A,0.036340,A,A,0,A,,,,,,,,,,,,,,
2021-07-13,58826.21,46014.74,39429.22,0.022167,A,A,0.029552,A,A,0.035686,A,A,0.035774,A,A,0.036065,A,A,0,A,,,,,,,,,,,,,,
2021-07-14,58819.74,46114.10,39560.59,0.020910,A,A,0.028636,A,A,0.035165,A,A,0.035501,A,A,0.035580,A,A,0,A,,,,,,,,,,,,,,
2021-07-15,58994.28,46317.86,39728.60,0.022688,A,A,0.030777,A,A,0.037631,A,A,0.038347,A,A,0.038377,A,A,0,A,,,,,,,,,,,,,,
2021-07-19,58850.85,46633.47,39948.07,0.018917,A,A,0.027431,A,A,0.034541,A,A,0.035675,A,A,0.035577,A,A,0,A,,,,,,,,,,,,,,
2021-07-20,58669.44,47030.53,40169.01,0.014503,A,A,0.023490,A,A,0.030743,A,A,0.032334,A,A,0.032079,A,A,0,A,,,,,,,,,,,,,,
2021-07-21,58906.98,47127.09,40254.12,0.017198,A,A,0.026779,A,A,0.034246,A,A,0.036335,A,A,0.035935,A,A,0,A,,,,,,,,,,,,,,
2021-07-22,59079.09,46936.92,40159.80,0.018737,A,A,0.029024,A,A,0.036616,A,A,0.039146,A,A,0.038633,A,A,0,A,,,,,,,,,,,,,,
2021-07-23,58867.92,46882.06,40081.23,0.013840,A,A,0.024647,A,A,0.032330,A,A,0.035090,A,A,0.034651,A,A,0,A,,,,,,,,,,,,,,
2021-07-26,59012.00,46737.12,40010.70,0.015149,A,A,0.026263,A,A,0.034224,A,A,0.037231,A,A,0.036787,A,A,0,A,,,,,,,,,,,,,,
2021-07-27,58910.82,46548.72,39842.64,0.012220,A,A,0.023633,A,A,0.031861,A,A,0.034977,A,A,0.034647,A,A,0,A,,,,,,,,,,,,,,
2021-07-28,58379.58,46306.64,39583.38,0.002020,A,A,0.013832,A,A,0.022131,A,A,0.025196,A,A,0.025121,A,A,0,A,,,,,,,,,,,,,,
2021-07-29,59140.68,45859.18,39406.86,0.013844,A,A,0.026438,A,A,0.034956,A,A,0.037929,A,A,0.038126,A,A,0,A,,,,,,,,,,,,,,
2021-07-30,59102.27,45988.91,39489.11,0.012359,A,A,0.025118,A,A,0.033713,A,A,0.036631,A,A,0.037047,A,A,0,A,,,,,,,,,,,,,,
2021-08-02,59024.12,46185.56,39612.39,0.010471,A,A,0.023045,A,A,0.031659,A,A,0.034617,A,A,0.035276,A,A,0,A,,,,,,,,,,,,,,
2021-08-03,59291.45,46229.46,39684.91,0.014408,A,A,0.026827,A,A,0.035573,A,A,0.038743,A,A,0.039392,A,A,0,A,,,,,,,,,,,,,,
2021-08-04,60252.65,46263.67,39842.25,0.029876,A,A,0.042388,A,A,0.051358,A,A,0.054907,A,A,0.055585,A,A,0,A,,,,,,,,,,,,,,
2021-08-05,60278.07,46186.61,39806.91,0.029315,A,A,0.041692,A,A,0.050745,A,A,0.054743,A,A,0.055509,A,A,0,A,,,,,,,,,,,,,,
2021-08-06,60477.31,46104.79,39771.83,0.031665,A,A,0.043900,A,A,0.053186,A,A,0.057441,A,A,0.058437,A,A,0,A,,,,,,,,,,,,,,
2021-08-09,60959.30,46246.11,39908.47,0.038749,A,A,0.050800,A,A,0.060572,A,A,0.064998,A,A,0.066295,A,A,0,A,,,,,,,,,,,,,,
2021-08-10,61144.61,46157.08,39881.06,0.040668,A,A,0.052535,A,A,0.062837,A,A,0.067258,A,A,0.068975,A,A,0,A,,,,,,,,,,,,,,
2021-08-11,60883.72,46113.24,39806.98,0.034936,A,A,0.046646,A,A,0.057383,A,A,0.061769,A,A,0.063941,A,A,0,A,,,,,,,,,,,,,,
2021-08-12,60585.69,46138.67,39756.25,0.028666,A,A,0.040191,A,A,0.051256,A,A,0.055743,A,A,0.058332,A,A,0,A,,,,,,,,,,,,,,
2021-08-13,60459.15,46238.04,39785.31,0.025342,A,A,0.036661,A,A,0.048143,A,A,0.052755,A,A,0.055747,A,A,0,A,,,,,,,,,,,,,,
2021-08-16,60641.80,46479.78,39968.17,0.027237,A,A,0.038337,A,A,0.050407,A,A,0.055101,A,A,0.058504,A,A,0,A,,,,,,,,,,,,,,
2021-08-17,60867.59,46684.81,40150.04,0.029814,A,A,0.040651,A,A,0.053392,A,A,0.058172,A,A,0.062023,A,A,0,A,,,,,,,,,,,,,,
2021-08-18,60790.64,46729.08,40170.00,0.027408,A,A,0.037845,A,A,0.051109,A,A,0.056039,A,A,0.060243,A,A,0,A,,,,,,,,,,,,,,
2021-08-19,60537.83,46632.44,40056.10,0.022139,A,A,0.032179,A,A,0.045812,A,A,0.050972,A,A,0.055446,A,A,0,A,,,,,,,,,,,,,,
2021-08-20,60103.28,46583.60,39947.13,0.014003,A,A,0.023650,A,A,0.037481,A,A,0.042766,A,A,0.047540,A,A,0,A,,,,,,,,,,,,,,
2021-08-23,60054.04,46423.96,39787.56,0.012445,A,A,0.021665,A,A,0.035777,A,A,0.041145,A,A,0.046225,A,A,0,A,,,,,,,,,,,,,,
2021-08-24,60466.51,46350.98,39790.63,0.018470,A,A,0.027347,A,A,0.041971,A,A,0.047440,A,A,0.052870,A,A,0,A,,,,,,,,,,,,,,
2021-08-25,60791.49,46366.61,39884.70,0.022994,A,A,0.031538,A,A,0.046590,A,A,0.052123,A,A,0.057853,A,A,0,A,,,,,,,,,,,,,,
2021-08-26,60938.75,46512.51,40015.75,0.024637,A,A,0.032947,A,A,0.048106,A,A,0.053656,A,A,0.059659,A,A,0,A,,,,,,,,,,,,,,
2021-08-27,60876.51,46540.61,40029.12,0.022926,A,A,0.030996,A,A,0.046137,A,A,0.051634,A,A,0.057791,A,A,0,A,,,,,,,,,,,,,,
2021-08-30,61171.22,46662.80,40134.76,0.026828,A,A,0.035019,A,A,0.050238,A,A,0.055836,A,A,0.062082,A,A,0,A,,,,,,,,,,,,,,
2021-08-31,61069.35,46830.56,40231.84,0.024198,A,A,0.032391,A,A,0.047439,A,A,0.053282,A,A,0.059471,A,A,0,A,,,,,,,,,,,,,,
2021-09-01,60946.65,46799.47,40208.02,0.021299,A,A,0.029443,A,A,0.044306,A,A,0.050379,A,A,0.056632,A,A,0,A,,,,,,,,,,,,,,
2021-09-02,60535.39,46217.41,39755.95,0.013732,A,A,0.021756,A,A,0.036425,A,A,0.042497,A,A,0.048907,A,A,0,A,,,,,,,,,,,,,,
2021-09-03,60648.20,45790.50,39526.10,0.014697,A,A,0.022964,A,A,0.037626,A,A,0.043631,A,A,0.050308,A,A,0,A,,,,,,,,,,,,,,
2021-09-06,60592.76,45796.06,39521.87,0.013040,A,A,0.021331,A,A,0.035921,A,A,0.041924,A,A,0.048687,A,A,0,A,,,,,,,,,,,,,,
2021-09-07,61100.83,45774.71,39587.38,0.020545,A,A,0.028942,A,A,0.043682,A,A,0.049834,A,A,0.056746,A,A,0,A,,,,,,,,,,,,,,
2021-09-08,61459.85,45448.89,39454.01,0.025356,A,A,0.033907,A,A,0.048774,A,A,0.055075,A,A,0.062107,A,A,0,A,,,,,,,,,,,,,,
2021-09-09,61613.45,45360.52,39446.35,0.026741,A,A,0.035350,A,A,0.050358,A,A,0.056730,A,A,0.063882,A,A,0,A,,,,,,,,,,,,,,
2021-09-10,61688.40,45011.64,39235.67,0.026938,A,A,0.035481,A,A,0.050552,A,A,0.057027,A,A,0.064326,A,A,0,A,,,,,,,,,,,,,,
2021-09-13,61830.67,44886.06,39183.56,0.028053,A,A,0.036732,A,A,0.051833,A,A,0.058416,A,A,0.065927,A,A,0,A,,,,,,,,,,,,,,
2021-09-14,61404.99,45073.19,39232.57,0.019999,A,A,0.028659,A,A,0.043516,A,A,0.050179,A,A,0.057788,A,A,0,A,,,,,,,,,,,,,,
2021-09-15,61138.75,45444.89,39453.37,0.014710,A,A,0.023342,A,A,0.037984,A,A,0.044734,A,A,0.052458,A,A,0,A,,,,,,,,,,,,,,
2021-09-16,61065.09,45838.35,39696.45,0.012649,A,A,0.021292,A,A,0.035727,A,A,0.042591,A,A,0.050499,A,A,0,A,,,,,,,,,,,,,,
2021-09-20,60601.25,45823.13,39619.77,0.004363,A,A,0.012882,A,A,0.026935,A,A,0.033963,A,A,0.041958,A,A,0,A,,,,,,,,,,,,,,
2021-09-21,60111.74,45761.46,39528.80,-0.004213,A,A,0.004155,A,A,0.017771,A,A,0.024987,A,A,0.032999,A,A,0,A,,,,,,,,,,,,,,
2021-09-22,60019.64,46017.19,39685.98,-0.006232,A,A,0.002169,A,A,0.015331,A,A,0.022718,A,A,0.030794,A,A,0,A,,,,,,,,,,,,,,
2021-09-23,60360.59,45985.68,39716.42,-0.001121,A,A,0.007442,A,A,0.020127,A,A,0.027764,A,A,0.035966,A,A,0,A,,,,,,,,,,,,,,
2021-09-24,60949.03,45928.86,39760.66,0.007923,A,A,0.016783,A,A,0.029002,A,A,0.037003,A,A,0.045267,A,A,0,A,,,,,,,,,,,,,,
2021-09-27,60848.56,45753.62,39620.16,0.005530,A,A,0.014467,A,A,0.026302,A,A,0.034639,A,A,0.042726,A,A,0,A,,,,,,,,,,,,,,
2021-09-28,61256.44,45429.62,39467.48,0.011437,A,A,0.020578,A,A,0.032164,A,A,0.040815,A,A,0.048883,A,A,0,A,,,,,,,,,,,,,,
2021-09-29,60673.38,45204.85,39248.24,0.001162,A,A,0.010354,A,A,0.021415,A,A,0.030202,A,A,0.038247,A,A,0,A,,,,,,,,,,,,,,
2021-09-30,60813.84,45063.85,39167.70,0.002585,A,A,0.012149,A,A,0.022778,A,A,0.031822,A,A,0.040038,A,A,0,A,,,,,,,,,,,,,,
2021-10-01,61242.55,45072.58,39264.03,0.008876,A,A,0.018478,A,A,0.028968,A,A,0.038284,A,A,0.046679,A,A,0,A,,,,,,,,,,,,,,
2021-10-04,60855.73,44912.25,39075.70,0.001860,A,A,0.011467,A,A,0.021725,A,A,0.030958,A,A,0.039369,A,A,0,A,,,,,,,,,,,,,,
2021-10-05,60581.12,44472.93,38782.98,-0.003228,A,A,0.006357,A,A,0.016549,A,A,0.025564,A,A,0.034026,A,A,0,A,,,,,,,,,,,,,,
2021-10-06,60825.34,44058.43,38549.55,0.000229,A,A,0.009764,A,A,0.020040,A,A,0.028890,A,A,0.037542,A,A,0,A,,,,,,,,,,,,,,
2021-10-07,60706.92,43343.85,38026.64,-0.001884,A,A,0.007226,A,A,0.017494,A,A,0.026108,A,A,0.034904,A,A,0,A,,,,,,,,,,,,,,
2021-10-08,61067.42,42840.06,37717.53,0.003754,A,A,0.012644,A,A,0.022901,A,A,0.031346,A,A,0.040348,A,A,0,A,,,,,,,,,,,,,,
2021-10-12,61430.44,42084.61,37300.45,0.009369,A,A,0.017900,A,A,0.028285,A,A,0.036542,A,A,0.045755,A,A,0,A,,,,,,,,,,,,,,
2021-10-13,61696.92,41558.57,36978.05,0.013475,A,A,0.021554,A,A,0.032050,A,A,0.040016,A,A,0.049478,A,A,0,A,,,,,,,,,,,,,,
2021-10-14,61297.83,41202.72,36682.39,0.006863,A,A,0.014297,A,A,0.024746,A,A,0.032312,A,A,0.041910,A,A,0,A,,,,,,,,,,,,,,
2021-10-15,61510.48,41745.85,37076.30,0.010125,A,A,0.017108,A,A,0.027552,A,A,0.034862,A,A,0.044728,A,A,0,A,,,,,,,,,,,,,,
2021-10-18,62612.38,42191.22,37530.18,0.027460,A,A,0.034362,A,A,0.044965,A,A,0.052187,A,A,0.062482,A,A,0,A,,,,,,,,,,,,,,
2021-10-19,62261.54,41916.24,37268.89,0.021032,A,A,0.027661,A,A,0.038178,A,A,0.045182,A,A,0.055617,A,A,0,A,,,,,,,,,,,,,,
2021-10-20,62077.62,42027.19,37311.80,0.017483,A,A,0.023726,A,A,0.034240,A,A,0.041083,A,A,0.051693,A,A,0,A,,,,,,,,,,,,,,
2021-10-21,62116.24,42258.79,37458.34,0.017653,A,A,0.023516,A,A,0.034029,A,A,0.040687,A,A,0.051534,A,A,0,A,,,,,,,,,,,,,,
2021-10-22,62337.59,42164.99,37402.63,0.020705,A,A,0.026303,A,A,0.036869,A,A,0.043270,A,A,0.054358,A,A,0,A,,,,,,,,,,,,,,
2021-10-25,62407.18,42244.78,37436.43,0.021150,A,A,0.026514,A,A,0.037170,A,A,0.043358,A,A,0.054597,A,A,0,A,,,,,,,,,,,,,,
2021-10-26,62318.51,42891.63,37816.89,0.018878,A,A,0.024185,A,A,0.034872,A,A,0.040987,A,A,0.052250,A,A,0,A,,,,,,,,,,,,,,
2021-10-27,62252.05,43624.92,38245.74,0.016979,A,A,0.022216,A,A,0.032985,A,A,0.039108,A,A,0.050381,A,A,0,A,,,,,,,,,,,,,,
2021-10-28,61644.08,43663.78,38186.22,0.006617,A,A,0.011385,A,A,0.022215,A,A,0.028304,A,A,0.039441,A,A,0,A,,,,,,,,,,,,,,
2021-10-29,61718.07,43860.44,38273.17,0.007486,A,A,0.011931,A,A,0.022800,A,A,0.028891,A,A,0.039954,A,A,0,A,,,,,,,,,,,,,,
2021-11-02,62149.24,44030.88,38430.18,0.014080,A,A,0.018205,A,A,0.029303,A,A,0.035353,A,A,0.046391,A,A,0,A,,,,,,,,,,,,,,
2021-11-03,62449.58,44167.58,38547.23,0.018399,A,A,0.022229,A,A,0.033647,A,A,0.039587,A,A,0.050599,A,A,0,A,,,,,,,,,,,,,,
2021-11-04,62806.65,44274.32,38650.60,0.023616,A,A,0.027151,A,A,0.038722,A,A,0.044747,A,A,0.055681,A,A,0,A,,,,,,,,,,,,,,
2021-11-05,63094.77,44251.80,38684.86,0.027558,A,A,0.031114,A,A,0.042637,A,A,0.048693,A,A,0.059535,A,A,0,A,,,,,,,,,,,,,,
2021-11-08,63106.39,44289.80,38713.55,0.026944,A,A,0.030559,A,A,0.041993,A,A,0.047970,A,A,0.058720,A,A,0,A,,,,,,,,,,,,,,
2021-11-09,62801.15,44428.51,38748.18,0.021140,A,A,0.024967,A,A,0.036182,A,A,0.042025,A,A,0.052646,A,A,0,A,,,,,,,,,,,,,,
2021-11-10,62267.56,44478.81,38681.20,0.011872,A,A,0.015919,A,A,0.026613,A,A,0.032381,A,A,0.042821,A,A,0,A,,,,,,,,,,,,,,
2021-11-11,61713.01,45732.76,39384.78,0.002455,A,A,0.006726,A,A,0.016901,A,A,0.022512,A,A,0.032725,A,A,0,A,,,,,,,,,,,,,,
2021-11-12,61918.25,46014.59,39597.93,0.005492,A,A,0.009808,A,A,0.019643,A,A,0.025223,A,A,0.035287,A,A,0,A,,,,,,,,,,,,,,
2021-11-15,62470.99,45940.25,39633.70,0.014098,A,A,0.018333,A,A,0.027969,A,A,0.033635,A,A,0.043551,A,A,0,A,,,,,,,,,,,,,,
2021-11-16,62678.24,45701.08,39528.10,0.017072,A,A,0.021134,A,A,0.030596,A,A,0.036290,A,A,0.045989,A,A,0,A,,,,,,,,,,,,,,
2021-11-17,62701.74,45568.55,39434.97,0.017081,A,A,0.020982,A,A,0.030271,A,A,0.035913,A,A,0.045372,A,A,0,A,,,,,,,,,,,,,,
2021-11-18,63448.78,45604.80,39590.39,0.028599,A,A,0.032468,A,A,0.041611,A,A,0.047380,A,A,0.056735,A,A,0,A,,,,,,,,,,,,,,
2021-11-19,64119.13,45710.88,39735.61,0.038451,A,A,0.042494,A,A,0.051599,A,A,0.057434,A,A,0.066754,A,A,0,A,,,,,,,,,,,,,,
2021-11-22,63941.25,45644.56,39652.15,0.034527,A,A,0.038704,A,A,0.047705,A,A,0.053568,A,A,0.062658,A,A,0,A,,,,,,,,,,,,,,
2021-11-23,62895.63,46260.85,39833.55,0.016940,A,A,0.020994,A,A,0.029808,A,A,0.035667,A,A,0.044272,A,A,0,A,,,,,,,,,,,,,,
2021-11-24,62727.86,46566.65,39988.08,0.013453,A,A,0.017581,A,A,0.026364,A,A,0.032323,A,A,0.040555,A,A,0,A,,,,,,,,,,,,,,
2021-11-25,62490.19,46542.33,39935.72,0.008752,A,A,0.013205,A,A,0.021799,A,A,0.027758,A,A,0.035858,A,A,0,A,,,,,,,,,,,,,,
2021-11-26,63001.12,46288.11,39869.29,0.015913,A,A,0.020918,A,A,0.029343,A,A,0.035457,A,A,0.043585,A,A,0,A,,,,,,,,,,,,,,
2021-11-29,62645.82,46363.47,39861.16,0.009357,A,A,0.014722,A,A,0.022844,A,A,0.028988,A,A,0.037017,A,A,0,A,,,,,,,,,,,,,,
2021-11-30,63021.65,46273.11,39840.62,0.014659,A,A,0.020256,A,A,0.028245,A,A,0.034470,A,A,0.042517,A,A,0,A,,,,,,,,,,,,,,
2021-12-01,62553.84,46254.87,39758.99,0.006513,A,A,0.012328,A,A,0.019930,A,A,0.026092,A,A,0.034124,A,A,0,A,,,,,,,,,,,,,,
2021-12-02,62046.31,46374.46,39777.56,-0.001935,A,A,0.003867,A,A,0.011099,A,A,0.017228,A,A,0.025161,A,A,0,A,,,,,,,,,,,,,,
2021-12-03,62752.56,46449.03,39906.55,0.008676,A,A,0.014830,A,A,0.021898,A,A,0.028123,A,A,0.036194,A,A,0,A,,,,,,,,,,,,,,
2021-12-06,62669.54,46930.86,40179.25,0.006674,A,A,0.012941,A,A,0.019754,A,A,0.026071,A,A,0.034190,A,A,0,A,,,,,,,,,,,,,,
2021-12-07,62892.62,47007.97,40252.59,0.009663,A,A,0.015971,A,A,0.022690,A,A,0.029021,A,A,0.037150,A,A,0,A,,,,,,,,,,,,,,
2021-12-09,63913.22,46917.01,40356.24,0.024930,A,A,0.031593,A,A,0.038384,A,A,0.044907,A,A,0.053095,A,A,0,A,,,,,,,,,,,,,,
2021-12-10,64066.03,46820.10,40319.52,0.026106,A,A,0.033287,A,A,0.039920,A,A,0.046504,A,A,0.054696,A,A,0,A,,,,,,,,,,,,,,
2021-12-13,64467.57,46843.96,40386.72,0.031200,A,A,0.038976,A,A,0.045462,A,A,0.052138,A,A,0.060346,A,A,0,A,,,,,,,,,,,,,,
2021-12-14,63755.10,46711.96,40200.56,0.018700,A,A,0.026939,A,A,0.033255,A,A,0.039714,A,A,0.047793,A,A,0,A,,,,,,,,,,,,,,
2021-12-15,63408.13,46401.29,39962.42,0.012315,A,A,0.020909,A,A,0.027053,A,A,0.033319,A,A,0.041347,A,A,0,A,,,,,,,,,,,,,,
2021-12-16,63492.45,46372.79,39945.28,0.012920,A,A,0.021839,A,A,0.027861,A,A,0.033971,A,A,0.041978,A,A,0,A,,,,,,,,,,,,,,
2021-12-17,64025.67,46223.90,39928.75,0.020584,A,A,0.029742,A,A,0.035922,A,A,0.041819,A,A,0.049905,A,A,0,A,,,,,,,,,,,,,,
2021-12-20,63238.20,45915.92,39638.07,0.007339,A,A,0.016541,A,A,0.022796,A,A,0.028277,A,A,0.036304,A,A,0,A,,,,,,,,,,,,,,
2021-12-21,63245.35,45464.64,39378.29,0.006835,A,A,0.016099,A,A,0.022478,A,A,0.027703,A,A,0.035719,A,A,0,A,,,,,,,,,,,,,,
2021-12-22,64171.15,45778.62,39680.12,0.021010,A,A,0.030050,A,A,0.036777,A,A,0.041926,A,A,0.050080,A,A,0,A,,,,,,,,,,,,,,
2021-12-23,64452.31,46325.40,40038.98,0.024690,A,A,0.033438,A,A,0.040574,A,A,0.045588,A,A,0.053902,A,A,0,A,,,,,,,,,,,,,,
2021-12-24,64274.64,46557.56,40149.70,0.021073,A,A,0.029492,A,A,0.037030,A,A,0.041858,A,A,0.050297,A,A,0,A,,,,,,,,,,,,,,
2021-12-27,64768.74,46614.94,40260.39,0.027959,A,A,0.036263,A,A,0.044271,A,A,0.048919,A,A,0.057501,A,A,0,A,,,,,,,,,,,,,,
2021-12-28,64755.82,46830.20,40370.63,0.026878,A,A,0.035071,A,A,0.043322,A,A,0.047679,A,A,0.056456,A,A,0,A,,,,,,,,,,,,,,
2021-12-29,64743.71,47127.30,40552.47,0.025842,A,A,0.033872,A,A,0.042342,A,A,0.046580,A,A,0.055438,A,A,0,A,,,,,,,,,,,,,,
2021-12-30,64309.14,47072.29,40443.12,0.018242,A,A,0.026150,A,A,0.034567,A,A,0.038722,A,A,0.047599,A,A,0,A,,,,,,,,,,,,,,
2021-12-31,64440.60,47006.62,40427.57,0.019539,A,A,0.027283,A,A,0.035870,A,A,0.039979,A,A,0.048895,A,A,0,A,,,,,,,,,,,,,,
2022-01-03,64224.57,47003.17,40406.52,0.015200,A,A,0.022970,A,A,0.031705,A,A,0.035707,A,A,0.044627,A,A,0,A,,,,,,,,,,,,,,
2022-01-04,64677.23,47077.09,40517.09,0.021293,A,A,0.029300,A,A,0.038256,A,A,0.042299,A,A,0.051150,A,A,0,A,,,,,,,,,,,,,,
2022-01-05,64648.24,46785.33,40331.60,0.019941,A,A,0.027870,A,A,0.037105,A,A,0.041133,A,A,0.049826,A,A,0,A,,,,,,,,,,,,,,
2022-01-06,63443.27,46594.43,40068.94,0.000582,A,A,0.007995,A,A,0.017309,A,A,0.021263,A,A,0.029605,A,A,0,A,,,,,,,,,,,,,,
2022-01-07,62885.58,46682.51,40029.73,-0.008241,A,A,-0.001377,A,A,0.008058,A,A,0.011987,A,A,0.020033,A,A,0,A,,,,,,,,,,,,,,
2022-01-10,62451.38,46730.05,39991.44,-0.014866,A,A,-0.008701,A,A,0.000852,A,A,0.004799,A,A,0.012480,A,A,0,A,,,,,,,,,,,,,,
2022-01-11,62267.23,46679.47,39938.80,-0.017482,A,A,-0.011918,A,A,-0.002334,A,A,0.001623,A,A,0.009046,A,A,0,A,,,,,,,,,,,,,,
2022-01-12,62600.81,46444.00,39833.10,-0.012149,A,A,-0.006913,A,A,0.002642,A,A,0.006679,A,A,0.013960,A,A,0,A,,,,,,,,,,,,,,
2022-01-13,62926.88,46383.81,39847.30,-0.007233,A,A,-0.002044,A,A,0.007456,A,A,0.011540,A,A,0.018703,A,A,0,A,,,,,,,,,,,,,,
2022-01-14,62454.55,46438.96,39819.74,-0.014941,A,A,-0.009819,A,A,-0.000437,A,A,0.003669,A,A,0.010608,A,A,0,A,,,,,,,,,,,,,,
2022-01-17,61702.50,46579.59,39778.90,-0.026729,fuera,A,-0.021789,fuera,A,-0.012579,A,A,-0.008544,A,A,-0.001927,A,A,0,A,,,,,,,,,,,,,,
2022-01-18,62147.25,46669.79,39890.99,-0.019603,fuera,A,-0.014624,fuera,A,-0.005583,A,A,-0.001605,A,A,0.004818,A,A,0,A,,,,,,,,,,,,,,
2022-01-19,61546.62,46608.18,39763.77,-0.028692,fuera,A,-0.023975,fuera,A,-0.015182,A,A,-0.011406,A,A,-0.005230,A,A,0,A,,,,,,,,,,,,,,
2022-01-20,61062.04,46454.50,39626.90,-0.035785,fuera,A,-0.031416,fuera,A,-0.022827,fuera,A,-0.019334,A,A,-0.013313,A,A,0,A,,,,,,,,,,,,,,
2022-01-21,60620.40,46640.61,39712.72,-0.041808,fuera,fuera,-0.038064,fuera,fuera,-0.029686,fuera,A,-0.026511,fuera,A,-0.020670,fuera,A,2,E,,,,,,,,,,,,,,
2022-01-24,59897.36,47300.61,40053.52,-0.051831,fuera,fuera,-0.048962,fuera,fuera,-0.041002,fuera,A,-0.038038,fuera,A,-0.032460,fuera,A,2,E,,,,,,,,,,,,,,
2022-01-25,59319.83,47615.26,40122.94,-0.059444,fuera,fuera,-0.057410,fuera,fuera,-0.049941,fuera,A,-0.047099,fuera,A,-0.041839,fuera,A,2,E,,,,,,,,,,,,,,
2022-01-26,59284.25,47670.29,40175.07,-0.058811,fuera,fuera,-0.057265,fuera,fuera,-0.050210,fuera,fuera,-0.047430,fuera,A,-0.042525,fuera,A,3,E,,,,,,,,,,,,,,
2022-01-27,59148.01,47441.20,40038.00,-0.059786,fuera,fuera,-0.058706,fuera,fuera,-0.052148,fuera,fuera,-0.049367,fuera,fuera,-0.044726,fuera,fuera,5,E,,,,,,,,,,,,,,
2022-01-28,58488.69,46706.99,39516.33,-0.068951,fuera,fuera,-0.068468,fuera,fuera,-0.062443,fuera,fuera,-0.059578,fuera,fuera,-0.055301,fuera,fuera,5,E,,,,,,,,,,,,,,
2022-01-31,59082.89,46894.44,39687.80,-0.058186,fuera,fuera,-0.058386,fuera,fuera,-0.052760,fuera,fuera,-0.049735,fuera,fuera,-0.045710,fuera,fuera,5,E,,,,,,,,,,,,,,
2022-02-01,59310.16,47324.33,39971.38,-0.053445,fuera,fuera,-0.054096,fuera,fuera,-0.048938,fuera,fuera,-0.045840,fuera,fuera,-0.042042,fuera,fuera,5,E,,,,,,,,,,,,,,
2022-02-02,59662.20,47590.28,40198.14,-0.046691,fuera,fuera,-0.047820,fuera,fuera,-0.043073,fuera,fuera,-0.040048,fuera,fuera,-0.036283,fuera,fuera,5,E,,,,,,,,,,,,,,
2022-02-03,60163.31,47779.11,40386.89,-0.037867,fuera,fuera,-0.039189,fuera,fuera,-0.034918,fuera,fuera,-0.031914,fuera,fuera,-0.028174,fuera,fuera,5,E,,,,,,,,,,,,,,
2022-02-04,60276.13,47784.93,40410.26,-0.035456,fuera,fuera,-0.036710,fuera,fuera,-0.032940,fuera,fuera,-0.030051,fuera,fuera,-0.026327,fuera,fuera,5,E,,,,,,,,,,,,,,
2022-02-07,60747.57,47838.15,40484.58,-0.027219,fuera,fuera,-0.028603,fuera,fuera,-0.025389,fuera,fuera,-0.022412,fuera,fuera,-0.018685,fuera,fuera,5,E,,,,,,,,,,,,,,
2022-02-08,60877.43,47868.17,40508.05,-0.024517,fuera,fuera,-0.026059,fuera,fuera,-0.023316,fuera,fuera,-0.020235,fuera,fuera,-0.016553,fuera,fuera,5,E,,,,,,,,,,,,,,
2022-02-09,60848.09,47762.34,40429.67,-0.024277,fuera,fuera,-0.026182,fuera,fuera,-0.023718,fuera,fuera,-0.020592,fuera,fuera,-0.017023,fuera,fuera,5,E,,,,,,,,,,,,,,
2022-02-10,61326.02,47772.60,40509.66,-0.015706,fuera,fuera,-0.018439,fuera,fuera,-0.016133,fuera,fuera,-0.012844,fuera,fuera,-0.009396,fuera,fuera,5,E,,,,,,,,,,,,,,
2022-02-11,60229.62,47654.95,40311.67,-0.031979,fuera,fuera,-0.035580,fuera,fuera,-0.033662,fuera,fuera,-0.030255,fuera,fuera,-0.027077,fuera,fuera,5,E,,,,,,,,,,,,,,
2022-02-14,59914.66,47621.82,40256.66,-0.035472,fuera,fuera,-0.040009,fuera,fuera,-0.038559,fuera,fuera,-0.035106,fuera,fuera,-0.032075,fuera,fuera,5,E,,,,,,,,,,,,,,
2022-02-15,59578.28,47615.32,40202.69,-0.039452,fuera,fuera,-0.044657,fuera,fuera,-0.043765,fuera,fuera,-0.040293,fuera,fuera,-0.037350,fuera,fuera,5,E,,,,,,,,,,,,,,
2022-02-16,59813.10,47610.34,40201.92,-0.034423,fuera,fuera,-0.040197,fuera,fuera,-0.039781,fuera,fuera,-0.036325,fuera,fuera,-0.033435,fuera,fuera,5,E,,,,,,,,,,,,,,
2022-02-17,59851.85,47663.21,40245.70,-0.032533,fuera,fuera,-0.038709,fuera,fuera,-0.038888,fuera,fuera,-0.035590,fuera,fuera,-0.032723,fuera,fuera,5,E,,,,,,,,,,,,,,
2022-02-18,59419.44,47740.97,40239.07,-0.037931,fuera,fuera,-0.044527,fuera,fuera,-0.045444,fuera,fuera,-0.042456,fuera,fuera,-0.039627,fuera,fuera,5,E,,,,,,,,,,,,,,
2022-02-21,58828.18,47804.23,40189.80,-0.045991,fuera,fuera,-0.052818,fuera,fuera,-0.054526,fuera,fuera,-0.051811,fuera,fuera,-0.049034,fuera,fuera,5,E,,,,,,,,,,,,,,
2022-02-22,58820.22,47801.32,40169.69,-0.044596,fuera,fuera,-0.051974,fuera,fuera,-0.054199,fuera,fuera,-0.051715,fuera,fuera,-0.048962,fuera,fuera,5,E,,,,,,,,,,,,,,
2022-02-23,58220.12,47864.96,40136.36,-0.052308,fuera,fuera,-0.060579,fuera,fuera,-0.063113,fuera,fuera,-0.060996,fuera,fuera,-0.058354,fuera,fuera,5,E,,,,,,,,,,,,,,
2022-02-24,57582.03,47946.87,40084.04,-0.060359,fuera,fuera,-0.069724,fuera,fuera,-0.072606,fuera,fuera,-0.070821,fuera,fuera,-0.068273,fuera,fuera,5,E,,,,,,,,,,,,,,
2022-02-25,57525.61,48407.09,40268.89,-0.058977,fuera,fuera,-0.069349,fuera,fuera,-0.072759,fuera,fuera,-0.071199,fuera,fuera,-0.068785,fuera,fuera,5,E,,,,,,,,,,,,,,
2022-02-28,58470.28,48483.55,40432.90,-0.041329,fuera,fuera,-0.053067,fuera,fuera,-0.056916,fuera,fuera,-0.055627,fuera,fuera,-0.053165,fuera,fuera,5,E,,,,,,,,,,,,,,
2022-03-01,58142.20,48640.30,40449.67,-0.044405,fuera,fuera,-0.057216,fuera,fuera,-0.061502,fuera,fuera,-0.060540,fuera,fuera,-0.058123,fuera,fuera,5,E,,,,,,,,,,,,,,
2022-03-02,58096.52,49070.90,40733.55,-0.042832,fuera,fuera,-0.056892,fuera,fuera,-0.061514,fuera,fuera,-0.060823,fuera,fuera,-0.058518,fuera,fuera,5,E,,,,,,,,,,,,,,
2022-03-03,58448.68,49116.40,40800.55,-0.034960,fuera,fuera,-0.050308,fuera,fuera,-0.055169,fuera,fuera,-0.054780,fuera,fuera,-0.052557,fuera,fuera,5,E,,,,,,,,,,,,,,
2022-03-04,57778.61,49062.61,40628.33,-0.043685,fuera,fuera,-0.060009,fuera,fuera,-0.065250,fuera,fuera,-0.065213,fuera,fuera,-0.063073,fuera,fuera,5,E,,,,,,,,,,,,,,
2022-03-07,57359.28,49296.28,40723.52,-0.048223,fuera,fuera,-0.065570,fuera,fuera,-0.071318,fuera,fuera,-0.071501,fuera,fuera,-0.069485,fuera,fuera,5,E,,,,,,,,,,,,,,
2022-03-08,56253.14,49500.96,40705.99,-0.063669,fuera,fuera,-0.082038,fuera,fuera,-0.088331,fuera,fuera,-0.088781,fuera,fuera,-0.086860,fuera,fuera,5,E,,,,,,,,,,,,,,
2022-03-09,56082.04,49643.33,40759.19,-0.063549,fuera,fuera,-0.082999,fuera,fuera,-0.090110,fuera,fuera,-0.090853,fuera,fuera,-0.089006,fuera,fuera,5,E,,,,,,,,,,,,,,
2022-03-10,56363.79,50023.24,41065.14,-0.056366,fuera,fuera,-0.076575,fuera,fuera,-0.084535,fuera,fuera,-0.085570,fuera,fuera,-0.083809,fuera,fuera,5,E,,,,,,,,,,,,,,
2022-03-11,56645.14,50191.25,41265.77,-0.049449,fuera,fuera,-0.070104,fuera,fuera,-0.078941,fuera,fuera,-0.080288,fuera,fuera,-0.078636,fuera,fuera,5,E,,,,,,,,,,,,,,
2022-03-14,56232.66,50096.55,41149.03,-0.054177,fuera,fuera,-0.075090,fuera,fuera,-0.084513,fuera,fuera,-0.086269,fuera,fuera,-0.084684,fuera,fuera,5,E,,,,,,,,,,,,,,
2022-03-15,55830.67,49846.98,40914.46,-0.058674,fuera,fuera,-0.079910,fuera,fuera,-0.089859,fuera,fuera,-0.092003,fuera,fuera,-0.090572,fuera,fuera,5,E,,,,,,,,,,,,,,
2022-03-16,55720.61,49537.42,40641.70,-0.058101,fuera,fuera,-0.079883,fuera,fuera,-0.090487,fuera,fuera,-0.092825,fuera,fuera,-0.091729,fuera,fuera,5,E,,,,,,,,,,,,,,
2022-03-17,56622.30,49412.75,40674.01,-0.040587,fuera,fuera,-0.063204,fuera,fuera,-0.074822,fuera,fuera,-0.077338,fuera,fuera,-0.076500,fuera,fuera,5,E,,,,,,,,,,,,,,
2022-03-18,57032.60,49314.09,40661.44,-0.031658,fuera,fuera,-0.054899,fuera,fuera,-0.067325,fuera,fuera,-0.069924,fuera,fuera,-0.069378,fuera,fuera,5,E,,,,,,,,,,,,,,
2022-03-21,57662.23,49238.30,40677.68,-0.019473,fuera,fuera,-0.043082,fuera,fuera,-0.056299,fuera,fuera,-0.059005,fuera,fuera,-0.058806,fuera,fuera,5,E,,,,,,,,,,,,,,
2022-03-22,57729.37,49148.62,40630.15,-0.016690,fuera,fuera,-0.040365,fuera,fuera,-0.054385,fuera,fuera,-0.057234,fuera,fuera,-0.057430,fuera,fuera,5,E,,,,,,,,,,,,,,
2022-03-23,57695.12,48983.59,40525.95,-0.015838,fuera,fuera,-0.039248,fuera,fuera,-0.054088,fuera,fuera,-0.057102,fuera,fuera,-0.057664,fuera,fuera,5,E,,,,,,,,,,,,,,
2022-03-24,57612.37,48983.33,40548.71,-0.015963,fuera,fuera,-0.038960,fuera,fuera,-0.054568,fuera,fuera,-0.057765,fuera,fuera,-0.058609,fuera,fuera,5,E,,,,,,,,,,,,,,
2022-03-25,57514.44,48836.62,40443.68,-0.016476,fuera,fuera,-0.038776,fuera,fuera,-0.055153,fuera,fuera,-0.058672,fuera,fuera,-0.059802,fuera,fuera,5,E,,,,,,,,,,,,,,
2022-03-28,57331.24,48580.98,40254.84,-0.018652,fuera,fuera,-0.039977,fuera,fuera,-0.056994,fuera,fuera,-0.061039,fuera,fuera,-0.062320,fuera,fuera,5,E,,,,,,,,,,,,,,
2022-03-29,56798.30,48386.12,40046.22,-0.026841,fuera,fuera,-0.046920,fuera,fuera,-0.064539,fuera,fuera,-0.069053,fuera,fuera,-0.070569,fuera,fuera,5,E,,,,,,,,,,,,,,
2022-03-30,57124.36,48516.79,40193.73,-0.020449,fuera,fuera,-0.039639,fuera,fuera,-0.058174,fuera,fuera,-0.062974,fuera,fuera,-0.064785,fuera,fuera,5,E,,,,,,,,,,,,,,
2022-03-31,57965.45,48955.04,40611.08,-0.005578,fuera,fuera,-0.023839,fuera,fuera,-0.043472,fuera,fuera,-0.048510,fuera,fuera,-0.050611,fuera,fuera,5,E,,,,,,,,,,,,,,
2022-04-01,57733.08,49215.70,40766.64,-0.009279,fuera,fuera,-0.026088,fuera,fuera,-0.046475,fuera,fuera,-0.051572,fuera,fuera,-0.054033,fuera,fuera,5,E,,,,,,,,,,,,,,
2022-04-04,57751.71,49299.69,40851.96,-0.008456,fuera,fuera,-0.023992,fuera,fuera,-0.045247,fuera,fuera,-0.050473,fuera,fuera,-0.053379,fuera,fuera,5,E,,,,,,,,,,,,,,
2022-04-05,57753.62,49408.75,40937.60,-0.007834,fuera,fuera,-0.022180,fuera,fuera,-0.044357,fuera,fuera,-0.049645,fuera,fuera,-0.052969,fuera,fuera,5,E,,,,,,,,,,,,,,
2022-04-06,57508.97,49443.49,40918.60,-0.011224,fuera,fuera,-0.024791,fuera,fuera,-0.047440,fuera,fuera,-0.052885,fuera,fuera,-0.056588,fuera,fuera,5,E,,,,,,,,,,,,,,
2022-04-07,57584.24,49299.70,40822.63,-0.008953,fuera,fuera,-0.022141,fuera,fuera,-0.045320,fuera,fuera,-0.050948,fuera,fuera,-0.054925,fuera,fuera,5,E,,,,,,,,,,,,,,
2022-04-08,58286.12,49279.02,40890.06,0.003890,fuera,fuera,-0.009127,fuera,fuera,-0.033014,fuera,fuera,-0.038863,fuera,fuera,-0.043014,fuera,fuera,5,E,,,,,,,,,,,,,,
2022-04-11,58516.43,49561.87,41111.43,0.008718,fuera,fuera,-0.004220,fuera,fuera,-0.028434,fuera,fuera,-0.034550,fuera,fuera,-0.038834,fuera,fuera,5,E,,,,,,,,,,,,,,
2022-04-12,58313.57,49461.16,41009.79,0.006210,fuera,fuera,-0.006539,fuera,fuera,-0.031024,fuera,fuera,-0.037268,fuera,fuera,-0.041793,fuera,fuera,5,E,,,,,,,,,,,,,,
2022-04-13,57639.68,49397.03,40883.25,-0.004193,fuera,fuera,-0.016636,fuera,fuera,-0.041292,fuera,fuera,-0.047639,fuera,fuera,-0.052388,fuera,fuera,5,E,,,,,,,,,,,,,,
2022-04-14,57806.32,49553.41,41011.96,0.000037,fuera,fuera,-0.012570,fuera,fuera,-0.037434,fuera,fuera,-0.044149,fuera,fuera,-0.049052,fuera,fuera,5,E,,,,,,,,,,,,,,
2022-04-18,58266.75,49877.94,41294.47,0.008764,fuera,fuera,-0.003791,fuera,fuera,-0.028725,fuera,fuera,-0.035749,fuera,fuera,-0.040978,fuera,fuera,5,E,,,,,,,,,,,,,,
2022-04-19,58290.54,49658.14,41157.66,0.009806,fuera,fuera,-0.002357,fuera,fuera,-0.027215,fuera,fuera,-0.034468,fuera,fuera,-0.040111,fuera,fuera,5,E,,,,,,,,,,,,,,
2022-04-20,58245.72,49868.09,41270.19,0.009548,fuera,fuera,-0.002243,fuera,fuera,-0.026969,fuera,fuera,-0.034343,fuera,fuera,-0.040364,fuera,fuera,5,E,,,,,,,,,,,,,,
2022-04-21,58232.71,49983.58,41343.64,0.009937,fuera,fuera,-0.001710,fuera,fuera,-0.026251,fuera,fuera,-0.033848,fuera,fuera,-0.040063,fuera,fuera,5,E,,,,,,,,,,,,,,
2022-04-22,57847.61,49936.63,41264.88,0.004034,fuera,fuera,-0.007574,fuera,fuera,-0.031675,fuera,fuera,-0.039496,fuera,fuera,-0.045842,fuera,fuera,5,E,,,,,,,,,,,,,,
2022-04-25,57664.25,50040.13,41332.82,0.001529,fuera,fuera,-0.010128,fuera,fuera,-0.033601,fuera,fuera,-0.041809,fuera,fuera,-0.048287,fuera,fuera,5,E,,,,,,,,,,,,,,
2022-04-26,57854.05,49968.92,41275.15,0.005204,fuera,fuera,-0.006479,fuera,fuera,-0.029447,fuera,fuera,-0.037872,fuera,fuera,-0.044604,fuera,fuera,5,E,,,,,,,,,,,,,,
2022-04-27,57163.35,49808.02,41085.51,-0.006161,fuera,fuera,-0.017781,fuera,fuera,-0.039945,fuera,fuera,-0.048532,fuera,fuera,-0.055455,fuera,fuera,5,E,,,,,,,,,,,,,,
2022-04-28,57230.26,49913.51,41173.16,-0.004617,fuera,fuera,-0.016125,fuera,fuera,-0.037575,fuera,fuera,-0.046543,fuera,fuera,-0.053793,fuera,fuera,5,E,,,,,,,,,,,,,,
2022-04-29,58218.52,50139.62,41435.23,0.012322,fuera,fuera,0.000937,fuera,fuera,-0.019814,fuera,fuera,-0.029411,fuera,fuera,-0.036957,fuera,fuera,5,E,,,,,,,,,,,,,,
2022-05-02,57867.46,50134.30,41412.98,0.006085,fuera,fuera,-0.004773,fuera,fuera,-0.024556,fuera,fuera,-0.034623,fuera,fuera,-0.042188,fuera,fuera,5,E,,,,,,,,,,,,,,
2022-05-03,58088.64,50043.47,41368.81,0.010079,fuera,fuera,-0.000641,fuera,fuera,-0.019601,fuera,fuera,-0.030215,fuera,fuera,-0.037931,fuera,fuera,5,E,,,,,,,,,,,,,,
2022-05-04,58011.74,50058.50,41351.24,0.008793,fuera,fuera,-0.001521,fuera,fuera,-0.019659,fuera,fuera,-0.030781,fuera,fuera,-0.038562,fuera,fuera,5,E,,,,,,,,,,,,,,
2022-05-05,58612.73,50085.79,41422.89,0.019041,fuera,fuera,0.009244,fuera,fuera,-0.008361,fuera,fuera,-0.020073,fuera,fuera,-0.028027,fuera,fuera,5,E,,,,,,,,,,,,,,
2022-05-06,58133.91,49852.24,41197.06,0.010839,fuera,fuera,0.001576,fuera,fuera,-0.015319,fuera,fuera,-0.027183,fuera,fuera,-0.035375,fuera,fuera,5,E,,,,,,,,,,,,,,
2022-05-09,57295.53,49778.67,41005.83,-0.003553,fuera,fuera,-0.011950,fuera,fuera,-0.028213,fuera,fuera,-0.040177,fuera,fuera,-0.048663,fuera,fuera,5,E,,,,,,,,,,,,,,
2022-05-10,56943.27,49474.36,40806.58,-0.009520,fuera,fuera,-0.016983,fuera,fuera,-0.032860,fuera,fuera,-0.044931,fuera,fuera,-0.053918,fuera,fuera,5,E,,,,,,,,,,,,,,
2022-05-11,56753.18,49361.01,40663.06,-0.013017,fuera,fuera,-0.019181,fuera,fuera,-0.034645,fuera,fuera,-0.047054,fuera,fuera,-0.056433,fuera,fuera,5,E,,,,,,,,,,,,,,
2022-05-12,56281.83,49486.83,40712.81,-0.021290,fuera,fuera,-0.026000,fuera,fuera,-0.041147,fuera,fuera,-0.053890,fuera,fuera,-0.063505,fuera,fuera,5,E,,,,,,,,,,,,,,
2022-05-13,56421.73,49813.71,40936.86,-0.018879,fuera,fuera,-0.022573,fuera,fuera,-0.037484,fuera,fuera,-0.050463,fuera,fuera,-0.060401,fuera,fuera,5,E,,,,,,,,,,,,,,
2022-05-16,56951.88,49895.16,41057.10,-0.009778,fuera,fuera,-0.012597,fuera,fuera,-0.027346,fuera,fuera,-0.040453,fuera,fuera,-0.050851,fuera,fuera,5,E,,,,,,,,,,,,,,
2022-05-17,57144.72,50009.96,41175.25,-0.006775,fuera,fuera,-0.008600,fuera,fuera,-0.023069,fuera,fuera,-0.036262,fuera,fuera,-0.046842,fuera,fuera,5,E,,,,,,,,,,,,,,
2022-05-18,57610.09,50123.45,41310.96,0.000626,fuera,fuera,0.000071,fuera,fuera,-0.014241,fuera,fuera,-0.027533,fuera,fuera,-0.038251,fuera,fuera,5,E,,,,,,,,,,,,,,
2022-05-19,56903.63,50201.49,41293.90,-0.012096,fuera,fuera,-0.011402,fuera,fuera,-0.025273,fuera,fuera,-0.038335,fuera,fuera,-0.049158,fuera,fuera,5,E,,,,,,,,,,,,,,
2022-05-20,56662.14,50438.84,41412.72,-0.016303,fuera,fuera,-0.014860,fuera,fuera,-0.028251,fuera,fuera,-0.041214,fuera,fuera,-0.052410,fuera,fuera,5,E,,,,,,,,,,,,,,
2022-05-23,56480.19,50745.68,41609.82,-0.019253,fuera,fuera,-0.017397,fuera,fuera,-0.030267,fuera,fuera,-0.043091,fuera,fuera,-0.054669,fuera,fuera,5,E,,,,,,,,,,,,,,
2022-05-24,56722.64,50993.26,41815.08,-0.014686,fuera,fuera,-0.012616,fuera,fuera,-0.025179,fuera,fuera,-0.037734,fuera,fuera,-0.049883,fuera,fuera,5,E,,,,,,,,,,,,,,
2022-05-25,56665.96,51176.04,41938.63,-0.015266,fuera,fuera,-0.013185,fuera,fuera,-0.025132,fuera,fuera,-0.037437,fuera,fuera,-0.050033,fuera,fuera,5,E,,,,,,,,,,,,,,
2022-05-26,56886.39,51175.04,41955.81,-0.011127,fuera,fuera,-0.009159,fuera,fuera,-0.020468,fuera,fuera,-0.032463,fuera,fuera,-0.045606,fuera,fuera,5,E,,,,,,,,,,,,,,
2022-05-27,57113.23,51073.34,41909.18,-0.006992,fuera,fuera,-0.005096,fuera,fuera,-0.015818,fuera,fuera,-0.027471,fuera,fuera,-0.041046,fuera,fuera,5,E,,,,,,,,,,,,,,
2022-05-30,57771.62,51124.58,42040.74,0.004355,fuera,fuera,0.006564,fuera,fuera,-0.003929,fuera,fuera,-0.015195,fuera,fuera,-0.029373,fuera,fuera,5,E,,,,,,,,,,,,,,
2022-05-31,58365.54,51239.33,42198.96,0.014275,fuera,fuera,0.016850,fuera,fuera,0.006606,fuera,fuera,-0.004123,fuera,fuera,-0.018913,fuera,fuera,5,E,,,,,,,,,,,,,,
2022-06-01,58023.73,51240.61,42156.60,0.007858,fuera,fuera,0.010915,fuera,fuera,0.000960,fuera,fuera,-0.008884,fuera,fuera,-0.024042,fuera,fuera,5,E,,,,,,,,,,,,,,
2022-06-02,57747.86,51234.60,42129.07,0.002825,fuera,fuera,0.006301,fuera,fuera,-0.003506,fuera,fuera,-0.012488,fuera,fuera,-0.028044,fuera,fuera,5,E,,,,,,,,,,,,,,
2022-06-03,57584.16,51281.07,42126.13,0.000130,fuera,fuera,0.003502,fuera,fuera,-0.006033,fuera,fuera,-0.014346,fuera,fuera,-0.030111,fuera,fuera,5,E,,,,,,,,,,,,,,
2022-06-06,57354.89,51335.00,42149.71,-0.003707,fuera,fuera,-0.000493,fuera,fuera,-0.009775,fuera,fuera,-0.017385,fuera,fuera,-0.033125,fuera,fuera,5,E,,,,,,,,,,,,,,
2022-06-07,57838.09,51196.15,42118.23,0.004653,fuera,fuera,0.007493,fuera,fuera,-0.001194,fuera,fuera,-0.008360,fuera,fuera,-0.024167,fuera,fuera,5,E,,,,,,,,,,,,,,
2022-06-08,58475.84,51292.76,42251.13,0.015448,fuera,fuera,0.017939,fuera,fuera,0.009981,fuera,fuera,0.003195,fuera,fuera,-0.012614,fuera,fuera,5,E,,,,,,,,,,,,,,
2022-06-09,57796.51,51050.64,42005.92,0.003540,fuera,fuera,0.005721,fuera,fuera,-0.001394,fuera,fuera,-0.007680,fuera,fuera,-0.023305,fuera,fuera,5,E,,,,,,,,,,,,,,
2022-06-10,57488.31,51032.97,41979.45,-0.001775,fuera,fuera,0.000129,fuera,fuera,-0.006209,fuera,fuera,-0.012093,fuera,fuera,-0.027742,fuera,fuera,5,E,,,,,,,,,,,,,,
2022-06-13,57189.40,50931.68,41854.91,-0.006545,fuera,fuera,-0.005330,fuera,fuera,-0.010790,fuera,fuera,-0.016382,fuera,fuera,-0.031978,fuera,fuera,5,E,,,,,,,,,,,,,,
2022-06-14,57081.48,50702.15,41659.56,-0.007870,fuera,fuera,-0.007544,fuera,fuera,-0.011960,fuera,fuera,-0.017495,fuera,fuera,-0.032902,fuera,fuera,5,E,,,,,,,,,,,,,,
2022-06-15,57168.87,50692.24,41657.70,-0.005911,fuera,fuera,-0.006416,fuera,fuera,-0.009741,fuera,fuera,-0.015187,fuera,fuera,-0.030631,fuera,fuera,5,E,,,,,,,,,,,,,,
2022-06-16,57243.68,50980.69,41870.25,-0.004458,fuera,fuera,-0.005283,fuera,fuera,-0.007757,fuera,fuera,-0.013202,fuera,fuera,-0.028578,fuera,fuera,5,E,,,,,,,,,,,,,,
2022-06-17,56887.68,51263.21,42005.24,-0.010298,fuera,fuera,-0.011430,fuera,fuera,-0.013084,fuera,fuera,-0.018666,fuera,fuera,-0.033671,fuera,fuera,5,E,,,,,,,,,,,,,,
2022-06-20,57191.14,51526.80,42207.93,-0.004605,fuera,fuera,-0.006030,fuera,fuera,-0.007238,fuera,fuera,-0.012875,fuera,fuera,-0.027564,fuera,fuera,5,E,,,,,,,,,,,,,,
2022-06-22,57762.78,51698.00,42383.28,0.005550,fuera,fuera,0.003896,fuera,fuera,0.003101,fuera,fuera,-0.002659,fuera,fuera,-0.016981,fuera,fuera,5,E,,,,,,,,,,,,,,
2022-06-23,57837.08,52226.79,42746.61,0.007002,fuera,fuera,0.005148,fuera,fuera,0.004729,fuera,fuera,-0.001132,fuera,fuera,-0.014794,fuera,fuera,5,E,,,,,,,,,,,,,,
2022-06-24,58536.22,52477.38,42981.75,0.019056,fuera,fuera,0.017044,fuera,fuera,0.017125,fuera,fuera,0.011067,fuera,fuera,-0.002046,fuera,fuera,5,E,,,,,,,,,,,,,,
2022-06-28,60216.15,52410.99,43116.98,0.047342,A,fuera,0.045465,A,fuera,0.046241,A,fuera,0.039901,A,fuera,0.027224,A,fuera,5,E,,,,,,,,,,,,,,
2022-06-29,59638.04,52080.12,42835.90,0.036496,A,fuera,0.034780,A,fuera,0.036153,A,fuera,0.029722,A,fuera,0.018006,A,fuera,5,E,,,,,,,,,,,,,,
2022-06-30,59902.48,52142.32,42900.00,0.040269,A,fuera,0.038495,A,fuera,0.040532,A,fuera,0.034149,A,fuera,0.023149,A,fuera,5,E,,,,,,,,,,,,,,
2022-07-01,60110.67,52369.03,43056.42,0.042698,A,fuera,0.041262,A,fuera,0.043888,A,fuera,0.037606,A,fuera,0.027278,A,fuera,5,E,,,,,,,,,,,,,,
2022-07-04,60351.29,52594.84,43239.54,0.045614,A,A,0.044755,A,A,0.047636,A,A,0.041642,A,A,0.031995,A,A,0,A,,,,,,,,,,,,,,
2022-07-05,60082.43,52670.15,43257.53,0.040210,A,A,0.039440,A,A,0.042466,A,A,0.037015,A,A,0.028035,A,A,0,A,,,,,,,,,,,,,,
2022-07-06,60622.19,52906.55,43470.23,0.048443,A,A,0.047965,A,A,0.051204,A,A,0.046272,A,A,0.037668,A,A,0,A,,,,,,,,,,,,,,
2022-07-07,61773.17,52969.84,43648.54,0.066838,A,A,0.066704,A,A,0.070481,A,A,0.065957,A,A,0.057529,A,A,0,A,,,,,,,,,,,,,,
2022-07-08,61774.34,52830.56,43536.98,0.065320,A,A,0.065498,A,A,0.069753,A,A,0.065820,A,A,0.057646,A,A,0,A,,,,,,,,,,,,,,
2022-07-11,62100.54,52708.22,43494.10,0.069516,A,A,0.069822,A,A,0.074574,A,A,0.071228,A,A,0.063255,A,A,0,A,,,,,,,,,,,,,,
2022-07-12,62561.40,52592.41,43482.67,0.075631,A,A,0.076522,A,A,0.081693,A,A,0.078958,A,A,0.071152,A,A,0,A,,,,,,,,,,,,,,
2022-07-13,63126.43,52457.36,43430.27,0.082933,A,A,0.084900,A,A,0.090342,A,A,0.088185,A,A,0.080797,A,A,0,A,,,,,,,,,,,,,,
2022-07-14,63208.02,52467.42,43426.91,0.081749,A,A,0.084877,A,A,0.090528,A,A,0.089003,A,A,0.082083,A,A,0,A,,,,,,,,,,,,,,
2022-07-15,64411.61,52669.07,43675.87,0.099146,A,A,0.103531,A,A,0.109558,A,A,0.108860,A,A,0.102282,A,A,0,A,,,,,,,,,,,,,,
2022-07-18,62281.88,52906.89,43573.00,0.060391,A,A,0.065766,A,A,0.071599,A,A,0.071762,A,A,0.065816,A,A,0,A,,,,,,,,,,,,,,
2022-07-19,60266.99,52951.15,43407.42,0.024595,A,A,0.030736,A,A,0.036159,A,A,0.037019,A,A,0.031515,A,A,0,A,,,,,,,,,,,,,,
2022-07-20,60317.85,52889.33,43377.22,0.024157,A,A,0.031047,A,A,0.036306,A,A,0.037742,A,A,0.032490,A,A,0,A,,,,,,,,,,,,,,
2022-07-21,60041.58,52888.00,43354.64,0.018353,A,A,0.025833,A,A,0.030810,A,A,0.032783,A,A,0.027842,A,A,0,A,,,,,,,,,,,,,,
2022-07-22,60573.22,52706.77,43280.17,0.026224,A,A,0.034270,A,A,0.038997,A,A,0.041629,A,A,0.036847,A,A,0,A,,,,,,,,,,,,,,
2022-07-25,60867.89,52853.72,43418.87,0.029680,A,A,0.038465,A,A,0.043029,A,A,0.046242,A,A,0.041672,A,A,0,A,,,,,,,,,,,,,,
2022-07-26,61464.78,52872.93,43496.95,0.037903,A,A,0.047587,A,A,0.052287,A,A,0.055831,A,A,0.051576,A,A,0,A,,,,,,,,,,,,,,
2022-07-27,60384.30,52903.10,43379.68,0.018167,A,A,0.028478,A,A,0.033130,A,A,0.036786,A,A,0.032917,A,A,0,A,,,,,,,,,,,,,,
2022-07-28,60754.44,52930.03,43453.71,0.022862,A,A,0.033795,A,A,0.038852,A,A,0.042752,A,A,0.038929,A,A,0,A,,,,,,,,,,,,,,
2022-07-29,60776.34,53081.94,43552.30,0.021660,A,A,0.033193,A,A,0.038625,A,A,0.042678,A,A,0.039065,A,A,0,A,,,,,,,,,,,,,,
2022-08-01,60674.77,53176.41,43602.80,0.018511,A,A,0.030794,A,A,0.036303,A,A,0.040498,A,A,0.037136,A,A,0,A,,,,,,,,,,,,,,
2022-08-02,60025.77,53457.12,43742.11,0.006523,A,A,0.019184,A,A,0.024749,A,A,0.029103,A,A,0.025992,A,A,0,A,,,,,,,,,,,,,,
2022-08-03,59908.19,53309.56,43645.84,0.003753,A,A,0.016697,A,A,0.022278,A,A,0.026730,A,A,0.024017,A,A,0,A,,,,,,,,,,,,,,
2022-08-04,60552.30,53046.20,43512.97,0.013719,A,A,0.026937,A,A,0.032638,A,A,0.037229,A,A,0.034989,A,A,0,A,,,,,,,,,,,,,,
2022-08-05,60572.07,53135.17,43595.54,0.013090,A,A,0.026739,A,A,0.032237,A,A,0.036837,A,A,0.035351,A,A,0,A,,,,,,,,,,,,,,
2022-08-08,61139.69,53064.10,43631.74,0.021296,A,A,0.035536,A,A,0.041119,A,A,0.045691,A,A,0.045016,A,A,0,A,,,,,,,,,,,,,,
2022-08-09,60977.70,53116.42,43667.43,0.017308,A,A,0.031787,A,A,0.037769,A,A,0.042137,A,A,0.042229,A,A,0,A,,,,,,,,,,,,,,
2022-08-10,60492.01,52954.20,43501.04,0.008033,A,A,0.022609,A,A,0.028966,A,A,0.033189,A,A,0.034045,A,A,0,A,,,,,,,,,,,,,,
2022-08-11,60548.35,53311.15,43758.99,0.007960,A,A,0.022536,A,A,0.029380,A,A,0.033426,A,A,0.034963,A,A,0,A,,,,,,,,,,,,,,
2022-08-12,60474.41,53134.57,43646.08,0.005986,A,A,0.020159,A,A,0.027595,A,A,0.031386,A,A,0.033621,A,A,0,A,,,,,,,,,,,,,,
2022-08-16,60926.56,53023.13,43634.18,0.012336,A,A,0.026568,A,A,0.034611,A,A,0.038219,A,A,0.041158,A,A,0,A,,,,,,,,,,,,,,
2022-08-17,60950.41,52811.60,43493.92,0.011439,A,A,0.025890,A,A,0.034359,A,A,0.037896,A,A,0.041405,A,A,0,A,,,,,,,,,,,,,,
2022-08-18,61407.39,52442.79,43322.81,0.017440,A,A,0.032424,A,A,0.041501,A,A,0.044937,A,A,0.048992,A,A,0,A,,,,,,,,,,,,,,
2022-08-19,62338.55,52067.02,43162.20,0.030873,A,A,0.046779,A,A,0.056533,A,A,0.059979,A,A,0.064477,A,A,0,A,,,,,,,,,,,,,,
2022-08-22,63074.71,51777.09,43007.31,0.040787,A,A,0.057428,A,A,0.068052,A,A,0.071568,A,A,0.076428,A,A,0,A,,,,,,,,,,,,,,
2022-08-23,62605.49,51352.19,42701.33,0.031018,A,A,0.047930,A,A,0.059117,A,A,0.062752,A,A,0.067873,A,A,0,A,,,,,,,,,,,,,,
2022-08-24,61857.38,51526.63,42713.22,0.016848,A,A,0.033954,A,A,0.045665,A,A,0.049333,A,A,0.054593,A,A,0,A,,,,,,,,,,,,,,
2022-08-25,61421.10,51962.53,42962.57,0.008119,A,A,0.025403,A,A,0.037675,A,A,0.041275,A,A,0.046611,A,A,0,A,,,,,,,,,,,,,,
2022-08-26,61659.84,52134.92,43093.23,0.010601,A,A,0.028050,A,A,0.041050,A,A,0.044592,A,A,0.050092,A,A,0,A,,,,,,,,,,,,,,
2022-08-29,60752.78,52392.51,43171.25,-0.005322,A,A,0.011907,A,A,0.025253,A,A,0.028569,A,A,0.034326,A,A,0,A,,,,,,,,,,,,,,
2022-08-30,59994.71,52409.10,43110.31,-0.018255,A,A,-0.001468,A,A,0.012126,A,A,0.015265,A,A,0.021164,A,A,0,A,,,,,,,,,,,,,,
2022-08-31,59273.24,52376.48,43013.58,-0.029728,fuera,A,-0.013861,A,A,-0.000313,A,A,0.002844,A,A,0.008723,A,A,0,A,,,,,,,,,,,,,,
2022-09-01,59751.74,52514.49,43154.09,-0.021936,fuera,A,-0.006258,A,A,0.007363,A,A,0.010611,A,A,0.016688,A,A,0,A,,,,,,,,,,,,,,
2022-09-02,59287.19,52735.12,43226.82,-0.029323,fuera,A,-0.014308,A,A,-0.000737,A,A,0.002506,A,A,0.008578,A,A,0,A,,,,,,,,,,,,,,
2022-09-05,58837.83,53469.55,43668.54,-0.036234,fuera,A,-0.022056,fuera,A,-0.008622,A,A,-0.005266,A,A,0.000734,A,A,0,A,,,,,,,,,,,,,,
2022-09-06,58216.06,54048.17,43962.67,-0.045676,fuera,fuera,-0.032549,fuera,A,-0.019279,A,A,-0.015890,A,A,-0.010104,A,A,1,A,,,,,,,,,,,,,,
2022-09-07,58935.80,53673.50,43803.14,-0.033474,fuera,fuera,-0.020990,fuera,A,-0.007287,A,A,-0.003940,A,A,0.001749,A,A,1,A,,,,,,,,,,,,,,
2022-09-08,58805.98,53425.21,43603.38,-0.034964,fuera,fuera,-0.023392,fuera,A,-0.009648,A,A,-0.006217,A,A,-0.000787,A,A,1,A,,,,,,,,,,,,,,
2022-09-09,58831.17,53308.22,43523.41,-0.033514,fuera,fuera,-0.023064,fuera,fuera,-0.009361,A,A,-0.005842,A,A,-0.000654,A,A,2,E,,,,,,,,,,,,,,
2022-09-12,59720.01,53356.79,43671.71,-0.018176,fuera,fuera,-0.008799,fuera,fuera,0.005284,A,A,0.008950,A,A,0.013968,A,A,2,E,,,,,,,,,,,,,,
2022-09-13,60706.59,53058.19,43609.67,-0.001447,fuera,fuera,0.006736,fuera,fuera,0.021491,A,A,0.025112,A,A,0.030042,A,A,2,E,,,,,,,,,,,,,,
2022-09-14,60495.31,53009.36,43545.31,-0.004171,fuera,fuera,0.002374,fuera,fuera,0.017487,A,A,0.021103,A,A,0.025798,A,A,2,E,,,,,,,,,,,,,,
2022-09-15,60715.53,53435.77,43847.85,0.000337,fuera,fuera,0.005077,fuera,fuera,0.020539,A,A,0.024417,A,A,0.028965,A,A,2,E,,,,,,,,,,,,,,
2022-09-20,60137.04,53551.41,43874.23,-0.008079,fuera,fuera,-0.005263,fuera,fuera,0.010213,A,A,0.014355,A,A,0.018736,A,A,2,E,,,,,,,,,,,,,,
2022-09-21,60124.20,53243.51,43687.21,-0.006730,fuera,fuera,-0.006215,fuera,fuera,0.009362,A,A,0.013833,A,A,0.018181,A,A,2,E,,,,,,,,,,,,,,
2022-09-22,60155.78,53202.26,43668.25,-0.005432,fuera,fuera,-0.006532,fuera,fuera,0.009163,A,A,0.014052,A,A,0.018384,A,A,2,E,,,,,,,,,,,,,,
2022-09-23,59885.94,52627.53,43262.43,-0.009755,fuera,fuera,-0.011676,fuera,fuera,0.003988,A,A,0.009173,A,A,0.013517,A,A,2,E,,,,,,,,,,,,,,
2022-09-26,59957.30,52532.93,43204.14,-0.008443,fuera,fuera,-0.011058,fuera,fuera,0.004622,A,A,0.010004,A,A,0.014406,A,A,2,E,,,,,,,,,,,,,,
2022-09-27,60380.01,52038.17,42911.14,-0.001577,fuera,fuera,-0.004738,fuera,fuera,0.011095,A,A,0.016713,A,A,0.021164,A,A,2,E,,,,,,,,,,,,,,
2022-09-28,60132.50,51753.70,42650.29,-0.005509,fuera,fuera,-0.009225,fuera,fuera,0.006478,A,A,0.012063,A,A,0.016596,A,A,2,E,,,,,,,,,,,,,,
2022-09-29,59517.17,51449.74,42358.83,-0.015196,fuera,fuera,-0.019187,fuera,fuera,-0.004305,A,A,0.001340,A,A,0.005827,A,A,2,E,,,,,,,,,,,,,,
2022-09-30,58868.48,51404.74,42238.43,-0.024999,fuera,fuera,-0.029684,fuera,fuera,-0.015561,A,A,-0.009677,A,A,-0.005369,A,A,2,E,,,,,,,,,,,,,,
2022-10-03,58565.23,51575.34,42335.88,-0.029372,fuera,fuera,-0.034350,fuera,fuera,-0.021011,fuera,A,-0.014889,A,A,-0.010572,A,A,2,E,,,,,,,,,,,,,,
2022-10-04,59014.93,51707.02,42496.56,-0.021292,fuera,fuera,-0.026661,fuera,fuera,-0.013914,fuera,A,-0.007472,A,A,-0.003146,A,A,2,E,,,,,,,,,,,,,,
2022-10-05,58888.38,51578.64,42403.98,-0.022710,fuera,fuera,-0.028382,fuera,fuera,-0.016434,fuera,A,-0.009739,A,A,-0.005435,A,A,2,E,,,,,,,,,,,,,,
2022-10-06,59454.18,51318.42,42322.84,-0.012876,fuera,fuera,-0.018887,fuera,fuera,-0.007457,fuera,A,-0.000360,A,A,0.003892,A,A,2,E,,,,,,,,,,,,,,
2022-10-07,59439.48,51197.63,42263.44,-0.012907,fuera,fuera,-0.018831,fuera,fuera,-0.008130,fuera,fuera,-0.000816,A,A,0.003384,A,A,3,E,,,,,,,,,,,,,,
2022-10-11,58404.37,51304.31,42214.40,-0.029558,fuera,fuera,-0.035079,fuera,fuera,-0.025518,fuera,fuera,-0.018390,A,A,-0.014198,A,A,3,E,,,,,,,,,,,,,,
2022-10-12,57426.43,51407.25,42168.72,-0.044705,fuera,fuera,-0.050170,fuera,fuera,-0.041668,fuera,fuera,-0.034901,fuera,A,-0.030593,fuera,A,3,E,,,,,,,,,,,,,,
2022-10-13,57198.13,51704.54,42348.20,-0.047314,fuera,fuera,-0.052746,fuera,fuera,-0.045332,fuera,fuera,-0.038807,fuera,A,-0.034276,fuera,A,3,E,,,,,,,,,,,,,,
2022-10-14,57979.90,51919.02,42567.29,-0.033162,fuera,fuera,-0.038659,fuera,fuera,-0.032325,fuera,fuera,-0.025934,fuera,A,-0.021033,fuera,A,3,E,,,,,,,,,,,,,,
2022-10-17,58208.84,52130.68,42736.90,-0.028348,fuera,fuera,-0.033632,fuera,fuera,-0.028617,fuera,fuera,-0.022367,fuera,A,-0.017242,fuera,A,3,E,,,,,,,,,,,,,,
2022-10-18,59594.52,52332.53,43001.42,-0.004886,fuera,fuera,-0.009699,fuera,fuera,-0.005905,fuera,fuera,0.000483,fuera,fuera,0.005912,fuera,fuera,5,E,,,,,,,,,,,,,,
2022-10-19,60211.79,52231.63,42992.15,0.005547,fuera,fuera,0.001651,fuera,fuera,0.003950,fuera,fuera,0.010350,fuera,fuera,0.016066,fuera,fuera,5,E,,,,,,,,,,,,,,
2022-10-20,59968.94,51726.41,42641.69,0.001679,fuera,fuera,-0.001789,fuera,fuera,-0.000376,fuera,fuera,0.005896,fuera,fuera,0.011740,fuera,fuera,5,E,,,,,,,,,,,,,,
2022-10-21,59651.59,51647.53,42570.97,-0.003150,fuera,fuera,-0.006913,fuera,fuera,-0.006008,fuera,fuera,0.000134,fuera,fuera,0.006197,fuera,fuera,5,E,,,,,,,,,,,,,,
2022-10-24,60245.84,51848.13,42742.15,0.007044,fuera,fuera,0.002999,fuera,fuera,0.003382,fuera,fuera,0.009519,fuera,fuera,0.015947,fuera,fuera,5,E,,,,,,,,,,,,,,
2022-10-25,60311.60,52001.20,42825.67,0.008554,fuera,fuera,0.004023,fuera,fuera,0.003898,fuera,fuera,0.010004,fuera,fuera,0.016721,fuera,fuera,5,E,,,,,,,,,,,,,,
2022-10-26,60024.56,52226.32,42936.78,0.004618,fuera,fuera,-0.000612,fuera,fuera,-0.001424,fuera,fuera,0.004668,fuera,fuera,0.011562,fuera,fuera,5,E,,,,,,,,,,,,,,
2022-10-27,59566.31,52565.18,43118.31,-0.001749,fuera,fuera,-0.007906,fuera,fuera,-0.009486,fuera,fuera,-0.003463,fuera,fuera,0.003610,fuera,fuera,5,E,,,,,,,,,,,,,,
2022-10-28,59226.44,52681.19,43184.64,-0.006194,fuera,fuera,-0.012992,fuera,fuera,-0.015499,fuera,fuera,-0.009518,fuera,fuera,-0.002392,fuera,fuera,5,E,,,,,,,,,,,,,,
2022-11-02,59252.87,52557.46,43137.21,-0.004784,fuera,fuera,-0.012260,fuera,fuera,-0.015489,fuera,fuera,-0.009414,fuera,fuera,-0.002216,fuera,fuera,5,E,,,,,,,,,,,,,,
2022-11-03,59227.49,52542.04,43166.20,-0.004396,fuera,fuera,-0.012291,fuera,fuera,-0.016281,fuera,fuera,-0.010068,fuera,fuera,-0.002778,fuera,fuera,5,E,,,,,,,,,,,,,,
2022-11-04,59484.58,52556.76,43201.82,0.000739,fuera,fuera,-0.007669,fuera,fuera,-0.012325,fuera,fuera,-0.005948,fuera,fuera,0.001334,fuera,fuera,5,E,,,,,,,,,,,,,,
2022-11-07,59657.26,52675.03,43242.05,0.004056,fuera,fuera,-0.004524,fuera,fuera,-0.009790,fuera,fuera,-0.003321,fuera,fuera,0.004030,fuera,fuera,5,E,,,,,,,,,,,,,,
2022-11-08,59278.63,53056.68,43452.86,-0.002050,fuera,fuera,-0.010650,fuera,fuera,-0.016209,fuera,fuera,-0.009888,fuera,fuera,-0.002511,fuera,fuera,5,E,,,,,,,,,,,,,,
2022-11-09,58958.93,53818.02,43992.39,-0.007315,fuera,fuera,-0.015742,fuera,fuera,-0.021288,fuera,fuera,-0.015443,fuera,fuera,-0.007936,fuera,fuera,5,E,,,,,,,,,,,,,,
2022-11-10,58399.73,54381.03,44297.79,-0.016233,fuera,fuera,-0.024529,fuera,fuera,-0.030349,fuera,fuera,-0.024943,fuera,fuera,-0.017380,fuera,fuera,5,E,,,,,,,,,,,,,,
2022-11-11,58613.70,55219.91,44866.47,-0.012379,fuera,fuera,-0.020455,fuera,fuera,-0.026565,fuera,fuera,-0.021491,fuera,fuera,-0.013954,fuera,fuera,5,E,,,,,,,,,,,,,,
2022-11-14,59175.62,55468.79,45092.74,-0.003037,fuera,fuera,-0.010557,fuera,fuera,-0.017063,fuera,fuera,-0.012220,fuera,fuera,-0.004797,fuera,fuera,5,E,,,,,,,,,,,,,,
2022-11-15,59729.78,55759.30,45352.12,0.005729,fuera,fuera,-0.000965,fuera,fuera,-0.007745,fuera,fuera,-0.003277,fuera,fuera,0.004124,fuera,fuera,5,E,,,,,,,,,,,,,,
2022-11-16,59654.74,56684.50,45966.49,0.004195,fuera,fuera,-0.002002,fuera,fuera,-0.008913,fuera,fuera,-0.004871,fuera,fuera,0.002411,fuera,fuera,5,E,,,,,,,,,,,,,,
2022-11-17,59578.37,56802.74,46040.84,0.002620,fuera,fuera,-0.003027,fuera,fuera,-0.009991,fuera,fuera,-0.006522,fuera,fuera,0.000706,fuera,fuera,5,E,,,,,,,,,,,,,,
2022-11-18,60246.07,56136.91,45640.80,0.013320,fuera,fuera,0.008207,fuera,fuera,0.001386,fuera,fuera,0.004107,fuera,fuera,0.011477,fuera,fuera,5,E,,,,,,,,,,,,,,
2022-11-21,60809.01,56072.53,45651.51,0.022373,A,fuera,0.017659,fuera,fuera,0.010924,fuera,fuera,0.012904,fuera,fuera,0.020430,A,fuera,5,E,,,,,,,,,,,,,,
2022-11-22,61597.88,56456.83,45986.93,0.035291,A,fuera,0.030686,A,fuera,0.024133,A,fuera,0.025336,A,fuera,0.033119,A,fuera,5,E,,,,,,,,,,,,,,
2022-11-23,61214.56,56633.47,46063.69,0.028572,A,fuera,0.024324,A,fuera,0.018013,A,fuera,0.018257,A,fuera,0.026102,A,fuera,5,E,,,,,,,,,,,,,,
2022-11-24,60826.35,56455.74,45869.84,0.022007,A,fuera,0.018230,A,fuera,0.011987,A,fuera,0.011217,A,fuera,0.019030,A,fuera,5,E,,,,,,,,,,,,,,
2022-11-25,60469.26,56516.77,45879.48,0.015881,A,A,0.012943,A,fuera,0.006556,A,fuera,0.004850,A,fuera,0.012510,A,A,3,E,,,,,,,,,,,,,,
2022-11-28,60460.70,56454.53,45839.98,0.015610,A,A,0.013369,A,A,0.007150,A,A,0.004291,A,A,0.011864,A,A,0,A,,,,,,,,,,,,,,
2022-11-29,60057.75,56399.20,45766.10,0.008878,A,A,0.007089,A,A,0.000849,A,A,-0.002643,A,A,0.004668,A,A,0,A,,,,,,,,,,,,,,
2022-11-30,60032.98,56440.92,45788.58,0.008407,A,A,0.007040,A,A,0.000480,A,A,-0.003025,A,A,0.003834,A,A,0,A,,,,,,,,,,,,,,
2022-12-01,60162.88,56412.43,45764.52,0.010511,A,A,0.009616,A,A,0.002673,A,A,-0.000951,A,A,0.005599,A,A,0,A,,,,,,,,,,,,,,
2022-12-02,60144.82,56793.49,46025.53,0.010296,A,A,0.009473,A,A,0.002353,A,A,-0.001289,A,A,0.004981,A,A,0,A,,,,,,,,,,,,,,
2022-12-05,59997.00,57330.71,46389.49,0.007864,A,A,0.006992,A,A,-0.000004,A,A,-0.003725,A,A,0.002294,A,A,0,A,,,,,,,,,,,,,,
2022-12-06,60011.52,57419.61,46443.93,0.007922,A,A,0.007041,A,A,0.000397,A,A,-0.003431,A,A,0.002273,A,A,0,A,,,,,,,,,,,,,,
2022-12-07,59527.48,57171.81,46251.01,-0.000453,A,A,-0.001023,A,A,-0.007316,A,A,-0.011382,A,A,-0.006046,A,A,0,A,,,,,,,,,,,,,,
2022-12-09,59237.20,56864.43,46008.87,-0.005577,A,A,-0.005882,A,A,-0.011946,A,A,-0.015988,A,A,-0.011109,A,A,0,A,,,,,,,,,,,,,,
2022-12-12,58356.33,56922.80,45967.55,-0.020123,fuera,A,-0.020541,fuera,A,-0.026206,fuera,A,-0.030096,fuera,A,-0.025944,fuera,A,0,A,,,,,,,,,,,,,,
2022-12-13,58246.99,56759.12,45833.99,-0.021725,fuera,A,-0.022384,fuera,A,-0.027575,fuera,A,-0.031372,fuera,A,-0.027821,fuera,A,0,A,,,,,,,,,,,,,,
2022-12-14,58506.31,56995.04,46040.64,-0.017022,fuera,A,-0.017921,fuera,A,-0.022852,fuera,A,-0.026506,fuera,A,-0.023497,fuera,A,0,A,,,,,,,,,,,,,,
2022-12-15,58584.21,56971.81,46013.32,-0.015399,fuera,A,-0.016556,fuera,A,-0.021289,fuera,A,-0.024595,fuera,A,-0.022299,fuera,A,0,A,,,,,,,,,,,,,,
2022-12-16,58569.60,56897.71,45982.65,-0.015705,fuera,fuera,-0.016734,fuera,fuera,-0.021290,fuera,fuera,-0.024133,fuera,fuera,-0.022683,fuera,fuera,5,E,,,,,,,,,,,,,,
2022-12-19,58794.86,56802.51,45949.72,-0.012424,fuera,fuera,-0.012713,fuera,fuera,-0.017206,fuera,fuera,-0.019693,fuera,fuera,-0.019132,fuera,fuera,5,E,,,,,,,,,,,,,,
2022-12-20,58870.58,56746.14,45913.33,-0.011769,fuera,fuera,-0.010965,fuera,fuera,-0.015629,fuera,fuera,-0.017566,fuera,fuera,-0.018102,fuera,fuera,5,E,,,,,,,,,,,,,,
2022-12-21,59015.58,56612.92,45842.00,-0.009718,fuera,fuera,-0.008143,fuera,fuera,-0.012815,fuera,fuera,-0.014635,fuera,fuera,-0.015924,fuera,fuera,5,E,,,,,,,,,,,,,,
2022-12-22,58785.86,56695.92,45870.08,-0.013785,fuera,fuera,-0.011503,fuera,fuera,-0.016257,fuera,fuera,-0.018239,fuera,fuera,-0.019954,fuera,fuera,5,E,,,,,,,,,,,,,,
2022-12-23,57998.66,56674.79,45778.42,-0.026412,fuera,fuera,-0.024192,fuera,fuera,-0.028980,fuera,fuera,-0.031028,fuera,fuera,-0.033220,fuera,fuera,5,E,,,,,,,,,,,,,,
2022-12-26,58563.41,56692.53,45854.21,-0.016327,fuera,fuera,-0.014286,fuera,fuera,-0.019162,fuera,fuera,-0.021363,fuera,fuera,-0.023984,fuera,fuera,5,E,,,,,,,,,,,,,,
2022-12-27,58720.90,56656.83,45852.27,-0.013222,fuera,fuera,-0.011262,fuera,fuera,-0.016204,fuera,fuera,-0.018442,fuera,fuera,-0.021483,fuera,fuera,5,E,,,,,,,,,,,,,,
2022-12-28,58544.96,56820.25,45920.04,-0.015772,fuera,fuera,-0.013876,fuera,fuera,-0.018716,fuera,fuera,-0.021021,fuera,fuera,-0.024506,fuera,fuera,5,E,,,,,,,,,,,,,,
2022-12-29,57486.64,57016.31,45966.02,-0.032566,fuera,fuera,-0.031073,fuera,fuera,-0.035833,fuera,fuera,-0.038109,fuera,fuera,-0.042007,fuera,fuera,5,E,,,,,,,,,,,,,,
2022-12-30,57907.77,57013.73,46005.67,-0.024603,fuera,fuera,-0.023339,fuera,fuera,-0.028136,fuera,fuera,-0.030680,fuera,fuera,-0.034695,fuera,fuera,5,E,,,,,,,,,,,,,,
2023-01-03,57668.53,57278.05,46137.84,-0.027775,fuera,fuera,-0.026742,fuera,fuera,-0.031308,fuera,fuera,-0.034209,fuera,fuera,-0.038432,fuera,fuera,5,E,,,,,,,,,,,,,,
2023-01-04,57393.56,57192.09,46057.17,-0.031622,fuera,fuera,-0.030840,fuera,fuera,-0.034903,fuera,fuera,-0.038295,fuera,fuera,-0.042699,fuera,fuera,5,E,,,,,,,,,,,,,,
2023-01-05,57820.12,57051.58,46017.61,-0.023910,fuera,fuera,-0.023366,fuera,fuera,-0.026860,fuera,fuera,-0.030706,fuera,fuera,-0.035292,fuera,fuera,5,E,,,,,,,,,,,,,,
2023-01-06,58046.21,56779.86,45869.01,-0.019650,fuera,fuera,-0.019413,fuera,fuera,-0.022358,fuera,fuera,-0.026608,fuera,fuera,-0.031224,fuera,fuera,5,E,,,,,,,,,,,,,,
2023-01-09,58184.05,56978.18,46036.59,-0.016937,fuera,fuera,-0.016869,fuera,fuera,-0.019443,fuera,fuera,-0.024028,fuera,fuera,-0.028679,fuera,fuera,5,E,,,,,,,,,,,,,,
2023-01-10,58138.74,57027.95,46072.39,-0.017206,fuera,fuera,-0.017440,fuera,fuera,-0.019560,fuera,fuera,-0.024412,fuera,fuera,-0.029116,fuera,fuera,5,E,,,,,,,,,,,,,,
2023-01-11,58067.74,57159.01,46152.08,-0.017820,fuera,fuera,-0.018281,fuera,fuera,-0.020264,fuera,fuera,-0.025213,fuera,fuera,-0.029825,fuera,fuera,5,E,,,,,,,,,,,,,,
2023-01-12,58009.66,57456.55,46348.40,-0.018334,fuera,fuera,-0.018892,fuera,fuera,-0.020880,fuera,fuera,-0.025701,fuera,fuera,-0.030312,fuera,fuera,5,E,,,,,,,,,,,,,,
2023-01-13,58238.54,57620.87,46483.26,-0.014193,fuera,fuera,-0.014978,fuera,fuera,-0.016826,fuera,fuera,-0.021428,fuera,fuera,-0.025987,fuera,fuera,5,E,,,,,,,,,,,,,,
2023-01-16,58570.17,57366.84,46338.06,-0.008644,fuera,fuera,-0.009668,fuera,fuera,-0.011008,fuera,fuera,-0.015553,fuera,fuera,-0.019921,fuera,fuera,5,E,,,,,,,,,,,,,,
2023-01-17,58492.08,57145.91,46173.67,-0.009920,fuera,fuera,-0.011327,fuera,fuera,-0.012179,fuera,fuera,-0.016541,fuera,fuera,-0.020625,fuera,fuera,5,E,,,,,,,,,,,,,,
2023-01-18,58426.78,57021.87,46091.32,-0.010747,fuera,fuera,-0.012547,fuera,fuera,-0.013206,fuera,fuera,-0.017317,fuera,fuera,-0.021096,fuera,fuera,5,E,,,,,,,,,,,,,,
2023-01-19,57961.44,57052.81,46096.76,-0.017972,fuera,fuera,-0.020347,fuera,fuera,-0.021019,fuera,fuera,-0.024680,fuera,fuera,-0.028059,fuera,fuera,5,E,,,,,,,,,,,,,,
2023-01-20,58604.75,56963.20,46092.23,-0.006680,fuera,fuera,-0.009215,fuera,fuera,-0.010091,fuera,fuera,-0.013485,fuera,fuera,-0.016790,fuera,fuera,5,E,,,,,,,,,,,,,,
2023-01-23,58517.84,56796.92,45987.16,-0.007757,fuera,fuera,-0.010242,fuera,fuera,-0.011506,fuera,fuera,-0.014491,fuera,fuera,-0.018020,fuera,fuera,5,E,,,,,,,,,,,,,,
2023-01-24,58488.45,57051.23,46147.52,-0.007598,fuera,fuera,-0.010352,fuera,fuera,-0.011939,fuera,fuera,-0.014377,fuera,fuera,-0.018274,fuera,fuera,5,E,,,,,,,,,,,,,,
2023-01-25,58070.62,57062.20,46120.87,-0.013669,fuera,fuera,-0.017011,fuera,fuera,-0.018694,fuera,fuera,-0.020632,fuera,fuera,-0.025031,fuera,fuera,5,E,,,,,,,,,,,,,,
2023-01-26,58052.91,56987.59,46076.01,-0.012649,fuera,fuera,-0.016740,fuera,fuera,-0.018504,fuera,fuera,-0.020214,fuera,fuera,-0.025001,fuera,fuera,5,E,,,,,,,,,,,,,,
2023-01-27,58391.39,57091.82,46185.80,-0.005831,fuera,fuera,-0.010504,fuera,fuera,-0.012391,fuera,fuera,-0.013952,fuera,fuera,-0.018992,fuera,fuera,5,E,,,,,,,,,,,,,,
2023-01-30,58495.83,57127.45,46207.51,-0.003174,fuera,fuera,-0.008333,fuera,fuera,-0.010212,fuera,fuera,-0.011724,fuera,fuera,-0.016849,fuera,fuera,5,E,,,,,,,,,,,,,,
2023-01-31,58613.15,56976.09,46111.42,-0.000472,fuera,fuera,-0.006093,fuera,fuera,-0.007942,fuera,fuera,-0.009256,fuera,fuera,-0.014644,fuera,fuera,5,E,,,,,,,,,,,,,,
2023-02-01,58298.62,56489.45,45731.93,-0.005021,fuera,fuera,-0.011184,fuera,fuera,-0.012927,fuera,fuera,-0.014183,fuera,fuera,-0.019610,fuera,fuera,5,E,,,,,,,,,,,,,,
2023-02-02,57925.95,56494.14,45704.29,-0.010581,fuera,fuera,-0.017159,fuera,fuera,-0.018825,fuera,fuera,-0.020158,fuera,fuera,-0.025507,fuera,fuera,5,E,,,,,,,,,,,,,,
2023-02-03,57613.48,56697.06,45816.50,-0.015014,fuera,fuera,-0.022042,fuera,fuera,-0.023700,fuera,fuera,-0.025183,fuera,fuera,-0.030367,fuera,fuera,5,E,,,,,,,,,,,,,,
2023-02-06,57607.30,56517.66,45691.12,-0.014162,fuera,fuera,-0.021660,fuera,fuera,-0.023373,fuera,fuera,-0.024951,fuera,fuera,-0.030158,fuera,fuera,5,E,,,,,,,,,,,,,,
2023-02-07,57931.34,56181.59,45475.15,-0.007782,fuera,fuera,-0.015706,fuera,fuera,-0.017426,fuera,fuera,-0.019252,fuera,fuera,-0.024445,fuera,fuera,5,E,,,,,,,,,,,,,,
2023-02-08,57728.52,56079.01,45383.92,-0.010401,fuera,fuera,-0.018748,fuera,fuera,-0.020422,fuera,fuera,-0.022510,fuera,fuera,-0.027493,fuera,fuera,5,E,,,,,,,,,,,,,,
2023-02-09,57344.79,55913.11,45224.80,-0.015979,fuera,fuera,-0.024853,fuera,fuera,-0.026535,fuera,fuera,-0.028872,fuera,fuera,-0.033541,fuera,fuera,5,E,,,,,,,,,,,,,,
2023-02-10,57532.19,55882.58,45226.43,-0.012012,fuera,fuera,-0.021440,fuera,fuera,-0.023108,fuera,fuera,-0.025477,fuera,fuera,-0.029914,fuera,fuera,5,E,,,,,,,,,,,,,,
2023-02-13,57581.12,55709.77,45100.62,-0.010546,fuera,fuera,-0.020339,fuera,fuera,-0.022095,fuera,fuera,-0.024456,fuera,fuera,-0.028648,fuera,fuera,5,E,,,,,,,,,,,,,,
2023-02-14,57504.97,55556.88,44995.26,-0.011533,fuera,fuera,-0.021200,fuera,fuera,-0.023110,fuera,fuera,-0.025537,fuera,fuera,-0.029544,fuera,fuera,5,E,,,,,,,,,,,,,,
2023-02-15,57227.45,55480.58,44928.59,-0.015921,fuera,fuera,-0.025275,fuera,fuera,-0.027520,fuera,fuera,-0.029850,fuera,fuera,-0.033798,fuera,fuera,5,E,,,,,,,,,,,,,,
2023-02-16,57206.82,55347.48,44831.79,-0.015787,fuera,fuera,-0.024991,fuera,fuera,-0.027458,fuera,fuera,-0.029651,fuera,fuera,-0.033723,fuera,fuera,5,E,,,,,,,,,,,,,,
2023-02-17,57305.64,55372.94,44861.40,-0.013604,fuera,fuera,-0.022716,fuera,fuera,-0.025385,fuera,fuera,-0.027474,fuera,fuera,-0.031584,fuera,fuera,5,E,,,,,,,,,,,,,,
2023-02-20,56828.83,55320.21,44768.10,-0.021160,fuera,fuera,-0.029964,fuera,fuera,-0.033206,fuera,fuera,-0.034960,fuera,fuera,-0.039110,fuera,fuera,5,E,,,,,,,,,,,,,,
2023-02-21,56978.09,55506.53,44906.39,-0.017906,fuera,fuera,-0.026421,fuera,fuera,-0.030585,fuera,fuera,-0.031930,fuera,fuera,-0.036014,fuera,fuera,5,E,,,,,,,,,,,,,,
2023-02-22,56743.40,55231.40,44678.14,-0.021154,fuera,fuera,-0.029173,fuera,fuera,-0.034495,fuera,fuera,-0.035390,fuera,fuera,-0.039262,fuera,fuera,5,E,,,,,,,,,,,,,,
2023-02-23,56553.27,55397.82,44781.94,-0.023512,fuera,fuera,-0.031219,fuera,fuera,-0.037470,fuera,fuera,-0.038061,fuera,fuera,-0.041642,fuera,fuera,5,E,,,,,,,,,,,,,,
2023-02-24,56943.28,55528.31,44914.29,-0.016082,fuera,fuera,-0.023523,fuera,fuera,-0.030600,fuera,fuera,-0.030965,fuera,fuera,-0.034297,fuera,fuera,5,E,,,,,,,,,,,,,,
2023-02-27,57340.28,55709.36,45049.27,-0.008972,fuera,fuera,-0.015890,fuera,fuera,-0.023425,fuera,fuera,-0.023795,fuera,fuera,-0.026973,fuera,fuera,5,E,,,,,,,,,,,,,,
2023-02-28,58136.68,55848.76,45213.36,0.004958,fuera,fuera,-0.001600,fuera,fuera,-0.009473,fuera,fuera,-0.009877,fuera,fuera,-0.013022,fuera,fuera,5,E,,,,,,,,,,,,,,
2023-03-01,58067.12,55906.69,45238.17,0.004007,fuera,fuera,-0.002261,fuera,fuera,-0.010302,fuera,fuera,-0.010730,fuera,fuera,-0.013725,fuera,fuera,5,E,,,,,,,,,,,,,,
2023-03-02,57561.93,55663.86,45017.36,-0.004352,fuera,fuera,-0.010285,fuera,fuera,-0.018524,fuera,fuera,-0.019026,fuera,fuera,-0.021885,fuera,fuera,5,E,,,,,,,,,,,,,,
2023-03-03,57381.87,55375.07,44806.01,-0.007426,fuera,fuera,-0.012643,fuera,fuera,-0.021063,fuera,fuera,-0.021858,fuera,fuera,-0.024601,fuera,fuera,5,E,,,,,,,,,,,,,,
2023-03-06,57591.23,55515.03,44944.77,-0.003683,fuera,fuera,-0.008360,fuera,fuera,-0.016984,fuera,fuera,-0.018134,fuera,fuera,-0.020820,fuera,fuera,5,E,,,,,,,,,,,,,,
2023-03-07,57232.23,55503.47,44912.49,-0.009728,fuera,fuera,-0.013808,fuera,fuera,-0.022594,fuera,fuera,-0.023972,fuera,fuera,-0.026593,fuera,fuera,5,E,,,,,,,,,,,,,,
2023-03-08,56507.83,55484.80,44826.84,-0.021929,fuera,fuera,-0.025371,fuera,fuera,-0.034405,fuera,fuera,-0.035953,fuera,fuera,-0.038553,fuera,fuera,5,E,,,,,,,,,,,,,,
2023-03-09,56681.78,55604.80,44945.51,-0.018488,fuera,fuera,-0.021621,fuera,fuera,-0.030964,fuera,fuera,-0.032550,fuera,fuera,-0.035313,fuera,fuera,5,E,,,,,,,,,,,,,,
2023-03-10,56216.19,55522.47,44862.37,-0.025865,fuera,fuera,-0.028866,fuera,fuera,-0.038369,fuera,fuera,-0.039993,fuera,fuera,-0.042978,fuera,fuera,5,E,,,,,,,,,,,,,,
2023-03-13,55503.24,55935.57,45066.43,-0.037225,fuera,fuera,-0.040443,fuera,fuera,-0.049893,fuera,fuera,-0.051721,fuera,fuera,-0.054677,fuera,fuera,5,E,,,,,,,,,,,,,,
2023-03-14,55558.31,57082.33,45832.64,-0.035310,fuera,fuera,-0.038793,fuera,fuera,-0.048239,fuera,fuera,-0.050492,fuera,fuera,-0.053323,fuera,fuera,5,E,,,,,,,,,,,,,,
2023-03-15,55460.42,56754.88,45581.60,-0.036040,fuera,fuera,-0.039696,fuera,fuera,-0.049157,fuera,fuera,-0.051896,fuera,fuera,-0.054560,fuera,fuera,5,E,,,,,,,,,,,,,,
2023-03-16,55649.93,57060.68,45822.38,-0.031864,fuera,fuera,-0.035649,fuera,fuera,-0.045248,fuera,fuera,-0.048296,fuera,fuera,-0.050807,fuera,fuera,5,E,,,,,,,,,,,,,,
2023-03-17,56158.03,57081.58,45862.92,-0.022238,fuera,fuera,-0.026208,fuera,fuera,-0.036016,fuera,fuera,-0.039285,fuera,fuera,-0.041551,fuera,fuera,5,E,,,,,,,,,,,,,,
2023-03-20,56292.41,57258.44,46018.76,-0.019034,fuera,fuera,-0.023216,fuera,fuera,-0.033320,fuera,fuera,-0.036468,fuera,fuera,-0.038710,fuera,fuera,5,E,,,,,,,,,,,,,,
2023-03-21,56123.06,57361.77,46060.39,-0.021087,fuera,fuera,-0.025428,fuera,fuera,-0.035770,fuera,fuera,-0.038726,fuera,fuera,-0.041005,fuera,fuera,5,E,,,,,,,,,,,,,,
2023-03-22,56506.35,57401.15,46101.76,-0.013667,fuera,fuera,-0.018104,fuera,fuera,-0.028690,fuera,fuera,-0.031614,fuera,fuera,-0.033980,fuera,fuera,5,E,,,,,,,,,,,,,,
2023-03-23,56280.85,57430.07,46123.06,-0.016963,fuera,fuera,-0.021357,fuera,fuera,-0.031929,fuera,fuera,-0.034948,fuera,fuera,-0.037333,fuera,fuera,5,E,,,,,,,,,,,,,,
2023-03-24,55812.74,57548.86,46158.66,-0.024081,fuera,fuera,-0.028920,fuera,fuera,-0.039275,fuera,fuera,-0.042281,fuera,fuera,-0.044777,fuera,fuera,5,E,,,,,,,,,,,,,,
2023-03-27,55895.31,57842.96,46362.08,-0.021641,fuera,fuera,-0.026777,fuera,fuera,-0.037176,fuera,fuera,-0.040172,fuera,fuera,-0.042845,fuera,fuera,5,E,,,,,,,,,,,,,,
2023-03-28,55804.20,57634.13,46214.69,-0.022214,fuera,fuera,-0.027592,fuera,fuera,-0.037927,fuera,fuera,-0.041074,fuera,fuera,-0.043865,fuera,fuera,5,E,,,,,,,,,,,,,,
2023-03-29,55658.25,57540.64,46151.02,-0.023855,fuera,fuera,-0.029372,fuera,fuera,-0.039496,fuera,fuera,-0.042970,fuera,fuera,-0.045753,fuera,fuera,5,E,,,,,,,,,,,,,,
2023-03-30,55603.53,57664.32,46232.58,-0.023883,fuera,fuera,-0.029829,fuera,fuera,-0.039336,fuera,fuera,-0.043343,fuera,fuera,-0.046103,fuera,fuera,5,E,,,,,,,,,,,,,,
2023-03-31,55823.00,57810.78,46348.38,-0.019047,fuera,fuera,-0.025446,fuera,fuera,-0.034545,fuera,fuera,-0.039027,fuera,fuera,-0.041856,fuera,fuera,5,E,,,,,,,,,,,,,,
2023-04-03,56134.19,58024.85,46527.31,-0.012668,fuera,fuera,-0.019603,fuera,fuera,-0.028287,fuera,fuera,-0.033180,fuera,fuera,-0.036156,fuera,fuera,5,E,,,,,,,,,,,,,,
2023-04-04,56761.34,58178.72,46696.13,-0.000914,fuera,fuera,-0.008478,fuera,fuera,-0.016729,fuera,fuera,-0.021942,fuera,fuera,-0.025148,fuera,fuera,5,E,,,,,,,,,,,,,,
2023-04-05,57022.75,58165.80,46716.76,0.004188,fuera,fuera,-0.003695,fuera,fuera,-0.011547,fuera,fuera,-0.017012,fuera,fuera,-0.020392,fuera,fuera,5,E,,,,,,,,,,,,,,
2023-04-06,56805.89,58061.72,46616.59,0.000808,fuera,fuera,-0.007148,fuera,fuera,-0.014689,fuera,fuera,-0.020353,fuera,fuera,-0.023841,fuera,fuera,5,E,,,,,,,,,,,,,,
2023-04-10,57034.14,58223.44,46738.82,0.005057,fuera,fuera,-0.002845,fuera,fuera,-0.010157,fuera,fuera,-0.016106,fuera,fuera,-0.019595,fuera,fuera,5,E,,,,,,,,,,,,,,
2023-04-11,57490.88,57973.72,46589.95,0.013152,fuera,fuera,0.005318,fuera,fuera,-0.001716,fuera,fuera,-0.008078,fuera,fuera,-0.011481,fuera,fuera,5,E,,,,,,,,,,,,,,
2023-04-12,57329.65,57772.89,46451.62,0.010549,fuera,fuera,0.002701,fuera,fuera,-0.003975,fuera,fuera,-0.010651,fuera,fuera,-0.014109,fuera,fuera,5,E,,,,,,,,,,,,,,
2023-04-13,56924.48,57589.64,46300.87,0.003723,fuera,fuera,-0.004090,fuera,fuera,-0.010427,fuera,fuera,-0.017280,fuera,fuera,-0.021009,fuera,fuera,5,E,,,,,,,,,,,,,,
2023-04-14,56818.52,57849.50,46483.04,0.002061,fuera,fuera,-0.005558,fuera,fuera,-0.011660,fuera,fuera,-0.018639,fuera,fuera,-0.022781,fuera,fuera,5,E,,,,,,,,,,,,,,
2023-04-17,56968.39,57792.27,46441.85,0.004927,fuera,fuera,-0.002498,fuera,fuera,-0.008562,fuera,fuera,-0.015616,fuera,fuera,-0.020068,fuera,fuera,5,E,,,,,,,,,,,,,,
2023-04-18,57276.47,57608.40,46324.49,0.010482,fuera,fuera,0.003230,fuera,fuera,-0.002823,fuera,fuera,-0.009917,fuera,fuera,-0.014643,fuera,fuera,5,E,,,,,,,,,,,,,,
2023-04-19,56928.50,57534.78,46244.05,0.004570,fuera,fuera,-0.002456,fuera,fuera,-0.008607,fuera,fuera,-0.015394,fuera,fuera,-0.020273,fuera,fuera,5,E,,,,,,,,,,,,,,
2023-04-20,56659.81,57325.09,46058.26,0.000051,fuera,fuera,-0.006810,fuera,fuera,-0.012983,fuera,fuera,-0.019371,fuera,fuera,-0.024424,fuera,fuera,5,E,,,,,,,,,,,,,,
2023-04-21,56206.51,57386.00,46062.52,-0.007560,fuera,fuera,-0.014108,fuera,fuera,-0.020443,fuera,fuera,-0.026352,fuera,fuera,-0.031731,fuera,fuera,5,E,,,,,,,,,,,,,,
2023-04-24,55863.52,57347.01,45988.45,-0.013058,fuera,fuera,-0.019411,fuera,fuera,-0.025908,fuera,fuera,-0.031438,fuera,fuera,-0.037141,fuera,fuera,5,E,,,,,,,,,,,,,,
2023-04-25,56864.13,57095.96,45903.68,0.004606,fuera,fuera,-0.001402,fuera,fuera,-0.008132,fuera,fuera,-0.013444,fuera,fuera,-0.019441,fuera,fuera,5,E,,,,,,,,,,,,,,
2023-04-26,56452.53,57386.26,46076.88,-0.002460,fuera,fuera,-0.008190,fuera,fuera,-0.014865,fuera,fuera,-0.019934,fuera,fuera,-0.026024,fuera,fuera,5,E,,,,,,,,,,,,,,
2023-04-27,55957.08,57396.34,46030.90,-0.010909,fuera,fuera,-0.016329,fuera,fuera,-0.022959,fuera,fuera,-0.027812,fuera,fuera,-0.034034,fuera,fuera,5,E,,,,,,,,,,,,,,
2023-04-28,56088.76,57325.82,45988.38,-0.008401,fuera,fuera,-0.013390,fuera,fuera,-0.020103,fuera,fuera,-0.024884,fuera,fuera,-0.031299,fuera,fuera,5,E,,,,,,,,,,,,,,
2023-05-02,56453.81,57476.60,46126.36,-0.001755,fuera,fuera,-0.006411,fuera,fuera,-0.013279,fuera,fuera,-0.017955,fuera,fuera,-0.024624,fuera,fuera,5,E,,,,,,,,,,,,,,
2023-05-03,56360.58,57504.41,46148.28,-0.003020,fuera,fuera,-0.007437,fuera,fuera,-0.014595,fuera,fuera,-0.018959,fuera,fuera,-0.025848,fuera,fuera,5,E,,,,,,,,,,,,,,
2023-05-04,56196.31,57570.62,46188.69,-0.005167,fuera,fuera,-0.009757,fuera,fuera,-0.017015,fuera,fuera,-0.021178,fuera,fuera,-0.028283,fuera,fuera,5,E,,,,,,,,,,,,,,
2023-05-05,55778.83,57569.43,46159.87,-0.011668,fuera,fuera,-0.016532,fuera,fuera,-0.023759,fuera,fuera,-0.027769,fuera,fuera,-0.035012,fuera,fuera,5,E,,,,,,,,,,,,,,
2023-05-08,55978.91,57608.34,46202.58,-0.007504,fuera,fuera,-0.012560,fuera,fuera,-0.019768,fuera,fuera,-0.023628,fuera,fuera,-0.031061,fuera,fuera,5,E,,,,,,,,,,,,,,
2023-05-09,56126.00,57569.03,46197.76,-0.004403,fuera,fuera,-0.009561,fuera,fuera,-0.016932,fuera,fuera,-0.020509,fuera,fuera,-0.028094,fuera,fuera,5,E,,,,,,,,,,,,,,
2023-05-10,55831.30,57344.17,46015.05,-0.008943,fuera,fuera,-0.014190,fuera,fuera,-0.021699,fuera,fuera,-0.025100,fuera,fuera,-0.032781,fuera,fuera,5,E,,,,,,,,,,,,,,
2023-05-11,55719.66,57325.90,45994.24,-0.010335,fuera,fuera,-0.015616,fuera,fuera,-0.023284,fuera,fuera,-0.026623,fuera,fuera,-0.034360,fuera,fuera,5,E,,,,,,,,,,,,,,
2023-05-12,56085.00,57391.05,46098.76,-0.003679,fuera,fuera,-0.008817,fuera,fuera,-0.016630,fuera,fuera,-0.019888,fuera,fuera,-0.027690,fuera,fuera,5,E,,,,,,,,,,,,,,
2023-05-15,55517.08,57247.78,45958.97,-0.013315,fuera,fuera,-0.018308,fuera,fuera,-0.026150,fuera,fuera,-0.029330,fuera,fuera,-0.037051,fuera,fuera,5,E,,,,,,,,,,,,,,
2023-05-16,55587.08,57080.16,45843.61,-0.011825,fuera,fuera,-0.016528,fuera,fuera,-0.024455,fuera,fuera,-0.027621,fuera,fuera,-0.035287,fuera,fuera,5,E,,,,,,,,,,,,,,
2023-05-17,55980.30,57004.21,45822.42,-0.005022,fuera,fuera,-0.009153,fuera,fuera,-0.017132,fuera,fuera,-0.020320,fuera,fuera,-0.027970,fuera,fuera,5,E,,,,,,,,,,,,,,
2023-05-18,56188.37,57174.61,45964.56,-0.001572,fuera,fuera,-0.005185,fuera,fuera,-0.013103,fuera,fuera,-0.016251,fuera,fuera,-0.023901,fuera,fuera,5,E,,,,,,,,,,,,,,
2023-05-19,56143.80,57133.54,45923.19,-0.002634,fuera,fuera,-0.005681,fuera,fuera,-0.013515,fuera,fuera,-0.016584,fuera,fuera,-0.024124,fuera,fuera,5,E,,,,,,,,,,,,,,
2023-05-22,56302.03,57178.66,45955.28,-0.000080,fuera,fuera,-0.002602,fuera,fuera,-0.010405,fuera,fuera,-0.013366,fuera,fuera,-0.020765,fuera,fuera,5,E,,,,,,,,,,,,,,
2023-05-23,56541.10,57032.18,45895.77,0.004014,fuera,fuera,0.001713,fuera,fuera,-0.005874,fuera,fuera,-0.008805,fuera,fuera,-0.015920,fuera,fuera,5,E,,,,,,,,,,,,,,
2023-05-24,56380.00,56944.75,45834.80,0.001119,fuera,fuera,-0.000976,fuera,fuera,-0.008282,fuera,fuera,-0.011362,fuera,fuera,-0.018068,fuera,fuera,5,E,,,,,,,,,,,,,,
2023-05-25,56305.66,56929.32,45818.75,-0.000273,fuera,fuera,-0.002172,fuera,fuera,-0.009166,fuera,fuera,-0.012293,fuera,fuera,-0.018749,fuera,fuera,5,E,,,,,,,,,,,,,,
2023-05-26,56190.49,56757.21,45685.12,-0.002194,fuera,fuera,-0.004113,fuera,fuera,-0.010760,fuera,fuera,-0.013897,fuera,fuera,-0.020177,fuera,fuera,5,E,,,,,,,,,,,,,,
2023-05-29,56080.35,56668.68,45590.25,-0.004071,fuera,fuera,-0.005828,fuera,fuera,-0.012336,fuera,fuera,-0.015424,fuera,fuera,-0.021504,fuera,fuera,5,E,,,,,,,,,,,,,,
2023-05-30,55996.26,56736.73,45638.89,-0.005636,fuera,fuera,-0.006949,fuera,fuera,-0.013313,fuera,fuera,-0.016655,fuera,fuera,-0.022421,fuera,fuera,5,E,,,,,,,,,,,,,,
2023-05-31,55954.13,56757.03,45674.34,-0.006408,fuera,fuera,-0.007095,fuera,fuera,-0.013560,fuera,fuera,-0.017074,fuera,fuera,-0.022604,fuera,fuera,5,E,,,,,,,,,,,,,,
2023-06-01,55948.26,56936.34,45797.37,-0.006568,fuera,fuera,-0.006616,fuera,fuera,-0.013173,fuera,fuera,-0.016894,fuera,fuera,-0.022136,fuera,fuera,5,E,,,,,,,,,,,,,,
2023-06-02,56076.65,57108.01,45950.98,-0.004453,fuera,fuera,-0.003926,fuera,fuera,-0.010522,fuera,fuera,-0.014421,fuera,fuera,-0.019338,fuera,fuera,5,E,,,,,,,,,,,,,,
2023-06-05,56517.31,57148.37,46006.95,0.003009,fuera,fuera,0.004143,fuera,fuera,-0.002446,fuera,fuera,-0.006459,fuera,fuera,-0.011154,fuera,fuera,5,E,,,,,,,,,,,,,,
2023-06-06,56497.08,57269.86,46089.85,0.002383,fuera,fuera,0.004088,fuera,fuera,-0.002432,fuera,fuera,-0.006557,fuera,fuera,-0.011026,fuera,fuera,5,E,,,,,,,,,,,,,,
2023-06-07,56682.99,57363.10,46185.64,0.005464,fuera,fuera,0.007546,fuera,fuera,0.001206,fuera,fuera,-0.003038,fuera,fuera,-0.007379,fuera,fuera,5,E,,,,,,,,,,,,,,
2023-06-08,56576.71,57442.19,46237.71,0.003652,fuera,fuera,0.005637,fuera,fuera,-0.000271,fuera,fuera,-0.004647,fuera,fuera,-0.008874,fuera,fuera,5,E,,,,,,,,,,,,,,
2023-06-09,56491.68,57382.20,46206.87,0.002353,fuera,fuera,0.004179,fuera,fuera,-0.001419,fuera,fuera,-0.005880,fuera,fuera,-0.010107,fuera,fuera,5,E,,,,,,,,,,,,,,
2023-06-12,56476.22,57448.98,46270.74,0.002209,fuera,fuera,0.003832,fuera,fuera,-0.001408,fuera,fuera,-0.005897,fuera,fuera,-0.010134,fuera,fuera,5,E,,,,,,,,,,,,,,
2023-06-13,57689.69,57467.24,46401.76,0.023479,A,fuera,0.024778,A,fuera,0.020032,A,fuera,0.015557,fuera,fuera,0.011250,fuera,fuera,5,E,,,,,,,,,,,,,,
2023-06-14,57863.05,57541.15,46452.00,0.026404,A,fuera,0.027201,A,fuera,0.023046,A,fuera,0.018729,fuera,fuera,0.014390,fuera,fuera,5,E,,,,,,,,,,,,,,
2023-06-15,57724.18,57542.81,46459.55,0.023781,A,fuera,0.024092,A,fuera,0.020633,A,fuera,0.016415,fuera,fuera,0.012075,fuera,fuera,5,E,,,,,,,,,,,,,,
2023-06-16,57989.62,57727.48,46628.95,0.028057,A,fuera,0.028135,A,fuera,0.025273,A,fuera,0.021164,A,fuera,0.016843,fuera,fuera,5,E,,,,,,,,,,,,,,
2023-06-19,57856.30,57793.65,46660.32,0.025275,A,A,0.025289,A,A,0.022813,A,A,0.018834,A,fuera,0.014648,fuera,fuera,2,E,,,,,,,,,,,,,,
2023-06-20,57858.23,57765.68,46647.48,0.024950,A,A,0.024878,A,A,0.022782,A,A,0.018996,A,fuera,0.014845,fuera,fuera,2,E,,,,,,,,,,,,,,
2023-06-22,57778.12,58041.61,46848.21,0.023328,A,A,0.022991,A,A,0.021326,A,A,0.017711,A,fuera,0.013582,fuera,fuera,2,E,,,,,,,,,,,,,,
2023-06-23,57874.22,58006.72,46821.88,0.024649,A,A,0.024305,A,A,0.022951,A,A,0.019509,A,A,0.015286,fuera,fuera,1,A,,,,,,,,,,,,,,
2023-06-27,57587.98,58017.89,46824.40,0.019209,A,A,0.018870,A,A,0.017819,A,A,0.014549,A,A,0.010402,fuera,fuera,1,A,,,,,,,,,,,,,,
2023-06-28,57380.98,57955.57,46753.37,0.015077,A,A,0.014768,A,A,0.014126,A,A,0.011016,A,A,0.006958,fuera,fuera,1,A,,,,,,,,,,,,,,
2023-06-29,57340.79,57967.22,46804.50,0.013777,A,A,0.013652,A,A,0.013409,A,A,0.010486,A,A,0.006421,fuera,fuera,1,A,,,,,,,,,,,,,,
2023-06-30,57518.73,57750.15,46640.47,0.016661,A,A,0.016317,A,A,0.016416,A,A,0.013788,A,A,0.009540,fuera,fuera,1,A,,,,,,,,,,,,,,
2023-07-03,57891.40,57826.22,46733.32,0.022670,A,A,0.022271,A,A,0.022818,A,A,0.020480,A,A,0.016083,fuera,fuera,1,A,,,,,,,,,,,,,,
2023-07-04,58100.74,57810.97,46759.95,0.025506,A,A,0.025261,A,A,0.026243,A,A,0.024204,A,A,0.019696,fuera,fuera,1,A,,,,,,,,,,,,,,
2023-07-05,58005.63,57700.07,46685.80,0.023058,A,A,0.022967,A,A,0.024271,A,A,0.022514,A,A,0.017940,fuera,fuera,1,A,,,,,,,,,,,,,,
2023-07-06,57770.54,57609.20,46598.47,0.018386,A,A,0.018362,A,A,0.019954,A,A,0.018343,A,A,0.013821,fuera,fuera,1,A,,,,,,,,,,,,,,
2023-07-07,57493.31,57517.89,46486.79,0.013049,A,A,0.013271,A,A,0.015029,A,A,0.013475,A,A,0.009034,fuera,fuera,1,A,,,,,,,,,,,,,,
2023-07-10,57843.33,57382.76,46446.00,0.018560,A,A,0.019210,A,A,0.021268,A,A,0.019660,A,A,0.015225,fuera,fuera,1,A,,,,,,,,,,,,,,
2023-07-11,58316.35,57369.93,46484.72,0.025870,A,A,0.027117,A,A,0.029569,A,A,0.027897,A,A,0.023502,A,fuera,1,A,,,,,,,,,,,,,,
2023-07-12,58905.16,57025.13,46309.57,0.035044,A,A,0.036954,A,A,0.039690,A,A,0.038004,A,A,0.033715,A,fuera,1,A,,,,,,,,,,,,,,
2023-07-13,59125.88,56897.54,46276.43,0.037707,A,A,0.040371,A,A,0.043229,A,A,0.041615,A,A,0.037427,A,fuera,1,A,,,,,,,,,,,,,,
2023-07-14,59448.57,57148.38,46487.81,0.041901,A,A,0.045440,A,A,0.048541,A,A,0.046972,A,A,0.042914,A,fuera,1,A,,,,,,,,,,,,,,
2023-07-17,59643.52,57115.76,46471.47,0.043723,A,A,0.048086,A,A,0.051483,A,A,0.050028,A,A,0.046177,A,A,0,A,,,,,,,,,,,,,,
2023-07-18,60048.25,57141.87,46510.62,0.049188,A,A,0.054263,A,A,0.057884,A,A,0.056654,A,A,0.053048,A,A,0,A,,,,,,,,,,,,,,
2023-07-19,59994.99,57202.06,46541.03,0.046438,A,A,0.052454,A,A,0.056261,A,A,0.055224,A,A,0.051885,A,A,0,A,,,,,,,,,,,,,,
2023-07-20,59869.78,57267.57,46599.50,0.042524,A,A,0.049512,A,A,0.053304,A,A,0.052569,A,A,0.049411,A,A,0,A,,,,,,,,,,,,,,
2023-07-21,59503.76,57153.99,46464.97,0.034739,A,A,0.042360,A,A,0.046046,A,A,0.045666,A,A,0.042865,A,A,0,A,,,,,,,,,,,,,,
2023-07-24,60291.67,57070.09,46491.25,0.046781,A,A,0.055113,A,A,0.058918,A,A,0.058925,A,A,0.056413,A,A,0,A,,,,,,,,,,,,,,
2023-07-25,60795.98,57024.76,46496.76,0.053645,A,A,0.062605,A,A,0.066665,A,A,0.067059,A,A,0.064908,A,A,0,A,,,,,,,,,,,,,,
2023-07-26,61242.15,57054.44,46559.15,0.059362,A,A,0.068834,A,A,0.073323,A,A,0.074048,A,A,0.072250,A,A,0,A,,,,,,,,,,,,,,
2023-07-27,61110.24,57088.07,46573.73,0.055227,A,A,0.065298,A,A,0.069979,A,A,0.070989,A,A,0.069486,A,A,0,A,,,,,,,,,,,,,,
2023-07-28,61074.26,57026.42,46531.87,0.052710,A,A,0.063332,A,A,0.068355,A,A,0.069692,A,A,0.068458,A,A,0,A,,,,,,,,,,,,,,
2023-07-31,61497.48,57028.48,46596.63,0.057901,A,A,0.069089,A,A,0.074636,A,A,0.076501,A,A,0.075414,A,A,0,A,,,,,,,,,,,,,,
2023-08-01,62504.51,57580.83,47073.76,0.072635,A,A,0.084705,A,A,0.090963,A,A,0.093320,A,A,0.092434,A,A,0,A,,,,,,,,,,,,,,
2023-08-02,62296.80,57366.12,46892.54,0.066542,A,A,0.079391,A,A,0.086070,A,A,0.088828,A,A,0.088200,A,A,0,A,,,,,,,,,,,,,,
2023-08-03,61989.49,56982.99,46583.88,0.058866,A,A,0.072432,A,A,0.079421,A,A,0.082626,A,A,0.082223,A,A,0,A,,,,,,,,,,,,,,
2023-08-04,62113.36,56650.83,46351.79,0.058508,A,A,0.072859,A,A,0.080278,A,A,0.083974,A,A,0.083709,A,A,0,A,,,,,,,,,,,,,,
2023-08-07,61889.56,56828.72,46479.81,0.052326,A,A,0.067233,A,A,0.075122,A,A,0.079233,A,A,0.079165,A,A,0,A,,,,,,,,,,,,,,
2023-08-08,62270.10,56730.87,46436.27,0.056324,A,A,0.071978,A,A,0.080354,A,A,0.084831,A,A,0.085149,A,A,0,A,,,,,,,,,,,,,,
2023-08-09,62391.42,56907.74,46562.02,0.056044,A,A,0.072259,A,A,0.081044,A,A,0.085916,A,A,0.086562,A,A,0,A,,,,,,,,,,,,,,
2023-08-10,62180.68,56675.73,46391.21,0.050232,A,A,0.066819,A,A,0.076075,A,A,0.081179,A,A,0.082169,A,A,0,A,,,,,,,,,,,,,,
2023-08-11,61835.61,56640.72,46349.07,0.042388,A,A,0.059162,A,A,0.068932,A,A,0.074053,A,A,0.075524,A,A,0,A,,,,,,,,,,,,,,
2023-08-14,61469.64,56416.31,46142.09,0.034322,A,A,0.051378,A,A,0.061645,A,A,0.066653,A,A,0.068585,A,A,0,A,,,,,,,,,,,,,,
2023-08-16,61119.13,56344.29,46033.18,0.026648,A,A,0.043820,A,A,0.054762,A,A,0.059580,A,A,0.061962,A,A,0,A,,,,,,,,,,,,,,
2023-08-17,60837.52,56256.45,45936.65,0.020257,A,A,0.037557,A,A,0.049092,A,A,0.053795,A,A,0.056543,A,A,0,A,,,,,,,,,,,,,,
2023-08-18,60822.17,56072.17,45813.45,0.018810,A,A,0.035959,A,A,0.048066,A,A,0.052719,A,A,0.055751,A,A,0,A,,,,,,,,,,,,,,
2023-08-21,60771.90,55907.57,45690.14,0.016867,A,A,0.033841,A,A,0.046543,A,A,0.051073,A,A,0.054374,A,A,0,A,,,,,,,,,,,,,,
2023-08-22,60784.52,55654.76,45506.57,0.015922,A,A,0.032782,A,A,0.046068,A,A,0.050485,A,A,0.054019,A,A,0,A,,,,,,,,,,,,,,
2023-08-23,60819.77,55560.16,45469.81,0.015444,A,A,0.032143,A,A,0.045896,A,A,0.050348,A,A,0.054073,A,A,0,A,,,,,,,,,,,,,,
2023-08-24,60896.27,55777.40,45647.90,0.015576,A,A,0.032249,A,A,0.046396,A,A,0.050872,A,A,0.054797,A,A,0,A,,,,,,,,,,,,,,
2023-08-25,60341.65,55927.90,45695.38,0.005401,A,A,0.021776,A,A,0.036199,A,A,0.040526,A,A,0.044646,A,A,0,A,,,,,,,,,,,,,,
2023-08-28,59604.02,55975.08,45657.10,-0.007560,A,A,0.008405,A,A,0.023078,A,A,0.027181,A,A,0.031499,A,A,0,A,,,,,,,,,,,,,,
2023-08-29,60170.42,56100.00,45786.98,0.001020,A,A,0.016918,A,A,0.032161,A,A,0.036199,A,A,0.040896,A,A,0,A,,,,,,,,,,,,,,
2023-08-30,61118.92,56206.97,45959.80,0.015474,A,A,0.031576,A,A,0.047542,A,A,0.051592,A,A,0.056872,A,A,0,A,,,,,,,,,,,,,,
2023-08-31,61046.47,56349.81,46062.30,0.012899,A,A,0.028982,A,A,0.045336,A,A,0.049409,A,A,0.055187,A,A,0,A,,,,,,,,,,,,,,
2023-09-01,60828.90,56367.04,46043.51,0.007993,A,A,0.024000,A,A,0.040628,A,A,0.044813,A,A,0.050956,A,A,0,A,,,,,,,,,,,,,,
2023-09-04,60807.30,56323.04,46003.24,0.006416,A,A,0.022330,A,A,0.039479,A,A,0.043644,A,A,0.050089,A,A,0,A,,,,,,,,,,,,,,
2023-09-05,61181.41,56351.35,46063.44,0.011384,A,A,0.027242,A,A,0.044936,A,A,0.049307,A,A,0.056030,A,A,0,A,,,,,,,,,,,,,,
2023-09-06,61511.49,56383.70,46090.11,0.015568,A,A,0.031433,A,A,0.049467,A,A,0.054195,A,A,0.061106,A,A,0,A,,,,,,,,,,,,,,
2023-09-07,61439.28,56216.76,45977.83,0.013100,A,A,0.028890,A,A,0.047173,A,A,0.052162,A,A,0.059145,A,A,0,A,,,,,,,,,,,,,,
2023-09-08,61452.31,56210.16,45970.92,0.011950,A,A,0.027826,A,A,0.046405,A,A,0.051627,A,A,0.058678,A,A,0,A,,,,,,,,,,,,,,
2023-09-11,62080.52,56232.88,46070.58,0.020581,A,A,0.036841,A,A,0.055959,A,A,0.061584,A,A,0.068644,A,A,0,A,,,,,,,,,,,,,,
2023-09-12,62228.76,56132.73,46013.74,0.021382,A,A,0.037764,A,A,0.057275,A,A,0.063270,A,A,0.070213,A,A,0,A,,,,,,,,,,,,,,
2023-09-13,62564.36,55991.73,45950.53,0.025302,A,A,0.041708,A,A,0.061617,A,A,0.068024,A,A,0.074956,A,A,0,A,,,,,,,,,,,,,,
2023-09-14,62110.39,55844.42,45831.47,0.016675,A,A,0.032961,A,A,0.052697,A,A,0.059363,A,A,0.066190,A,A,0,A,,,,,,,,,,,,,,
2023-09-15,62311.27,55825.09,45834.13,0.018783,A,A,0.035105,A,A,0.054873,A,A,0.061868,A,A,0.068668,A,A,0,A,,,,,,,,,,,,,,
2023-09-20,62126.51,55826.52,45809.13,0.014775,A,A,0.030858,A,A,0.050501,A,A,0.057886,A,A,0.064634,A,A,0,A,,,,,,,,,,,,,,
2023-09-21,61644.28,55701.64,45672.40,0.006167,A,A,0.021888,A,A,0.041188,A,A,0.048873,A,A,0.055602,A,A,0,A,,,,,,,,,,,,,,
2023-09-22,61317.60,55408.00,45402.42,0.000375,A,A,0.015562,A,A,0.034654,A,A,0.042528,A,A,0.049267,A,A,0,A,,,,,,,,,,,,,,
2023-09-25,61303.98,55342.80,45383.15,-0.000322,A,A,0.014432,A,A,0.033303,A,A,0.041436,A,A,0.048351,A,A,0,A,,,,,,,,,,,,,,
2023-09-26,61587.24,55218.64,45288.22,0.003672,A,A,0.018117,A,A,0.036913,A,A,0.045281,A,A,0.052437,A,A,0,A,,,,,,,,,,,,,,
2023-09-27,61371.39,54810.50,44985.37,-0.000521,A,A,0.013633,A,A,0.032237,A,A,0.040859,A,A,0.047959,A,A,0,A,,,,,,,,,,,,,,
2023-09-28,61283.24,54555.16,44794.09,-0.002315,A,A,0.011213,A,A,0.029774,A,A,0.038553,A,A,0.045690,A,A,0,A,,,,,,,,,,,,,,
2023-09-29,61534.14,54239.85,44620.00,0.001502,A,A,0.014267,A,A,0.032951,A,A,0.041867,A,A,0.049157,A,A,0,A,,,,,,,,,,,,,,
2023-10-02,61123.16,54328.87,44655.41,-0.005144,A,A,0.006512,A,A,0.025130,A,A,0.034069,A,A,0.041380,A,A,0,A,,,,,,,,,,,,,,
2023-10-03,61027.90,54023.19,44422.36,-0.006665,A,A,0.004037,A,A,0.022677,A,A,0.031698,A,A,0.038995,A,A,0,A,,,,,,,,,,,,,,
2023-10-04,61005.29,53538.89,44032.61,-0.007008,A,A,0.002862,A,A,0.021419,A,A,0.030545,A,A,0.037883,A,A,0,A,,,,,,,,,,,,,,
2023-10-05,60792.46,53588.09,44042.13,-0.010220,A,A,-0.001327,A,A,0.017006,A,A,0.026191,A,A,0.033612,A,A,0,A,,,,,,,,,,,,,,
2023-10-06,60940.16,53636.00,44096.47,-0.007253,A,A,0.000346,A,A,0.018578,A,A,0.027831,A,A,0.035539,A,A,0,A,,,,,,,,,,,,,,
2023-10-10,61326.06,53606.75,44079.68,-0.000615,A,A,0.005763,A,A,0.024030,A,A,0.033452,A,A,0.041492,A,A,0,A,,,,,,,,,,,,,,
2023-10-11,62414.13,54090.80,44562.80,0.016960,A,A,0.022319,A,A,0.040960,A,A,0.050727,A,A,0.059170,A,A,0,A,,,,,,,,,,,,,,
2023-10-12,62579.04,54327.58,44763.92,0.019475,A,A,0.023779,A,A,0.042430,A,A,0.052365,A,A,0.061176,A,A,0,A,,,,,,,,,,,,,,
2023-10-13,62858.39,54194.92,44682.07,0.023667,A,A,0.027156,A,A,0.045746,A,A,0.055856,A,A,0.065144,A,A,0,A,,,,,,,,,,,,,,
2023-10-16,63037.70,54631.76,45005.09,0.026302,A,A,0.029001,A,A,0.047382,A,A,0.057691,A,A,0.067363,A,A,0,A,,,,,,,,,,,,,,
2023-10-17,63128.73,54510.06,44890.55,0.027510,A,A,0.029436,A,A,0.047615,A,A,0.057932,A,A,0.068014,A,A,0,A,,,,,,,,,,,,,,
2023-10-18,63310.39,54146.66,44624.77,0.030045,A,A,0.031383,A,A,0.049312,A,A,0.059670,A,A,0.070154,A,A,0,A,,,,,,,,,,,,,,
2023-10-19,62264.35,53516.67,44109.61,0.012870,A,A,0.013666,A,A,0.030915,A,A,0.041119,A,A,0.051726,A,A,0,A,,,,,,,,,,,,,,
2023-10-20,61897.32,53176.58,43826.65,0.006743,A,A,0.007217,A,A,0.023836,A,A,0.034041,A,A,0.044879,A,A,0,A,,,,,,,,,,,,,,
2023-10-23,61468.37,52913.11,43632.36,-0.000360,A,A,-0.000138,A,A,0.015812,A,A,0.026006,A,A,0.037007,A,A,0,A,,,,,,,,,,,,,,
2023-10-24,61067.14,52860.23,43593.46,-0.006967,A,A,-0.006966,A,A,0.008331,A,A,0.018538,A,A,0.029630,A,A,0,A,,,,,,,,,,,,,,
2023-10-25,60821.14,52562.68,43369.84,-0.010967,A,A,-0.011298,A,A,0.003692,A,A,0.013745,A,A,0.024850,A,A,0,A,,,,,,,,,,,,,,
2023-10-26,60174.29,52355.28,43166.23,-0.021274,fuera,A,-0.021784,fuera,A,-0.007403,A,A,0.002360,A,A,0.013366,A,A,0,A,,,,,,,,,,,,,,
2023-10-30,60505.48,52697.12,43482.02,-0.015788,fuera,A,-0.016327,fuera,A,-0.002448,A,A,0.007206,A,A,0.018448,A,A,0,A,,,,,,,,,,,,,,
2023-10-31,59618.60,52374.09,43143.21,-0.029793,fuera,A,-0.030346,fuera,A,-0.017363,A,A,-0.008097,A,A,0.003095,A,A,0,A,,,,,,,,,,,,,,
2023-11-02,59195.78,52175.90,42984.35,-0.036081,fuera,A,-0.036754,fuera,A,-0.024572,fuera,A,-0.015617,A,A,-0.004449,A,A,0,A,,,,,,,,,,,,,,
2023-11-03,59510.02,53211.25,43709.86,-0.030673,fuera,fuera,-0.031255,fuera,fuera,-0.019690,fuera,A,-0.010942,A,A,0.000379,A,A,2,E,,,,,,,,,,,,,,
2023-11-06,60020.16,53954.48,44253.03,-0.022511,fuera,fuera,-0.022583,fuera,fuera,-0.011692,fuera,A,-0.003105,A,A,0.008475,A,A,2,E,,,,,,,,,,,,,,
2023-11-07,60169.35,53896.70,44237.60,-0.020080,fuera,fuera,-0.019571,fuera,fuera,-0.009651,fuera,A,-0.001294,A,A,0.010468,A,A,2,E,,,,,,,,,,,,,,
2023-11-08,60473.40,54167.79,44451.68,-0.014899,fuera,fuera,-0.014159,fuera,fuera,-0.005172,fuera,fuera,0.003056,A,A,0.014996,A,A,3,E,,,,,,,,,,,,,,
2023-11-09,60936.15,54695.05,44868.69,-0.007321,fuera,fuera,-0.006349,fuera,fuera,0.001790,fuera,fuera,0.010026,A,A,0.022060,A,A,3,E,,,,,,,,,,,,,,
2023-11-10,61100.63,54591.60,44809.74,-0.004739,fuera,fuera,-0.003410,fuera,fuera,0.003804,fuera,fuera,0.012017,A,A,0.024121,A,A,3,E,,,,,,,,,,,,,,
2023-11-13,61784.62,54551.94,44834.67,0.006046,fuera,fuera,0.007773,fuera,fuera,0.014252,fuera,fuera,0.022523,A,A,0.034806,A,A,3,E,,,,,,,,,,,,,,
2023-11-14,62157.31,54634.65,44920.32,0.011758,fuera,fuera,0.013882,fuera,fuera,0.019576,fuera,fuera,0.027787,A,A,0.040174,A,A,3,E,,,,,,,,,,,,,,
2023-11-15,62311.41,55301.46,45440.45,0.013973,fuera,fuera,0.016416,fuera,fuera,0.021320,A,fuera,0.029392,A,A,0.041840,A,A,3,E,,,,,,,,,,,,,,
2023-11-16,61819.66,55426.21,45460.60,0.005832,fuera,fuera,0.008487,fuera,fuera,0.012557,A,fuera,0.020410,A,A,0.032833,A,A,3,E,,,,,,,,,,,,,,
2023-11-17,61191.27,55811.34,45685.89,-0.004298,fuera,fuera,-0.001600,fuera,fuera,0.001641,A,fuera,0.009482,A,A,0.021565,A,A,3,E,,,,,,,,,,,,,,
2023-11-20,61538.84,55879.65,45749.61,0.001554,fuera,fuera,0.004053,fuera,fuera,0.006590,A,fuera,0.014630,A,A,0.026558,A,A,3,E,,,,,,,,,,,,,,
2023-11-21,61689.06,55742.01,45684.43,0.004195,fuera,fuera,0.006358,fuera,fuera,0.008342,A,A,0.016474,A,A,0.028287,A,A,2,E,,,,,,,,,,,,,,
2023-11-22,61323.55,55846.01,45712.25,-0.001307,fuera,fuera,0.000272,fuera,fuera,0.001820,A,A,0.009923,A,A,0.021500,A,A,2,E,,,,,,,,,,,,,,
2023-11-23,61360.18,55924.94,45776.23,-0.000439,fuera,fuera,0.000732,fuera,fuera,0.001972,A,A,0.009971,A,A,0.021406,A,A,2,E,,,,,,,,,,,,,,
2023-11-24,61259.32,56065.20,45860.95,-0.001702,fuera,fuera,-0.001037,fuera,fuera,-0.000062,A,A,0.007774,A,A,0.019060,A,A,2,E,,,,,,,,,,,,,,
2023-11-27,61301.74,55993.80,45804.45,-0.000712,fuera,fuera,-0.000477,fuera,fuera,0.000294,A,A,0.007915,A,A,0.019125,A,A,2,E,,,,,,,,,,,,,,
2023-11-28,61072.58,56121.76,45875.88,-0.004242,fuera,fuera,-0.004278,fuera,fuera,-0.003703,A,A,0.003645,A,A,0.014687,A,A,2,E,,,,,,,,,,,,,,
2023-11-29,61138.04,56328.60,46028.17,-0.003109,fuera,fuera,-0.003272,fuera,fuera,-0.002832,A,A,0.004162,A,A,0.015128,A,A,2,E,,,,,,,,,,,,,,
2023-11-30,61139.74,56735.73,46292.38,-0.003022,fuera,fuera,-0.003447,fuera,fuera,-0.003011,A,A,0.003600,A,A,0.014494,A,A,2,E,,,,,,,,,,,,,,
2023-12-01,61276.77,56692.15,46258.73,-0.000675,fuera,fuera,-0.001639,fuera,fuera,-0.001031,A,A,0.005231,A,A,0.016073,A,A,2,E,,,,,,,,,,,,,,
2023-12-04,61201.89,56830.25,46361.57,-0.001835,fuera,fuera,-0.003120,fuera,fuera,-0.002559,A,A,0.003425,A,A,0.014136,A,A,2,E,,,,,,,,,,,,,,
2023-12-05,61003.98,56829.76,46336.23,-0.004962,fuera,fuera,-0.006315,fuera,fuera,-0.005913,A,A,-0.000306,A,A,0.010186,A,A,2,E,,,,,,,,,,,,,,
2023-12-06,61434.93,57121.88,46590.55,0.002103,fuera,fuera,0.000606,fuera,fuera,0.000994,A,A,0.006233,A,A,0.016589,A,A,2,E,,,,,,,,,,,,,,
2023-12-07,61631.22,57355.35,46788.48,0.005120,fuera,fuera,0.003598,fuera,fuera,0.004122,A,A,0.008877,A,A,0.019094,A,A,2,E,,,,,,,,,,,,,,
2023-12-11,61505.01,57574.63,46882.69,0.002888,fuera,fuera,0.001365,fuera,fuera,0.001994,A,A,0.006226,A,A,0.016342,A,A,2,E,,,,,,,,,,,,,,
2023-12-12,62132.44,57436.74,46825.37,0.012705,fuera,fuera,0.011336,fuera,fuera,0.012021,A,A,0.015756,A,A,0.025952,A,A,2,E,,,,,,,,,,,,,,
2023-12-13,62199.58,57640.29,46955.50,0.013283,fuera,fuera,0.012251,fuera,fuera,0.012986,A,A,0.016165,A,A,0.026318,A,A,2,E,,,,,,,,,,,,,,
2023-12-14,62453.62,57781.10,47098.38,0.016864,fuera,fuera,0.016123,fuera,fuera,0.017133,A,A,0.019658,A,A,0.029717,A,A,2,E,,,,,,,,,,,,,,
2023-12-15,62965.57,58817.56,47903.36,0.024592,A,fuera,0.024059,A,fuera,0.025347,A,A,0.027368,A,A,0.037280,A,A,2,E,,,,,,,,,,,,,,
2023-12-18,63304.85,59004.24,48077.91,0.029781,A,fuera,0.029257,A,fuera,0.030626,A,A,0.032234,A,A,0.041939,A,A,2,E,,,,,,,,,,,,,,
2023-12-19,63296.92,58855.64,47963.59,0.029385,A,fuera,0.028849,A,fuera,0.030277,A,A,0.031488,A,A,0.041046,A,A,2,E,,,,,,,,,,,,,,
2023-12-20,62898.51,58811.93,47914.60,0.022891,A,fuera,0.022286,A,fuera,0.023605,A,A,0.024478,A,A,0.033813,A,A,2,E,,,,,,,,,,,,,,
2023-12-21,62898.55,59295.82,48257.93,0.022943,A,A,0.022082,A,A,0.023489,A,A,0.024026,A,A,0.033117,A,A,0,A,,,,,,,,,,,,,,
2023-12-22,63446.08,59123.31,48183.24,0.031729,A,A,0.030682,A,A,0.032202,A,A,0.032388,A,A,0.041369,A,A,0,A,,,,,,,,,,,,,,
2023-12-26,64179.59,59145.06,48272.23,0.043330,A,A,0.042055,A,A,0.043758,A,A,0.043626,A,A,0.052542,A,A,0,A,,,,,,,,,,,,,,
2023-12-27,65050.76,59133.88,48353.09,0.056428,A,A,0.055288,A,A,0.057312,A,A,0.056884,A,A,0.065831,A,A,0,A,,,,,,,,,,,,,,
2023-12-28,64858.47,59266.64,48459.14,0.052181,A,A,0.051225,A,A,0.053542,A,A,0.053016,A,A,0.061703,A,A,0,A,,,,,,,,,,,,,,
2023-12-29,65063.54,59113.35,48368.54,0.054142,A,A,0.053546,A,A,0.056121,A,A,0.055649,A,A,0.064066,A,A,0,A,,,,,,,,,,,,,,
2024-01-02,64558.15,59158.74,48354.87,0.044640,A,A,0.044577,A,A,0.047215,A,A,0.046913,A,A,0.054846,A,A,0,A,,,,,,,,,,,,,,
2024-01-03,64235.48,58807.17,48080.61,0.038145,A,A,0.038604,A,A,0.041340,A,A,0.041177,A,A,0.048642,A,A,0,A,,,,,,,,,,,,,,
2024-01-04,63965.13,58505.20,47846.80,0.032370,A,A,0.033532,A,A,0.036361,A,A,0.036333,A,A,0.043333,A,A,0,A,,,,,,,,,,,,,,
2024-01-05,63601.10,58315.03,47668.44,0.025356,A,A,0.027115,A,A,0.029941,A,A,0.030101,A,A,0.036579,A,A,0,A,,,,,,,,,,,,,,
2024-01-08,64020.10,58234.21,47643.64,0.030486,A,A,0.033126,A,A,0.036129,A,A,0.036645,A,A,0.042582,A,A,0,A,,,,,,,,,,,,,,
2024-01-09,64625.96,58087.37,47633.72,0.038222,A,A,0.041958,A,A,0.045234,A,A,0.046079,A,A,0.051561,A,A,0,A,,,,,,,,,,,,,,
2024-01-10,65210.00,58102.27,47701.03,0.045477,A,A,0.050262,A,A,0.053758,A,A,0.055009,A,A,0.060078,A,A,0,A,,,,,,,,,,,,,,
2024-01-11,65477.56,58140.33,47744.27,0.047729,A,A,0.053329,A,A,0.056967,A,A,0.058789,A,A,0.063371,A,A,0,A,,,,,,,,,,,,,,
2024-01-12,65057.77,58077.54,47668.13,0.039206,A,A,0.045494,A,A,0.049271,A,A,0.051488,A,A,0.055524,A,A,0,A,,,,,,,,,,,,,,
2024-01-15,65014.63,58330.67,47865.92,0.036845,A,A,0.043834,A,A,0.047843,A,A,0.050347,A,A,0.053851,A,A,0,A,,,,,,,,,,,,,,
2024-01-16,65102.96,58410.82,47938.32,0.036723,A,A,0.044547,A,A,0.048505,A,A,0.051335,A,A,0.054362,A,A,0,A,,,,,,,,,,,,,,
2024-01-17,65161.88,58299.53,47832.40,0.036172,A,A,0.044816,A,A,0.048641,A,A,0.051805,A,A,0.054468,A,A,0,A,,,,,,,,,,,,,,
2024-01-18,64692.99,58108.75,47632.42,0.027660,A,A,0.036821,A,A,0.040373,A,A,0.043778,A,A,0.046133,A,A,0,A,,,,,,,,,,,,,,
2024-01-19,64463.71,57945.82,47475.11,0.023185,A,A,0.032778,A,A,0.036078,A,A,0.039600,A,A,0.041754,A,A,0,A,,,,,,,,,,,,,,
2024-01-22,64252.49,57786.25,47324.77,0.019134,A,A,0.029104,A,A,0.032178,A,A,0.035695,A,A,0.037728,A,A,0,A,,,,,,,,,,,,,,
2024-01-23,63987.22,57834.47,47344.98,0.014152,A,A,0.024682,A,A,0.027449,A,A,0.030921,A,A,0.032922,A,A,0,A,,,,,,,,,,,,,,
2024-01-24,64326.93,57887.67,47410.08,0.018411,A,A,0.029591,A,A,0.032374,A,A,0.035837,A,A,0.037830,A,A,0,A,,,,,,,,,,,,,,
2024-01-25,64740.88,58138.93,47633.32,0.023812,A,A,0.035480,A,A,0.038525,A,A,0.041868,A,A,0.043857,A,A,0,A,,,,,,,,,,,,,,
2024-01-26,65018.22,58207.30,47712.00,0.026996,A,A,0.038994,A,A,0.042456,A,A,0.045653,A,A,0.047590,A,A,0,A,,,,,,,,,,,,,,
2024-01-29,65339.95,58203.42,47738.84,0.030625,A,A,0.043023,A,A,0.047096,A,A,0.050100,A,A,0.052094,A,A,0,A,,,,,,,,,,,,,,
2024-01-30,66080.62,58408.57,47960.07,0.040586,A,A,0.053464,A,A,0.058218,A,A,0.061162,A,A,0.063302,A,A,0,A,,,,,,,,,,,,,,
2024-01-31,66134.99,58540.45,48056.56,0.039668,A,A,0.052768,A,A,0.058368,A,A,0.061095,A,A,0.063513,A,A,0,A,,,,,,,,,,,,,,
2024-02-01,65925.09,59026.68,48403.77,0.034697,A,A,0.048014,A,A,0.054297,A,A,0.056706,A,A,0.059486,A,A,0,A,,,,,,,,,,,,,,
2024-02-02,66552.73,59482.02,48788.87,0.042556,A,A,0.056172,A,A,0.063407,A,A,0.065729,A,A,0.068826,A,A,0,A,,,,,,,,,,,,,,
2024-02-05,66709.55,59278.97,48624.66,0.042989,A,A,0.056692,A,A,0.064893,A,A,0.067330,A,A,0.070633,A,A,0,A,,,,,,,,,,,,,,
2024-02-06,67088.61,58999.66,48472.70,0.046752,A,A,0.060707,A,A,0.069847,A,A,0.072407,A,A,0.076089,A,A,0,A,,,,,,,,,,,,,,
2024-02-07,67372.64,59079.05,48563.71,0.048967,A,A,0.063266,A,A,0.073276,A,A,0.075876,A,A,0.079947,A,A,0,A,,,,,,,,,,,,,,
2024-02-08,67519.79,59247.07,48673.19,0.048965,A,A,0.063661,A,A,0.074451,A,A,0.077126,A,A,0.081544,A,A,0,A,,,,,,,,,,,,,,
2024-02-09,68009.60,59218.38,48655.56,0.054025,A,A,0.069393,A,A,0.080959,A,A,0.083815,A,A,0.088574,A,A,0,A,,,,,,,,,,,,,,
2024-02-12,68750.76,59339.17,48802.21,0.062834,A,A,0.078975,A,A,0.091349,A,A,0.094424,A,A,0.099479,A,A,0,A,,,,,,,,,,,,,,
2024-02-13,69210.60,59448.60,48929.09,0.067164,A,A,0.084036,A,A,0.097083,A,A,0.100448,A,A,0.105859,A,A,0,A,,,,,,,,,,,,,,
2024-02-14,68461.34,59110.89,48581.28,0.053101,A,A,0.070551,A,A,0.083788,A,A,0.087380,A,A,0.093046,A,A,0,A,,,,,,,,,,,,,,
2024-02-15,68123.85,59036.30,48529.62,0.045768,A,A,0.063723,A,A,0.077096,A,A,0.081032,A,A,0.086839,A,A,0,A,,,,,,,,,,,,,,
2024-02-16,68796.43,59264.28,48762.39,0.053721,A,A,0.072528,A,A,0.086203,A,A,0.090622,A,A,0.096603,A,A,0,A,,,,,,,,,,,,,,
2024-02-19,69311.16,59053.85,48678.43,0.059133,A,A,0.078585,A,A,0.092725,A,A,0.097664,A,A,0.103713,A,A,0,A,,,,,,,,,,,,,,
2024-02-20,69301.01,59067.68,48693.86,0.056705,A,A,0.076304,A,A,0.091041,A,A,0.096314,A,A,0.102411,A,A,0,A,,,,,,,,,,,,,,
2024-02-21,69139.93,59181.24,48755.22,0.052168,A,A,0.071826,A,A,0.087226,A,A,0.092642,A,A,0.098697,A,A,0,A,,,,,,,,,,,,,,
2024-02-22,69350.65,59042.66,48673.29,0.053219,A,A,0.073101,A,A,0.089251,A,A,0.094782,A,A,0.100861,A,A,0,A,,,,,,,,,,,,,,
2024-02-23,70047.36,58868.54,48629.38,0.061239,A,A,0.081600,A,A,0.098815,A,A,0.104385,A,A,0.110623,A,A,0,A,,,,,,,,,,,,,,
2024-02-26,70665.46,58573.86,48499.88,0.067811,A,A,0.088700,A,A,0.107039,A,A,0.112568,A,A,0.119032,A,A,0,A,,,,,,,,,,,,,,
2024-02-27,70701.01,58524.83,48468.08,0.065752,A,A,0.086778,A,A,0.106138,A,A,0.111562,A,A,0.118206,A,A,0,A,,,,,,,,,,,,,,
2024-02-28,70849.05,58312.74,48336.01,0.065603,A,A,0.086562,A,A,0.107004,A,A,0.112347,A,A,0.119149,A,A,0,A,,,,,,,,,,,,,,
2024-02-29,70380.02,58222.61,48214.27,0.056666,A,A,0.076966,A,A,0.098128,A,A,0.103496,A,A,0.110343,A,A,0,A,,,,,,,,,,,,,,
2024-03-01,70116.40,58388.89,48308.55,0.050865,A,A,0.070634,A,A,0.092458,A,A,0.097915,A,A,0.104730,A,A,0,A,,,,,,,,,,,,,,
2024-03-04,70409.08,58659.30,48521.16,0.053376,A,A,0.072731,A,A,0.095323,A,A,0.101040,A,A,0.107923,A,A,0,A,,,,,,,,,,,,,,
2024-03-05,70641.07,58757.08,48579.38,0.054714,A,A,0.073872,A,A,0.097116,A,A,0.103105,A,A,0.110253,A,A,0,A,,,,,,,,,,,,,,
2024-03-06,70592.56,59178.18,48880.52,0.051771,A,A,0.070746,A,A,0.094517,A,A,0.100781,A,A,0.108171,A,A,0,A,,,,,,,,,,,,,,
2024-03-07,71283.74,59423.61,49134.71,0.059502,A,A,0.078602,A,A,0.103122,A,A,0.109865,A,A,0.117566,A,A,0,A,,,,,,,,,,,,,,
2024-03-08,71619.20,59728.69,49352.55,0.061676,A,A,0.081075,A,A,0.106200,A,A,0.113301,A,A,0.121316,A,A,0,A,,,,,,,,,,,,,,
2024-03-11,70546.59,59886.80,49311.19,0.043532,A,A,0.062649,A,A,0.087593,A,A,0.095070,A,A,0.103239,A,A,0,A,,,,,,,,,,,,,,
2024-03-12,70669.29,59855.28,49277.07,0.043275,A,A,0.062206,A,A,0.087348,A,A,0.095461,A,A,0.103903,A,A,0,A,,,,,,,,,,,,,,
2024-03-13,70922.52,59601.24,49115.34,0.045055,A,A,0.063817,A,A,0.089119,A,A,0.098008,A,A,0.106558,A,A,0,A,,,,,,,,,,,,,,
2024-03-14,70037.08,59370.52,48890.53,0.030469,A,A,0.048609,A,A,0.073687,A,A,0.083108,A,A,0.091583,A,A,0,A,,,,,,,,,,,,,,
2024-03-15,69583.71,59039.84,48629.53,0.022286,A,A,0.040086,A,A,0.065028,A,A,0.075032,A,A,0.083511,A,A,0,A,,,,,,,,,,,,,,
2024-03-18,69204.62,58935.72,48529.26,0.015328,A,A,0.032915,A,A,0.057656,A,A,0.068206,A,A,0.076680,A,A,0,A,,,,,,,,,,,,,,
2024-03-19,69495.45,58785.85,48451.50,0.018136,A,A,0.035760,A,A,0.060559,A,A,0.071692,A,A,0.080280,A,A,0,A,,,,,,,,,,,,,,
2024-03-20,70351.88,58852.28,48567.81,0.028945,A,A,0.046805,A,A,0.071947,A,A,0.083778,A,A,0.092482,A,A,0,A,,,,,,,,,,,,,,
2024-03-21,71565.82,58847.25,48691.01,0.044367,A,A,0.062726,A,A,0.088641,A,A,0.100977,A,A,0.110067,A,A,0,A,,,,,,,,,,,,,,
2024-03-22,71665.23,58894.00,48735.40,0.043381,A,A,0.062042,A,A,0.088404,A,A,0.100931,A,A,0.110305,A,A,0,A,,,,,,,,,,,,,,
2024-03-25,71925.27,59028.86,48866.16,0.044574,A,A,0.063807,A,A,0.090584,A,A,0.103237,A,A,0.112927,A,A,0,A,,,,,,,,,,,,,,
2024-03-26,71620.94,59011.36,48807.66,0.037597,A,A,0.057487,A,A,0.084180,A,A,0.096878,A,A,0.106818,A,A,0,A,,,,,,,,,,,,,,
2024-03-27,71904.05,58988.77,48810.78,0.039164,A,A,0.059991,A,A,0.086508,A,A,0.099437,A,A,0.109750,A,A,0,A,,,,,,,,,,,,,,
2024-03-28,72253.90,59216.43,49005.85,0.041707,A,A,0.063337,A,A,0.089833,A,A,0.102846,A,A,0.113694,A,A,0,A,,,,,,,,,,,,,,
2024-04-01,72438.01,59312.98,49089.03,0.041884,A,A,0.064242,A,A,0.090646,A,A,0.103742,A,A,0.115023,A,A,0,A,,,,,,,,,,,,,,
2024-04-02,72289.91,59096.57,48917.32,0.037450,A,A,0.060185,A,A,0.086423,A,A,0.099464,A,A,0.111249,A,A,0,A,,,,,,,,,,,,,,
2024-04-03,71921.46,58863.88,48708.59,0.030243,A,A,0.052927,A,A,0.078983,A,A,0.091847,A,A,0.104186,A,A,0,A,,,,,,,,,,,,,,
2024-04-04,71003.37,58848.09,48620.55,0.015518,A,A,0.037815,A,A,0.063482,A,A,0.076121,A,A,0.088780,A,A,0,A,,,,,,,,,,,,,,
2024-04-05,69794.08,58705.87,48422.32,-0.003004,A,A,0.018699,A,A,0.043894,A,A,0.056303,A,A,0.069096,A,A,0,A,,,,,,,,,,,,,,
2024-04-08,70073.43,58535.32,48332.33,-0.000131,A,A,0.021366,A,A,0.046507,A,A,0.059019,A,A,0.072193,A,A,0,A,,,,,,,,,,,,,,
2024-04-09,70058.51,58165.59,48110.41,-0.001404,A,A,0.019887,A,A,0.044737,A,A,0.057335,A,A,0.070759,A,A,0,A,,,,,,,,,,,,,,
2024-04-10,69960.61,58355.46,48252.49,-0.003706,A,A,0.017362,A,A,0.041755,A,A,0.054490,A,A,0.068095,A,A,0,A,,,,,,,,,,,,,,
2024-04-11,69992.36,57970.09,47944.24,-0.004080,A,A,0.016781,A,A,0.040727,A,A,0.053623,A,A,0.067458,A,A,0,A,,,,,,,,,,,,,,
2024-04-12,70253.32,57778.16,47826.38,-0.001230,A,A,0.019370,A,A,0.043047,A,A,0.056269,A,A,0.070423,A,A,0,A,,,,,,,,,,,,,,
2024-04-15,69975.88,57913.45,47878.89,-0.005792,A,A,0.014203,A,A,0.037393,A,A,0.050921,A,A,0.065243,A,A,0,A,,,,,,,,,,,,,,
2024-04-16,70107.58,57501.88,47559.50,-0.004347,A,A,0.014962,A,A,0.037863,A,A,0.051727,A,A,0.066313,A,A,0,A,,,,,,,,,,,,,,
2024-04-17,69766.04,56986.76,47141.05,-0.009371,A,A,0.008966,A,A,0.031426,A,A,0.045416,A,A,0.060258,A,A,0,A,,,,,,,,,,,,,,
2024-04-18,69251.36,57126.63,47191.93,-0.016924,A,A,0.000492,A,A,0.022516,A,A,0.036512,A,A,0.051659,A,A,0,A,,,,,,,,,,,,,,
2024-04-19,68805.84,56823.84,46939.21,-0.023459,fuera,A,-0.006918,A,A,0.014827,A,A,0.028778,A,A,0.044202,A,A,0,A,,,,,,,,,,,,,,
2024-04-22,68064.30,57009.00,46999.86,-0.033760,fuera,A,-0.018464,A,A,0.002926,A,A,0.016767,A,A,0.032227,A,A,0,A,,,,,,,,,,,,,,
2024-04-23,68211.05,57141.77,47120.90,-0.031341,fuera,A,-0.017283,A,A,0.004142,A,A,0.017962,A,A,0.033667,A,A,0,A,,,,,,,,,,,,,,
2024-04-24,68624.62,57207.72,47228.27,-0.025260,fuera,A,-0.012280,A,A,0.009296,A,A,0.023077,A,A,0.039040,A,A,0,A,,,,,,,,,,,,,,
2024-04-25,68749.99,57080.07,47145.98,-0.023359,fuera,fuera,-0.011367,A,A,0.010241,A,A,0.023858,A,A,0.039978,A,A,1,A,,,,,,,,,,,,,,
2024-04-26,68120.07,56888.80,46941.51,-0.031931,fuera,fuera,-0.021108,fuera,A,0.000197,A,A,0.013496,A,A,0.029547,A,A,1,A,,,,,,,,,,,,,,
2024-04-29,68627.32,57127.76,47174.71,-0.024285,fuera,fuera,-0.014546,fuera,A,0.006704,A,A,0.019952,A,A,0.036163,A,A,1,A,,,,,,,,,,,,,,
2024-04-30,68929.66,57331.02,47360.15,-0.019448,fuera,fuera,-0.010837,fuera,A,0.010146,A,A,0.023316,A,A,0.039678,A,A,1,A,,,,,,,,,,,,,,
2024-05-02,68974.52,57419.53,47410.44,-0.018275,fuera,fuera,-0.010823,fuera,A,0.009894,A,A,0.022849,A,A,0.039191,A,A,1,A,,,,,,,,,,,,,,
2024-05-03,69465.60,57635.88,47634.73,-0.010852,fuera,fuera,-0.004570,fuera,fuera,0.016210,A,A,0.028942,A,A,0.045306,A,A,2,E,,,,,,,,,,,,,,
2024-05-06,69143.56,57995.87,47866.67,-0.015052,fuera,fuera,-0.009759,fuera,fuera,0.010827,A,A,0.023025,A,A,0.039265,A,A,2,E,,,,,,,,,,,,,,
2024-05-07,69016.67,58172.81,47965.11,-0.016518,fuera,fuera,-0.012086,fuera,fuera,0.008291,A,A,0.019996,A,A,0.036245,A,A,2,E,,,,,,,,,,,,,,
2024-05-08,69410.88,58352.38,48131.14,-0.010587,fuera,fuera,-0.006959,fuera,fuera,0.013335,A,A,0.024672,A,A,0.041018,A,A,2,E,,,,,,,,,,,,,,
2024-05-09,69458.02,58329.31,48108.97,-0.009544,fuera,fuera,-0.006748,fuera,fuera,0.013218,A,A,0.024241,A,A,0.040612,A,A,2,E,,,,,,,,,,,,,,
2024-05-10,69404.88,58268.33,48073.63,-0.009929,fuera,fuera,-0.007926,fuera,fuera,0.011595,A,A,0.022323,A,A,0.038770,A,A,2,E,,,,,,,,,,,,,,
2024-05-13,68825.90,58074.97,47878.72,-0.017423,fuera,fuera,-0.016381,fuera,fuera,0.002367,A,A,0.012844,A,A,0.029160,A,A,2,E,,,,,,,,,,,,,,
2024-05-14,68935.98,57974.07,47848.14,-0.015013,fuera,fuera,-0.014849,fuera,fuera,0.003104,A,A,0.013507,A,A,0.029932,A,A,2,E,,,,,,,,,,,,,,
2024-05-15,68870.34,58023.54,47884.22,-0.015427,fuera,fuera,-0.015712,fuera,fuera,0.001364,A,A,0.011633,A,A,0.028133,A,A,2,E,,,,,,,,,,,,,,
2024-05-16,68920.89,58469.84,48206.49,-0.014157,fuera,fuera,-0.015091,fuera,fuera,0.001404,A,A,0.011533,A,A,0.028082,A,A,2,E,,,,,,,,,,,,,,
2024-05-17,68481.96,58451.50,48165.11,-0.019675,fuera,fuera,-0.021441,fuera,fuera,-0.005499,A,A,0.004364,A,A,0.020730,A,A,2,E,,,,,,,,,,,,,,
2024-05-20,68315.69,58401.22,48114.07,-0.021519,fuera,fuera,-0.023712,fuera,fuera,-0.008368,A,A,0.001223,A,A,0.017394,A,A,2,E,,,,,,,,,,,,,,
2024-05-22,67614.09,58430.86,48073.57,-0.030960,fuera,fuera,-0.033373,fuera,fuera,-0.018956,A,A,-0.009711,A,A,0.006223,A,A,2,E,,,,,,,,,,,,,,
2024-05-23,68426.43,58343.86,48068.65,-0.019075,fuera,fuera,-0.021568,fuera,fuera,-0.007715,A,A,0.001415,A,A,0.017502,A,A,2,E,,,,,,,,,,,,,,
2024-05-24,68398.38,58137.64,47938.35,-0.019134,fuera,fuera,-0.021807,fuera,fuera,-0.008648,A,A,0.000314,A,A,0.016237,A,A,2,E,,,,,,,,,,,,,,
2024-05-27,68180.54,58169.48,47959.92,-0.021581,fuera,fuera,-0.024667,fuera,fuera,-0.012286,A,A,-0.003428,A,A,0.012186,A,A,2,E,,,,,,,,,,,,,,
2024-05-28,68115.05,58156.18,47944.33,-0.021444,fuera,fuera,-0.025183,fuera,fuera,-0.013778,A,A,-0.004809,A,A,0.010398,A,A,2,E,,,,,,,,,,,,,,
2024-05-29,67805.02,57883.16,47724.48,-0.024696,fuera,fuera,-0.028999,fuera,fuera,-0.018794,A,A,-0.009745,A,A,0.005029,A,A,2,E,,,,,,,,,,,,,,
2024-05-30,67656.49,57617.10,47500.98,-0.025503,fuera,fuera,-0.030466,fuera,fuera,-0.021479,fuera,A,-0.012271,A,A,0.002052,A,A,2,E,,,,,,,,,,,,,,
2024-05-31,68193.04,57685.57,47594.41,-0.016696,fuera,fuera,-0.022195,fuera,fuera,-0.014385,fuera,A,-0.004940,A,A,0.009162,A,A,2,E,,,,,,,,,,,,,,
2024-06-03,68330.77,57795.43,47690.58,-0.013580,fuera,fuera,-0.019770,fuera,fuera,-0.013029,fuera,A,-0.003498,A,A,0.010346,A,A,2,E,,,,,,,,,,,,,,
2024-06-04,67818.79,58088.62,47843.28,-0.019576,fuera,fuera,-0.026614,fuera,fuera,-0.020908,fuera,A,-0.011493,A,A,0.002007,A,A,2,E,,,,,,,,,,,,,,
2024-06-05,67604.50,58355.74,48004.43,-0.021154,fuera,fuera,-0.029079,fuera,fuera,-0.024406,fuera,fuera,-0.015164,A,A,-0.001908,A,A,3,E,,,,,,,,,,,,,,
2024-06-06,68118.71,58527.29,48191.75,-0.012383,fuera,fuera,-0.021139,fuera,fuera,-0.017424,fuera,fuera,-0.008237,A,A,0.004846,A,A,3,E,,,,,,,,,,,,,,
2024-06-07,68484.48,58613.28,48299.53,-0.005980,fuera,fuera,-0.015417,fuera,fuera,-0.012528,fuera,fuera,-0.003445,A,A,0.009408,A,A,3,E,,,,,,,,,,,,,,
2024-06-10,68423.04,58415.58,48108.96,-0.006044,fuera,fuera,-0.015668,fuera,fuera,-0.013775,fuera,fuera,-0.004782,A,A,0.007702,A,A,3,E,,,,,,,,,,,,,,
2024-06-11,68618.88,58428.81,48125.63,-0.002821,fuera,fuera,-0.012185,fuera,fuera,-0.011379,fuera,fuera,-0.002368,A,A,0.009747,A,A,3,E,,,,,,,,,,,,,,
2024-06-12,68558.62,58443.04,48132.82,-0.003209,fuera,fuera,-0.012611,fuera,fuera,-0.012564,fuera,fuera,-0.003727,A,A,0.008103,A,A,3,E,,,,,,,,,,,,,,
2024-06-13,68404.18,58647.83,48272.98,-0.004923,fuera,fuera,-0.014332,fuera,fuera,-0.015056,fuera,fuera,-0.006437,A,A,0.005104,A,A,3,E,,,,,,,,,,,,,,
2024-06-14,68552.24,58650.07,48292.95,-0.002315,fuera,fuera,-0.011671,fuera,fuera,-0.013155,fuera,fuera,-0.004761,A,A,0.006564,A,A,3,E,,,,,,,,,,,,,,
2024-06-17,68910.49,58670.87,48350.78,0.003250,fuera,fuera,-0.006254,fuera,fuera,-0.008242,fuera,fuera,-0.000079,A,A,0.011124,A,A,3,E,,,,,,,,,,,,,,
2024-06-18,69534.27,58371.83,48187.74,0.012567,fuera,fuera,0.002752,fuera,fuera,0.000413,fuera,fuera,0.008298,A,A,0.019537,A,A,3,E,,,,,,,,,,,,,,
2024-06-19,69666.89,58366.89,48219.20,0.014600,fuera,fuera,0.004560,fuera,fuera,0.002056,fuera,fuera,0.009496,A,A,0.020725,A,A,3,E,,,,,,,,,,,,,,
2024-06-21,69195.72,57995.12,47931.93,0.008036,fuera,fuera,-0.002167,fuera,fuera,-0.004792,fuera,fuera,0.001985,A,A,0.013080,A,A,3,E,,,,,,,,,,,,,,
2024-06-24,69469.97,57960.88,47923.55,0.012128,fuera,fuera,0.001987,fuera,fuera,-0.000889,fuera,fuera,0.005196,A,A,0.016319,A,A,3,E,,,,,,,,,,,,,,
2024-06-25,69839.84,57891.70,47931.30,0.017323,fuera,fuera,0.007714,fuera,fuera,0.004209,fuera,fuera,0.009781,A,A,0.020972,A,A,3,E,,,,,,,,,,,,,,
2024-06-26,69785.43,57905.63,47950.58,0.016208,fuera,fuera,0.007356,fuera,fuera,0.003161,fuera,fuera,0.008294,A,A,0.019514,A,A,3,E,,,,,,,,,,,,,,
2024-06-27,69962.25,57618.45,47758.49,0.018157,fuera,fuera,0.010356,fuera,fuera,0.005515,fuera,fuera,0.010161,A,A,0.021515,A,A,3,E,,,,,,,,,,,,,,
2024-06-28,70253.64,57638.06,47809.73,0.021723,A,fuera,0.014877,fuera,fuera,0.009551,fuera,fuera,0.013684,A,A,0.025129,A,A,3,E,,,,,,,,,,,,,,
2024-07-01,69763.77,57568.84,47708.33,0.014225,A,fuera,0.008287,fuera,fuera,0.002438,fuera,fuera,0.006106,A,A,0.017427,A,A,3,E,,,,,,,,,,,,,,
2024-07-02,69513.05,57326.96,47515.74,0.010331,A,fuera,0.005286,fuera,fuera,-0.001224,fuera,fuera,0.002025,A,A,0.013189,A,A,3,E,,,,,,,,,,,,,,
2024-07-03,69709.11,57321.31,47528.82,0.012661,A,fuera,0.008743,fuera,fuera,0.001535,fuera,fuera,0.004330,A,A,0.015404,A,A,3,E,,,,,,,,,,,,,,
2024-07-04,69845.35,57487.36,47713.51,0.014242,A,A,0.011274,fuera,fuera,0.003525,fuera,fuera,0.005838,A,A,0.016697,A,A,2,E,,,,,,,,,,,,,,
2024-07-05,69869.73,57476.61,47730.97,0.014288,A,A,0.012097,fuera,fuera,0.004003,fuera,fuera,0.005753,A,A,0.016316,A,A,2,E,,,,,,,,,,,,,,
2024-07-08,69831.63,57708.47,47903.43,0.013455,A,A,0.011813,fuera,fuera,0.003595,fuera,fuera,0.004827,A,A,0.015081,A,A,2,E,,,,,,,,,,,,,,
2024-07-09,70192.82,57885.61,48046.85,0.018458,A,A,0.016955,fuera,fuera,0.008891,fuera,fuera,0.009634,A,A,0.019676,A,A,2,E,,,,,,,,,,,,,,
2024-07-10,69864.06,57910.84,48033.04,0.013452,A,A,0.012240,fuera,fuera,0.004249,fuera,fuera,0.004583,A,A,0.014356,A,A,2,E,,,,,,,,,,,,,,
2024-07-11,69459.57,57940.64,48023.66,0.007441,A,A,0.006516,fuera,fuera,-0.001461,fuera,fuera,-0.001432,A,A,0.008021,A,A,2,E,,,,,,,,,,,,,,
2024-07-12,69335.87,58382.67,48322.67,0.005671,A,A,0.004865,fuera,fuera,-0.003068,fuera,fuera,-0.003290,A,A,0.005730,A,A,2,E,,,,,,,,,,,,,,
2024-07-15,69634.94,58527.46,48453.35,0.009951,A,A,0.009281,fuera,fuera,0.001393,fuera,fuera,0.000951,A,A,0.009531,A,A,2,E,,,,,,,,,,,,,,
2024-07-17,69924.62,58517.71,48464.01,0.013983,A,A,0.013555,fuera,fuera,0.005666,fuera,fuera,0.004914,A,A,0.013169,A,A,2,E,,,,,,,,,,,,,,
2024-07-18,70362.78,58784.15,48668.86,0.019831,A,A,0.019817,fuera,fuera,0.012117,fuera,fuera,0.010901,A,A,0.018908,A,A,2,E,,,,,,,,,,,,,,
2024-07-19,70960.85,58909.46,48761.22,0.027829,A,A,0.028287,A,fuera,0.020827,A,fuera,0.019192,A,A,0.026829,A,A,2,E,,,,,,,,,,,,,,
2024-07-22,70746.76,58855.47,48681.76,0.024110,A,A,0.024957,A,fuera,0.017714,A,fuera,0.015917,A,A,0.022993,A,A,2,E,,,,,,,,,,,,,,
2024-07-23,71292.04,58911.75,48775.13,0.031217,A,A,0.032380,A,fuera,0.025456,A,fuera,0.023469,A,A,0.030046,A,A,2,E,,,,,,,,,,,,,,
2024-07-24,70926.95,58980.29,48776.26,0.025130,A,A,0.026600,A,fuera,0.020204,A,fuera,0.017979,A,A,0.023956,A,A,2,E,,,,,,,,,,,,,,
2024-07-25,70303.08,59062.08,48738.07,0.015465,A,A,0.017055,A,A,0.011188,A,A,0.008893,A,A,0.014255,A,A,0,A,,,,,,,,,,,,,,
2024-07-26,70025.73,59222.51,48784.50,0.010676,A,A,0.012627,A,A,0.007127,A,A,0.004916,A,A,0.009642,A,A,0,A,,,,,,,,,,,,,,
2024-07-29,70739.07,59422.82,49005.73,0.020215,A,A,0.022454,A,A,0.017137,A,A,0.015143,A,A,0.019260,A,A,0,A,,,,,,,,,,,,,,
2024-07-30,71016.91,59482.98,49071.05,0.023363,A,A,0.025945,A,A,0.020884,A,A,0.019086,A,A,0.022600,A,A,0,A,,,,,,,,,,,,,,
2024-07-31,71071.11,59608.37,49148.33,0.023197,A,A,0.026044,A,A,0.021546,A,A,0.019833,A,A,0.022797,A,A,0,A,,,,,,,,,,,,,,
2024-08-01,71034.41,59817.02,49311.69,0.021715,A,A,0.024958,A,A,0.021105,A,A,0.019215,A,A,0.021697,A,A,0,A,,,,,,,,,,,,,,
2024-08-02,70149.97,60251.81,49513.22,0.008238,A,A,0.011918,A,A,0.008636,A,A,0.006520,A,A,0.008490,A,A,0,A,,,,,,,,,,,,,,
2024-08-05,69934.01,61143.30,50058.29,0.004403,A,A,0.008585,A,A,0.005850,A,A,0.003487,A,A,0.004997,A,A,0,A,,,,,,,,,,,,,,
2024-08-06,68984.24,61492.40,50137.69,-0.009488,A,A,-0.005005,A,A,-0.007392,A,A,-0.009917,A,A,-0.008909,A,A,0,A,,,,,,,,,,,,,,
2024-08-07,68722.99,61172.19,49909.93,-0.013362,A,A,-0.008679,A,A,-0.010648,A,A,-0.013415,A,A,-0.012846,A,A,0,A,,,,,,,,,,,,,,
2024-08-08,68662.96,61058.09,49844.85,-0.014489,A,A,-0.009466,A,A,-0.010944,A,A,-0.013923,A,A,-0.013853,A,A,0,A,,,,,,,,,,,,,,
2024-08-09,68941.44,61076.97,49877.60,-0.010914,A,A,-0.005343,A,A,-0.006376,A,A,-0.009561,A,A,-0.010014,A,A,0,A,,,,,,,,,,,,,,
2024-08-12,69120.74,61203.70,50005.24,-0.008659,A,A,-0.002681,A,A,-0.003286,A,A,-0.006792,A,A,-0.007565,A,A,0,A,,,,,,,,,,,,,,
2024-08-13,69192.98,61327.73,50115.64,-0.007847,A,A,-0.001591,A,A,-0.001808,A,A,-0.005553,A,A,-0.006578,A,A,0,A,,,,,,,,,,,,,,
2024-08-14,69917.46,61775.31,50523.83,0.002065,A,A,0.008615,A,A,0.008819,A,A,0.004998,A,A,0.003743,A,A,0,A,,,,,,,,,,,,,,
2024-08-16,70435.15,62013.10,50729.37,0.008901,A,A,0.015740,A,A,0.016184,A,A,0.012384,A,A,0.010947,A,A,0,A,,,,,,,,,,,,,,
2024-08-19,70943.38,61973.64,50776.30,0.015410,A,A,0.022591,A,A,0.023374,A,A,0.019499,A,A,0.017915,A,A,0,A,,,,,,,,,,,,,,
2024-08-20,71177.32,62150.09,50923.36,0.017860,A,A,0.025442,A,A,0.026564,A,A,0.022585,A,A,0.020995,A,A,0,A,,,,,,,,,,,,,,
2024-08-21,70702.94,62512.12,51114.17,0.010386,A,A,0.018099,A,A,0.019601,A,A,0.015602,A,A,0.014029,A,A,0,A,,,,,,,,,,,,,,
2024-08-22,70668.38,62728.71,51256.94,0.009328,A,A,0.017063,A,A,0.018992,A,A,0.015062,A,A,0.013376,A,A,0,A,,,,,,,,,,,,,,
2024-08-23,70295.11,62636.89,51130.87,0.003755,A,A,0.011081,A,A,0.013603,A,A,0.009876,A,A,0.007891,A,A,0,A,,,,,,,,,,,,,,
2024-08-26,70489.39,62937.56,51366.34,0.006266,A,A,0.013406,A,A,0.016321,A,A,0.012830,A,A,0.010545,A,A,0,A,,,,,,,,,,,,,,
2024-08-27,70150.58,62938.33,51341.29,0.001126,A,A,0.008138,A,A,0.011429,A,A,0.008206,A,A,0.005676,A,A,0,A,,,,,,,,,,,,,,
2024-08-28,70022.78,62913.88,51309.50,-0.000873,A,A,0.005885,A,A,0.009545,A,A,0.006590,A,A,0.003918,A,A,0,A,,,,,,,,,,,,,,
2024-08-29,70080.44,62910.15,51305.47,-0.000126,A,A,0.006269,A,A,0.010242,A,A,0.007670,A,A,0.004815,A,A,0,A,,,,,,,,,,,,,,
2024-08-30,70455.81,62849.55,51279.75,0.005016,A,A,0.011058,A,A,0.015385,A,A,0.013317,A,A,0.010243,A,A,0,A,,,,,,,,,,,,,,
2024-09-02,70515.18,62893.42,51315.54,0.005686,A,A,0.011262,A,A,0.015842,A,A,0.014438,A,A,0.011078,A,A,0,A,,,,,,,,,,,,,,
2024-09-03,70478.96,62851.28,51289.38,0.005098,A,A,0.010225,A,A,0.014951,A,A,0.014169,A,A,0.010517,A,A,0,A,,,,,,,,,,,,,,
2024-09-04,70447.20,63131.57,51459.54,0.004428,A,A,0.009291,A,A,0.014198,A,A,0.013916,A,A,0.010058,A,A,0,A,,,,,,,,,,,,,,
2024-09-05,71146.39,63770.16,51944.44,0.013872,A,A,0.018550,A,A,0.023872,A,A,0.023960,A,A,0.020024,A,A,0,A,,,,,,,,,,,,,,
2024-09-06,71299.65,63971.79,52094.39,0.015544,A,A,0.019901,A,A,0.025556,A,A,0.025954,A,A,0.022139,A,A,0,A,,,,,,,,,,,,,,
2024-09-09,70830.21,64398.01,52290.27,0.008544,A,A,0.012572,A,A,0.018445,A,A,0.019093,A,A,0.015461,A,A,0,A,,,,,,,,,,,,,,
2024-09-10,71159.49,64648.71,52492.72,0.012819,A,A,0.016672,A,A,0.022815,A,A,0.023676,A,A,0.020235,A,A,0,A,,,,,,,,,,,,,,
2024-09-11,71302.24,65239.38,52910.27,0.014379,A,A,0.018057,A,A,0.024486,A,A,0.025541,A,A,0.022194,A,A,0,A,,,,,,,,,,,,,,
2024-09-12,71262.40,65433.39,53036.95,0.013469,A,A,0.016889,A,A,0.023620,A,A,0.024790,A,A,0.021554,A,A,0,A,,,,,,,,,,,,,,
2024-09-13,71106.50,65445.45,53055.01,0.010855,A,A,0.014088,A,A,0.021061,A,A,0.022428,A,A,0.019298,A,A,0,A,,,,,,,,,,,,,,
2024-09-16,71142.38,65629.14,53201.51,0.010828,A,A,0.013981,A,A,0.021230,A,A,0.022781,A,A,0.019684,A,A,0,A,,,,,,,,,,,,,,
2024-09-17,71206.66,65632.48,53215.12,0.011144,A,A,0.014297,A,A,0.021860,A,A,0.023551,A,A,0.020417,A,A,0,A,,,,,,,,,,,,,,
2024-09-23,71721.34,65495.76,53131.20,0.017782,A,A,0.020990,A,A,0.028875,A,A,0.030673,A,A,0.027498,A,A,0,A,,,,,,,,,,,,,,
2024-09-24,71726.87,65487.30,53133.47,0.017283,A,A,0.020571,A,A,0.028573,A,A,0.030404,A,A,0.027317,A,A,0,A,,,,,,,,,,,,,,
2024-09-25,71569.47,65659.34,53241.35,0.014664,A,A,0.017901,A,A,0.025868,A,A,0.027754,A,A,0.024921,A,A,0,A,,,,,,,,,,,,,,
2024-09-26,71418.58,65735.00,53270.46,0.012379,A,A,0.015253,A,A,0.023300,A,A,0.025117,A,A,0.022777,A,A,0,A,,,,,,,,,,,,,,
2024-09-27,71538.67,66090.31,53536.83,0.013829,A,A,0.016493,A,A,0.024586,A,A,0.026374,A,A,0.024512,A,A,0,A,,,,,,,,,,,,,,
2024-09-30,71488.24,66557.25,53816.41,0.013051,A,A,0.015405,A,A,0.023445,A,A,0.025249,A,A,0.023840,A,A,0,A,,,,,,,,,,,,,,
2024-10-01,71609.89,66501.36,53729.33,0.014557,A,A,0.016721,A,A,0.024677,A,A,0.026593,A,A,0.025584,A,A,0,A,,,,,,,,,,,,,,
2024-10-02,71656.08,67045.98,54089.83,0.014779,A,A,0.016995,A,A,0.024794,A,A,0.026759,A,A,0.026274,A,A,0,A,,,,,,,,,,,,,,
2024-10-03,72184.20,66705.80,53893.97,0.021564,A,A,0.024052,A,A,0.031597,A,A,0.033825,A,A,0.033846,A,A,0,A,,,,,,,,,,,,,,
2024-10-04,72359.69,66192.76,53528.02,0.023526,A,A,0.025951,A,A,0.033460,A,A,0.035854,A,A,0.036369,A,A,0,A,,,,,,,,,,,,,,
2024-10-07,72834.12,65368.51,52991.73,0.029649,A,A,0.031919,A,A,0.039504,A,A,0.042097,A,A,0.043099,A,A,0,A,,,,,,,,,,,,,,
2024-10-08,72737.95,65001.14,52731.51,0.027751,A,A,0.029866,A,A,0.037382,A,A,0.040257,A,A,0.041625,A,A,0,A,,,,,,,,,,,,,,
2024-10-09,73117.26,64811.17,52643.62,0.032436,A,A,0.034487,A,A,0.041966,A,A,0.045116,A,A,0.046806,A,A,0,A,,,,,,,,,,,,,,
2024-10-10,72931.04,64423.80,52378.90,0.028908,A,A,0.031155,A,A,0.038469,A,A,0.041899,A,A,0.043768,A,A,0,A,,,,,,,,,,,,,,
2024-10-11,72691.76,64099.84,52140.07,0.024647,A,A,0.027123,A,A,0.034238,A,A,0.038017,A,A,0.040034,A,A,0,A,,,,,,,,,,,,,,
2024-10-14,72675.45,63962.68,52059.43,0.023234,A,A,0.026330,A,A,0.033274,A,A,0.037331,A,A,0.039492,A,A,0,A,,,,,,,,,,,,,,
2024-10-15,72892.52,63798.46,51980.11,0.024953,A,A,0.028708,A,A,0.035614,A,A,0.039936,A,A,0.042249,A,A,0,A,,,,,,,,,,,,,,
2024-10-16,73060.68,63770.70,51995.77,0.025907,A,A,0.030263,A,A,0.037144,A,A,0.041735,A,A,0.044290,A,A,0,A,,,,,,,,,,,,,,
2024-10-17,73404.68,64445.90,52441.86,0.029304,A,A,0.034187,A,A,0.041075,A,A,0.046006,A,A,0.048832,A,A,0,A,,,,,,,,,,,,,,
2024-10-18,73380.54,64320.53,52334.54,0.027602,A,A,0.032995,A,A,0.039871,A,A,0.045022,A,A,0.048083,A,A,0,A,,,,,,,,,,,,,,
2024-10-21,73959.91,64545.71,52531.19,0.034181,A,A,0.040227,A,A,0.047178,A,A,0.052554,A,A,0.055897,A,A,0,A,,,,,,,,,,,,,,
2024-10-22,73895.16,64232.64,52298.39,0.032000,A,A,0.038511,A,A,0.045361,A,A,0.050861,A,A,0.054479,A,A,0,A,,,,,,,,,,,,,,
2024-10-23,73404.46,63891.71,51984.52,0.024203,A,A,0.031061,A,A,0.037639,A,A,0.043164,A,A,0.046984,A,A,0,A,,,,,,,,,,,,,,
2024-10-24,73005.91,63373.50,51589.91,0.017991,A,A,0.024955,A,A,0.031285,A,A,0.036743,A,A,0.040805,A,A,0,A,,,,,,,,,,,,,,
2024-10-25,72978.78,63541.51,51733.74,0.017045,A,A,0.024195,A,A,0.030162,A,A,0.035720,A,A,0.039840,A,A,0,A,,,,,,,,,,,,,,
2024-10-28,73145.10,63520.85,51719.83,0.018593,A,A,0.026030,A,A,0.031767,A,A,0.037415,A,A,0.041628,A,A,0,A,,,,,,,,,,,,,,
2024-10-29,73012.76,63084.10,51417.98,0.016013,A,A,0.023566,A,A,0.029238,A,A,0.034863,A,A,0.039228,A,A,0,A,,,,,,,,,,,,,,
2024-10-30,73229.75,62975.39,51381.48,0.018108,A,A,0.025888,A,A,0.031700,A,A,0.037222,A,A,0.041790,A,A,0,A,,,,,,,,,,,,,,
2024-11-04,73087.63,62987.48,51346.14,0.015317,A,A,0.023371,A,A,0.029146,A,A,0.034472,A,A,0.039185,A,A,0,A,,,,,,,,,,,,,,
2024-11-05,72910.91,63143.03,51405.96,0.012000,A,A,0.020473,A,A,0.026062,A,A,0.031240,A,A,0.036172,A,A,0,A,,,,,,,,,,,,,,
2024-11-06,73266.82,63162.90,51473.29,0.015924,A,A,0.024963,A,A,0.030458,A,A,0.035567,A,A,0.040720,A,A,0,A,,,,,,,,,,,,,,
2024-11-07,74438.87,62764.65,51299.99,0.030791,A,A,0.040585,A,A,0.046191,A,A,0.051268,A,A,0.056718,A,A,0,A,,,,,,,,,,,,,,
2024-11-08,74075.36,63205.45,51606.82,0.024616,A,A,0.034616,A,A,0.040385,A,A,0.045255,A,A,0.051012,A,A,0,A,,,,,,,,,,,,,,
2024-11-11,74356.21,63512.15,51812.89,0.027288,A,A,0.037537,A,A,0.043614,A,A,0.048267,A,A,0.054378,A,A,0,A,,,,,,,,,,,,,,
2024-11-12,75496.26,63486.40,51869.38,0.041434,A,A,0.051952,A,A,0.058749,A,A,0.063286,A,A,0.069764,A,A,0,A,,,,,,,,,,,,,,
2024-11-13,74964.93,62924.55,51422.12,0.032675,A,A,0.043130,A,A,0.050447,A,A,0.054886,A,A,0.061572,A,A,0,A,,,,,,,,,,,,,,
2024-11-14,74737.17,63174.94,51533.40,0.028407,A,A,0.038590,A,A,0.046404,A,A,0.050792,A,A,0.057719,A,A,0,A,,,,,,,,,,,,,,
2024-11-15,74110.66,63098.93,51444.62,0.018910,A,A,0.028729,A,A,0.036922,A,A,0.041217,A,A,0.048298,A,A,0,A,,,,,,,,,,,,,,
2024-11-18,73712.11,62990.27,51315.73,0.012539,A,A,0.022178,A,A,0.030726,A,A,0.034904,A,A,0.042089,A,A,0,A,,,,,,,,,,,,,,
2024-11-19,74096.19,63251.91,51521.81,0.016903,A,A,0.026414,A,A,0.035417,A,A,0.039505,A,A,0.046913,A,A,0,A,,,,,,,,,,,,,,
2024-11-20,74062.01,63498.47,51675.54,0.015579,A,A,0.025021,A,A,0.034260,A,A,0.038262,A,A,0.045821,A,A,0,A,,,,,,,,,,,,,,
2024-11-21,74044.76,63412.81,51597.87,0.014483,A,A,0.023983,A,A,0.033401,A,A,0.037309,A,A,0.044977,A,A,0,A,,,,,,,,,,,,,,
2024-11-22,74127.75,63509.15,51678.94,0.014686,A,A,0.024426,A,A,0.033876,A,A,0.037835,A,A,0.045487,A,A,0,A,,,,,,,,,,,,,,
2024-11-25,74874.23,63403.92,51691.41,0.023742,A,A,0.033917,A,A,0.043412,A,A,0.047559,A,A,0.055241,A,A,0,A,,,,,,,,,,,,,,
2024-11-26,75018.99,63786.04,51987.13,0.024535,A,A,0.034952,A,A,0.044510,A,A,0.048771,A,A,0.056406,A,A,0,A,,,,,,,,,,,,,,
2024-11-27,74871.88,64002.35,52103.38,0.021549,A,A,0.031987,A,A,0.041618,A,A,0.045962,A,A,0.053576,A,A,0,A,,,,,,,,,,,,,,
2024-11-28,75134.28,64538.11,52480.36,0.024071,A,A,0.034526,A,A,0.044427,A,A,0.048889,A,A,0.056473,A,A,0,A,,,,,,,,,,,,,,
2024-11-29,75014.62,64586.36,52490.11,0.021375,A,A,0.031874,A,A,0.042015,A,A,0.046491,A,A,0.053987,A,A,0,A,,,,,,,,,,,,,,
2024-12-02,75340.61,64999.96,52796.51,0.024597,A,A,0.035203,A,A,0.045837,A,A,0.050288,A,A,0.057715,A,A,0,A,,,,,,,,,,,,,,
2024-12-03,75505.42,64832.57,52721.14,0.025609,A,A,0.036248,A,A,0.047356,A,A,0.051852,A,A,0.059120,A,A,0,A,,,,,,,,,,,,,,
2024-12-04,75275.78,64849.30,52759.72,0.021322,A,A,0.031947,A,A,0.043530,A,A,0.047887,A,A,0.055004,A,A,0,A,,,,,,,,,,,,,,
2024-12-05,75483.57,64933.37,52839.51,0.022947,A,A,0.033682,A,A,0.045676,A,A,0.049948,A,A,0.057059,A,A,0,A,,,,,,,,,,,,,,
2024-12-06,75345.16,64855.11,52795.04,0.019938,A,A,0.030721,A,A,0.042949,A,A,0.047241,A,A,0.054299,A,A,0,A,,,,,,,,,,,,,,
2024-12-09,75433.92,64970.83,52879.95,0.020142,A,A,0.030844,A,A,0.043310,A,A,0.047700,A,A,0.054649,A,A,0,A,,,,,,,,,,,,,,
2024-12-10,75551.23,64964.77,52868.63,0.020749,A,A,0.031323,A,A,0.044160,A,A,0.048541,A,A,0.055358,A,A,0,A,,,,,,,,,,,,,,
2024-12-11,75248.22,64835.28,52749.84,0.015919,A,A,0.026289,A,A,0.039297,A,A,0.043588,A,A,0.050295,A,A,0,A,,,,,,,,,,,,,,
2024-12-12,75639.95,64729.67,52753.39,0.020320,A,A,0.030678,A,A,0.043976,A,A,0.048267,A,A,0.054927,A,A,0,A,,,,,,,,,,,,,,
2024-12-13,75319.81,64401.55,52484.69,0.015331,A,A,0.025336,A,A,0.038875,A,A,0.043079,A,A,0.049661,A,A,0,A,,,,,,,,,,,,,,
2024-12-16,75446.22,64091.29,52267.99,0.016269,A,A,0.026121,A,A,0.039774,A,A,0.044005,A,A,0.050629,A,A,0,A,,,,,,,,,,,,,,
2024-12-17,75714.64,63896.65,52161.28,0.018963,A,A,0.028807,A,A,0.042551,A,A,0.046840,A,A,0.053534,A,A,0,A,,,,,,,,,,,,,,
2024-12-18,75445.86,63607.32,51947.89,0.014505,A,A,0.024245,A,A,0.037824,A,A,0.042326,A,A,0.048978,A,A,0,A,,,,,,,,,,,,,,
2024-12-19,74340.19,63500.63,51733.12,-0.000795,A,A,0.008543,A,A,0.021737,A,A,0.026454,A,A,0.032945,A,A,0,A,,,,,,,,,,,,,,
2024-12-20,74039.02,62676.20,51085.79,-0.005134,A,A,0.003840,A,A,0.016763,A,A,0.021802,A,A,0.028179,A,A,0,A,,,,,,,,,,,,,,
2024-12-23,74138.28,62885.25,51247.85,-0.004018,A,A,0.004562,A,A,0.017319,A,A,0.022745,A,A,0.029035,A,A,0,A,,,,,,,,,,,,,,
2024-12-24,74164.26,62371.94,50899.80,-0.003902,A,A,0.004395,A,A,0.016894,A,A,0.022644,A,A,0.028886,A,A,0,A,,,,,,,,,,,,,,
2024-12-26,74219.57,62083.59,50739.41,-0.003236,A,A,0.004614,A,A,0.016874,A,A,0.023013,A,A,0.029084,A,A,0,A,,,,,,,,,,,,,,
2024-12-27,74289.80,61771.11,50527.36,-0.002411,A,A,0.004986,A,A,0.017159,A,A,0.023529,A,A,0.029512,A,A,0,A,,,,,,,,,,,,,,
2024-12-30,74210.53,61461.66,50347.43,-0.003715,A,A,0.003322,A,A,0.015490,A,A,0.021913,A,A,0.027920,A,A,0,A,,,,,,,,,,,,,,
2024-12-31,73991.94,61973.40,50647.44,-0.006942,A,A,-0.000151,A,A,0.012030,A,A,0.018373,A,A,0.024418,A,A,0,A,,,,,,,,,,,,,,
2025-01-02,74140.03,61932.43,50634.97,-0.005299,A,A,0.001289,A,A,0.013599,A,A,0.019957,A,A,0.025997,A,A,0,A,,,,,,,,,,,,,,
2025-01-03,74160.86,62131.00,50780.83,-0.005320,A,A,0.001031,A,A,0.013352,A,A,0.019823,A,A,0.025845,A,A,0,A,,,,,,,,,,,,,,
2025-01-06,75121.19,62109.55,50858.42,0.006927,A,A,0.013254,A,A,0.025780,A,A,0.032482,A,A,0.038519,A,A,0,A,,,,,,,,,,,,,,
2025-01-07,75341.29,61885.96,50725.55,0.009243,A,A,0.015547,A,A,0.027999,A,A,0.034923,A,A,0.040896,A,A,0,A,,,,,,,,,,,,,,
2025-01-08,74829.19,61402.56,50366.71,0.001863,A,A,0.008120,A,A,0.020340,A,A,0.027260,A,A,0.033241,A,A,0,A,,,,,,,,,,,,,,
2025-01-09,74883.05,61011.52,50151.02,0.001997,A,A,0.008410,A,A,0.020343,A,A,0.027335,A,A,0.033414,A,A,0,A,,,,,,,,,,,,,,
2025-01-10,74730.46,61092.03,50183.30,-0.000480,A,A,0.005934,A,A,0.017538,A,A,0.024472,A,A,0.030759,A,A,0,A,,,,,,,,,,,,,,
2025-01-13,74167.99,60537.18,49733.65,-0.007923,A,A,-0.001858,A,A,0.009256,A,A,0.016039,A,A,0.022516,A,A,0,A,,,,,,,,,,,,,,
2025-01-14,74106.86,60292.29,49524.68,-0.008750,A,A,-0.002927,A,A,0.007867,A,A,0.014481,A,A,0.021236,A,A,0,A,,,,,,,,,,,,,,
2025-01-15,74048.31,60014.53,49326.00,-0.009443,A,A,-0.003999,A,A,0.006534,A,A,0.013005,A,A,0.019962,A,A,0,A,,,,,,,,,,,,,,
2025-01-16,74886.36,60646.85,49902.88,0.001950,A,A,0.006805,A,A,0.017248,A,A,0.023701,A,A,0.030894,A,A,0,A,,,,,,,,,,,,,,
2025-01-17,75687.28,60973.02,50184.25,0.012448,A,A,0.016976,A,A,0.027315,A,A,0.033775,A,A,0.041197,A,A,0,A,,,,,,,,,,,,,,
2025-01-20,76081.54,61175.34,50352.08,0.017315,A,A,0.021626,A,A,0.031899,A,A,0.038328,A,A,0.045884,A,A,0,A,,,,,,,,,,,,,,
2025-01-21,75718.20,61268.57,50388.77,0.011974,A,A,0.016254,A,A,0.026287,A,A,0.032660,A,A,0.040232,A,A,0,A,,,,,,,,,,,,,,
2025-01-22,76164.59,61843.18,50801.07,0.017199,A,A,0.021648,A,A,0.031509,A,A,0.038044,A,A,0.045703,A,A,0,A,,,,,,,,,,,,,,
2025-01-23,75922.09,62107.01,50982.53,0.013411,A,A,0.017977,A,A,0.027488,A,A,0.034102,A,A,0.041811,A,A,0,A,,,,,,,,,,,,,,
2025-01-24,75707.28,61907.22,50837.05,0.010051,A,A,0.014711,A,A,0.023903,A,A,0.030507,A,A,0.038302,A,A,0,A,,,,,,,,,,,,,,
2025-01-27,75551.06,62018.61,50909.81,0.007517,A,A,0.012163,A,A,0.021132,A,A,0.027730,A,A,0.035679,A,A,0,A,,,,,,,,,,,,,,
2025-01-28,75286.44,62472.79,51144.75,0.003643,A,A,0.008136,A,A,0.016917,A,A,0.023469,A,A,0.031563,A,A,0,A,,,,,,,,,,,,,,
2025-01-29,75769.15,62313.46,51095.91,0.009810,A,A,0.014008,A,A,0.022727,A,A,0.029327,A,A,0.037560,A,A,0,A,,,,,,,,,,,,,,
2025-01-30,75799.12,62104.31,50982.39,0.009976,A,A,0.013846,A,A,0.022427,A,A,0.028983,A,A,0.037319,A,A,0,A,,,,,,,,,,,,,,
2025-01-31,76104.86,62064.51,51018.38,0.013680,A,A,0.017278,A,A,0.025877,A,A,0.032321,A,A,0.040897,A,A,0,A,,,,,,,,,,,,,,
2025-02-03,75890.48,62018.51,50997.25,0.010599,A,A,0.013849,A,A,0.022350,A,A,0.028641,A,A,0.037416,A,A,0,A,,,,,,,,,,,,,,
2025-02-04,75538.77,61869.81,50841.56,0.005759,A,A,0.008635,A,A,0.017008,A,A,0.023203,A,A,0.032108,A,A,0,A,,,,,,,,,,,,,,
2025-02-05,75547.63,61940.95,50932.43,0.005815,A,A,0.008198,A,A,0.016499,A,A,0.022659,A,A,0.031724,A,A,0,A,,,,,,,,,,,,,,
2025-02-06,75415.51,62391.99,51264.88,0.004083,A,A,0.005984,A,A,0.014134,A,A,0.020221,A,A,0.029332,A,A,0,A,,,,,,,,,,,,,,
2025-02-07,75468.32,62385.19,51277.22,0.004729,A,A,0.006473,A,A,0.014241,A,A,0.020275,A,A,0.029436,A,A,0,A,,,,,,,,,,,,,,
2025-02-10,74724.99,62388.96,51163.91,-0.004944,A,A,-0.003575,A,A,0.003784,A,A,0.009761,A,A,0.018663,A,A,0,A,,,,,,,,,,,,,,
2025-02-11,74902.49,62539.71,51269.10,-0.002450,A,A,-0.001322,A,A,0.005681,A,A,0.011690,A,A,0.020401,A,A,0,A,,,,,,,,,,,,,,
2025-02-12,74834.33,62362.55,51117.30,-0.003180,A,A,-0.002093,A,A,0.004369,A,A,0.010249,A,A,0.018792,A,A,0,A,,,,,,,,,,,,,,
2025-02-13,74172.58,61639.95,50552.02,-0.011592,A,A,-0.010754,A,A,-0.004782,A,A,0.000928,A,A,0.009213,A,A,0,A,,,,,,,,,,,,,,
2025-02-14,74333.91,61940.05,50831.69,-0.009174,A,A,-0.008519,A,A,-0.002840,A,A,0.002715,A,A,0.010839,A,A,0,A,,,,,,,,,,,,,,
2025-02-17,74254.48,62218.65,51045.05,-0.009826,A,A,-0.009608,A,A,-0.004131,A,A,0.001258,A,A,0.009208,A,A,0,A,,,,,,,,,,,,,,
2025-02-18,74727.60,62105.80,51010.77,-0.003342,A,A,-0.003509,A,A,0.001974,A,A,0.007169,A,A,0.015111,A,A,0,A,,,,,,,,,,,,,,
2025-02-19,74934.53,61751.11,50786.13,-0.000431,A,A,-0.000924,A,A,0.004449,A,A,0.009467,A,A,0.017429,A,A,0,A,,,,,,,,,,,,,,
2025-02-20,74983.74,61684.63,50728.52,0.000442,A,A,-0.000460,A,A,0.004766,A,A,0.009641,A,A,0.017654,A,A,0,A,,,,,,,,,,,,,,
2025-02-21,74692.87,61879.54,50873.10,-0.003216,A,A,-0.004472,A,A,0.000568,A,A,0.005341,A,A,0.013322,A,A,0,A,,,,,,,,,,,,,,
2025-02-24,74285.01,62166.11,51016.00,-0.008643,A,A,-0.009940,A,A,-0.005102,A,A,-0.000476,A,A,0.007401,A,A,0,A,,,,,,,,,,,,,,
2025-02-25,74357.01,62373.22,51156.14,-0.007775,A,A,-0.008874,A,A,-0.004330,A,A,0.000135,A,A,0.007977,A,A,0,A,,,,,,,,,,,,,,
2025-02-26,74044.59,62963.27,51536.08,-0.011917,A,A,-0.012838,A,A,-0.008608,A,A,-0.004402,A,A,0.003337,A,A,0,A,,,,,,,,,,,,,,
2025-02-27,74291.69,62872.46,51527.06,-0.008657,A,A,-0.009424,A,A,-0.005434,A,A,-0.001431,A,A,0.006274,A,A,0,A,,,,,,,,,,,,,,
2025-02-28,74307.95,62758.35,51409.84,-0.008466,A,A,-0.009036,A,A,-0.005268,A,A,-0.001573,A,A,0.006044,A,A,0,A,,,,,,,,,,,,,,
2025-03-03,74572.10,63167.19,51681.25,-0.005024,A,A,-0.005422,A,A,-0.001832,A,A,0.001596,A,A,0.009127,A,A,0,A,,,,,,,,,,,,,,
2025-03-04,74286.23,63261.43,51746.88,-0.008861,A,A,-0.009017,A,A,-0.005789,A,A,-0.002579,A,A,0.004805,A,A,0,A,,,,,,,,,,,,,,
2025-03-05,73638.00,63751.38,52010.40,-0.017407,A,A,-0.017282,A,A,-0.014558,A,A,-0.011466,A,A,-0.004303,A,A,0,A,,,,,,,,,,,,,,
2025-03-06,73422.53,63327.94,51733.47,-0.020073,fuera,A,-0.019778,A,A,-0.017506,A,A,-0.014493,A,A,-0.007526,A,A,0,A,,,,,,,,,,,,,,
2025-03-07,72666.90,63234.58,51584.75,-0.029728,fuera,A,-0.029296,fuera,A,-0.027548,fuera,A,-0.024614,fuera,A,-0.017971,A,A,0,A,,,,,,,,,,,,,,
2025-03-10,72951.65,63391.73,51714.33,-0.025299,fuera,A,-0.025005,fuera,A,-0.023729,fuera,A,-0.020819,fuera,A,-0.014387,A,A,0,A,,,,,,,,,,,,,,
2025-03-11,72456.87,63854.97,51969.36,-0.031080,fuera,A,-0.031015,fuera,A,-0.030238,fuera,A,-0.027378,fuera,A,-0.021210,fuera,A,0,A,,,,,,,,,,,,,,
2025-03-12,72516.65,63885.86,51972.32,-0.029613,fuera,fuera,-0.029601,fuera,A,-0.029356,fuera,A,-0.026524,fuera,A,-0.020530,fuera,A,1,A,,,,,,,,,,,,,,
2025-03-13,72234.34,63663.71,51815.77,-0.032629,fuera,fuera,-0.032769,fuera,fuera,-0.033037,fuera,fuera,-0.030257,fuera,fuera,-0.024490,fuera,A,4,E,,,,,,,,,,,,,,
2025-03-14,72507.83,63770.14,51920.21,-0.028324,fuera,fuera,-0.028470,fuera,fuera,-0.029267,fuera,fuera,-0.026564,fuera,fuera,-0.020938,fuera,A,4,E,,,,,,,,,,,,,,
2025-03-17,72889.19,63661.29,51896.74,-0.022841,fuera,fuera,-0.022863,fuera,fuera,-0.023936,fuera,fuera,-0.021444,fuera,fuera,-0.015956,fuera,fuera,5,E,,,,,,,,,,,,,,
2025-03-18,72881.80,63639.33,51907.53,-0.022583,fuera,fuera,-0.022437,fuera,fuera,-0.023862,fuera,fuera,-0.021521,fuera,fuera,-0.016226,fuera,fuera,5,E,,,,,,,,,,,,,,
2025-03-19,72600.48,63631.87,51900.82,-0.025936,fuera,fuera,-0.025575,fuera,fuera,-0.027375,fuera,fuera,-0.025198,fuera,fuera,-0.020180,fuera,fuera,5,E,,,,,,,,,,,,,,
2025-03-20,72897.06,63691.93,51969.04,-0.021376,fuera,fuera,-0.021071,fuera,fuera,-0.023024,fuera,fuera,-0.021155,fuera,fuera,-0.016363,fuera,fuera,5,E,,,,,,,,,,,,,,
2025-03-21,73302.95,64056.02,52251.71,-0.015227,fuera,fuera,-0.015406,fuera,fuera,-0.017341,fuera,fuera,-0.015622,fuera,fuera,-0.011108,fuera,fuera,5,E,,,,,,,,,,,,,,
2025-03-24,73555.51,64189.87,52355.33,-0.011088,fuera,fuera,-0.011913,fuera,fuera,-0.013782,fuera,fuera,-0.012188,fuera,fuera,-0.007895,fuera,fuera,5,E,,,,,,,,,,,,,,
2025-03-25,73521.36,63814.39,52093.47,-0.010898,fuera,fuera,-0.012244,fuera,fuera,-0.014153,fuera,fuera,-0.012661,fuera,fuera,-0.008546,fuera,fuera,5,E,,,,,,,,,,,,,,
2025-03-26,73275.63,63849.35,52127.58,-0.013352,fuera,fuera,-0.015362,fuera,fuera,-0.017384,fuera,fuera,-0.015995,fuera,fuera,-0.012041,fuera,fuera,5,E,,,,,,,,,,,,,,
2025-03-27,72949.69,63698.92,51976.94,-0.016866,fuera,fuera,-0.019480,fuera,fuera,-0.021588,fuera,fuera,-0.020368,fuera,fuera,-0.016596,fuera,fuera,5,E,,,,,,,,,,,,,,
2025-03-28,73509.85,63601.09,51943.08,-0.008665,fuera,fuera,-0.011789,fuera,fuera,-0.013994,fuera,fuera,-0.012892,fuera,fuera,-0.009254,fuera,fuera,5,E,,,,,,,,,,,,,,
2025-03-31,73875.67,64105.93,52301.72,-0.003231,fuera,fuera,-0.006801,fuera,fuera,-0.009062,fuera,fuera,-0.008089,fuera,fuera,-0.004578,fuera,fuera,5,E,,,,,,,,,,,,,,
2025-04-01,74160.60,64209.07,52357.04,0.000952,fuera,fuera,-0.003006,fuera,fuera,-0.005245,fuera,fuera,-0.004382,fuera,fuera,-0.001011,fuera,fuera,5,E,,,,,,,,,,,,,,
2025-04-02,74215.41,64710.68,52726.73,0.002158,fuera,fuera,-0.002285,fuera,fuera,-0.004412,fuera,fuera,-0.003790,fuera,fuera,-0.000546,fuera,fuera,5,E,,,,,,,,,,,,,,
2025-04-03,74537.23,64757.19,52769.63,0.006885,fuera,fuera,0.001962,fuera,fuera,-0.000023,fuera,fuera,0.000322,fuera,fuera,0.003535,fuera,fuera,5,E,,,,,,,,,,,,,,
2025-04-04,73431.85,66143.08,53605.56,-0.007250,fuera,fuera,-0.012546,fuera,fuera,-0.014641,fuera,fuera,-0.014533,fuera,fuera,-0.011460,fuera,fuera,5,E,,,,,,,,,,,,,,
2025-04-07,72887.10,67149.33,54053.21,-0.013725,fuera,fuera,-0.019366,fuera,fuera,-0.021623,fuera,fuera,-0.021650,fuera,fuera,-0.018799,fuera,fuera,5,E,,,,,,,,,,,,,,
2025-04-08,71743.94,66727.64,53543.57,-0.028085,fuera,fuera,-0.034120,fuera,fuera,-0.036498,fuera,fuera,-0.036707,fuera,fuera,-0.034086,fuera,fuera,5,E,,,,,,,,,,,,,,
2025-04-09,71584.22,66589.50,53459.05,-0.029090,fuera,fuera,-0.035601,fuera,fuera,-0.038104,fuera,fuera,-0.038511,fuera,fuera,-0.036078,fuera,fuera,5,E,,,,,,,,,,,,,,
2025-04-10,73292.37,65372.54,52766.72,-0.005285,fuera,fuera,-0.012289,fuera,fuera,-0.014826,fuera,fuera,-0.015290,fuera,fuera,-0.013115,fuera,fuera,5,E,,,,,,,,,,,,,,
2025-04-11,72602.14,65364.49,52748.04,-0.013801,fuera,fuera,-0.021268,fuera,fuera,-0.023714,fuera,fuera,-0.024269,fuera,fuera,-0.022400,fuera,fuera,5,E,,,,,,,,,,,,,,
2025-04-14,72388.65,64446.06,52110.17,-0.016007,fuera,fuera,-0.023793,fuera,fuera,-0.026134,fuera,fuera,-0.026845,fuera,fuera,-0.025244,fuera,fuera,5,E,,,,,,,,,,,,,,
2025-04-15,72808.77,64938.16,52564.90,-0.009669,fuera,fuera,-0.017871,fuera,fuera,-0.020110,fuera,fuera,-0.021034,fuera,fuera,-0.019579,fuera,fuera,5,E,,,,,,,,,,,,,,
2025-04-16,73119.87,65157.37,52776.88,-0.004922,fuera,fuera,-0.013307,fuera,fuera,-0.015583,fuera,fuera,-0.016777,fuera,fuera,-0.015396,fuera,fuera,5,E,,,,,,,,,,,,,,
2025-04-17,73069.39,65483.61,53015.93,-0.005277,fuera,fuera,-0.013444,fuera,fuera,-0.015897,fuera,fuera,-0.017326,fuera,fuera,-0.016040,fuera,fuera,5,E,,,,,,,,,,,,,,
2025-04-21,73213.09,65212.45,52863.65,-0.002983,fuera,fuera,-0.010905,fuera,fuera,-0.013661,fuera,fuera,-0.015287,fuera,fuera,-0.014087,fuera,fuera,5,E,,,,,,,,,,,,,,
2025-04-22,72352.65,65084.06,52711.48,-0.014133,fuera,fuera,-0.021834,fuera,fuera,-0.024774,fuera,fuera,-0.026649,fuera,fuera,-0.025507,fuera,fuera,5,E,,,,,,,,,,,,,,
2025-04-23,72583.18,64921.81,52665.55,-0.010349,fuera,fuera,-0.017975,fuera,fuera,-0.021265,fuera,fuera,-0.023354,fuera,fuera,-0.022265,fuera,fuera,5,E,,,,,,,,,,,,,,
2025-04-24,72513.80,64975.89,52731.89,-0.010570,fuera,fuera,-0.018206,fuera,fuera,-0.021771,fuera,fuera,-0.023992,fuera,fuera,-0.023106,fuera,fuera,5,E,,,,,,,,,,,,,,
2025-04-25,73294.05,65260.39,53041.31,0.000589,fuera,fuera,-0.007135,fuera,fuera,-0.010886,fuera,fuera,-0.013272,fuera,fuera,-0.012625,fuera,fuera,5,E,,,,,,,,,,,,,,
2025-04-28,73472.68,65369.79,53161.90,0.003399,fuera,fuera,-0.004277,fuera,fuera,-0.008182,fuera,fuera,-0.010690,fuera,fuera,-0.010271,fuera,fuera,5,E,,,,,,,,,,,,,,
2025-04-29,73861.46,65660.04,53424.32,0.008838,fuera,fuera,0.001294,fuera,fuera,-0.002862,fuera,fuera,-0.005293,fuera,fuera,-0.005110,fuera,fuera,5,E,,,,,,,,,,,,,,
2025-04-30,74751.72,66035.65,53763.56,0.020876,A,fuera,0.013581,fuera,fuera,0.009048,fuera,fuera,0.006731,fuera,fuera,0.006694,fuera,fuera,5,E,,,,,,,,,,,,,,
2025-05-02,75494.33,66246.68,53962.40,0.030564,A,fuera,0.023716,A,fuera,0.018865,fuera,fuera,0.016712,fuera,fuera,0.016449,fuera,fuera,5,E,,,,,,,,,,,,,,
2025-05-05,74762.13,65475.97,53335.78,0.020423,A,fuera,0.014076,A,fuera,0.008893,fuera,fuera,0.006947,fuera,fuera,0.006410,fuera,fuera,5,E,,,,,,,,,,,,,,
2025-05-06,74581.79,65300.98,53215.49,0.017877,A,fuera,0.011910,A,fuera,0.006405,fuera,fuera,0.004607,fuera,fuera,0.003804,fuera,fuera,5,E,,,,,,,,,,,,,,
2025-05-07,74594.02,65395.62,53291.51,0.018038,A,A,0.012279,A,fuera,0.006524,fuera,fuera,0.004887,fuera,fuera,0.003826,fuera,fuera,4,E,,,,,,,,,,,,,,
2025-05-08,75218.39,65552.25,53458.22,0.026269,A,A,0.020823,A,A,0.014796,fuera,fuera,0.013314,fuera,fuera,0.012144,fuera,fuera,3,E,,,,,,,,,,,,,,
2025-05-09,74871.02,64959.19,52986.40,0.021147,A,A,0.016226,A,A,0.009976,fuera,fuera,0.008708,fuera,fuera,0.007384,fuera,fuera,3,E,,,,,,,,,,,,,,
2025-05-12,74625.69,64982.99,53001.00,0.017430,A,A,0.013078,A,A,0.006593,fuera,fuera,0.005522,fuera,fuera,0.004054,fuera,fuera,3,E,,,,,,,,,,,,,,
2025-05-13,75796.45,64397.54,52697.18,0.032413,A,A,0.028737,A,A,0.022135,A,fuera,0.021225,A,fuera,0.019774,fuera,fuera,3,E,,,,,,,,,,,,,,
2025-05-14,76035.86,64290.72,52673.09,0.034708,A,A,0.031739,A,A,0.025223,A,fuera,0.024399,A,fuera,0.022878,A,fuera,3,E,,,,,,,,,,,,,,
2025-05-15,76044.66,63980.42,52474.91,0.033707,A,A,0.031593,A,A,0.025233,A,fuera,0.024422,A,fuera,0.022853,A,fuera,3,E,,,,,,,,,,,,,,
2025-05-16,76423.79,64491.29,52879.92,0.037636,A,A,0.036242,A,A,0.030099,A,fuera,0.029400,A,fuera,0.027699,A,fuera,3,E,,,,,,,,,,,,,,
2025-05-19,76737.23,64594.73,52969.29,0.040478,A,A,0.039963,A,A,0.034036,A,A,0.033487,A,A,0.031581,A,fuera,1,A,,,,,,,,,,,,,,
2025-05-20,76374.75,64577.94,52936.87,0.034358,A,A,0.034586,A,A,0.028899,A,A,0.028482,A,A,0.026459,A,A,0,A,,,,,,,,,,,,,,
2025-05-22,76313.68,64574.87,52920.37,0.032466,A,A,0.033411,A,A,0.027746,A,A,0.027400,A,A,0.025392,A,A,0,A,,,,,,,,,,,,,,
2025-05-23,76212.59,64305.02,52694.84,0.030067,A,A,0.031763,A,A,0.026061,A,A,0.025753,A,A,0.023797,A,A,0,A,,,,,,,,,,,,,,
2025-05-26,75989.64,64481.18,52820.39,0.026010,A,A,0.028526,A,A,0.022762,A,A,0.022510,A,A,0.020599,A,A,0,A,,,,,,,,,,,,,,
2025-05-27,75963.76,64446.55,52818.79,0.024717,A,A,0.027900,A,A,0.022249,A,A,0.021926,A,A,0.020133,A,A,0,A,,,,,,,,,,,,,,
2025-05-28,76613.30,64747.47,53121.34,0.032455,A,A,0.036179,A,A,0.030847,A,A,0.030348,A,A,0.028681,A,A,0,A,,,,,,,,,,,,,,
2025-05-29,76318.35,64431.65,52855.21,0.027630,A,A,0.031762,A,A,0.026843,A,A,0.026114,A,A,0.024563,A,A,0,A,,,,,,,,,,,,,,
2025-05-30,76351.96,64655.83,53017.19,0.027212,A,A,0.031714,A,A,0.027197,A,A,0.026285,A,A,0.024881,A,A,0,A,,,,,,,,,,,,,,
2025-06-02,76365.72,64891.93,53150.83,0.026449,A,A,0.031448,A,A,0.027352,A,A,0.026158,A,A,0.024918,A,A,0,A,,,,,,,,,,,,,,
2025-06-03,76303.20,64731.76,53039.27,0.024582,A,A,0.030170,A,A,0.026452,A,A,0.025034,A,A,0.023974,A,A,0,A,,,,,,,,,,,,,,
2025-06-04,76690.11,64734.07,53062.45,0.028801,A,A,0.034931,A,A,0.031505,A,A,0.029899,A,A,0.029037,A,A,0,A,,,,,,,,,,,,,,
2025-06-05,76926.32,65130.46,53398.67,0.031033,A,A,0.037541,A,A,0.034470,A,A,0.032832,A,A,0.032025,A,A,0,A,,,,,,,,,,,,,,
2025-06-06,76436.13,64972.96,53234.37,0.023769,A,A,0.030322,A,A,0.027701,A,A,0.026107,A,A,0.025344,A,A,0,A,,,,,,,,,,,,,,
2025-06-09,76588.53,64505.92,52908.45,0.025086,A,A,0.031688,A,A,0.029624,A,A,0.027922,A,A,0.027253,A,A,0,A,,,,,,,,,,,,,,
2025-06-10,77013.15,64632.69,53033.98,0.030011,A,A,0.036460,A,A,0.035145,A,A,0.033339,A,A,0.032774,A,A,0,A,,,,,,,,,,,,,,
2025-06-11,77386.32,64650.55,53100.64,0.033787,A,A,0.040512,A,A,0.039962,A,A,0.037994,A,A,0.037576,A,A,0,A,,,,,,,,,,,,,,
2025-06-12,77591.75,64991.75,53388.68,0.035085,A,A,0.042150,A,A,0.042458,A,A,0.040295,A,A,0.040071,A,A,0,A,,,,,,,,,,,,,,
2025-06-13,77359.49,65116.17,53488.40,0.030272,A,A,0.037975,A,A,0.039055,A,A,0.036750,A,A,0.036768,A,A,0,A,,,,,,,,,,,,,,
2025-06-16,77097.95,64941.57,53297.03,0.025116,A,A,0.033412,A,A,0.035303,A,A,0.032843,A,A,0.033068,A,A,0,A,,,,,,,,,,,,,,
2025-06-17,77308.86,64860.63,53274.19,0.026702,A,A,0.035199,A,A,0.037842,A,A,0.035349,A,A,0.035688,A,A,0,A,,,,,,,,,,,,,,
2025-06-18,77251.84,65152.52,53453.17,0.024538,A,A,0.033492,A,A,0.036800,A,A,0.034379,A,A,0.034755,A,A,0,A,,,,,,,,,,,,,,
2025-06-19,77515.30,65254.21,53542.54,0.026482,A,A,0.036013,A,A,0.039903,A,A,0.037716,A,A,0.038056,A,A,0,A,,,,,,,,,,,,,,
2025-06-23,77618.66,65293.54,53544.58,0.026398,A,A,0.036308,A,A,0.040869,A,A,0.038848,A,A,0.039078,A,A,0,A,,,,,,,,,,,,,,
2025-06-24,78170.12,65652.65,53851.40,0.032158,A,A,0.042524,A,A,0.047743,A,A,0.045962,A,A,0.046001,A,A,0,A,,,,,,,,,,,,,,
2025-06-25,78387.97,65771.92,54040.73,0.033422,A,A,0.044323,A,A,0.050004,A,A,0.048547,A,A,0.048443,A,A,0,A,,,,,,,,,,,,,,
2025-06-26,78346.72,65734.10,54023.41,0.031327,A,A,0.042733,A,A,0.048825,A,A,0.047643,A,A,0.047427,A,A,0,A,,,,,,,,,,,,,,
2025-06-27,78554.81,65846.54,54180.16,0.032193,A,A,0.044410,A,A,0.050938,A,A,0.050024,A,A,0.049726,A,A,0,A,,,,,,,,,,,,,,
2025-06-30,78907.27,65809.09,54174.46,0.034914,A,A,0.047870,A,A,0.054998,A,A,0.054249,A,A,0.053919,A,A,0,A,,,,,,,,,,,,,,
2025-07-01,79198.17,66093.69,54428.50,0.036709,A,A,0.050371,A,A,0.058217,A,A,0.057675,A,A,0.057246,A,A,0,A,,,,,,,,,,,,,,
2025-07-02,78798.58,65885.36,54241.44,0.029830,A,A,0.043927,A,A,0.052282,A,A,0.051937,A,A,0.051376,A,A,0,A,,,,,,,,,,,,,,
2025-07-03,78854.16,65777.58,54172.50,0.028948,A,A,0.043588,A,A,0.052375,A,A,0.052311,A,A,0.051593,A,A,0,A,,,,,,,,,,,,,,
2025-07-04,79111.83,65428.79,53957.71,0.030741,A,A,0.045927,A,A,0.055058,A,A,0.055317,A,A,0.054477,A,A,0,A,,,,,,,,,,,,,,
2025-07-07,79349.04,65488.42,54014.60,0.032457,A,A,0.047952,A,A,0.057440,A,A,0.057970,A,A,0.057165,A,A,0,A,,,,,,,,,,,,,,
2025-07-08,79337.75,65413.41,53909.13,0.031164,A,A,0.046766,A,A,0.056461,A,A,0.057310,A,A,0.056569,A,A,0,A,,,,,,,,,,,,,,
2025-07-09,79790.35,65326.35,53892.99,0.035543,A,A,0.051360,A,A,0.061624,A,A,0.062752,A,A,0.062039,A,A,0,A,,,,,,,,,,,,,,
2025-07-10,80294.25,65657.29,54186.91,0.040369,A,A,0.056388,A,A,0.067384,A,A,0.068809,A,A,0.068136,A,A,0,A,,,,,,,,,,,,,,
2025-07-11,80441.18,65619.71,54137.27,0.040521,A,A,0.056433,A,A,0.068411,A,A,0.069989,A,A,0.069445,A,A,0,A,,,,,,,,,,,,,,
2025-07-14,80291.48,65435.24,53944.58,0.037072,A,A,0.052586,A,A,0.065478,A,A,0.067270,A,A,0.066766,A,A,0,A,,,,,,,,,,,,,,
2025-07-15,80984.11,65279.45,53876.11,0.044186,A,A,0.059996,A,A,0.073507,A,A,0.075639,A,A,0.075189,A,A,0,A,,,,,,,,,,,,,,
2025-07-17,80557.28,65049.45,53664.11,0.036920,A,A,0.052696,A,A,0.066728,A,A,0.069106,A,A,0.068789,A,A,0,A,,,,,,,,,,,,,,
2025-07-18,81044.10,65242.24,53849.55,0.041623,A,A,0.057190,A,A,0.071853,A,A,0.074656,A,A,0.074551,A,A,0,A,,,,,,,,,,,,,,
2025-07-21,80758.31,65364.23,53916.39,0.036552,A,A,0.051757,A,A,0.066850,A,A,0.069987,A,A,0.070191,A,A,0,A,,,,,,,,,,,,,,
2025-07-22,80673.19,65652.58,54134.10,0.034094,A,A,0.049036,A,A,0.064442,A,A,0.068058,A,A,0.068547,A,A,0,A,,,,,,,,,,,,,,
2025-07-23,80686.93,65876.43,54290.97,0.033016,A,A,0.047594,A,A,0.063349,A,A,0.067466,A,A,0.068171,A,A,0,A,,,,,,,,,,,,,,
2025-07-24,80728.40,65653.65,54155.09,0.032374,A,A,0.046537,A,A,0.062574,A,A,0.067242,A,A,0.068207,A,A,0,A,,,,,,,,,,,,,,
2025-07-25,80774.69,65504.25,54062.74,0.031676,A,A,0.045353,A,A,0.061899,A,A,0.067037,A,A,0.068276,A,A,0,A,,,,,,,,,,,,,,
2025-07-28,81241.22,65728.04,54232.92,0.036186,A,A,0.049554,A,A,0.066731,A,A,0.072261,A,A,0.073822,A,A,0,A,,,,,,,,,,,,,,
2025-07-29,81653.37,65730.91,54213.67,0.039839,A,A,0.052936,A,A,0.070773,A,A,0.076714,A,A,0.078579,A,A,0,A,,,,,,,,,,,,,,
2025-07-30,81890.82,66187.06,54559.25,0.041124,A,A,0.054171,A,A,0.072435,A,A,0.078782,A,A,0.080967,A,A,0,A,,,,,,,,,,,,,,
2025-07-31,82187.40,66141.56,54522.57,0.043061,A,A,0.056138,A,A,0.074866,A,A,0.081617,A,A,0.084153,A,A,0,A,,,,,,,,,,,,,,
2025-08-01,81779.34,66055.21,54440.85,0.036372,A,A,0.049226,A,A,0.068213,A,A,0.075240,A,A,0.078095,A,A,0,A,,,,,,,,,,,,,,
2025-08-04,81156.65,66968.61,55064.14,0.027081,A,A,0.039902,A,A,0.058911,A,A,0.066174,A,A,0.069321,A,A,0,A,,,,,,,,,,,,,,
2025-08-05,81734.29,67104.81,55248.78,0.032828,A,A,0.045997,A,A,0.065180,A,A,0.072763,A,A,0.076274,A,A,0,A,,,,,,,,,,,,,,
2025-08-06,81876.55,67114.23,55261.51,0.033027,A,A,0.046329,A,A,0.065707,A,A,0.073524,A,A,0.077434,A,A,0,A,,,,,,,,,,,,,,
2025-08-07,82808.74,67191.49,55387.53,0.042886,A,A,0.056506,A,A,0.076306,A,A,0.084476,A,A,0.088875,A,A,0,A,,,,,,,,,,,,,,
2025-08-08,82704.82,67079.46,55346.68,0.039827,A,A,0.053477,A,A,0.073529,A,A,0.081760,A,A,0.086682,A,A,0,A,,,,,,,,,,,,,,
2025-08-11,82508.81,67098.95,55334.99,0.035747,A,A,0.049457,A,A,0.069653,A,A,0.077913,A,A,0.083311,A,A,0,A,,,,,,,,,,,,,,
2025-08-12,82889.43,67251.99,55482.75,0.038656,A,A,0.052621,A,A,0.073238,A,A,0.081482,A,A,0.087384,A,A,0,A,,,,,,,,,,,,,,
2025-08-13,83058.25,67211.84,55502.43,0.038899,A,A,0.053003,A,A,0.074058,A,A,0.082267,A,A,0.088674,A,A,0,A,,,,,,,,,,,,,,
2025-08-14,83119.67,67440.33,55705.95,0.037906,A,A,0.052255,A,A,0.073528,A,A,0.081606,A,A,0.088541,A,A,0,A,,,,,,,,,,,,,,
2025-08-18,83434.66,67171.49,55521.93,0.040094,A,A,0.054699,A,A,0.076052,A,A,0.084237,A,A,0.091615,A,A,0,A,,,,,,,,,,,,,,
2025-08-19,83894.69,67037.87,55483.28,0.044005,A,A,0.058873,A,A,0.080281,A,A,0.088732,A,A,0.096545,A,A,0,A,,,,,,,,,,,,,,
2025-08-20,83509.16,67016.19,55426.06,0.037444,A,A,0.052536,A,A,0.073509,A,A,0.082307,A,A,0.090459,A,A,0,A,,,,,,,,,,,,,,
2025-08-21,83445.01,66849.31,55287.87,0.034833,A,A,0.050340,A,A,0.070870,A,A,0.080030,A,A,0.088638,A,A,0,A,,,,,,,,,,,,,,
2025-08-22,83515.04,66645.39,55137.73,0.033933,A,A,0.049747,A,A,0.070209,A,A,0.079524,A,A,0.088585,A,A,0,A,,,,,,,,,,,,,,
2025-08-25,84436.82,67321.99,55703.12,0.043283,A,A,0.059643,A,A,0.080201,A,A,0.089945,A,A,0.099524,A,A,0,A,,,,,,,,,,,,,,
2025-08-26,84343.35,67277.25,55675.51,0.040178,A,A,0.056785,A,A,0.077175,A,A,0.087296,A,A,0.097213,A,A,0,A,,,,,,,,,,,,,,
2025-08-27,84581.83,67413.23,55759.31,0.041132,A,A,0.057994,A,A,0.078419,A,A,0.088892,A,A,0.099147,A,A,0,A,,,,,,,,,,,,,,
2025-08-28,84920.68,67630.64,55932.05,0.043377,A,A,0.060376,A,A,0.080932,A,A,0.091696,A,A,0.102349,A,A,0,A,,,,,,,,,,,,,,
2025-08-29,85233.54,67670.64,56025.45,0.045267,A,A,0.062496,A,A,0.083051,A,A,0.094072,A,A,0.105136,A,A,0,A,,,,,,,,,,,,,,
2025-09-01,84978.92,67609.60,55931.13,0.040264,A,A,0.057538,A,A,0.078025,A,A,0.089276,A,A,0.100625,A,A,0,A,,,,,,,,,,,,,,
2025-09-02,85256.69,67734.71,56026.42,0.041765,A,A,0.059160,A,A,0.079585,A,A,0.091321,A,A,0.102981,A,A,0,A,,,,,,,,,,,,,,
2025-09-03,85059.93,67497.99,55816.36,0.037627,A,A,0.054936,A,A,0.075206,A,A,0.087357,A,A,0.099252,A,A,0,A,,,,,,,,,,,,,,
2025-09-04,85192.75,67911.90,56148.38,0.037562,A,A,0.054766,A,A,0.074971,A,A,0.087602,A,A,0.099738,A,A,0,A,,,,,,,,,,,,,,
2025-09-05,85738.58,68006.14,56298.34,0.042252,A,A,0.059669,A,A,0.079974,A,A,0.093081,A,A,0.105414,A,A,0,A,,,,,,,,,,,,,,
2025-09-08,86029.34,68669.64,56825.31,0.043763,A,A,0.061397,A,A,0.081735,A,A,0.095113,A,A,0.107733,A,A,0,A,,,,,,,,,,,,,,
2025-09-09,86211.13,68692.79,56853.16,0.043970,A,A,0.061639,A,A,0.082154,A,A,0.095657,A,A,0.108540,A,A,0,A,,,,,,,,,,,,,,
2025-09-10,86040.43,68538.44,56717.76,0.040031,A,A,0.057614,A,A,0.078314,A,A,0.091599,A,A,0.104869,A,A,0,A,,,,,,,,,,,,,,
2025-09-11,86114.17,68570.35,56767.02,0.039031,A,A,0.056673,A,A,0.077644,A,A,0.090620,A,A,0.104279,A,A,0,A,,,,,,,,,,,,,,
2025-09-12,86419.62,68828.10,56989.91,0.040866,A,A,0.058588,A,A,0.079716,A,A,0.092758,A,A,0.106630,A,A,0,A,,,,,,,,,,,,,,
2025-09-15,86078.01,68526.54,56752.61,0.035149,A,A,0.052693,A,A,0.073735,A,A,0.086675,A,A,0.100707,A,A,0,A,,,,,,,,,,,,,,
2025-09-16,86254.67,68583.97,56845.22,0.035664,A,A,0.053064,A,A,0.074202,A,A,0.087093,A,A,0.101429,A,A,0,A,,,,,,,,,,,,,,
2025-09-17,86182.07,68687.47,56914.31,0.033169,A,A,0.050357,A,A,0.071672,A,A,0.084437,A,A,0.099022,A,A,0,A,,,,,,,,,,,,,,
2025-09-22,86535.07,68571.18,56846.47,0.035869,A,A,0.052810,A,A,0.074331,A,A,0.087131,A,A,0.102000,A,A,0,A,,,,,,,,,,,,,,
2025-09-23,86598.07,68119.52,56540.03,0.034960,A,A,0.051708,A,A,0.073340,A,A,0.086164,A,A,0.101245,A,A,0,A,,,,,,,,,,,,,,
2025-09-24,86656.61,68177.31,56601.93,0.034118,A,A,0.050596,A,A,0.072462,A,A,0.085156,A,A,0.100461,A,A,0,A,,,,,,,,,,,,,,
2025-09-25,86382.24,67800.57,56307.34,0.029309,A,A,0.045534,A,A,0.067547,A,A,0.079913,A,A,0.095533,A,A,0,A,,,,,,,,,,,,,,
2025-09-26,86079.62,67687.38,56173.51,0.024237,A,A,0.040315,A,A,0.062343,A,A,0.074404,A,A,0.090320,A,A,0,A,,,,,,,,,,,,,,
2025-09-29,86322.37,67896.95,56308.01,0.025597,A,A,0.041688,A,A,0.063895,A,A,0.075668,A,A,0.091990,A,A,0,A,,,,,,,,,,,,,,
2025-09-30,86900.59,68123.26,56491.11,0.030787,A,A,0.046977,A,A,0.069533,A,A,0.081127,A,A,0.097803,A,A,0,A,,,,,,,,,,,,,,
2025-10-01,87128.29,68301.75,56612.46,0.031760,A,A,0.048029,A,A,0.070761,A,A,0.082209,A,A,0.099117,A,A,0,A,,,,,,,,,,,,,,
2025-10-02,87131.59,68450.71,56724.42,0.030202,A,A,0.046451,A,A,0.069222,A,A,0.080554,A,A,0.097661,A,A,0,A,,,,,,,,,,,,,,
2025-10-03,87356.02,68546.77,56786.53,0.031310,A,A,0.047543,A,A,0.070350,A,A,0.081727,A,A,0.099007,A,A,0,A,,,,,,,,,,,,,,
2025-10-06,87437.87,68272.05,56600.78,0.030776,A,A,0.046830,A,A,0.069685,A,A,0.081217,A,A,0.098581,A,A,0,A,,,,,,,,,,,,,,
2025-10-07,87367.43,68104.76,56500.46,0.028550,A,A,0.044323,A,A,0.067169,A,A,0.078745,A,A,0.096258,A,A,0,A,,,,,,,,,,,,,,
2025-10-08,87143.41,68384.28,56648.48,0.024475,A,A,0.040085,A,A,0.062914,A,A,0.074392,A,A,0.092076,A,A,0,A,,,,,,,,,,,,,,
2025-10-09,86626.35,68357.10,56617.34,0.016944,A,A,0.032513,A,A,0.055133,A,A,0.066510,A,A,0.084174,A,A,0,A,,,,,,,,,,,,,,
2025-10-10,86314.85,68409.75,56621.24,0.012077,A,A,0.027465,A,A,0.049923,A,A,0.061294,A,A,0.078836,A,A,0,A,,,,,,,,,,,,,,
2025-10-13,85583.30,68844.35,56781.32,0.002531,A,A,0.017660,A,A,0.039730,A,A,0.050981,A,A,0.068226,A,A,0,A,,,,,,,,,,,,,,
2025-10-14,86367.35,69071.18,57043.52,0.010779,A,A,0.025826,A,A,0.047831,A,A,0.059155,A,A,0.076436,A,A,0,A,,,,,,,,,,,,,,
2025-10-15,86686.44,68986.73,56999.83,0.013464,A,A,0.028424,A,A,0.050287,A,A,0.061718,A,A,0.078983,A,A,0,A,,,,,,,,,,,,,,
2025-10-16,87154.43,68963.16,57083.48,0.017707,A,A,0.032662,A,A,0.054506,A,A,0.066067,A,A,0.083251,A,A,0,A,,,,,,,,,,,,,,
2025-10-17,87000.15,69203.67,57261.05,0.014823,A,A,0.029687,A,A,0.051146,A,A,0.062823,A,A,0.079777,A,A,0,A,,,,,,,,,,,,,,
2025-10-20,87124.14,69174.60,57243.94,0.015200,A,A,0.029904,A,A,0.051157,A,A,0.063015,A,A,0.079794,A,A,0,A,,,,,,,,,,,,,,
2025-10-21,87455.59,69291.50,57411.38,0.017919,A,A,0.032599,A,A,0.053681,A,A,0.065731,A,A,0.082375,A,A,0,A,,,,,,,,,,,,,,
2025-10-22,87416.50,69439.18,57490.97,0.016417,A,A,0.030872,A,A,0.051798,A,A,0.063892,A,A,0.080369,A,A,0,A,,,,,,,,,,,,,,
2025-10-23,86911.59,69167.08,57255.08,0.009759,A,A,0.023741,A,A,0.044422,A,A,0.056449,A,A,0.072688,A,A,0,A,,,,,,,,,,,,,,
2025-10-24,86756.58,68894.83,57105.24,0.007114,A,A,0.020774,A,A,0.041252,A,A,0.053279,A,A,0.069266,A,A,0,A,,,,,,,,,,,,,,
2025-10-27,87180.80,68858.96,57139.51,0.011064,A,A,0.024550,A,A,0.044939,A,A,0.057062,A,A,0.072962,A,A,0,A,,,,,,,,,,,,,,
2025-10-28,87480.91,69001.99,57317.64,0.013509,A,A,0.026813,A,A,0.047118,A,A,0.059292,A,A,0.075084,A,A,0,A,,,,,,,,,,,,,,
2025-10-29,87658.98,68990.87,57340.69,0.014730,A,A,0.027693,A,A,0.047799,A,A,0.060098,A,A,0.075765,A,A,0,A,,,,,,,,,,,,,,
2025-10-30,87471.83,68696.12,57139.42,0.011749,A,A,0.024407,A,A,0.044181,A,A,0.056477,A,A,0.072007,A,A,0,A,,,,,,,,,,,,,,
2025-11-03,87406.75,68499.37,57005.73,0.010263,A,A,0.022613,A,A,0.042051,A,A,0.054350,A,A,0.069800,A,A,0,A,,,,,,,,,,,,,,
2025-11-04,87431.02,68473.90,57028.74,0.009892,A,A,0.021917,A,A,0.041063,A,A,0.053304,A,A,0.068780,A,A,0,A,,,,,,,,,,,,,,
2025-11-05,86954.83,68520.26,56942.15,0.003948,A,A,0.015392,A,A,0.034221,A,A,0.046289,A,A,0.061779,A,A,0,A,,,,,,,,,,,,,,
2025-11-06,87066.56,68280.12,56821.87,0.004700,A,A,0.015601,A,A,0.034358,A,A,0.046389,A,A,0.061877,A,A,0,A,,,,,,,,,,,,,,
2025-11-07,86863.21,68477.54,56933.84,0.001941,A,A,0.012283,A,A,0.030812,A,A,0.042759,A,A,0.058139,A,A,0,A,,,,,,,,,,,,,,
2025-11-10,87104.82,68434.51,56918.38,0.004202,A,A,0.014133,A,A,0.032563,A,A,0.044385,A,A,0.059800,A,A,0,A,,,,,,,,,,,,,,
2025-11-11,87623.25,68538.37,57100.75,0.009550,A,A,0.019277,A,A,0.037557,A,A,0.049279,A,A,0.064832,A,A,0,A,,,,,,,,,,,,,,
2025-11-12,87708.28,68703.81,57242.00,0.010020,A,A,0.019339,A,A,0.037348,A,A,0.049018,A,A,0.064548,A,A,0,A,,,,,,,,,,,,,,
2025-11-13,87668.62,68666.75,57245.53,0.009140,A,A,0.017924,A,A,0.035679,A,A,0.047317,A,A,0.062731,A,A,0,A,,,,,,,,,,,,,,
2025-11-14,86586.39,68571.10,57058.04,-0.003413,A,A,0.004684,A,A,0.021891,A,A,0.033331,A,A,0.048524,A,A,0,A,,,,,,,,,,,,,,
2025-11-17,86550.47,68724.72,57127.28,-0.003956,A,A,0.003632,A,A,0.020504,A,A,0.031824,A,A,0.047031,A,A,0,A,,,,,,,,,,,,,,
2025-11-18,85603.48,68951.47,57232.55,-0.014726,A,A,-0.007796,A,A,0.008510,A,A,0.019550,A,A,0.034625,A,A,0,A,,,,,,,,,,,,,,
2025-11-19,85577.00,69031.57,57195.55,-0.014818,A,A,-0.008487,A,A,0.007435,A,A,0.018280,A,A,0.033398,A,A,0,A,,,,,,,,,,,,,,
2025-11-20,85838.86,68938.99,57169.12,-0.011743,A,A,-0.005803,A,A,0.009785,A,A,0.020403,A,A,0.035656,A,A,0,A,,,,,,,,,,,,,,
2025-11-21,85625.02,69386.32,57438.44,-0.014046,A,A,-0.008660,A,A,0.006588,A,A,0.016927,A,A,0.032162,A,A,0,A,,,,,,,,,,,,,,
2025-11-24,85920.97,69413.00,57454.05,-0.010573,A,A,-0.005678,A,A,0.009325,A,A,0.019484,A,A,0.034779,A,A,0,A,,,,,,,,,,,,,,
2025-11-25,86680.95,69488.59,57601.91,-0.001858,A,A,0.002542,A,A,0.017496,A,A,0.027514,A,A,0.042888,A,A,0,A,,,,,,,,,,,,,,
2025-11-26,87281.18,69665.03,57785.50,0.004878,A,A,0.008966,A,A,0.023644,A,A,0.033591,A,A,0.048978,A,A,0,A,,,,,,,,,,,,,,
2025-11-27,87561.38,69626.46,57860.03,0.007871,A,A,0.011617,A,A,0.026059,A,A,0.035833,A,A,0.051183,A,A,0,A,,,,,,,,,,,,,,
2025-11-28,87535.68,69669.58,57894.43,0.007278,A,A,0.010781,A,A,0.024853,A,A,0.034482,A,A,0.049782,A,A,0,A,,,,,,,,,,,,,,
2025-12-01,87707.65,69574.33,57877.43,0.008836,A,A,0.012258,A,A,0.025928,A,A,0.035489,A,A,0.050705,A,A,0,A,,,,,,,,,,,,,,
2025-12-02,87400.86,69179.20,57573.33,0.005031,A,A,0.008323,A,A,0.021448,A,A,0.030916,A,A,0.045931,A,A,0,A,,,,,,,,,,,,,,
2025-12-03,87507.24,69380.21,57740.58,0.006098,A,A,0.009091,A,A,0.021792,A,A,0.031162,A,A,0.046098,A,A,0,A,,,,,,,,,,,,,,
2025-12-04,87314.83,69115.21,57581.39,0.003838,A,A,0.006499,A,A,0.018681,A,A,0.027918,A,A,0.042708,A,A,0,A,,,,,,,,,,,,,,
2025-12-05,87314.47,68941.24,57489.85,0.003787,A,A,0.006086,A,A,0.017875,A,A,0.026970,A,A,0.041655,A,A,0,A,,,,,,,,,,,,,,
2025-12-09,87185.35,68759.79,57329.26,0.002346,A,A,0.004238,A,A,0.015642,A,A,0.024552,A,A,0.039105,A,A,0,A,,,,,,,,,,,,,,
2025-12-10,87321.56,68519.51,57157.24,0.003942,A,A,0.005520,A,A,0.016514,A,A,0.025236,A,A,0.039658,A,A,0,A,,,,,,,,,,,,,,
2025-12-11,87670.55,68861.68,57423.62,0.007876,A,A,0.009241,A,A,0.019854,A,A,0.028427,A,A,0.042721,A,A,0,A,,,,,,,,,,,,,,
2025-12-12,87447.31,68850.18,57427.40,0.005232,A,A,0.006447,A,A,0.016512,A,A,0.024990,A,A,0.039043,A,A,0,A,,,,,,,,,,,,,,
2025-12-15,87170.98,68888.57,57429.03,0.001916,A,A,0.003063,A,A,0.012513,A,A,0.020984,A,A,0.034805,A,A,0,A,,,,,,,,,,,,,,
2025-12-16,86929.01,68756.72,57322.81,-0.001022,A,A,0.000132,A,A,0.009026,A,A,0.017396,A,A,0.031025,A,A,0,A,,,,,,,,,,,,,,
2025-12-17,86463.27,68836.23,57301.71,-0.006597,A,A,-0.005234,A,A,0.003027,A,A,0.011328,A,A,0.024623,A,A,0,A,,,,,,,,,,,,,,
2025-12-18,86459.30,69021.89,57357.98,-0.006666,A,A,-0.005348,A,A,0.002509,A,A,0.010617,A,A,0.023675,A,A,0,A,,,,,,,,,,,,,,
2025-12-19,86521.28,69010.68,57382.55,-0.005912,A,A,-0.004683,A,A,0.002735,A,A,0.010725,A,A,0.023523,A,A,0,A,,,,,,,,,,,,,,
2025-12-22,86702.38,68906.78,57388.72,-0.003717,A,A,-0.002693,A,A,0.004291,A,A,0.012171,A,A,0.024756,A,A,0,A,,,,,,,,,,,,,,
2025-12-23,87058.99,68950.57,57458.41,0.000366,A,A,0.001315,A,A,0.007881,A,A,0.015613,A,A,0.028050,A,A,0,A,,,,,,,,,,,,,,
2025-12-24,87009.64,68858.87,57414.89,-0.000172,A,A,0.000673,A,A,0.006798,A,A,0.014325,A,A,0.026564,A,A,0,A,,,,,,,,,,,,,,
2025-12-26,87086.20,69062.68,57542.79,0.000802,A,A,0.001477,A,A,0.007170,A,A,0.014502,A,A,0.026610,A,A,0,A,,,,,,,,,,,,,,
2025-12-29,87278.28,69287.20,57718.00,0.003045,A,A,0.003524,A,A,0.008893,A,A,0.016006,A,A,0.028019,A,A,0,A,,,,,,,,,,,,,,
2025-12-30,87781.10,69259.34,57740.28,0.008600,A,A,0.008997,A,A,0.014199,A,A,0.021119,A,A,0.033031,A,A,0,A,,,,,,,,,,,,,,
2025-12-31,87888.82,69449.78,57864.00,0.009546,A,A,0.009951,A,A,0.014873,A,A,0.021666,A,A,0.033398,A,A,0,A,,,,,,,,,,,,,,
2026-01-02,87298.38,69293.70,57707.12,0.002734,A,A,0.003094,A,A,0.007557,A,A,0.014196,A,A,0.025652,A,A,0,A,,,,,,,,,,,,,,
2026-01-05,87347.55,69333.72,57741.75,0.003332,A,A,0.003620,A,A,0.007630,A,A,0.014188,A,A,0.025451,A,A,0,A,,,,,,,,,,,,,,
2026-01-06,88505.27,69377.67,57910.21,0.016411,A,A,0.016671,A,A,0.020453,A,A,0.026866,A,A,0.038103,A,A,0,A,,,,,,,,,,,,,,
2026-01-07,88904.92,69520.48,58129.52,0.020628,A,A,0.020978,A,A,0.024462,A,A,0.030621,A,A,0.041816,A,A,0,A,,,,,,,,,,,,,,
2026-01-08,88452.24,69424.72,58029.35,0.015160,A,A,0.015595,A,A,0.018741,A,A,0.024613,A,A,0.035612,A,A,0,A,,,,,,,,,,,,,,
2026-01-09,88502.46,69264.51,57909.74,0.015459,A,A,0.015965,A,A,0.018852,A,A,0.024446,A,A,0.035319,A,A,0,A,,,,,,,,,,,,,,
2026-01-12,88774.17,69212.03,57935.93,0.018104,A,A,0.018786,A,A,0.021518,A,A,0.026916,A,A,0.037589,A,A,0,A,,,,,,,,,,,,,,
2026-01-13,88326.77,69072.82,57849.69,0.012648,A,A,0.013342,A,A,0.015935,A,A,0.021108,A,A,0.031543,A,A,0,A,,,,,,,,,,,,,,
2026-01-14,88454.44,69290.35,58040.58,0.013701,A,A,0.014418,A,A,0.016987,A,A,0.021915,A,A,0.032253,A,A,0,A,,,,,,,,,,,,,,
2026-01-15,88426.96,69400.77,58128.44,0.013045,A,A,0.013586,A,A,0.016234,A,A,0.020975,A,A,0.031170,A,A,0,A,,,,,,,,,,,,,,
2026-01-16,88752.80,69290.81,58080.54,0.016485,A,A,0.016887,A,A,0.019516,A,A,0.024096,A,A,0.034159,A,A,0,A,,,,,,,,,,,,,,
2026-01-19,88726.41,69152.39,57964.80,0.015920,A,A,0.016213,A,A,0.018824,A,A,0.023161,A,A,0.033112,A,A,0,A,,,,,,,,,,,,,,
2026-01-20,88889.00,69047.84,57922.48,0.017466,A,A,0.017760,A,A,0.020319,A,A,0.024423,A,A,0.034209,A,A,0,A,,,,,,,,,,,,,,
2026-01-21,88277.93,68937.32,57784.38,0.010036,A,A,0.010532,A,A,0.013037,A,A,0.016891,A,A,0.026414,A,A,0,A,,,,,,,,,,,,,,
2026-01-22,88370.31,68989.88,57885.61,0.010626,A,A,0.011364,A,A,0.013796,A,A,0.017413,A,A,0.026767,A,A,0,A,,,,,,,,,,,,,,
2026-01-23,88595.57,68988.16,57963.50,0.012432,A,A,0.013735,A,A,0.016059,A,A,0.019430,A,A,0.028633,A,A,0,A,,,,,,,,,,,,,,
2026-01-26,88741.82,69143.06,58125.77,0.013289,A,A,0.015168,A,A,0.017435,A,A,0.020529,A,A,0.029566,A,A,0,A,,,,,,,,,,,,,,
2026-01-27,88397.74,69018.57,58050.17,0.008705,A,A,0.010964,A,A,0.013191,A,A,0.016131,A,A,0.024851,A,A,0,A,,,,,,,,,,,,,,
2026-01-28,89058.92,68824.51,58063.68,0.015366,A,A,0.018106,A,A,0.020405,A,A,0.023203,A,A,0.031730,A,A,0,A,,,,,,,,,,,,,,
2026-01-29,88964.32,68726.84,58006.22,0.013506,A,A,0.016701,A,A,0.018960,A,A,0.021626,A,A,0.029903,A,A,0,A,,,,,,,,,,,,,,
2026-01-30,88956.12,69016.58,58155.42,0.012829,A,A,0.016340,A,A,0.018552,A,A,0.021081,A,A,0.029117,A,A,0,A,,,,,,,,,,,,,,
2026-02-02,88942.77,69155.35,58188.00,0.012251,A,A,0.015954,A,A,0.018096,A,A,0.020514,A,A,0.028297,A,A,0,A,,,,,,,,,,,,,,
2026-02-03,88889.37,68861.97,57991.96,0.011304,A,A,0.015087,A,A,0.017196,A,A,0.019466,A,A,0.027048,A,A,0,A,,,,,,,,,,,,,,
2026-02-04,88976.75,68871.67,58071.29,0.011929,A,A,0.015801,A,A,0.017860,A,A,0.020054,A,A,0.027379,A,A,0,A,,,,,,,,,,,,,,
2026-02-05,88415.92,68895.34,57980.30,0.005371,A,A,0.009221,A,A,0.011144,A,A,0.013253,A,A,0.020225,A,A,0,A,,,,,,,,,,,,,,
2026-02-06,88420.35,69395.89,58256.51,0.005163,A,A,0.009008,A,A,0.010925,A,A,0.012947,A,A,0.019652,A,A,0,A,,,,,,,,,,,,,,
2026-02-09,88711.36,69283.28,58251.49,0.008164,A,A,0.012032,A,A,0.014019,A,A,0.015951,A,A,0.022368,A,A,0,A,,,,,,,,,,,,,,
2026-02-10,89104.16,69454.30,58460.70,0.012171,A,A,0.016107,A,A,0.018253,A,A,0.020107,A,A,0.026304,A,A,0,A,,,,,,,,,,,,,,
2026-02-11,89135.49,69653.27,58585.54,0.012061,A,A,0.016096,A,A,0.018352,A,A,0.020141,A,A,0.026062,A,A,0,A,,,,,,,,,,,,,,
2026-02-12,89451.06,69585.00,58604.74,0.015064,A,A,0.019362,A,A,0.021686,A,A,0.023372,A,A,0.029042,A,A,0,A,,,,,,,,,,,,,,
2026-02-13,89105.83,69877.70,58762.09,0.010692,A,A,0.015175,A,A,0.017527,A,A,0.019090,A,A,0.024489,A,A,0,A,,,,,,,,,,,,,,
2026-02-16,89502.51,70219.56,58981.85,0.014723,A,A,0.019362,A,A,0.021780,A,A,0.023283,A,A,0.028445,A,A,0,A,,,,,,,,,,,,,,
2026-02-17,89511.54,70303.85,59030.21,0.014298,A,A,0.018934,A,A,0.021576,A,A,0.023004,A,A,0.027949,A,A,0,A,,,,,,,,,,,,,,
2026-02-18,89713.09,70100.03,58901.65,0.015931,A,A,0.020654,A,A,0.023476,A,A,0.024922,A,A,0.029675,A,A,0,A,,,,,,,,,,,,,,
2026-02-19,89651.53,69991.03,58855.19,0.014539,A,A,0.019221,A,A,0.022341,A,A,0.023832,A,A,0.028429,A,A,0,A,,,,,,,,,,,,,,
2026-02-20,89863.17,70000.53,58882.16,0.016065,A,A,0.020849,A,A,0.024199,A,A,0.025878,A,A,0.030261,A,A,0,A,,,,,,,,,,,,,,
2026-02-23,90322.78,70120.84,59017.98,0.020271,A,A,0.025255,A,A,0.028922,A,A,0.030707,A,A,0.034882,A,A,0,A,,,,,,,,,,,,,,
2026-02-24,90293.20,70358.32,59180.14,0.018972,A,A,0.024071,A,A,0.028116,A,A,0.029962,A,A,0.033906,A,A,0,A,,,,,,,,,,,,,,
2026-02-25,90695.48,70312.55,59234.67,0.022488,A,A,0.027764,A,A,0.032234,A,A,0.034067,A,A,0.037922,A,A,0,A,,,,,,,,,,,,,,
2026-02-26,90797.33,70255.46,59256.92,0.022679,A,A,0.028169,A,A,0.032897,A,A,0.034698,A,A,0.038479,A,A,0,A,,,,,,,,,,,,,,
2026-02-27,91060.33,70607.77,59466.42,0.024602,A,A,0.030458,A,A,0.035374,A,A,0.037162,A,A,0.040875,A,A,0,A,,,,,,,,,,,,,,
2026-03-02,91493.86,70995.57,59713.44,0.028347,A,A,0.034644,A,A,0.039773,A,A,0.041580,A,A,0.045207,A,A,0,A,,,,,,,,,,,,,,
2026-03-03,91263.42,70223.05,59122.96,0.024737,A,A,0.031359,A,A,0.036651,A,A,0.038492,A,A,0.042005,A,A,0,A,,,,,,,,,,,,,,
2026-03-04,90700.26,70234.48,58844.99,0.017672,A,A,0.024453,A,A,0.029761,A,A,0.031684,A,A,0.035039,A,A,0,A,,,,,,,,,,,,,,
2026-03-05,90135.87,70218.85,58863.58,0.010773,A,A,0.017588,A,A,0.022917,A,A,0.024956,A,A,0.028144,A,A,0,A,,,,,,,,,,,,,,
2026-03-06,90392.76,70128.71,58778.34,0.012873,A,A,0.019969,A,A,0.025417,A,A,0.027548,A,A,0.030576,A,A,0,A,,,,,,,,,,,,,,
2026-03-09,90606.34,70368.95,58889.79,0.014443,A,A,0.021786,A,A,0.027436,A,A,0.029615,A,A,0.032506,A,A,0,A,,,,,,,,,,,,,,
2026-03-10,90223.25,70675.04,59050.50,0.009722,A,A,0.016944,A,A,0.022761,A,A,0.024920,A,A,0.027723,A,A,0,A,,,,,,,,,,,,,,
2026-03-11,89743.36,70505.47,59015.29,0.004142,A,A,0.011080,A,A,0.017030,A,A,0.019125,A,A,0.021914,A,A,0,A,,,,,,,,,,,,,,
2026-03-12,89604.87,70295.17,58863.63,0.002306,A,A,0.009114,A,A,0.015180,A,A,0.017190,A,A,0.020024,A,A,0,A,,,,,,,,,,,,,,
2026-03-13,89043.40,69984.29,58500.74,-0.004109,A,A,0.002548,A,A,0.008614,A,A,0.010439,A,A,0.013357,A,A,0,A,,,,,,,,,,,,,,
2026-03-16,89042.81,69965.90,58454.48,-0.004182,A,A,0.002260,A,A,0.008342,A,A,0.010140,A,A,0.013083,A,A,0,A,,,,,,,,,,,,,,
2026-03-17,89565.58,69985.20,58573.08,0.001356,A,A,0.007720,A,A,0.013943,A,A,0.015754,A,A,0.018741,A,A,0,A,,,,,,,,,,,,,,
2026-03-18,89932.21,70183.27,58770.78,0.005086,A,A,0.011311,A,A,0.017701,A,A,0.019606,A,A,0.022555,A,A,0,A,,,,,,,,,,,,,,
2026-03-19,89729.80,69638.67,58406.70,0.002500,A,A,0.008456,A,A,0.015075,A,A,0.017012,A,A,0.019934,A,A,0,A,,,,,,,,,,,,,,
2026-03-20,89372.23,69226.94,58049.83,-0.001649,A,A,0.003924,A,A,0.010808,A,A,0.012713,A,A,0.015578,A,A,0,A,,,,,,,,,,,,,,
2026-03-23,88354.05,68871.31,57664.75,-0.012931,A,A,-0.007832,A,A,-0.000789,A,A,0.001079,A,A,0.003843,A,A,0,A,,,,,,,,,,,,,,
2026-03-24,88233.94,68924.62,57710.80,-0.014113,A,A,-0.009447,A,A,-0.002218,A,A,-0.000370,A,A,0.002330,A,A,0,A,,,,,,,,,,,,,,
2026-03-25,88133.73,69269.81,57889.68,-0.015197,A,A,-0.010759,A,A,-0.003545,A,A,-0.001637,A,A,0.001059,A,A,0,A,,,,,,,,,,,,,,
2026-03-26,88748.53,69228.40,57979.56,-0.008421,A,A,-0.004162,A,A,0.003129,A,A,0.005111,A,A,0.007827,A,A,0,A,,,,,,,,,,,,,,
2026-03-27,88297.02,68984.88,57714.51,-0.013392,A,A,-0.009438,A,A,-0.002312,A,A,-0.000123,A,A,0.002499,A,A,0,A,,,,,,,,,,,,,,
2026-03-30,88249.35,69560.03,58042.58,-0.013804,A,A,-0.010142,A,A,-0.003185,A,A,-0.000745,A,A,0.001784,A,A,0,A,,,,,,,,,,,,,,
2026-03-31,88302.13,70067.66,58341.18,-0.013191,A,A,-0.009640,A,A,-0.002897,A,A,-0.000217,A,A,0.002256,A,A,0,A,,,,,,,,,,,,,,
2026-04-01,89157.03,70233.89,58567.15,-0.003661,A,A,-0.000274,A,A,0.006311,A,A,0.009279,A,A,0.011775,A,A,0,A,,,,,,,,,,,,,,
2026-04-02,89560.52,70010.03,58603.57,0.000699,A,A,0.003852,A,A,0.010404,A,A,0.013611,A,A,0.016132,A,A,0,A,,,,,,,,,,,,,,
2026-04-06,89571.49,70001.67,58573.55,0.000669,A,A,0.003585,A,A,0.010161,A,A,0.013502,A,A,0.016053,A,A,0,A,,,,,,,,,,,,,,
2026-04-07,89221.03,70097.76,58605.78,-0.003315,A,A,-0.000467,A,A,0.005964,A,A,0.009290,A,A,0.011915,A,A,0,A,,,,,,,,,,,,,,
2026-04-08,90323.18,70598.05,59022.81,0.008638,A,A,0.011629,A,A,0.018039,A,A,0.021399,A,A,0.024143,A,A,0,A,,,,,,,,,,,,,,
2026-04-09,90742.58,70609.34,59234.61,0.012878,A,A,0.015919,A,A,0.022355,A,A,0.025713,A,A,0.028565,A,A,0,A,,,,,,,,,,,,,,
2026-04-10,90868.08,70671.62,59292.71,0.013662,A,A,0.016903,A,A,0.023364,A,A,0.026716,A,A,0.029595,A,A,0,A,,,,,,,,,,,,,,
2026-04-13,91027.93,70603.62,59339.02,0.014789,A,A,0.018291,A,A,0.024700,A,A,0.028145,A,A,0.030969,A,A,0,A,,,,,,,,,,,,,,
2026-04-14,92117.21,70812.93,59602.92,0.026067,A,A,0.029794,A,A,0.036364,A,A,0.039955,A,A,0.042694,A,A,0,A,,,,,,,,,,,,,,
2026-04-15,92379.27,71007.02,59848.89,0.028152,A,A,0.032016,A,A,0.038655,A,A,0.042386,A,A,0.045096,A,A,0,A,,,,,,,,,,,,,,
2026-04-16,92574.80,71181.47,59970.16,0.029453,A,A,0.033452,A,A,0.040170,A,A,0.043920,A,A,0.046755,A,A,0,A,,,,,,,,,,,,,,
2026-04-17,93082.39,71225.72,60069.08,0.034169,A,A,0.038334,A,A,0.045104,A,A,0.048908,A,A,0.051934,A,A,0,A,,,,,,,,,,,,,,
2026-04-20,93031.67,71011.27,59994.22,0.032605,A,A,0.036990,A,A,0.043791,A,A,0.047502,A,A,0.050793,A,A,0,A,,,,,,,,,,,,,,
2026-04-21,93125.83,70832.35,59866.61,0.032727,A,A,0.037274,A,A,0.044137,A,A,0.047714,A,A,0.051291,A,A,0,A,,,,,,,,,,,,,,
2026-04-22,93151.67,70590.22,59680.52,0.032088,A,A,0.036683,A,A,0.043685,A,A,0.047184,A,A,0.051046,A,A,0,A,,,,,,,,,,,,,,
2026-04-23,93283.05,70486.43,59606.89,0.032636,A,A,0.037259,A,A,0.044362,A,A,0.047802,A,A,0.051976,A,A,0,A,,,,,,,,,,,,,,
2026-04-24,92957.18,70204.32,59346.28,0.028192,A,A,0.032853,A,A,0.039934,A,A,0.043356,A,A,0.047734,A,A,0,A,,,,,,,,,,,,,,
2026-04-27,93743.27,70339.44,59550.59,0.035899,A,A,0.040683,A,A,0.047780,A,A,0.051386,A,A,0.055934,A,A,0,A,,,,,,,,,,,,,,
2026-04-28,93608.01,70026.69,59336.26,0.033571,A,A,0.038244,A,A,0.045340,A,A,0.049160,A,A,0.053805,A,A,0,A,,,,,,,,,,,,,,
2026-04-29,93190.89,69744.63,59068.15,0.028234,A,A,0.032877,A,A,0.039822,A,A,0.043857,A,A,0.048574,A,A,0,A,,,,,,,,,,,,,,
2026-04-30,93328.17,69722.69,59005.61,0.029085,A,A,0.033618,A,A,0.040499,A,A,0.044749,A,A,0.049588,A,A,0,A,,,,,,,,,,,,,,
2026-05-04,94130.76,69738.87,59147.70,0.037087,A,A,0.041574,A,A,0.048528,A,A,0.053013,A,A,0.057985,A,A,0,A,,,,,,,,,,,,,,
2026-05-05,94486.38,69488.82,59002.42,0.040133,A,A,0.044508,A,A,0.051516,A,A,0.056194,A,A,0.061312,A,A,0,A,,,,,,,,,,,,,,
2026-05-06,95041.32,69630.90,59208.80,0.045335,A,A,0.049527,A,A,0.056653,A,A,0.061545,A,A,0.066821,A,A,0,A,,,,,,,,,,,,,,
2026-05-07,95544.12,69827.73,59484.50,0.049766,A,A,0.053885,A,A,0.061159,A,A,0.066228,A,A,0.071645,A,A,0,A,,,,,,,,,,,,,,
2026-05-08,94891.11,69440.96,59185.30,0.041526,A,A,0.045516,A,A,0.052983,A,A,0.058089,A,A,0.063580,A,A,0,A,,,,,,,,,,,,,,
2026-05-11,95390.71,69625.45,59346.96,0.045669,A,A,0.049761,A,A,0.057548,A,A,0.062734,A,A,0.068369,A,A,0,A,,,,,,,,,,,,,,
2026-05-12,95528.88,69291.53,59162.69,0.045875,A,A,0.050050,A,A,0.058008,A,A,0.063347,A,A,0.069116,A,A,0,A,,,,,,,,,,,,,,
2026-05-13,95184.98,69223.01,58986.85,0.040951,A,A,0.045178,A,A,0.053183,A,A,0.058676,A,A,0.064552,A,A,0,A,,,,,,,,,,,,,,
2026-05-14,94677.34,69332.56,59023.21,0.034279,A,A,0.038617,A,A,0.046772,A,A,0.052224,A,A,0.058220,A,A,0,A,,,,,,,,,,,,,,
2026-05-15,94505.22,68691.99,58606.69,0.031207,A,A,0.035831,A,A,0.044151,A,A,0.049496,A,A,0.055656,A,A,0,A,,,,,,,,,,,,,,
2026-05-18,94201.49,68379.61,58266.71,0.026748,A,A,0.031602,A,A,0.040061,A,A,0.045319,A,A,0.051554,A,A,0,A,,,,,,,,,,,,,,
2026-05-19,93732.49,68235.33,58106.51,0.020478,A,A,0.025723,A,A,0.034219,A,A,0.039316,A,A,0.045653,A,A,0,A,,,,,,,,,,,,,,
2026-05-20,93425.15,67749.88,57738.81,0.016054,A,A,0.021677,A,A,0.030240,A,A,0.035147,A,A,0.041503,A,A,0,A,,,,,,,,,,,,,,
2026-05-22,94602.08,68309.33,58336.46,0.027603,A,A,0.033684,A,A,0.042418,A,A,0.047294,A,A,0.053782,A,A,0,A,,,,,,,,,,,,,,
2026-05-25,95011.21,68384.65,58440.63,0.030784,A,A,0.037205,A,A,0.046086,A,A,0.050903,A,A,0.057482,A,A,0,A,,,,,,,,,,,,,,
2026-05-26,95190.05,68885.54,58823.79,0.031366,A,A,0.038214,A,A,0.047189,A,A,0.051980,A,A,0.058578,A,A,0,A,,,,,,,,,,,,,,
2026-05-27,96212.66,68807.40,58940.49,0.040732,A,A,0.048315,A,A,0.057474,A,A,0.062252,A,A,0.068979,A,A,0,A,,,,,,,,,,,,,,
2026-05-28,96193.02,68668.89,58869.97,0.038563,A,A,0.047049,A,A,0.056295,A,A,0.061019,A,A,0.067865,A,A,0,A,,,,,,,,,,,,,,
2026-05-29,96350.84,68793.13,59004.55,0.038245,A,A,0.047759,A,A,0.057066,A,A,0.061748,A,A,0.068763,A,A,0,A,,,,,,,,,,,,,,
2026-06-01,96278.80,68855.50,59055.97,0.035449,A,A,0.046002,A,A,0.055246,A,A,0.060009,A,A,0.067145,A,A,0,A,,,,,,,,,,,,,,
2026-06-02,96587.50,68968.87,59189.88,0.036826,A,A,0.048372,A,A,0.057571,A,A,0.062439,A,A,0.069715,A,A,0,A,,,,,,,,,,,,,,
2026-06-03,96256.33,68506.52,58856.73,0.031313,A,A,0.043934,A,A,0.052964,A,A,0.057803,A,A,0.065247,A,A,0,A,,,,,,,,,,,,,,
2026-06-04,96198.91,68623.58,58879.32,0.028751,A,A,0.042440,A,A,0.051383,A,A,0.056194,A,A,0.063789,A,A,0,A,,,,,,,,,,,,,,
2026-06-05,95732.97,68221.44,58552.97,0.021963,A,A,0.036507,A,A,0.045359,A,A,0.050284,A,A,0.057873,A,A,0,A,,,,,,,,,,,,,,
2026-06-08,94941.69,68057.55,58190.17,0.012127,A,A,0.027105,A,A,0.035979,A,A,0.040947,A,A,0.048428,A,A,0,A,,,,,,,,,,,,,,
2026-06-09,95353.63,67987.65,58210.32,0.015126,A,A,0.030697,A,A,0.039669,A,A,0.044710,A,A,0.052236,A,A,0,A,,,,,,,,,,,,,,
2026-06-10,95793.12,68103.47,58333.26,0.018306,A,A,0.034542,A,A,0.043596,A,A,0.048728,A,A,0.056289,A,A,0,A,,,,,,,,,,,,,,
2026-06-11,94832.07,67974.03,58126.45,0.006755,A,A,0.023367,A,A,0.032391,A,A,0.037551,A,A,0.045005,A,A,0,A,,,,,,,,,,,,,,
2026-06-12,95864.21,68341.48,58551.39,0.016384,A,A,0.033438,A,A,0.042747,A,A,0.048020,A,A,0.055622,A,A,0,A,,,,,,,,,,,,,,
2026-06-15,96492.01,68697.65,58920.61,0.021656,A,A,0.039001,A,A,0.048624,A,A,0.054002,A,A,0.061696,A,A,0,A,,,,,,,,,,,,,,
2026-06-16,97181.62,68973.22,59258.04,0.027431,A,A,0.044995,A,A,0.055001,A,A,0.060568,A,A,0.068350,A,A,0,A,,,,,,,,,,,,,,
2026-06-17,96643.92,69081.87,59247.89,0.020400,A,A,0.037888,A,A,0.048124,A,A,0.053836,A,A,0.061539,A,A,0,A,,,,,,,,,,,,,,
2026-06-18,96053.53,68864.25,59103.34,0.013231,A,A,0.030426,A,A,0.040800,A,A,0.046602,A,A,0.054173,A,A,0,A,,,,,,,,,,,,,,
2026-06-19,97475.15,68724.20,59206.03,0.027000,A,A,0.044356,A,A,0.055141,A,A,0.061146,A,A,0.068749,A,A,0,A,,,,,,,,,,,,,,
2026-06-22,97711.12,68560.05,59099.92,0.028250,A,A,0.045487,A,A,0.056606,A,A,0.062676,A,A,0.070294,A,A,0,A,,,,,,,,,,,,,,
2026-06-23,98372.08,68620.98,59216.36,0.033926,A,A,0.050978,A,A,0.062614,A,A,0.068757,A,A,0.076442,A,A,0,A,,,,,,,,,,,,,,
2026-06-24,97835.78,68802.49,59129.54,0.027137,A,A,0.043597,A,A,0.055715,A,A,0.061915,A,A,0.069573,A,A,0,A,,,,,,,,,,,,,,
2026-06-25,98279.36,69351.99,59467.37,0.030555,A,A,0.046576,A,A,0.059387,A,A,0.065679,A,A,0.073373,A,A,0,A,,,,,,,,,,,,,,
2026-06-26,98169.21,69438.87,59530.35,0.028198,A,A,0.043660,A,A,0.057103,A,A,0.063412,A,A,0.071141,A,A,0,A,,,,,,,,,,,,,,
2026-06-30,98691.87,69435.31,59589.77,0.032372,A,A,0.047487,A,A,0.061591,A,A,0.068012,A,A,0.075780,A,A,0,A,,,,,,,,,,,,,,
2026-07-01,98936.88,68822.02,59298.07,0.033499,A,A,0.048237,A,A,0.063046,A,A,0.069564,A,A,0.077411,A,A,0,A,,,,,,,,,,,,,,
2026-07-02,99065.89,69023.47,59350.54,0.033569,A,A,0.047728,A,A,0.063264,A,A,0.069845,A,A,0.077775,A,A,0,A,,,,,,,,,,,,,,
2026-07-03,98218.21,68897.45,59172.70,0.023631,A,A,0.037064,A,A,0.053175,A,A,0.059680,A,A,0.067546,A,A,0,A,,,,,,,,,,,,,,
2026-07-06,98577.91,69064.36,59334.58,0.026100,A,A,0.039246,A,A,0.055989,A,A,0.062503,A,A,0.070419,A,A,0,A,,,,,,,,,,,,,,
2026-07-07,99111.26,69036.88,59426.43,0.030273,A,A,0.043228,A,A,0.060640,A,A,0.067141,A,A,0.075227,A,A,0,A,,,,,,,,,,,,,,
2026-07-08,98208.56,68585.40,59002.27,0.019929,A,A,0.032260,A,A,0.050055,A,A,0.056361,A,A,0.064581,A,A,0,A,,,,,,,,,,,,,,
2026-07-09,98242.54,68511.63,58956.48,0.019398,A,A,0.031089,A,A,0.049523,A,A,0.055665,A,A,0.064054,A,A,0,A,,,,,,,,,,,,,,
2026-07-10,98833.58,68601.28,59095.81,0.024635,A,A,0.035847,A,A,0.054918,A,A,0.060917,A,A,0.069505,A,A,0,A,,,,,,,,,,,,,,
2026-07-13,98503.45,68396.11,58950.04,0.020517,A,A,0.031077,A,A,0.050492,A,A,0.056358,A,A,0.065043,A,A,0,A,,,,,,,,,,,,,,
2026-07-14,97786.08,68266.87,58724.36,0.012410,A,A,0.022411,A,A,0.041967,A,A,0.047739,A,A,0.056429,A,A,0,A,,,,,,,,,,,,,,
2026-07-15,98067.79,68256.62,58761.61,0.014701,A,A,0.024178,A,A,0.043988,A,A,0.049834,A,A,0.058600,A,A,0,A,,,,,,,,,,,,,,
2026-07-17,97341.12,68392.63,58699.20,0.006763,A,A,0.015723,A,A,0.035401,A,A,0.041181,A,A,0.049954,A,A,0,A,,,,,,,,,,,,,,
2026-07-20,97026.07,68278.28,58544.82,0.003080,A,A,0.011669,A,A,0.031268,A,A,0.037016,A,A,0.045815,A,A,0,A,,,,,,,,,,,,,,
2026-07-21,96919.94,68069.00,58380.34,0.001467,A,A,0.009848,A,A,0.029325,A,A,0.035101,A,A,0.043939,A,A,0,A,,,,,,,,,,,,,,
2026-07-22,97649.40,67515.74,58176.45,0.008277,A,A,0.016693,A,A,0.036106,A,A,0.042051,A,A,0.051009,A,A,0,A,,,,,,,,,,,,,,
2026-07-23,97814.15,67157.75,57989.46,0.009141,A,A,0.017616,A,A,0.036851,A,A,0.042944,A,A,0.051926,A,A,0,A,,,,,,,,,,,,,,
2026-07-24,98161.61,67219.01,57988.96,0.011699,A,A,0.020396,A,A,0.039417,A,A,0.045767,A,A,0.054781,A,A,0,A,,,,,,,,,,,,,,
2026-07-27,97927.15,67414.25,58054.41,0.008242,A,A,0.017170,A,A,0.035852,A,A,0.042465,A,A,0.051425,A,A,0,A,,,,,,,,,,,,,,
2026-07-28,97599.45,67506.95,58067.04,0.004180,A,A,0.013056,A,A,0.031412,A,A,0.038208,A,A,0.047116,A,A,0,A,,,,,,,,,,,,,,
2026-07-29,96404.51,67530.14,57927.25,-0.008430,A,A,0.000094,A,A,0.018010,A,A,0.024904,A,A,0.033591,A,A,0,A,,,,,,,,,,,,,,
2026-07-30,95559.55,67353.57,57690.14,-0.017204,A,A,-0.008964,A,A,0.008398,A,A,0.015431,A,A,0.023966,A,A,0,A,,,,,,,,,,,,,,
2026-07-31,96003.55,67284.27,57794.83,-0.012591,A,A,-0.004745,A,A,0.012296,A,A,0.019639,A,A,0.028108,A,A,0,A,,,,,,,,,,,,,,
2026-08-03,96771.96,67230.88,57802.89,-0.004819,A,A,0.002639,A,A,0.019393,A,A,0.027252,A,A,0.035649,A,A,0,A,,,,,,,,,,,,,,
2026-08-04,97102.98,67306.85,57936.46,-0.001587,A,A,0.005454,A,A,0.021819,A,A,0.030157,A,A,0.038472,A,A,0,A,,,,,,,,,,,,,,
2026-08-05,97760.49,67502.30,58251.57,0.004834,A,A,0.011668,A,A,0.027582,A,A,0.036394,A,A,0.044717,A,A,0,A,,,,,,,,,,,,,,
2026-08-06,97847.15,67509.29,58291.26,0.005435,A,A,0.012015,A,A,0.027401,A,A,0.036505,A,A,0.044857,A,A,0,A,,,,,,,,,,,,,,
2026-08-07,97951.65,67681.90,58444.53,0.006119,A,A,0.012620,A,A,0.027341,A,A,0.036822,A,A,0.045128,A,A,0,A,,,,,,,,,,,,,,
2026-08-10,98010.10,67735.64,58462.96,0.006304,A,A,0.012821,A,A,0.026786,A,A,0.036667,A,A,0.044903,A,A,0,A,,,,,,,,,,,,,,
2026-08-11,98196.87,67556.90,58353.85,0.007655,A,A,0.014209,A,A,0.027559,A,A,0.037808,A,A,0.046055,A,A,0,A,,,,,,,,,,,,,,
2026-08-12,97914.85,67633.01,58389.50,0.004080,A,A,0.010885,A,A,0.023566,A,A,0.033977,A,A,0.042274,A,A,0,A,,,,,,,,,,,,,,
2026-08-13,98122.69,67698.82,58475.13,0.005577,A,A,0.012607,A,A,0.024719,A,A,0.035285,A,A,0.043694,A,A,0,A,,,,,,,,,,,,,,
2026-08-14,98508.91,67954.21,58692.20,0.008911,A,A,0.016048,A,A,0.027687,A,A,0.038373,A,A,0.047002,A,A,0,A,,,,,,,,,,,,,,
2026-08-17,98493.52,67822.43,58583.88,0.007913,A,A,0.015265,A,A,0.026423,A,A,0.037226,A,A,0.046010,A,A,0,A,,,,,,,,,,,,,,
2026-08-18,98530.95,67700.89,58528.02,0.007685,A,A,0.014993,A,A,0.025838,A,A,0.036688,A,A,0.045612,A,A,0,A,,,,,,,,,,,,,,
2026-08-19,98600.24,67746.23,58480.25,0.007911,A,A,0.014988,A,A,0.025628,A,A,0.036517,A,A,0.045547,A,A,0,A,,,,,,,,,,,,,,
2026-08-20,98440.87,67732.23,58465.04,0.005994,A,A,0.012580,A,A,0.023074,A,A,0.033940,A,A,0.043090,A,A,0,A,,,,,,,,,,,,,,
2026-08-21,98518.61,67687.71,58445.40,0.006360,A,A,0.012551,A,A,0.022997,A,A,0.033811,A,A,0.043136,A,A,0,A,,,,,,,,,,,,,,
2026-08-24,98533.90,67527.55,58358.14,0.005950,A,A,0.012069,A,A,0.022399,A,A,0.032920,A,A,0.042539,A,A,0,A,,,,,,,,,,,,,,
2026-08-25,98154.20,67706.25,58444.40,0.001919,A,A,0.007661,A,A,0.017782,A,A,0.027922,A,A,0.037839,A,A,0,A,,,,,,,,,,,,,,
2026-08-26,98306.82,67788.66,58559.47,0.003342,A,A,0.008723,A,A,0.018692,A,A,0.028477,A,A,0.038754,A,A,0,A,,,,,,,,,,,,,,
2026-08-27,98904.37,67786.55,58590.17,0.009318,A,A,0.014417,A,A,0.024197,A,A,0.033682,A,A,0.044349,A,A,0,A,,,,,,,,,,,,,,
2026-08-28,99646.73,67634.56,58598.57,0.016477,A,A,0.021466,A,A,0.031100,A,A,0.040266,A,A,0.051408,A,A,0,A,,,,,,,,,,,,,,
2026-08-31,99473.35,67316.49,58348.93,0.014434,A,A,0.019179,A,A,0.028555,A,A,0.037298,A,A,0.048840,A,A,0,A,,,,,,,,,,,,,,
2026-09-01,99446.85,67066.71,58223.33,0.013870,A,A,0.018391,A,A,0.027538,A,A,0.035875,A,A,0.047863,A,A,0,A,,,,,,,,,,,,,,
2026-09-02,99330.54,67009.24,58163.43,0.012537,A,A,0.016753,A,A,0.025624,A,A,0.033621,A,A,0.045932,A,A,0,A,,,,,,,,,,,,,,
2026-09-03,99855.40,67294.10,58431.09,0.017676,A,A,0.021538,A,A,0.030228,A,A,0.038023,A,A,0.050654,A,A,0,A,,,,,,,,,,,,,,
2026-09-04,100082.18,67112.30,58340.32,0.019752,A,A,0.023223,A,A,0.031818,A,A,0.039299,A,A,0.052167,A,A,0,A,,,,,,,,,,,,,,
2026-09-07,100344.50,67234.93,58478.80,0.021933,A,A,0.025149,A,A,0.033725,A,A,0.040878,A,A,0.054049,A,A,0,A,,,,,,,,,,,,,,
2026-09-08,100508.36,67099.52,58415.72,0.023155,A,A,0.025912,A,A,0.034546,A,A,0.041530,A,A,0.054900,A,A,0,A,,,,,,,,,,,,,,
2026-09-09,99674.22,67278.93,58434.92,0.014534,A,A,0.016697,A,A,0.025216,A,A,0.031976,A,A,0.045322,A,A,0,A,,,,,,,,,,,,,,
2026-09-10,99092.22,67006.52,58176.02,0.008409,A,A,0.010229,A,A,0.018652,A,A,0.025119,A,A,0.038410,A,A,0,A,,,,,,,,,,,,,,
2026-09-11,98873.91,66353.69,57658.28,0.006044,A,A,0.007355,A,A,0.015899,A,A,0.022071,A,A,0.035324,A,A,0,A,,,,,,,,,,,,,,
2026-09-14,99234.32,66202.25,57602.14,0.009619,A,A,0.010485,A,A,0.019114,A,A,0.025078,A,A,0.038219,A,A,0,A,,,,,,,,,,,,,,
2026-09-15,99546.02,65975.37,57395.65,0.012552,A,A,0.013167,A,A,0.021849,A,A,0.027573,A,A,0.040573,A,A,0,A,,,,,,,,,,,,,,
2026-09-16,99327.42,65921.54,57345.65,0.009977,A,A,0.010597,A,A,0.019089,A,A,0.024637,A,A,0.037447,A,A,0,A,,,,,,,,,,,,,,
2026-09-17,99224.01,65846.31,57330.19,0.008662,A,A,0.009131,A,A,0.017584,A,A,0.022953,A,A,0.035570,A,A,0,A,,,,,,,,,,,,,,
2026-09-21,100101.35,65927.75,57504.49,0.016946,A,A,0.017399,A,A,0.026046,A,A,0.031282,A,A,0.043829,A,A,0,A,,,,,,,,,,,,,,
2026-09-22,100610.93,66042.84,57674.38,0.021296,A,A,0.022069,A,A,0.030633,A,A,0.035771,A,A,0.048168,A,A,0,A,,,,,,,,,,,,,,
2026-09-23,100178.36,65830.33,57556.62,0.016159,A,A,0.017277,A,A,0.025560,A,A,0.030608,A,A,0.042642,A,A,0,A,,,,,,,,,,,,,,
